"DateTime_hr","chamber","T_treatment","HWtrt","combotrt","PAR","PPFD_Avg","Tair_al","TargTempC_Avg","VPD","Photo","Trans","FluxCO2","FluxH2O","LeafArea","Tdiff","leaftoairVPD","gs","Atogs"
2016-10-29 05:00:00,"C07","ambient","HW","ambient_HW",10.5,9.2295,15.6415295600892,15.9556666666667,0.127768782200159,-0.467674028720716,0.140777924964939,-0.00682835130811012,0.00205545116695249,14.6006639,0.314137106577499,0.16397465583232,0.0858534657385701,-0.00544735177196943
2016-10-29 05:00:00,"C09","ambient","HW","ambient_HW",15.8,7.9358,15.5152680079142,15.7633333333333,0.136183767624617,-0.538706480468125,0.0946010351809546,-0.009244882605285,0.00162347307169272,17.16126117,0.2480653254191,0.164519527734654,0.057501402103179,-0.00936857990873831
2016-10-29 05:00:00,"C10","elevated","HW","elevated_HW",15.8,5.11716666666667,18.6582660675049,18.6333333333333,0.220551633831448,-0.423310421399293,0.142283253244578,-0.00719490440195621,0.00241835389195021,16.99675708,-0.0249327341715997,0.217185915731912,0.0655121916009547,-0.00646155182805888
2016-10-29 05:30:00,"C03","ambient","HW","ambient_HW",43.3,27.5923333333333,16.0519168376923,16.4373333333333,0.209703809427457,-0.288674655799975,0.154353568444248,-0.00356404975495836,0.00190568789721483,12.34625099,0.385416495641,0.25525027110379,0.0604714611180509,-0.00477373376569207
2016-10-29 05:30:00,"C04","elevated","HW","elevated_HW",43.3,19.62,19.0274114608765,19.0363333333333,0.238401295157585,-0.219463645683628,0.106477670623864,-0.00519974307797118,0.00252277104510998,23.69295863,0.00892187245679921,0.239631419825932,0.0444339355420124,-0.00493909987955319
2016-10-29 05:30:00,"C07","ambient","HW","ambient_HW",47.3,31.7556666666667,16.0921626091003,16.356,0.162025526621903,0.0587438538623781,0.188112454522168,0.0008576992664353,0.00274656672388221,14.6006639,0.263837390899702,0.193168312426701,0.0973826670425298,0.000603226997641408
2016-10-29 05:30:00,"C09","ambient","HW","ambient_HW",54,27.4253333333333,16.2451626459757,16.3776666666667,0.160727537895246,0.117509856932421,0.17282340743304,0.0020166173448666,0.00296586763124772,17.16126117,0.132504020690998,0.176444555941438,0.0979477130994058,0.00119972027129579
2016-10-29 05:30:00,"C10","elevated","HW","elevated_HW",54,18.517,19.1627407073975,19.1986666666667,0.229411124218634,0.130461719681694,0.14526190421004,0.00221742615766881,0.00246898129883628,16.99675708,0.0359259592691998,0.234404965069501,0.0619704894761807,0.00210522332136555
2016-10-29 05:30:00,"C12","elevated","HW","elevated_HW",35.3,8.84093333333333,18.9590206146241,19.2406666666667,0.229488482881289,-0.265976517518398,0.128101037684408,-0.00722423940875543,0.00347937695168203,27.16119256,0.2816460520426,0.268466034216827,0.0477159198399553,-0.00557416724670747
2016-10-29 06:00:00,"C03","ambient","HW","ambient_HW",76.8,50.6256666666667,16.5791535377503,16.962,0.205299431156626,0.364471782073177,0.146017777035365,0.00449986010024802,0.00180277212428048,12.34625099,0.382846462249699,0.251890833133687,0.057968674452662,0.00628739203569006
2016-10-29 06:00:00,"C04","elevated","HW","elevated_HW",76.8,35.9423333333333,19.4254508018494,19.468,0.244550966514574,0.44012527566095,0.108011690887135,0.0104278699482522,0.00255911652374525,23.69295863,0.0425491981505992,0.250551945854221,0.0431094999158297,0.0102094730052607
2016-10-29 06:00:00,"C07","ambient","HW","ambient_HW",83.3,57.6483333333333,16.3387684822083,16.7543333333333,0.189610932970418,0.587495324379318,0.0916011533930372,0.0085778217740839,0.00133743765354408,14.6006639,0.415564851124998,0.239556195198217,0.0382378561811952,0.0153642328062377
2016-10-29 06:00:00,"C09","ambient","HW","ambient_HW",91.5,49.954,16.3430533409119,16.6986666666667,0.196856940889626,0.649133074130242,0.0624516116780801,0.011139942219234,0.00107174841849496,17.16126117,0.355613325754799,0.239535357942794,0.0260719804434863,0.0248977278706275
2016-10-29 06:00:00,"C10","elevated","HW","elevated_HW",91.5,34.6706666666667,19.5047221183777,19.585,0.227959799119208,0.742767021802182,0.144911862350779,0.0126246306366067,0.00246303172238659,16.99675708,0.0802778816223011,0.239342598638595,0.0605457879938851,0.0122678562194483
2016-10-29 06:00:00,"C12","elevated","HW","elevated_HW",72.4,15.9796666666667,19.349853515625,19.648,0.232138179972436,0.323446121102701,0.126206780754761,0.00878518237805553,0.00342792667445777,27.16119256,0.298146484375,0.274307821539316,0.0460091805062408,0.0070300343875681
2016-10-29 06:30:00,"C03","ambient","HW","ambient_HW",114.4,73.2043333333333,16.756341457367,17.1513333333333,0.20673079600683,0.745730659029332,0.103827082398424,0.00920697788731424,0.00128187521885035,12.34625099,0.394991875966301,0.255293364153298,0.0406697145234368,0.018336264902956
2016-10-29 06:30:00,"C04","elevated","HW","elevated_HW",114.4,52.5763333333333,19.8111824989318,19.8793333333333,0.246231024084355,0.997558197974467,0.11737922541932,0.0236351051156264,0.0027810611318814,23.69295863,0.0681508344015,0.256053501819797,0.0458416794088324,0.0217609435526541
2016-10-29 06:30:00,"C07","ambient","HW","ambient_HW",122.5,85.224,16.8491449356079,17.149,0.205754940273427,1.08817548566623,0.200099962379054,0.0158880845304319,0.0029215922970992,14.6006639,0.299855064392101,0.24271346515708,0.0824428765209021,0.0131991450515478
2016-10-29 06:30:00,"C09","ambient","HW","ambient_HW",129.9,74.2656666666667,16.808184782664,17.1943333333333,0.210800733312298,1.14359534350139,0.116704775843059,0.0196255383626232,0.00200280113802904,17.16126117,0.386148550669301,0.258401427778041,0.0451641373836776,0.0253208720402726
2016-10-29 06:30:00,"C10","elevated","HW","elevated_HW",129.9,51.5263333333333,19.8430180549622,19.99,0.222765151804211,1.2210536257144,0.16341254196277,0.0207539518579209,0.0027774832795665,16.99675708,0.146981945037798,0.244031618991521,0.0669636757064862,0.0182345669175404
2016-10-29 06:30:00,"C12","elevated","HW","elevated_HW",109.6,24.352,19.7039642333985,20.048,0.221828978017765,0.991959304788558,0.133227263853145,0.0269427976890457,0.00361861136775719,27.16119256,0.344035766601497,0.271497757334753,0.0490712207574067,0.0202146857053446
2016-10-29 07:00:00,"C03","ambient","HW","ambient_HW",146.5,97.3433333333333,16.8866996765137,17.2353333333333,0.212909488223723,1.3081981411763,0.14992364483154,0.016151342595614,0.00185099494842581,12.34625099,0.348633656819601,0.256028619468637,0.0585573773520681,0.0223404496637706
2016-10-29 07:00:00,"C04","elevated","HW","elevated_HW",146.5,70.5053333333333,19.8484897613526,19.9406666666667,0.235453640290568,1.54420535787687,0.0890441364846282,0.0365867936604011,0.00210971904197437,23.69295863,0.0921769053141013,0.248774604967602,0.0357930973284932,0.0431425462765861
2016-10-29 07:00:00,"C07","ambient","HW","ambient_HW",158.2,112.706666666667,16.988296508789,17.386,0.202277197910554,1.64438070689935,0.252988211985032,0.0240090500250819,0.0036937958538554,14.6006639,0.397703491211001,0.251811440948571,0.100467322307528,0.0163673189364591
2016-10-29 07:00:00,"C09","ambient","HW","ambient_HW",147.8,98.3733333333333,15.7988564173381,17.4003333333333,0.183732946721176,1.70900248850043,0.127360289504179,0.0293286380453357,0.00218566319086802,17.16126117,1.6014769159952,0.376830502655318,0.0337977654692868,0.0505655467091
2016-10-29 07:00:00,"C10","elevated","HW","elevated_HW",147.8,69.9776666666667,19.8032326698303,20.082,0.227269238116073,1.63505800187613,0.0567949331338882,0.0277906836695987,0.000965329681851541,16.99675708,0.2787673301697,0.267660866790282,0.0212189902151024,0.0770563530734083
2016-10-29 07:00:00,"C12","elevated","HW","elevated_HW",151,32.1116666666667,19.9097280502319,20.0913333333333,0.235636391144495,1.56427299174121,0.0889202885398543,0.0424875199450904,0.00241518107952174,27.16119256,0.181605283101398,0.262032569003708,0.0339348230175907,0.0460963945776391
2016-10-29 07:30:00,"C03","ambient","HW","ambient_HW",235.8,171.089,16.9203100204468,17.5283333333333,0.220185107063486,1.72068663506207,0.151389278514101,0.0212440290716148,0.0018690900297301,12.34625099,0.608023312886502,0.29607305732529,0.0511324062654483,0.0336515873344452
2016-10-29 07:30:00,"C04","elevated","HW","elevated_HW",235.8,121.971333333333,20.0442018508911,20.402,0.23420739048996,2.25096090659577,0.134370111781906,0.0533319236377209,0.00318362549955718,23.69295863,0.357798149108902,0.286844874711234,0.0468441738473369,0.0480520995830037
2016-10-29 07:30:00,"C07","ambient","HW","ambient_HW",295.3,195.276666666667,17.1283445358277,17.5993333333333,0.186689739783612,2.39429834753688,0.329490803431998,0.0349583454487113,0.00481078447905157,14.6006639,0.470988797505598,0.245930156709048,0.13397738928854,0.0178709135940872
2016-10-29 07:30:00,"C09","ambient","HW","ambient_HW",331.2,168.136666666667,16.1965126991272,17.6596666666667,0.178011182485456,3.04005142607085,0.0733467869436309,0.0521711164930328,0.00125872336672,17.16126117,1.4631539675395,0.357681321879238,0.0205061831460113,0.148250476669627
2016-10-29 07:30:00,"C10","elevated","HW","elevated_HW",331.2,111.163666666667,20.3802790641785,20.34,0.267168787856238,2.80772362363571,0.170963283037593,0.0477221963787136,0.00290582139138926,16.99675708,-0.0402790641784989,0.261199089401026,0.0654532461922593,0.0428966290745677
2016-10-29 07:30:00,"C12","elevated","HW","elevated_HW",195.2,54.3713333333333,19.9538636207581,20.5316666666667,0.236842753104741,2.00352958568961,0.125726083014983,0.0544182528765726,0.0034148703505845,27.16119256,0.577803045908599,0.321938654625616,0.0390528074863177,0.0513030871440307
2016-10-29 08:00:00,"C03","ambient","HW","ambient_HW",434.8,281.48,17.7257246971131,18.5323333333333,0.252651470330061,4.13634003904663,0.268290846736088,0.0510682923020561,0.00331238613212336,12.34625099,0.806608636220197,0.358494039276129,0.0748383005970812,0.0552703629832016
2016-10-29 08:00:00,"C04","elevated","HW","elevated_HW",434.8,203.916666666667,21.3252892494202,21.727,0.242326101351512,4.82806323120202,0.211719413411428,0.114391102399894,0.00501625930312483,23.69295863,0.401710750579799,0.305721801051272,0.0692523113115905,0.0697169977400302
2016-10-29 08:00:00,"C07","ambient","HW","ambient_HW",455.1,328.04,17.6063489913941,18.4966666666667,0.21717181337164,4.4813205619537,0.328361563643155,0.0654302553532451,0.00479429682843217,14.6006639,0.890317675272602,0.33350226192624,0.0984585716890213,0.045514783376178
2016-10-29 08:00:00,"C09","ambient","HW","ambient_HW",394.4,284.376666666667,17.5734941164652,18.4773333333333,0.226973277154301,5.15167943931228,0.415937870921386,0.0884093163221572,0.00713801843337565,17.16126117,0.9038392168681,0.344900970911829,0.120596317784132,0.0427183809088915
2016-10-29 08:00:00,"C10","elevated","HW","elevated_HW",394.4,205.496666666667,21.4350776672363,21.5446666666667,0.284381260877403,5.08835216714012,0.34013701869888,0.0864854857223721,0.00578122628074028,16.99675708,0.1095889994304,0.301642120832123,0.11276177801713,0.0451247954459103
2016-10-29 08:00:00,"C12","elevated","HW","elevated_HW",400.3,93.1253333333333,21.0816874504089,21.5723333333333,0.249069363714533,5.30544879265439,0.200398523976992,0.144102316274505,0.00544306289847885,27.16119256,0.490645882924401,0.325678363239529,0.061532648955744,0.0862216869043004
2016-10-29 08:30:00,"C03","ambient","HW","ambient_HW",401,269.84,17.9587163925171,18.7663333333333,0.270583806173538,3.44139484838775,0.302250949050092,0.0424883245538881,0.00373166607893814,12.34625099,0.8076169408162,0.377929683219759,0.0799754458223751,0.0430306428804544
2016-10-29 08:30:00,"C04","elevated","HW","elevated_HW",401,188.386666666667,20.8454284667969,21.2876666666667,0.285991500938278,4.89202307719376,0.331437825353998,0.115906500384957,0.00785274268452944,23.69295863,0.442238199869799,0.354082203658704,0.0936047680254124,0.0522625415391836
2016-10-29 08:30:00,"C07","ambient","HW","ambient_HW",369.6,305.353333333333,18.2035522460938,18.7136666666667,0.271168000456555,4.1107005235173,0.397692574883316,0.0600189567374301,0.00580657562139688,14.6006639,0.510114420572901,0.339327028596046,0.117200382335812,0.035074122128194
2016-10-29 08:30:00,"C09","ambient","HW","ambient_HW",805.4,259.073333333333,18.4112477302551,18.9466666666667,0.261310507908722,4.65316194231184,0.317972060459337,0.079854127358318,0.00545680157430572,17.16126117,0.535418936411602,0.333721552528697,0.09528064880736,0.0488363796904834
2016-10-29 08:30:00,"C10","elevated","HW","elevated_HW",805.4,178.083333333333,21.4038376808167,21.3673333333333,0.279709340359223,4.78023028649855,0.630159472654314,0.0812484129660747,0.0107106674783663,16.99675708,-0.036504347483401,0.273991780011458,0.22999210875157,0.0207843230467616
2016-10-29 08:30:00,"C12","elevated","HW","elevated_HW",349.8,83.5046666666667,20.6286535263062,21.3266666666667,0.274010156881544,4.95524777990772,0.426494094394473,0.134590439132586,0.0115840882235511,27.16119256,0.698013140360501,0.380972502727382,0.111948786681769,0.0442635237663964
2016-10-29 09:00:00,"C03","ambient","HW","ambient_HW",1243.8,1398.15666666667,20.9854435920715,24.0016666666667,0.436916382709415,9.81610002029746,0.758170248669116,0.121192034593537,0.00936056018321962,12.34625099,3.0162230745952,0.938591851661449,0.0807774164379374,0.121520351270944
2016-10-29 09:00:00,"C04","elevated","HW","elevated_HW",1243.8,253.866666666667,23.4780840873718,25.6626666666667,0.427226473579468,9.6607528597124,0.879682469408208,0.22889181783982,0.0208422803552249,23.69295863,2.1845825792949,0.832442190420079,0.105674902057077,0.0914195582078175
2016-10-29 09:00:00,"C07","ambient","HW","ambient_HW",1453.1,1305.07666666667,20.0427708625793,23.336,0.363751334120399,8.64018427193776,0.756307299340497,0.126152426588629,0.0110425886827873,14.6006639,3.2932291374207,0.888599884428608,0.0851122437211233,0.101515174482393
2016-10-29 09:00:00,"C09","ambient","HW","ambient_HW",1556.9,1322.33333333333,20.1002883911133,22.714,0.341839270907998,10.4555949827438,0.625008916236442,0.179431196186608,0.0107259412451122,17.16126117,2.6137116088867,0.751974919179669,0.0831156598837452,0.125795728474852
2016-10-29 09:00:00,"C10","elevated","HW","elevated_HW",1556.9,475.523333333333,23.6565260887146,24.8286666666667,0.533922801773998,8.86297710899237,1.37193086827946,0.150641868927144,0.0233183756986994,16.99675708,1.1721405779521,0.747573165558253,0.183517939311661,0.0482948813736445
2016-10-29 09:00:00,"C12","elevated","HW","elevated_HW",1436.5,283.046666666667,23.1642055511475,25.2246666666667,0.410237817137129,9.37143304789619,0.990734299971862,0.254539297577056,0.0269095250973325,27.16119256,2.0604611155192,0.784962799317844,0.126214172293622,0.0742502436738616
2016-10-29 09:30:00,"C03","ambient","HW","ambient_HW",1630.4,1597.2,21.338173866272,24.4846666666667,0.494652485873226,11.8348502991466,0.727828728543101,0.146116032222341,0.0089859561603257,12.34625099,3.1464928003947,1.02977124121101,0.0706786807997451,0.167445829000098
2016-10-29 09:30:00,"C04","elevated","HW","elevated_HW",1630.4,521.45,24.5799264907837,26.3626666666667,0.744476325664355,10.2744592336505,1.28671488471566,0.243432337568502,0.0304860825321733,23.69295863,1.782740175883,1.09098852954229,0.117940276169125,0.0871157806932469
2016-10-29 09:30:00,"C07","ambient","HW","ambient_HW",1647.6,1530.5,22.0023322105408,24.55,0.66280426510149,9.00777169886943,0.773637671233981,0.131519447063125,0.0112956236180661,14.6006639,2.5476677894592,1.10437376380739,0.0700521595665967,0.128586638222138
2016-10-29 09:30:00,"C09","ambient","HW","ambient_HW",1667.3,1167.67333333333,22.2018411954244,23.872,0.693896485653843,9.89743205667876,0.670828294931628,0.169852416436995,0.0115122595695474,17.16126117,1.6701588045756,0.979630365486247,0.0684776951149996,0.144535122568849
2016-10-29 09:30:00,"C10","elevated","HW","elevated_HW",1667.3,1471.84666666667,25.1401720046997,26.037,0.857298788656746,8.73099253544306,1.66741587105426,0.148398559192219,0.0283406625116458,16.99675708,0.896827995300299,1.03264014523426,0.161471145466265,0.0540715340207156
2016-10-29 09:30:00,"C12","elevated","HW","elevated_HW",1568.6,219.363333333333,24.322304725647,25.7243333333333,0.69296964892264,11.5322666353297,1.41370926278846,0.313230114735454,0.0383980295104531,27.16119256,1.4020286076863,0.959178233037483,0.147387546349086,0.0782445119753583
2016-10-29 10:00:00,"C03","ambient","HW","ambient_HW",1463.8,1313.88333333333,22.6348652839661,25.1886666666667,0.812700945006164,11.6229316718613,0.70228638451287,0.14349963166042,0.00867060397005554,12.34625099,2.5538013827006,1.27040789277139,0.055280385812216,0.210254170644606
2016-10-29 10:00:00,"C04","elevated","HW","elevated_HW",1463.8,925.523333333333,25.5433921813965,27.0203333333333,0.998025939657476,9.21841808936105,1.43114483072825,0.218411598425275,0.0339080552679828,23.69295863,1.4769411519368,1.29736456772006,0.110311693901375,0.0835670069358452
2016-10-29 10:00:00,"C07","ambient","HW","ambient_HW",1806.5,1288.75,22.864284992218,25.058,0.86077707308087,8.24939228998744,0.71045958998,0.120446604205358,0.0103731816878298,14.6006639,2.193715007782,1.25490300563275,0.0566147014383609,0.145711132981403
2016-10-29 10:00:00,"C09","ambient","HW","ambient_HW",1793.9,777.56,23.2774144808451,25.0783333333333,0.911613608014864,8.74618266334496,0.604404262648368,0.150095524926189,0.0103723394035699,17.16126117,1.8009188524882,1.23882093715114,0.0487886703011566,0.179266674196235
2016-10-29 10:00:00,"C10","elevated","HW","elevated_HW",1793.9,1164.03,26.2581896781921,26.8423333333333,1.10028557029864,8.21286749604628,1.70469695560863,0.139592113760526,0.0289743200494955,16.99675708,0.584143655141201,1.22030417669121,0.139694429320961,0.0587916607410054
2016-10-29 10:00:00,"C12","elevated","HW","elevated_HW",1746.2,260.703333333333,25.9866714477539,27.006,1.02572019365797,10.7257041396484,1.3593342847547,0.291322915478578,0.0369211402616324,27.16119256,1.0193285522461,1.23458538356348,0.11010451790958,0.0974138422590125
2016-10-29 10:30:00,"C03","ambient","HW","ambient_HW",1607.4,1361.61666666667,23.6267366409302,25.355,0.932028810928816,11.6293428219201,0.949316953645914,0.143578785328181,0.0117205053787746,12.34625099,1.7282633590698,1.25121747882335,0.0758714587761879,0.153276910837122
2016-10-29 10:30:00,"C04","elevated","HW","elevated_HW",1607.4,371.106666666667,26.8659429550171,27.5153333333333,1.14791940337133,9.29317354807763,1.78933194293349,0.220182776416013,0.0423945676992608,23.69295863,0.649390378316198,1.28580254611732,0.139160709265715,0.0667801536591275
2016-10-29 10:30:00,"C07","ambient","HW","ambient_HW",1433.2,1374.21666666667,23.8201146125794,25.5143333333333,0.982071158589782,8.40669152685047,1.08337378741137,0.122743277494522,0.0158179765480635,14.6006639,1.6942187207539,1.29786646259907,0.0834734403446899,0.100710974558332
2016-10-29 10:30:00,"C09","ambient","HW","ambient_HW",1324.5,1350.24666666667,21.9746955235799,25.584,0.861751422724774,8.19975732274486,0.591884949845283,0.140718176946244,0.0101574922068873,17.16126117,3.6093044764201,1.5045513659128,0.0393396306204668,0.208435035952749
2016-10-29 10:30:00,"C10","elevated","HW","elevated_HW",1324.5,538.853333333333,26.4555945396423,27.7393333333333,1.12799620544316,8.24804665906819,1.70464458227934,0.140190045448687,0.02897342987274,16.99675708,1.283738793691,1.39930191905683,0.121821070854267,0.0677062399897572
2016-10-29 10:30:00,"C12","elevated","HW","elevated_HW",1939.3,477.67,26.8289561271668,27.5136666666667,1.17566245515867,10.6413546869525,1.6892229826547,0.289031883751576,0.0458813107086617,27.16119256,0.6847105394999,1.32090188155964,0.127884062112181,0.0832109530397761
2016-10-29 11:00:00,"C03","ambient","HW","ambient_HW",824.2,581.806666666667,22.7571873664856,22.6623333333333,0.927986275257086,6.91559701554277,0.460248767568354,0.0853816964995859,0.00568234680223706,12.34625099,-0.0948540331522985,0.912041829013657,0.0504635591183463,0.137041404458303
2016-10-29 11:00:00,"C04","elevated","HW","elevated_HW",824.2,392.893333333333,25.9229345321655,25.6343333333333,1.10086821141686,6.95876153140092,0.968516598940731,0.164873649079518,0.022947023711171,23.69295863,-0.2886011988322,1.04388850556739,0.0927796976185982,0.0750030632779945
2016-10-29 11:00:00,"C07","ambient","HW","ambient_HW",875.3,611.683333333333,23.2267847061157,23.4516666666667,0.970524415324279,6.11799415167547,0.736949557181734,0.0893267763507792,0.0107599527956643,14.6006639,0.224881960550999,1.00960689444387,0.0729937128240068,0.0838153577202793
2016-10-29 11:00:00,"C09","ambient","HW","ambient_HW",861.5,554.4,23.1920491854349,24.0016666666667,0.954616315683628,6.23959075243073,0.761727568883983,0.107079246496381,0.0130722057500072,17.16126117,0.8096174812318,1.0972542465303,0.0694212459229658,0.0898801320759148
2016-10-29 11:00:00,"C10","elevated","HW","elevated_HW",861.5,338.876666666667,26.1283884048462,25.8176666666667,1.12998059619213,6.64926459499058,0.849248441238265,0.1130159350817,0.0144344694562954,16.99675708,-0.310721738179499,1.06801340864608,0.0795166459862013,0.0836210395008919
2016-10-29 11:00:00,"C12","elevated","HW","elevated_HW",675.2,200.763333333333,25.8757944107056,26.142,1.00790530958329,7.69718269020826,1.08244639797409,0.209064661218246,0.0294005350512526,27.16119256,0.266205589294401,1.06109303583646,0.102012393015171,0.0754534077939294
2016-10-29 11:30:00,"C03","ambient","HW","ambient_HW",789.4,521.073333333333,23.1242179870606,22.9566666666667,0.941880791900279,7.10131686499571,0.632413378185201,0.0876746403747569,0.00780793429650828,12.34625099,-0.167551320393901,0.913218279263313,0.0692510643452478,0.102544515844442
2016-10-29 11:30:00,"C04","elevated","HW","elevated_HW",789.4,357.713333333333,26.0173234939575,25.8013333333333,1.1004121921761,7.11188909153867,0.957895940991497,0.168501694026974,0.0226953889017565,23.69295863,-0.215990160624202,1.05747914941856,0.0905829624648563,0.0785124365335025
2016-10-29 11:30:00,"C07","ambient","HW","ambient_HW",688.4,567.656666666667,23.0187625885009,23.264,0.911977306986647,5.76493169884208,0.911193410788269,0.0841718301412492,0.0133040287388142,14.6006639,0.245237411499101,0.954154137418716,0.0954975066453446,0.0603673530477784
2016-10-29 11:30:00,"C09","ambient","HW","ambient_HW",423.4,477.773333333333,22.8037036259969,23.9386666666667,0.886043909290503,5.93239104191938,0.6513154972766,0.101807312032947,0.0111773953528321,17.16126117,1.1349630406698,1.08364750197993,0.0601040002479202,0.0987020999841797
2016-10-29 11:30:00,"C10","elevated","HW","elevated_HW",423.4,343.163333333333,25.6559925079345,25.9963333333333,1.00718866109105,6.06239853011605,0.939964696485422,0.103041115138532,0.0159763516099387,16.99675708,0.340340825398801,1.07454925988678,0.0874752541902511,0.069304154486146
2016-10-29 11:30:00,"C12","elevated","HW","elevated_HW",739.4,182.583333333333,26.0889954566955,26.1636666666667,1.05142624520792,8.66162812201017,0.490389005358329,0.23526014930503,0.0133195502038445,27.16119256,0.0746712099711999,1.0664361924321,0.0459839049760637,0.188362169905293
2016-10-29 12:00:00,"C03","ambient","HW","ambient_HW",252.7,181.16,22.0308852195739,21.292,0.828326413305801,2.59920222735303,0.426994403984128,0.0320904030726675,0.0052717800829135,12.34625099,-0.738885219573898,0.710867148127786,0.0600666953183454,0.0432719365295129
2016-10-29 12:00:00,"C04","elevated","HW","elevated_HW",252.7,130.429333333333,24.9510507583619,24.4526666666667,0.802567051628904,3.46463968303258,0.647179526268303,0.0820875646779471,0.0153335977420579,23.69295863,-0.4983840916952,0.709525583358152,0.0912129937873744,0.0379840584019089
2016-10-29 12:00:00,"C07","ambient","HW","ambient_HW",222.7,201.626666666667,22.0068879127503,21.6973333333333,0.801761142018537,2.60606611789419,0.544077583018281,0.0380502954885509,0.00794389392517427,14.6006639,-0.309554579417,0.75204964532598,0.0723459663068451,0.0360222725734415
2016-10-29 12:00:00,"C09","ambient","HW","ambient_HW",181.7,177.57,18.8394846916199,22.2156666666667,0.661952759478789,2.28061004523222,0.269344930234297,0.0391381446131557,0.0046222986925662,17.16126117,3.3761819750468,1.16747560274033,0.0230707116792919,0.0988530426341063
2016-10-29 12:00:00,"C10","elevated","HW","elevated_HW",181.7,134.716666666667,24.5588059425354,24.496,0.76777920406671,2.60728394878171,0.462534454109902,0.0443153719160259,0.00786158575763641,16.99675708,-0.0628059425354017,0.756160884788181,0.0611687887346182,0.0426244168426067
2016-10-29 12:00:00,"C12","elevated","HW","elevated_HW",293.6,57.2876666666667,24.9802227020263,24.7516666666667,0.791632388151866,4.29817961141895,0.495213584638436,0.116743684083216,0.0134505915306924,27.16119256,-0.228556035359599,0.748597958090532,0.0661521420525364,0.0649741562110784
2016-10-29 12:30:00,"C03","ambient","HW","ambient_HW",166.6,130.276666666667,21.4293451309204,21.1603333333333,0.688938009332498,0.923547207120791,0.392619645055465,0.0114023456202268,0.00484738068145948,12.34625099,-0.269011797587101,0.647007949933429,0.060682352526868,0.0152193705198209
2016-10-29 12:30:00,"C04","elevated","HW","elevated_HW",166.6,98.539,24.1827039718628,23.9363333333333,0.733853350237029,1.39010147790736,0.268921109580001,0.032935616807561,0.00637153672401266,23.69295863,-0.246370638529498,0.689381339257617,0.0390090497473572,0.0356353586388384
2016-10-29 12:30:00,"C07","ambient","HW","ambient_HW",204.7,150.52,21.4552555084229,21.355,0.678343691082169,1.42596242890677,0.370425154948999,0.0208199981584954,0.00540845318751576,14.6006639,-0.100255508422901,0.662624503699177,0.0559027251303051,0.0255079233719458
2016-10-29 12:30:00,"C09","ambient","HW","ambient_HW",229.6,127.503333333333,21.5454729398092,21.64,0.718998927338843,1.57961227353451,0.283136113133575,0.0271081387734632,0.00485897278414395,17.16126117,0.0945270601907993,0.733969732585367,0.0385759930639434,0.0409480650547648
2016-10-29 12:30:00,"C10","elevated","HW","elevated_HW",229.6,95.7263333333333,24.5026550292969,24.042,0.741326005664202,1.7759523411222,0.419224241228057,0.0301854305277114,0.0071254525902006,16.99675708,-0.460655029296898,0.657239239191942,0.0637856378970133,0.0278425112560544
2016-10-29 12:30:00,"C12","elevated","HW","elevated_HW",142,40.162,24.4048132896423,24.39,0.790197935155528,1.45179816783939,0.407448457026224,0.0394325695949408,0.0110667859995642,27.16119256,-0.0148132896422979,0.787476238136395,0.0517410478302778,0.0280589247554787
2016-10-29 13:00:00,"C03","ambient","HW","ambient_HW",307.1,261.713333333333,22.0697569847107,22.3316666666667,0.719881873758667,2.92996090803489,0.413722363027406,0.0361740327614871,0.00510792013411225,12.34625099,0.261909681955999,0.762731789057262,0.0542421817161663,0.0540162806018116
2016-10-29 13:00:00,"C04","elevated","HW","elevated_HW",307.1,198.946666666667,25.0816583633423,25.058,0.780095109353813,3.22684061466735,0.376415416450915,0.0764534011889172,0.00891839488966576,23.69295863,-0.0236583633422995,0.775592955866689,0.0485325986528963,0.0664881070503893
2016-10-29 13:00:00,"C07","ambient","HW","ambient_HW",384.2,286.11,22.2636132240295,22.205,0.742209106663318,3.08217064360453,0.45511494125458,0.0450017376497164,0.00664498029312637,14.6006639,-0.0586132240295001,0.732602530068275,0.0621230370596953,0.0496139723600894
2016-10-29 13:00:00,"C09","ambient","HW","ambient_HW",424.7,251.943333333333,22.4074405034384,22.5046666666667,0.736339410256215,3.57874252771655,0.488516664671282,0.0614157351783296,0.00838356206832118,17.16126117,0.0972261632282994,0.752463784318793,0.0649222826203572,0.0551234858552923
2016-10-29 13:00:00,"C10","elevated","HW","elevated_HW",424.7,193.623333333333,25.2336058616638,24.9386666666667,0.7624541912342,3.68297074953784,0.317595087838454,0.0625985591626401,0.00539808655779147,16.99675708,-0.294939194997102,0.706279536286811,0.0449673353851049,0.0819032463897737
2016-10-29 13:00:00,"C12","elevated","HW","elevated_HW",287.1,71.7206666666667,24.8136658668518,25.082,0.775515317582926,3.22954085705542,0.486232881455279,0.0877181810988698,0.0132066649222105,27.16119256,0.268334133148201,0.826255770145205,0.0588477441276845,0.0548796033718497
2016-10-29 13:30:00,"C03","ambient","HW","ambient_HW",852.1,684.48,23.0905113220214,24.1193333333333,0.61090529745398,6.73425326504869,1.03919811937378,0.0831427810405181,0.0128302008101247,12.34625099,1.0288220113119,0.792246742665068,0.131171018245904,0.0513394906519981
2016-10-29 13:30:00,"C04","elevated","HW","elevated_HW",852.1,431.263333333333,26.3268284797668,26.4146666666667,0.946020493609514,6.79781412490663,0.660726706022383,0.161060328835842,0.0156545705115245,23.69295863,0.0878381868999014,0.963901190733171,0.0685471407624069,0.0991699150292601
2016-10-29 13:30:00,"C07","ambient","HW","ambient_HW",989.5,513.386666666667,22.8582715988159,23.9746666666667,0.669453578723261,5.9513320350133,1.24693423585187,0.0868933988005323,0.0182060676830765,14.6006639,1.1163950678508,0.864288684410188,0.144272886865667,0.0412505229797932
2016-10-29 13:30:00,"C09","ambient","HW","ambient_HW",605.2,684.883333333333,22.8756821950277,24.0713333333333,0.650941609336037,6.37808362328616,1.09968850551347,0.109455958823314,0.0188720416487637,17.16126117,1.1956511383056,0.86024123436895,0.127834898116709,0.0498931333872787
2016-10-29 13:30:00,"C10","elevated","HW","elevated_HW",605.2,600.416666666667,26.1132946014404,26.4366666666667,1.000497217499,6.19203726620528,0.45251200666571,0.105244553243998,0.00769123665308042,16.99675708,0.323372065226298,1.06600057851373,0.042449508544979,0.145868291022599
2016-10-29 13:30:00,"C12","elevated","HW","elevated_HW",722.7,126.13,25.9374980926513,26.3403333333333,0.99751166790674,7.39991061562751,0.770779622747842,0.200990397157847,0.0209352937547783,27.16119256,0.402835240682002,1.07854094747059,0.071465031026915,0.10354589523428
2016-10-29 14:00:00,"C03","ambient","HW","ambient_HW",352.9,287.983333333333,21.9316534996033,21.8423333333333,0.646039000162422,3.9718788339149,0.664506679062229,0.0490378129853818,0.00820416624423365,12.34625099,-0.0893201662699994,0.631668402139481,0.105198657525297,0.0377559840339197
2016-10-29 14:00:00,"C04","elevated","HW","elevated_HW",352.9,215.726666666667,24.7609353065491,24.542,0.740426644535599,4.9445070443283,0.603523457554208,0.117150000847014,0.0142992563120664,23.69295863,-0.218935306549099,0.699662655720921,0.0862592068648208,0.0573214990496838
2016-10-29 14:00:00,"C07","ambient","HW","ambient_HW",387.8,321.6,21.9579286575317,22.1376666666667,0.661257959285381,3.82693728395249,0.926928558725083,0.0558758250493692,0.0135337723452564,14.6006639,0.179738009135001,0.69042519581423,0.134254741041416,0.028505043876044
2016-10-29 14:00:00,"C09","ambient","HW","ambient_HW",347.1,271.57,21.9949224789937,22.4023333333333,0.676225368417509,4.25583945472253,0.669957763149519,0.0730355723800838,0.0114973201462779,17.16126117,0.407410854339599,0.742873352413738,0.0901846540830544,0.0471902841785385
2016-10-29 14:00:00,"C10","elevated","HW","elevated_HW",347.1,223.36,24.8326234817505,24.755,0.597134675352689,4.13101997838851,0.498202267357022,0.0702139430652963,0.00846782291497252,16.99675708,-0.0776234817504999,0.582574044188926,0.0855174157390812,0.0483061835146247
2016-10-29 14:00:00,"C12","elevated","HW","elevated_HW",423.1,82.2886666666667,25.0899019241333,24.8143333333333,0.668569405184932,5.38884090138095,0.930605679294512,0.146367345397612,0.0252763600527479,27.16119256,-0.275568590800003,0.616449300215759,0.15096224117195,0.0356966143291614
2016-10-29 14:30:00,"C03","ambient","HW","ambient_HW",126.4,88.1196666666667,21.1279740333557,20.7273333333333,0.531498736538836,1.1426712958634,0.676667087415727,0.0141077066177981,0.00835430169790683,12.34625099,-0.4006407000224,0.470272354926234,0.143888340517458,0.0079413751785174
2016-10-29 14:30:00,"C04","elevated","HW","elevated_HW",126.4,62.4393333333333,23.938159942627,23.4256666666667,0.542868559829233,1.49614291704411,0.383473683253915,0.0354480522380936,0.00908562611302872,23.69295863,-0.512493275960299,0.452175847535802,0.0848063171316448,0.0176418805537994
2016-10-29 14:30:00,"C07","ambient","HW","ambient_HW",107.8,96.113,21.0285868644714,20.9,0.525058587791885,0.895230750886096,0.794625549642551,0.0130709633066325,0.0116020605766836,14.6006639,-0.128586864471401,0.505369277706614,0.157236615816576,0.00569352594010563
2016-10-29 14:30:00,"C09","ambient","HW","ambient_HW",96.9,86.4833333333333,20.9934358596802,21.1376666666667,0.52887129465787,0.771040938086575,0.670028842398874,0.0132320349112655,0.0114985399558399,17.16126117,0.144230806986499,0.55107669266543,0.121585407497113,0.0063415582014222
2016-10-29 14:30:00,"C10","elevated","HW","elevated_HW",96.9,66.1563333333333,23.8848524093628,23.5383333333333,0.530229379214442,1.02489222889118,0.482391805012449,0.0174198442476431,0.00819909632717932,16.99675708,-0.346519076029502,0.468813034581811,0.102896414866696,0.00996042700048336
2016-10-29 14:30:00,"C12","elevated","HW","elevated_HW",151.5,27.717,24.2357969284058,23.7646666666667,0.638045645940918,2.25870874519992,0.674612207362001,0.0613492231653309,0.0183232720674859,27.16119256,-0.471130261739102,0.553265603976301,0.121932793673343,0.0185242105684134
2016-10-29 15:00:00,"C03","ambient","HW","ambient_HW",96.4,64.2433333333333,20.6767778396607,20.6056666666667,0.480602080668948,0.0284214412435151,0.400398753760176,0.000350898247089975,0.00494342351000634,12.34625099,-0.0711111729940015,0.469901489551849,0.0852090837469022,0.000333549429165742
2016-10-29 15:00:00,"C04","elevated","HW","elevated_HW",96.4,47.4986666666667,23.6679935455323,23.2516666666667,0.559314280773624,0.271302271375929,0.379306575807245,0.00642795349193492,0.00898689500868801,23.69295863,-0.4163268788656,0.486497485846053,0.0779668111023441,0.0034797148625176
2016-10-29 15:00:00,"C07","ambient","HW","ambient_HW",117.1,76.996,20.808892250061,20.897,0.454733404017093,0.411188273257325,0.462320469935988,0.00600362177745156,0.00675018579562542,14.6006639,0.0881077499389988,0.46814384645171,0.0987560711179139,0.0041636758996454
2016-10-29 15:00:00,"C09","ambient","HW","ambient_HW",137.4,65.6696666666667,20.7472937901815,20.8166666666667,0.462389945632942,0.528253015011584,0.448223062661494,0.00906548795445372,0.00769207304075118,17.16126117,0.0693728764851969,0.472908531990481,0.0947800752874799,0.00557346059717009
2016-10-29 15:00:00,"C10","elevated","HW","elevated_HW",137.4,45.3073333333333,23.8127989768982,23.5543333333333,0.431663726936211,0.602348619537841,0.412047729743757,0.010237973163758,0.00700347516782013,16.99675708,-0.2584656435649,0.385921582094275,0.106769807355086,0.00564156323270868
2016-10-29 15:00:00,"C12","elevated","HW","elevated_HW",85.8,22.667,23.8385796546936,23.5546666666667,0.597282630532863,0.51017436942216,0.582480123485705,0.0138569442870519,0.0158208547963678,27.16119256,-0.283912988026898,0.547002299804527,0.106485863714623,0.00479100560041848
2016-10-29 15:30:00,"C03","ambient","HW","ambient_HW",360.3,241.896666666667,21.3692922592163,21.9206666666667,0.403499613132011,2.51672589406105,0.648581407129105,0.0310721295611098,0.0080075488398633,12.34625099,0.5513744074504,0.491071261309073,0.132074804255527,0.0190553066366232
2016-10-29 15:30:00,"C04","elevated","HW","elevated_HW",360.3,212.648666666667,24.1159596443176,24.3246666666667,0.590018172304175,3.04917046486875,0.439144162012113,0.0722438696799532,0.010404624463159,23.69295863,0.208707022349103,0.628010659396421,0.0699262274360396,0.0436055336698634
2016-10-29 15:30:00,"C07","ambient","HW","ambient_HW",515.5,352.99,21.6707191467285,22.1863333333333,0.406809880146623,3.6582143470916,0.903599114061899,0.0534123581560424,0.0131931469647555,14.6006639,0.5156141866048,0.489952758112867,0.18442576332099,0.0198357012665554
2016-10-29 15:30:00,"C09","ambient","HW","ambient_HW",416.5,310.61,21.9557620684306,22.1436666666667,0.382974558309794,4.34526705032918,0.819118562893175,0.0745702627040945,0.0140571075870049,17.16126117,0.187904598236099,0.413470167514729,0.198108262034164,0.021933800265129
2016-10-29 15:30:00,"C10","elevated","HW","elevated_HW",416.5,186.016,24.5126295089721,24.3616666666667,0.467732580578936,4.38785132356526,0.415609096811398,0.0745792430497952,0.00706400685874153,16.99675708,-0.1509628423054,0.439937833801141,0.094469960271537,0.0464470537613562
2016-10-29 15:30:00,"C12","elevated","HW","elevated_HW",304.7,115.415333333333,24.0708565711975,24.373,0.612487503374646,2.7180498139896,0.565945557320072,0.0738254743854438,0.015371756260847,27.16119256,0.302143428802502,0.667493824418417,0.0847866357135479,0.0320575264145702
2016-10-29 16:00:00,"C03","ambient","HW","ambient_HW",388,177.233333333333,20.7960939407349,21.1006666666667,0.406715941574443,2.50692242543356,0.0512918695472784,0.0309510934768623,0.000633262295177037,12.34625099,0.304572725931802,0.453312755010139,0.0113148966095453,0.221559463770859
2016-10-29 16:00:00,"C04","elevated","HW","elevated_HW",388,169.686666666667,24.3909778594971,24.322,0.523887017058391,4.68808342963322,0.427434496107036,0.111074566752288,0.0101271878332989,23.69295863,-0.0689778594970996,0.511240594914355,0.0836073074710824,0.0560726516788584
2016-10-29 16:00:00,"C07","ambient","HW","ambient_HW",366.4,352.816666666667,21.1277046203613,21.7283333333333,0.442232011876082,4.61377275843982,0.691585717975958,0.0673641453569558,0.0100976106262072,14.6006639,0.600628712972,0.536524400805754,0.128901074571321,0.0357931287522899
2016-10-29 16:00:00,"C09","ambient","HW","ambient_HW",255.5,311.556666666667,20.983012676239,21.7336666666667,0.445432728660658,4.84079252830665,0.478415410270898,0.0830741048480551,0.00821021180341158,17.16126117,0.750653990427701,0.562840246100527,0.0850002133972221,0.0569503573559835
2016-10-29 16:00:00,"C10","elevated","HW","elevated_HW",255.5,205.366666666667,24.3207473754883,24.6003333333333,0.444210583916043,4.45659552450042,0.29449429822972,0.0757476715337489,0.00500544804845562,16.99675708,0.279585957845001,0.495750294736445,0.0594037565597982,0.0750221161521028
2016-10-29 16:00:00,"C12","elevated","HW","elevated_HW",344.2,142.041333333333,24.532060623169,24.6933333333333,0.532022897362134,6.4542061036067,0.657938339955331,0.175303934801989,0.0178703899441335,27.16119256,0.161272710164301,0.561989739986338,0.117073016310106,0.0551297498520975
2016-10-29 16:30:00,"C03","ambient","HW","ambient_HW",277.2,116.65,21.4000716209412,21.326,0.475718267823366,1.42958373700439,0.307646516453266,0.0176499996282783,0.00379828110833118,12.34625099,-0.0740716209412007,0.464130687793119,0.0662844592147279,0.0215674043952485
2016-10-29 16:30:00,"C04","elevated","HW","elevated_HW",277.2,101.513333333333,24.2670121192932,23.9286666666667,0.49352089086105,2.72947672123241,0.426790916160561,0.0646693790377076,0.010111939520252,23.69295863,-0.338345452626498,0.432323350439301,0.098720301766463,0.0276485856748025
2016-10-29 16:30:00,"C07","ambient","HW","ambient_HW",225.7,214.016666666667,21.2487010955811,21.3976666666667,0.491155834672257,2.67704036440056,0.681263238422792,0.0390865666073461,0.00994689557163676,14.6006639,0.148965571085601,0.51440988866426,0.132435875249558,0.0202138609297218
2016-10-29 16:30:00,"C09","ambient","HW","ambient_HW",201.9,154.403333333333,21.1555871963501,21.3203333333333,0.476540132588628,2.58523501579449,0.493817681276123,0.0443658932918784,0.00847453419874337,17.16126117,0.164746136983197,0.502140183565538,0.0983425938489289,0.0262880499142198
2016-10-29 16:30:00,"C10","elevated","HW","elevated_HW",201.9,131.21,24.0913820266723,23.9933333333333,0.484476170769134,2.85208809130683,0.532611319355702,0.048476248458703,0.00905266521314717,16.99675708,-0.098048693338999,0.466793567854978,0.114099969672498,0.0249963965765565
2016-10-29 16:30:00,"C12","elevated","HW","elevated_HW",222.3,75.6436666666667,23.983380317688,24.1003333333333,0.482883244985743,4.40809350681631,0.5905516033897,0.119729076561123,0.0160400858162844,27.16119256,0.116953015645301,0.50397460377324,0.117178841744854,0.0376185106558274
2016-10-29 17:00:00,"C03","ambient","HW","ambient_HW",142.9,79.8073333333333,21.4547328948975,21.3893333333333,0.493927073710675,0.688131905153653,0.211518644389573,0.00849584921525388,0.00261146227269822,12.34625099,-0.0653995615641989,0.483663697902683,0.0437325863625457,0.0157349921966425
2016-10-29 17:00:00,"C04","elevated","HW","elevated_HW",142.9,62.053,24.1729521751404,23.8626666666667,0.507630223187592,1.15011187837078,0.453373088537482,0.0272495531541104,0.0107417498306739,23.69295863,-0.310285508473697,0.451743360995969,0.10036076402715,0.0114597760341845
2016-10-29 17:00:00,"C07","ambient","HW","ambient_HW",112.5,100.250666666667,21.1305999755859,21.2253333333333,0.452529277955866,0.838370881386547,0.645063827206303,0.0122407714626717,0.0094183601350869,14.6006639,0.0947333577474012,0.467202579607065,0.138069406155425,0.00607209739457262
2016-10-29 17:00:00,"C09","ambient","HW","ambient_HW",117.3,87.227,21.2230645815531,21.3983333333333,0.450069031897488,0.873293291625911,0.399459901703063,0.0149868142556012,0.00685523570006879,17.16126117,0.175268751780202,0.477410799128311,0.0836721545537772,0.0104370838337219
2016-10-29 17:00:00,"C10","elevated","HW","elevated_HW",117.3,64.943,24.1861763000488,23.9963333333333,0.462506233940489,1.110620260831,0.592305827310923,0.0188769427814708,0.0100672782638722,16.99675708,-0.189842966715499,0.428180901649358,0.138330744091891,0.00802873047580251
2016-10-29 17:00:00,"C12","elevated","HW","elevated_HW",157.1,30.7293333333333,24.1351485252381,24.0033333333333,0.510434247112354,1.65153850751805,0.732466138692908,0.0448577554229529,0.0198946538367177,27.16119256,-0.131815191904803,0.486628429213902,0.150518567087445,0.0109723241423005
2016-10-29 17:30:00,"C03","ambient","HW","ambient_HW",67.3,39.6236666666667,21.0646457672119,20.984,0.452817969413985,-0.0120328738335281,0.1961978481164,-0.000148560880479741,0.00242230787654297,12.34625099,-0.0806457672118981,0.440429484980679,0.0445469376613164,-0.000270116745734852
2016-10-29 17:30:00,"C04","elevated","HW","elevated_HW",67.3,28.407,24.0757265090943,23.675,0.548001026430185,0.226078570682931,0.391167139036356,0.00535647022232021,0.00926790684260384,23.69295863,-0.400726509094298,0.476362203959971,0.0821154860281959,0.00275317825684308
2016-10-29 17:30:00,"C07","ambient","HW","ambient_HW",50.5,45.6916666666667,21.2073965072632,21.2353333333333,0.474334363937522,0.0243265153005864,0.446226905313529,0.00035518327376207,0.00651520906761995,14.6006639,0.0279368260700998,0.478671612636811,0.0932219278380522,0.000260952716434347
2016-10-29 17:30:00,"C09","ambient","HW","ambient_HW",43.1,41.1906666666667,21.0197076797485,21.1543333333333,0.478785618955559,0.0241624123731243,0.342178177013468,0.000414657469232425,0.00587220906240261,17.16126117,0.134625653584802,0.499536174558265,0.068499178726356,0.00035274017619466
2016-10-29 17:30:00,"C10","elevated","HW","elevated_HW",43.1,30.6523333333333,24.0440192222595,23.867,0.52647925727036,0.0407739685929811,0.431711219465395,0.00069302523936245,0.00733769072596389,16.99675708,-0.177019222259499,0.494699929156806,0.0872672895266485,0.000467230835449863
2016-10-29 17:30:00,"C12","elevated","HW","elevated_HW",87.7,14.1922666666667,24.1713905334473,23.888,0.549778472513148,0.450390232749933,0.545920049021542,0.0122331358388641,0.0148278395738387,27.16119256,-0.283390533447299,0.498703991595091,0.109467752057775,0.00411436449806903
2016-10-29 18:00:00,"C12","elevated","HW","elevated_HW",10.7,2.06553333333333,23.7992911338806,23.538,0.607153462957542,-0.686015121096365,0.477443098365295,-0.0186329888031701,0.0129679239311428,27.16119256,-0.261291133880601,0.560947587131438,0.0851136735977124,-0.00805998721590608
2016-10-30 05:00:00,"C03","ambient","HW","ambient_HW",39.1,30.0774666666667,16.0615155696869,16.5053333333333,0.15860044760863,-0.491109024127638,0.0627523669076572,-0.00606335527533378,0.000774756472058505,12.34625099,0.4438177636464,0.211162745338259,0.0297175369675816,-0.0165258993254852
2016-10-30 05:00:00,"C04","elevated","HW","elevated_HW",39.1,23.0274,19.1338396072388,19.0593333333333,0.285041040048015,-0.173855349769405,0.104537668419307,-0.00411914760969069,0.00247680665313529,23.69295863,-0.0745062739055022,0.274731886401336,0.0380507955551237,-0.00456903324182915
2016-10-30 05:00:00,"C07","ambient","HW","ambient_HW",56.8,35.9158333333333,16.2804741859436,16.614,0.142389096479797,0.0268614315337198,0.17126035050735,0.000392194733696705,0.00250051481715402,14.6006639,0.333525814056401,0.18225236766826,0.0939687932170419,0.000285854810029084
2016-10-30 05:00:00,"C09","ambient","HW","ambient_HW",77,29.2363333333333,16.4319252967834,16.401,0.110214545854111,0.108594100615808,0.1026935946095,0.00186361172218914,0.00176235159757973,17.16126117,-0.0309252967834013,0.106524726112666,0.0964035284173235,0.00112645358939263
2016-10-30 05:00:00,"C10","elevated","HW","elevated_HW",77,18.1734666666667,19.3323216438293,19.1683333333333,0.276829645652364,0.408014084870798,0.152779018805194,0.00693491628576746,0.00259674786955264,16.99675708,-0.163988310495998,0.253947764556771,0.0601615923148005,0.00678196951197419
2016-10-30 05:00:00,"C12","elevated","HW","elevated_HW",25.2,8.857,19.0186610221863,19.2583333333333,0.282287093142905,-0.308600469545837,0.110230157534496,-0.0083819567774409,0.00299398253471359,27.16119256,0.239672311147,0.315525886693898,0.034935376836904,-0.00883346617345906
2016-10-30 05:30:00,"C03","ambient","HW","ambient_HW",122.4,85.5096666666667,16.9688262939453,17.5816666666667,0.185113251884456,0.97922974230594,0.17473705387197,0.0120898161753822,0.0021573475243565,12.34625099,0.612840372721401,0.261818984015042,0.0667396424783051,0.0146723851963135
2016-10-30 05:30:00,"C04","elevated","HW","elevated_HW",122.4,85.7923333333333,19.9962630271911,20.4876666666667,0.278157279976159,2.15059661456968,0.157271792112603,0.0509539966188174,0.00372623406418985,23.69295863,0.4914036394756,0.350524885553975,0.0448675111508982,0.0479321575769337
2016-10-30 05:30:00,"C07","ambient","HW","ambient_HW",117.1,129.006666666667,17.2837300300598,17.7616666666667,0.14828015212556,1.8990481480716,0.241905440621158,0.0277273637399109,0.00353198003409094,14.6006639,0.477936636606898,0.208926056713846,0.115785194257738,0.0164014765466845
2016-10-30 05:30:00,"C09","ambient","HW","ambient_HW",115.8,113.144333333333,17.0866734186808,17.5356666666667,0.116194930391037,2.30528960913798,0.150521018854259,0.0395616770549041,0.00258313051613244,17.16126117,0.4489932479859,0.172503911907828,0.0872565828737178,0.0264196640896918
2016-10-30 05:30:00,"C10","elevated","HW","elevated_HW",115.8,64.552,19.9398651123047,20.0196666666667,0.2564596453843,1.93556571982262,0.174620628629151,0.0328983403522004,0.00296798440596656,16.99675708,0.0798015543619996,0.26804564047937,0.0651458566223502,0.0297112636194666
2016-10-30 05:30:00,"C12","elevated","HW","elevated_HW",117.8,29.7523333333333,19.7467727661133,20.296,0.268640362801548,1.64850612983656,0.159944700373415,0.0447753924288311,0.00434428880579382,27.16119256,0.5492272338867,0.348562706126234,0.0458869229445018,0.0359254014881398
2016-10-30 06:00:00,"C03","ambient","HW","ambient_HW",161.6,132.031666666667,17.3273530006408,18.071,0.207952937259449,1.86225137559906,0.181803913819197,0.0229918228896187,0.00224459675097614,12.34625099,0.7436469993592,0.303244559174755,0.0599529021440501,0.0310619054124284
2016-10-30 06:00:00,"C04","elevated","HW","elevated_HW",161.6,124.230333333333,20.7822895050049,21.2706666666667,0.24651468053884,3.40662154191529,0.188978214148278,0.0807129432606657,0.00447745300978643,23.69295863,0.488377161661798,0.321547733988595,0.0587714339653785,0.0579639003520331
2016-10-30 06:00:00,"C07","ambient","HW","ambient_HW",186.3,181.346666666667,17.4194116592407,18.0976666666667,0.144830760812616,2.76526982892343,0.396593808282193,0.0403747753649215,0.00579053289954934,14.6006639,0.678255007425999,0.232027819625187,0.17092511101593,0.0161782538123711
2016-10-30 06:00:00,"C09","ambient","HW","ambient_HW",196.8,158.454,17.6001432736714,17.9426666666667,0.147222501527602,3.16065644775671,0.321627859016373,0.0542408507685973,0.00551953968812791,17.16126117,0.3425233929953,0.191287298861094,0.16813863802318,0.0187979186992164
2016-10-30 06:00:00,"C10","elevated","HW","elevated_HW",196.8,105.528333333333,21.2918944358826,21.029,0.281836736773152,3.32947289899998,0.278123563005083,0.056590242068746,0.00472719863862147,16.99675708,-0.2628944358826,0.241154946818795,0.11532981872193,0.0288691418741204
2016-10-30 06:00:00,"C12","elevated","HW","elevated_HW",145,42.7123333333333,20.4225273132324,21.2023333333333,0.222691650740531,3.37731995944689,0.166004213729898,0.0917320377552683,0.00450887241488914,27.16119256,0.779806020100899,0.341130468435834,0.0486629688901926,0.069402258770273
2016-10-30 06:30:00,"C03","ambient","HW","ambient_HW",256.6,269.726666666667,18.6782307624817,19.6846666666667,0.256905113575382,3.34652508724047,0.356577238814036,0.0413170386714024,0.00440239208771926,12.34625099,1.006435904185,0.396824057872966,0.0898577673756327,0.0372424686810989
2016-10-30 06:30:00,"C04","elevated","HW","elevated_HW",256.6,191.33,22.0065760612488,22.5763333333333,0.240480790273678,5.64071388547638,0.355098012463566,0.133645200732258,0.00841332251889449,23.69295863,0.569757272084498,0.334150447973705,0.106268902111874,0.0530796288789935
2016-10-30 06:30:00,"C07","ambient","HW","ambient_HW",251.8,284.053333333333,18.837824344635,19.5873333333333,0.175180669261078,4.72419839810152,0.548344897891436,0.0689764330075986,0.00800619955539267,14.6006639,0.749508988698302,0.27955290686397,0.196150669310786,0.0240845387614578
2016-10-30 06:30:00,"C09","ambient","HW","ambient_HW",286.5,249.51,18.888499101003,19.4783333333333,0.179778421710762,5.01849393329259,0.352259955552575,0.0861236850692947,0.00604522509697034,17.16126117,0.589834232330301,0.26178270729246,0.134561965225241,0.0372950404290856
2016-10-30 06:30:00,"C10","elevated","HW","elevated_HW",286.5,171.49,22.5273351669312,22.6326666666667,0.231099008428323,5.26275920165652,0.470194934098244,0.0894498397210906,0.00799178907511446,16.99675708,0.105331499735502,0.24868308158934,0.189073953520769,0.0278343955032306
2016-10-30 06:30:00,"C12","elevated","HW","elevated_HW",241.8,64.4053333333333,21.9683361053467,22.706,0.238056856630147,5.36337403229956,0.243493889360082,0.145675634862592,0.00661358441609252,27.16119256,0.737663894653299,0.359629032663988,0.0677069611305785,0.0792145141761103
2016-10-30 07:00:00,"C03","ambient","HW","ambient_HW",365.6,529.24,20.0710444450378,22.0423333333333,0.292937696115351,6.44658744534077,0.486545778975942,0.0795911866291601,0.00600701630536205,12.34625099,1.9712888882955,0.59640742851978,0.0815794297169465,0.0790222175824014
2016-10-30 07:00:00,"C04","elevated","HW","elevated_HW",365.6,370.25,23.0525403022766,24.4136666666667,0.264481691131721,8.06948093079338,0.758198651680455,0.191189877858861,0.0179639692875868,23.69295863,1.3611263643901,0.506039184400145,0.149830028000543,0.0538575680621521
2016-10-30 07:00:00,"C07","ambient","HW","ambient_HW",548.5,503.75,20.0882749557495,21.4016666666667,0.211996482616288,6.6673425543616,0.643222146645964,0.0973476277424012,0.00939147037621424,14.6006639,1.3133917109172,0.410776182795648,0.156587011025893,0.0425791546225957
2016-10-30 07:00:00,"C09","ambient","HW","ambient_HW",529.8,478.176666666667,20.456961631775,21.219,0.249180342357135,8.06955243112045,0.544688201088456,0.138483696795467,0.00934753647509648,17.16126117,0.762038368225003,0.365079729795865,0.149197053858076,0.0540865400653059
2016-10-30 07:00:00,"C10","elevated","HW","elevated_HW",529.8,274.56,23.0068345069885,23.7846666666667,0.318490055850384,7.36291773764472,0.86339899709542,0.125145724186771,0.0146749830167465,16.99675708,0.777832159678198,0.454081719098953,0.19014176540925,0.0387233058544356
2016-10-30 07:00:00,"C12","elevated","HW","elevated_HW",340,124.326,22.908826828003,24.1246666666667,0.252234833599338,8.33473102017517,0.595734073361698,0.226381234174783,0.0161808478811303,27.16119256,1.2158398386637,0.465555379657716,0.127962021145517,0.0651344121135521
2016-10-30 07:30:00,"C03","ambient","HW","ambient_HW",764.6,651.603333333333,20.9892616271973,22.7723333333333,0.376742416003761,9.63351807150387,0.669247857758064,0.118937832027488,0.00826270202640087,12.34625099,1.783071706136,0.663615094689035,0.100848799720517,0.0955243701283635
2016-10-30 07:30:00,"C04","elevated","HW","elevated_HW",764.6,384.643333333333,23.7571530342102,24.6643333333333,0.448304138676319,10.0999258932757,0.935884949806608,0.239297126355448,0.0221738833982076,23.69295863,0.907180299123098,0.613374520995031,0.152579691162977,0.0661944313577587
2016-10-30 07:30:00,"C07","ambient","HW","ambient_HW",644.9,602.496666666667,20.7816109657287,22.081,0.397667257243244,7.86746168421698,0.481387812462679,0.11487016379738,0.00702858165532381,14.6006639,1.2993890342713,0.601721142968145,0.0800018111526062,0.0983410446697204
2016-10-30 07:30:00,"C09","ambient","HW","ambient_HW",732.5,572.963333333333,20.8291810353597,22.2353333333333,0.384067162713687,9.42515841767345,0.423814265754758,0.161747605174318,0.00727318730218918,17.16126117,1.4061522979736,0.606091681914524,0.069925768394645,0.134788056449806
2016-10-30 07:30:00,"C10","elevated","HW","elevated_HW",732.5,290.646666666667,24.023540019989,24.4353333333333,0.523652781512688,8.43468461663323,1.30264290304662,0.143362285475328,0.0221407049850694,16.99675708,0.411793313344301,0.598651351467515,0.217596251950883,0.0387630050656257
2016-10-30 07:30:00,"C12","elevated","HW","elevated_HW",721.8,191.923333333333,23.4658718109131,24.5266666666667,0.427201262433589,10.8668140301258,0.938628391999495,0.295155628385957,0.0254942664973815,27.16119256,1.0607948557536,0.618068677204359,0.151864740378867,0.0715558726997173
2016-10-30 08:00:00,"C03","ambient","HW","ambient_HW",655.8,515.066666666667,21.6116037368774,22.3813333333333,0.514550513796864,7.94009380040497,0.522431522999863,0.0980303909439427,0.00645007070804426,12.34625099,0.7697295964559,0.639124755845282,0.0817417129006238,0.0971363765040991
2016-10-30 08:00:00,"C04","elevated","HW","elevated_HW",655.8,318.863333333333,24.5715537071228,24.807,0.638310631002989,9.07863334962806,0.856562773459072,0.215099684369676,0.0202945063555638,23.69295863,0.235446292877199,0.682235533546189,0.125552354185767,0.0723095429671936
2016-10-30 08:00:00,"C07","ambient","HW","ambient_HW",677.7,533.056666666667,21.8321061134339,22.4803333333333,0.557335562590998,7.11639497876547,0.519901116245243,0.103904091264602,0.00759090145953162,14.6006639,0.6482272198994,0.663141739771573,0.078399697238833,0.0907706946505983
2016-10-30 08:00:00,"C09","ambient","HW","ambient_HW",773.4,450.036666666667,21.9431722958883,22.6306666666667,0.568583042057795,8.07085445227502,0.416533721188033,0.138506041120549,0.0071482439754198,17.16126117,0.687494370778399,0.68158338084917,0.0611126580975438,0.132065184260074
2016-10-30 08:00:00,"C10","elevated","HW","elevated_HW",773.4,352.303333333333,24.9801712036133,24.9383333333333,0.693012097281638,7.42735698909574,1.15049884784698,0.1262409824901,0.019554749437675,16.99675708,-0.0418378702799984,0.685096138166078,0.167932467248572,0.0442282371645373
2016-10-30 08:00:00,"C12","elevated","HW","elevated_HW",693,132.356666666667,24.5430960655213,25.013,0.644438001559691,10.1338538148972,0.74659086640024,0.275247554841312,0.0202782982858341,27.16119256,0.469903934478701,0.732512021725739,0.10192199503311,0.0994275456598467
2016-10-30 08:30:00,"C03","ambient","HW","ambient_HW",848.2,715.856666666667,22.9331531524658,23.787,0.667563632191318,9.11943392651432,0.70421561264757,0.112590820143467,0.00869442270482352,12.34625099,0.8538468475342,0.816127962292486,0.0862874016311662,0.105686737045289
2016-10-30 08:30:00,"C04","elevated","HW","elevated_HW",848.2,383.99,26.0584053993225,26.414,0.816410653055906,9.10964994489217,0.949753351953892,0.215834559278112,0.0225024668765474,23.69295863,0.355594600677502,0.888297352399743,0.106918403999306,0.0852018885817949
2016-10-30 08:30:00,"C07","ambient","HW","ambient_HW",898.1,734.076666666667,23.1376624107361,23.8396666666667,0.688371480145365,7.76425169999931,0.710506486052865,0.113363229506694,0.0103738664016279,14.6006639,0.7020042559306,0.811344822742439,0.0875714574293174,0.0886618988414823
2016-10-30 08:30:00,"C09","ambient","HW","ambient_HW",906.8,655.656666666667,23.2051943143208,24.06,0.687859735622603,8.96715834416079,0.582585556821968,0.153887746296888,0.00999790289449166,17.16126117,0.854805685679199,0.838743841032346,0.0694592947597574,0.129099472938445
2016-10-30 08:30:00,"C10","elevated","HW","elevated_HW",906.8,472.25,26.2245059013366,26.3236666666667,0.882817362083227,8.20125647883114,1.30591107353434,0.139394764121469,0.0221962532849451,16.99675708,0.099160765330101,0.902902604392481,0.144634766494336,0.0567032165060558
2016-10-30 08:30:00,"C12","elevated","HW","elevated_HW",844.3,172.656666666667,25.6756496429444,26.4253333333333,0.768720907221609,9.92958725787319,0.506159191976468,0.269699431552416,0.0137478872792869,27.16119256,0.749683690388899,0.918836468174064,0.0550869724383405,0.180252913136359
2016-10-30 09:00:00,"C03","ambient","HW","ambient_HW",883.5,738.996666666667,23.694932937622,24.4643333333333,0.791556754688846,9.43994144243778,0.668353666009669,0.116547886379239,0.008251662110642,12.34625099,0.769400395711301,0.930594008281625,0.0718201127518334,0.131438688700705
2016-10-30 09:00:00,"C04","elevated","HW","elevated_HW",883.5,369.573333333333,26.8256440162659,27.058,0.974696091043228,9.14626196755426,1.0569386041458,0.216702006416405,0.0250420026224764,23.69295863,0.232355983734099,1.02340487892089,0.10327668217297,0.0885607648804588
2016-10-30 09:00:00,"C07","ambient","HW","ambient_HW",1027.8,749.963333333333,24.0756015777587,24.679,0.856389375796819,7.78061602069759,0.717110379401343,0.113602159453161,0.0104702876288405,14.6006639,0.603398422241298,0.967141106156281,0.0741474408270539,0.104934383896615
2016-10-30 09:00:00,"C09","ambient","HW","ambient_HW",809.1,676.98,24.3290397326152,25.0336666666667,0.876314487081715,8.40922715858085,0.647969458936307,0.144312943506263,0.0111199731149896,17.16126117,0.7046269340515,1.00772099077357,0.0643004824618071,0.130780156487562
2016-10-30 09:00:00,"C10","elevated","HW","elevated_HW",809.1,380.556666666667,27.2062315940857,26.9756666666667,1.05916994681745,8.02483186707173,1.40622567372064,0.136396117852461,0.023901276175889,16.99675708,-0.230564927419,1.01046571809632,0.139166094260963,0.0576636996941486
2016-10-30 09:00:00,"C12","elevated","HW","elevated_HW",850.5,221.666666666667,26.7000451087952,27.187,0.935726818739635,9.98984616634462,0.693350589261582,0.271336135368864,0.0188322288665233,27.16119256,0.4869548912048,1.0378178127331,0.0668085073078134,0.149529551982316
2016-10-30 09:30:00,"C03","ambient","HW","ambient_HW",856.2,666.333333333333,24.544180393219,24.8006666666667,0.994320915264365,8.24598517323195,0.597704591428863,0.10180700260854,0.00737941090365614,12.34625099,0.256486273447699,1.0421289834712,0.0573541856055075,0.143773032188955
2016-10-30 09:30:00,"C04","elevated","HW","elevated_HW",856.2,416.28,27.5646195411682,27.375,1.15516510817796,8.42072107887133,0.94379639405472,0.199511796156467,0.0223613289194817,23.69295863,-0.189619541168199,1.11432634698338,0.0846965879079943,0.0994221997233081
2016-10-30 09:30:00,"C07","ambient","HW","ambient_HW",911.1,709.17,24.7472581863403,25.156,1.00055679134593,7.20402364804305,0.799078806332728,0.105183528012728,0.0116670810808774,14.6006639,0.408741813659699,1.07786353185796,0.0741354339129853,0.0971738245506002
2016-10-30 09:30:00,"C09","ambient","HW","ambient_HW",1047.8,580.226666666667,24.8452962239583,25.6326666666667,0.999902745446451,7.6575549644838,0.61183837184648,0.131413300669136,0.010499918093085,17.16126117,0.787370442708401,1.15107179480306,0.0531537975831613,0.144064117949489
2016-10-30 09:30:00,"C10","elevated","HW","elevated_HW",1047.8,453.51,27.8867635726928,27.4183333333333,1.19876664928792,8.01821010763869,1.03888211006943,0.136283569415936,0.0176576268596079,16.99675708,-0.468430239359499,1.09693277323961,0.0947079105861027,0.0846625171859221
2016-10-30 09:30:00,"C12","elevated","HW","elevated_HW",879,186.016666666667,27.46719789505,27.779,0.984932066466709,9.24926545169586,0.753239892277456,0.251221079972066,0.0204588937580217,27.16119256,0.311802104950001,1.05261344000913,0.0715590228708196,0.129253657758755
2016-10-30 10:00:00,"C03","ambient","HW","ambient_HW",1131.7,841.996666666667,25.8093070983887,26.3043333333333,1.13245833895234,10.0787409118232,0.78345363703995,0.124434664960551,0.00967271524192358,12.34625099,0.4950262349446,1.23161112598434,0.0636120948009292,0.158440638425194
2016-10-30 10:00:00,"C04","elevated","HW","elevated_HW",1131.7,554.423333333333,28.8997678756714,28.948,1.39478807170164,9.04375896102535,1.0891168598253,0.214273406923265,0.0258044007030764,23.69295863,0.0482321243285995,1.40597195917394,0.0774636259790841,0.116748458992447
2016-10-30 10:00:00,"C07","ambient","HW","ambient_HW",1076.9,861.15,25.9654488563537,26.6186666666667,1.13994165084523,8.48902141369458,1.11071509230581,0.123945348501257,0.0162171777514145,14.6006639,0.653217810313002,1.27238025992808,0.0872942725760765,0.0972460295868374
2016-10-30 10:00:00,"C09","ambient","HW","ambient_HW",1045,681.73,24.1575838724772,27.0753333333333,1.01568703611596,8.39652841329132,0.480491925102877,0.144095017021818,0.00824584741676655,17.16126117,2.9177494608561,1.58738600881128,0.0302693813877506,0.277393459275954
2016-10-30 10:00:00,"C10","elevated","HW","elevated_HW",1045,596.37,29.095223903656,28.9343333333333,1.39394696909314,8.70961274908675,1.2408963158631,0.148035172157098,0.0210912132421921,16.99675708,-0.160890570322699,1.35646864238576,0.091479911668331,0.0952079269672261
2016-10-30 10:00:00,"C12","elevated","HW","elevated_HW",1151.1,247.786666666667,28.7733144760131,29.156,1.17087837968586,10.1072527105907,0.736704005342419,0.274525037124935,0.0200097593488287,27.16119256,0.3826855239869,1.25979806217123,0.0584779440026071,0.172838715228088
2016-10-30 10:30:00,"C03","ambient","HW","ambient_HW",1044.2,685.243333333333,26.6131081581116,26.6423333333333,1.09778136739622,8.67263398355903,1.2810994947176,0.107074515905423,0.0158167759049457,12.34625099,0.0292251752217005,1.1038097756713,0.116061618854433,0.0747243926903728
2016-10-30 10:30:00,"C04","elevated","HW","elevated_HW",1044.2,423.776666666667,29.7410340309143,29.4186666666667,1.28362216636295,7.78755890794902,1.8202531856953,0.184510311034724,0.0431271834248044,23.69295863,-0.322367364247601,1.20636175074371,0.150887839785464,0.0516115739944421
2016-10-30 10:30:00,"C07","ambient","HW","ambient_HW",860.8,734.413333333333,26.710334777832,26.9523333333333,1.10088673451789,6.98647394031252,1.68383839653364,0.102007157848612,0.0245851584897026,14.6006639,0.241998555501301,1.15133010323815,0.146251573879446,0.0477702479022306
2016-10-30 10:30:00,"C09","ambient","HW","ambient_HW",846.1,662.286666666667,26.5822448730469,27.5196666666667,1.15584636262495,6.95041205361957,1.5491639728179,0.119277836491281,0.0265856075326827,17.16126117,0.937421793619801,1.35347578448872,0.114458196487284,0.0607244589459504
2016-10-30 10:30:00,"C10","elevated","HW","elevated_HW",846.1,422.61,29.5207653045655,29.431,1.25508011795409,7.40685126029362,1.98648926335964,0.125892451598902,0.0337638754513519,16.99675708,-0.0897653045654998,1.23367872432711,0.161021603452158,0.0459991150348611
2016-10-30 10:30:00,"C12","elevated","HW","elevated_HW",957.3,242.126666666667,29.3939290046692,29.4306666666667,1.25297439869377,9.43054988221482,1.65509276793118,0.256144981297522,0.0449542933744422,27.16119256,0.0367376619974991,1.26170524526598,0.131179035209786,0.0718906787744944
2016-10-30 11:00:00,"C03","ambient","HW","ambient_HW",788.5,529.053333333333,26.6178135871887,26.4356666666667,1.11141438331703,6.58856087971327,1.31399205984052,0.0813440262838352,0.0162228757696581,12.34625099,-0.182146920521998,1.07403667862339,0.122341451273776,0.0538538721840838
2016-10-30 11:00:00,"C04","elevated","HW","elevated_HW",788.5,375.07,29.5046505928039,29.212,1.30833607115639,6.58803141608854,1.43813121498404,0.156089955794526,0.0340735833811285,23.69295863,-0.292650592803898,1.23897458317302,0.116074311330986,0.0567570148859445
2016-10-30 11:00:00,"C07","ambient","HW","ambient_HW",781.8,582.956666666667,26.8352446556092,26.8173333333333,1.15203853077913,5.79582269680973,1.59003980344533,0.0846228592201105,0.0232156367577274,14.6006639,-0.0179113222759,1.14830599374338,0.138468301315918,0.0418566750781931
2016-10-30 11:00:00,"C09","ambient","HW","ambient_HW",780.8,510.333333333333,26.9348281224568,27.4913333333333,1.18357507573158,5.94133947672535,1.33555090338986,0.101960878459715,0.0229197378589028,17.16126117,0.556505210876502,1.30187077869632,0.102587055892541,0.057915098791302
2016-10-30 11:00:00,"C10","elevated","HW","elevated_HW",780.8,346.63,29.5491018295288,29.0163333333333,1.34563979141452,6.55576042314556,1.11996298891653,0.111426667386883,0.019035738861205,16.99675708,-0.532768496195501,1.21984502040988,0.0918119080848659,0.0714042498396371
2016-10-30 11:00:00,"C12","elevated","HW","elevated_HW",779.2,177.863333333333,29.3619031906128,29.4003333333333,1.30787061068216,7.68906114553843,1.86696269755256,0.208844070379583,0.0507089333305623,27.16119256,0.0384301427205003,1.31698936988264,0.141759891176565,0.054240032788693
2016-10-30 11:30:00,"C03","ambient","HW","ambient_HW",803.2,533.45,27.3705134391785,27.081,1.21502490974428,6.59493851080599,1.25268539868271,0.0814227661180276,0.0154659683436449,12.34625099,-0.289513439178499,1.15344469845618,0.108603854208126,0.0607247188315029
2016-10-30 11:30:00,"C04","elevated","HW","elevated_HW",803.2,369.02,30.152437210083,29.7573333333333,1.43154738320603,6.46652153622595,1.09694877175802,0.153211027237805,0.025989961868492,23.69295863,-0.395103876749701,1.33505621587428,0.0821649874151305,0.078701667701286
2016-10-30 11:30:00,"C07","ambient","HW","ambient_HW",754.9,586.54,27.3104538917542,27.2643333333333,1.20803390176495,6.06818725941531,1.64278195552844,0.088599562656985,0.0239857071936554,14.6006639,-0.046120558420899,1.19819303577261,0.137104949409854,0.0442594325408004
2016-10-30 11:30:00,"C09","ambient","HW","ambient_HW",705.7,512.8,25.3094283739726,27.8876666666667,1.08359148317085,5.9618619110356,0.917069457662892,0.102313069314757,0.0157380684739832,17.16126117,2.5782382926941,1.6149473954601,0.0567863362138566,0.104987613368528
2016-10-30 11:30:00,"C10","elevated","HW","elevated_HW",705.7,360.98,30.2437748908997,29.7463333333333,1.42599354981018,6.61920570709342,1.25505545049255,0.112505031466016,0.0213318726139519,16.99675708,-0.4974415575664,1.30426421137506,0.096227086471181,0.0687873440819161
2016-10-30 11:30:00,"C12","elevated","HW","elevated_HW",784.4,177.766666666667,30.1428561210633,30.047,1.45831149100026,7.35989460231484,1.83829028191414,0.199903514514778,0.0499301563282466,27.16119256,-0.0958561210632993,1.43473742782958,0.12812729676224,0.0574420501196732
2016-10-30 12:00:00,"C03","ambient","HW","ambient_HW",690.9,505.86,27.4132719039917,27.1996666666667,1.243060175268,5.87544916909472,1.23606067125057,0.0725397701206303,0.0152607152861274,12.34625099,-0.213605237324998,1.19743798598397,0.103225443465021,0.0569186139760753
2016-10-30 12:00:00,"C04","elevated","HW","elevated_HW",690.9,357.3,30.4860787391663,30.137,1.49436796718413,6.000012295936,1.10150197664152,0.142158043107103,0.0260978407634309,23.69295863,-0.349078739166298,1.40758313450495,0.0782548433296565,0.0766727277270282
2016-10-30 12:00:00,"C07","ambient","HW","ambient_HW",784.1,564.726666666667,27.7166452407837,27.5163333333333,1.27175483691066,5.77316283272575,1.57153685021526,0.0842920101606006,0.0229454813564577,14.6006639,-0.200311907450399,1.2282889867752,0.127945204030628,0.0451221511307588
2016-10-30 12:00:00,"C09","ambient","HW","ambient_HW",757.5,489.72,27.8488561312357,28.1443333333333,1.29838001032193,5.71528998417148,1.7219420400015,0.098081584080652,0.0295506970680682,17.16126117,0.295477202097601,1.36374966695906,0.126265258333016,0.0452641530982165
2016-10-30 12:00:00,"C10","elevated","HW","elevated_HW",757.5,345.106666666667,30.6941995620728,29.9746666666667,1.52012562803444,6.35515405743444,1.28040396841432,0.10801700972019,0.0217627152154063,16.99675708,-0.7195328954061,1.3410310049661,0.095479072718881,0.0665607014863447
2016-10-30 12:00:00,"C12","elevated","HW","elevated_HW",720.5,165.306666666667,30.4314179420471,30.3063333333333,1.54983736338076,6.98443492969047,1.79484154344834,0.189705582048113,0.048750036776288,27.16119256,-0.125084608713802,1.51865109503582,0.11818656367584,0.0590966918104775
2016-10-30 12:30:00,"C03","ambient","HW","ambient_HW",711.5,455.896666666667,27.9883027076721,27.4266666666667,1.33882134727132,5.77865738703133,1.38663981915728,0.0713447544855064,0.017119803240044,12.34625099,-0.5616360410054,1.21638152608758,0.113997112700102,0.0506912609465254
2016-10-30 12:30:00,"C04","elevated","HW","elevated_HW",711.5,323.896666666667,30.9504523277283,30.465,1.58503174815139,5.73392490738568,1.18403285376586,0.135853645618216,0.0280532414208354,23.69295863,-0.4854523277283,1.46193411119439,0.0809908493617757,0.0707971944061603
2016-10-30 12:30:00,"C07","ambient","HW","ambient_HW",610.7,508.24,27.8362956047058,27.6036666666667,1.32678347726904,5.09268146367268,1.548097075383,0.0743565304008448,0.0226032450822401,14.6006639,-0.232628938039099,1.27603795213292,0.121320613763512,0.0419770499479979
2016-10-30 12:30:00,"C09","ambient","HW","ambient_HW",584.2,444.813333333333,27.7107195854187,28.2693333333333,1.31034505802939,4.96288839299885,1.33140045037873,0.0851694238698149,0.022848510850805,17.16126117,0.558613747914599,1.4338907555378,0.0928522933310472,0.0534492818104623
2016-10-30 12:30:00,"C10","elevated","HW","elevated_HW",584.2,320.796666666667,30.8052077293396,30.2626666666667,1.58070464273322,5.53156961977056,1.30569452527759,0.0940187450983481,0.0221925726668291,16.99675708,-0.5425410626729,1.44431596083643,0.0904022776651609,0.0611883877556584
2016-10-30 12:30:00,"C12","elevated","HW","elevated_HW",718.3,150.636666666667,30.9420075416565,30.6413333333333,1.68008164728064,6.72890475228529,1.74764992536724,0.18276507769472,0.0474682561503693,27.16119256,-0.300674208323201,1.6035205805695,0.108988306514067,0.0617396945370169
2016-10-30 13:00:00,"C03","ambient","HW","ambient_HW",469.2,328.373333333333,27.5992741584778,26.9483333333333,1.29296350170702,3.75322419111519,1.15183152579532,0.0463382478852479,0.0142208011156637,12.34625099,-0.650940825144502,1.15416166811625,0.099798109538265,0.0376081692176355
2016-10-30 13:00:00,"C04","elevated","HW","elevated_HW",469.2,233.716666666667,30.5051279067993,29.9446666666667,1.62310999473397,4.12595706678859,1.03898053159035,0.0977561300925782,0.0246165227523455,23.69295863,-0.5604612401326,1.4843725384409,0.0699945939906458,0.0589467961960033
2016-10-30 13:00:00,"C07","ambient","HW","ambient_HW",458.6,370.913333333333,27.7235779762268,27.17,1.35661708392279,3.72460454145256,1.09107916842306,0.0543816990701624,0.0159304802264367,14.6006639,-0.553577976226798,1.2375289892651,0.0881659482636436,0.0422453862835438
2016-10-30 13:00:00,"C09","ambient","HW","ambient_HW",464,322.08,27.7356581687927,27.872,1.29616688027464,3.78168507669608,0.906216159133184,0.0648984852638729,0.0155518121833589,17.16126117,0.1363418312073,1.32603564967833,0.0683402561124972,0.0553361267840571
2016-10-30 13:00:00,"C10","elevated","HW","elevated_HW",464,226.096666666667,30.6159839630127,29.759,1.67942021558836,4.23058763706826,1.17380178113684,0.0719062703729003,0.0199508237340542,16.99675708,-0.856983963012699,1.4676694585958,0.0799772574309671,0.0528973832432291
2016-10-30 13:00:00,"C12","elevated","HW","elevated_HW",467.4,108.876666666667,30.5381240844726,30.2576666666667,1.71489357014365,4.98228253790212,1.58547176541306,0.135324735400285,0.0430633039188273,27.16119256,-0.280457417805899,1.64486780958842,0.0963890080510345,0.0516893226587017
2016-10-30 13:30:00,"C03","ambient","HW","ambient_HW",414.8,290.716666666667,27.7861309051513,27.133,1.29232693605629,3.12060743179506,0.641080778302247,0.0385278025942011,0.00791494419378409,12.34625099,-0.653130905151301,1.15172930339632,0.0556624526624242,0.0560630601515279
2016-10-30 13:30:00,"C04","elevated","HW","elevated_HW",414.8,209.07,30.7119951248169,30.1293333333333,1.66642990021477,3.44460309063587,1.19389156469205,0.0816128385232057,0.0282868234509546,23.69295863,-0.582661791483602,1.52077982232477,0.0785052212796319,0.0438773757272317
2016-10-30 13:30:00,"C07","ambient","HW","ambient_HW",412.8,330.22,27.6036043167114,27.119,1.3812587086703,3.19743552688939,0.623017968388932,0.0466846814700314,0.00909647596010762,14.6006639,-0.484604316711401,1.27746364694351,0.0487699176316744,0.0655616347568478
2016-10-30 13:30:00,"C09","ambient","HW","ambient_HW",382.2,287.056666666667,27.5321391423543,27.725,1.30228928504865,3.28970344767752,0.539412123288666,0.0564554600374433,0.00925699232602104,17.16126117,0.192860857645702,1.34416411248692,0.0401299304361478,0.081976305762899
2016-10-30 13:30:00,"C10","elevated","HW","elevated_HW",382.2,203.87,30.6711525917053,29.9286666666667,1.64316463531059,3.5256309187304,1.45056327426255,0.0599242922793979,0.02465487160181,16.99675708,-0.742485925038601,1.45867467142454,0.0994439200651868,0.0354534587576526
2016-10-30 13:30:00,"C12","elevated","HW","elevated_HW",405.6,97.02,30.744116783142,30.4253333333333,1.77809941969081,4.11542941582999,1.55405837691416,0.111779970830447,0.0422100788248465,27.16119256,-0.318783449808702,1.69775912092831,0.0915358579292701,0.0449597513906516
2016-10-30 14:00:00,"C03","ambient","HW","ambient_HW",384,262.343333333333,27.6388592720032,26.9713333333333,1.31116933080716,2.94087555318964,0.35262355522217,0.0363087877100344,0.00435357891775903,12.34625099,-0.6675259386699,1.16860271324812,0.030174802028489,0.0974613039851285
2016-10-30 14:00:00,"C04","elevated","HW","elevated_HW",384,190.116666666667,30.6354751586914,30.0723333333333,1.63585765392721,3.20998366086387,1.14376639693146,0.0760540100798235,0.0270992099248813,23.69295863,-0.563141825358098,1.495555540973,0.0764776944484011,0.0419728089871959
2016-10-30 14:00:00,"C07","ambient","HW","ambient_HW",349,302.88,27.5278215408325,27.1396666666667,1.36873083402912,3.02377853439283,0.640331732318957,0.0441491740887043,0.00934926840809387,14.6006639,-0.388154874165803,1.28571150802714,0.0498036867774104,0.0607139497103322
2016-10-30 14:00:00,"C09","ambient","HW","ambient_HW",376.7,262.943333333333,27.5371475219726,27.785,1.30899693081855,3.00964445808058,0.442337076311009,0.0516492945739639,0.00759106209174744,17.16126117,0.247852478027401,1.3629012012982,0.0324555496678462,0.0927312736614117
2016-10-30 14:00:00,"C10","elevated","HW","elevated_HW",376.7,188.2,30.5548205375671,29.8936666666667,1.58934035250104,3.31750986730005,1.50292758035256,0.0563869093250019,0.0255448949920847,16.99675708,-0.661153870900399,1.42568086742739,0.105418233118648,0.0314699817019909
2016-10-30 14:00:00,"C12","elevated","HW","elevated_HW",403.5,90.0973333333333,30.7226824760437,30.3563333333333,1.66359848612476,3.8195483579587,1.42478792825462,0.103743488442748,0.0386989392764872,27.16119256,-0.366349142710401,1.57147816696895,0.0906654612327663,0.042127931695541
2016-10-30 14:30:00,"C03","ambient","HW","ambient_HW",421.8,289.596666666667,27.6650972366333,27.1883333333333,1.33196126556804,2.64848137853211,0.330847062872665,0.0326988158416986,0.00408472087753024,12.34625099,-0.4767639033,1.22950362233348,0.0269089945619477,0.0984236468752109
2016-10-30 14:30:00,"C04","elevated","HW","elevated_HW",421.8,215.51,30.6662354469299,30.34,1.60234554219199,3.15084824665702,1.13441786510671,0.0746529171574528,0.0268777155471063,23.69295863,-0.3262354469299,1.52046089387234,0.074610131025307,0.0422308365279279
2016-10-30 14:30:00,"C07","ambient","HW","ambient_HW",441.5,348.043333333333,27.9426236152649,27.6273333333333,1.38955781973905,3.40547525014198,0.828277813427826,0.0497221995470915,0.0120934059696866,14.6006639,-0.315290281931599,1.3205521259298,0.0627220839801863,0.054294676357019
2016-10-30 14:30:00,"C09","ambient","HW","ambient_HW",374.2,300.863333333333,27.7591087023417,28.061,1.34043987773831,3.34729251852253,0.438763767738001,0.0574437611227522,0.00752973961008505,17.16126117,0.301891297658301,1.40693514130179,0.0311857849631952,0.107333919042696
2016-10-30 14:30:00,"C10","elevated","HW","elevated_HW",374.2,226.76,30.7555446624756,30.0903333333333,1.62609748501566,3.8205361626364,1.41182479002231,0.0649367250716863,0.0239964429955312,16.99675708,-0.665211329142299,1.45979183259351,0.0967141176227857,0.0395033967795441
2016-10-30 14:30:00,"C12","elevated","HW","elevated_HW",375.3,96.7526666666667,30.6787300109863,30.5393333333333,1.60338430448239,3.85446404328807,1.34623414192206,0.104691840095344,0.0365653247595914,27.16119256,-0.139396677653,1.56821101972095,0.0858452163001387,0.0449001611203564
2016-10-30 15:00:00,"C03","ambient","HW","ambient_HW",282.2,178.766666666667,27.3287372589111,26.6273333333333,1.34500708487015,1.89718711127112,0.392635390526534,0.0234231482507463,0.00484757507899726,12.34625099,-0.7014039255778,1.19769247689365,0.0327826548217851,0.0578716739563868
2016-10-30 15:00:00,"C04","elevated","HW","elevated_HW",282.2,132.013333333333,30.224718093872,29.6463333333333,1.59789199610248,2.22311742262032,0.959417266046254,0.0526722291237755,0.0227314335933416,23.69295863,-0.5783847605387,1.45677514748284,0.0658589808937934,0.0337557215804083
2016-10-30 15:00:00,"C07","ambient","HW","ambient_HW",261.5,217.08,27.0411577224732,26.749,1.29753419569068,1.93161941323863,0.690910396377077,0.0282029258354124,0.0100877504825175,14.6006639,-0.292157722473203,1.23643568280971,0.0558792022895223,0.034567770012723
2016-10-30 15:00:00,"C09","ambient","HW","ambient_HW",223,190.476666666667,27.1595117251078,27.2296666666667,1.25959086067864,1.83528673256975,0.433767349340721,0.0314958349394655,0.00744399476905474,17.16126117,0.0701549415588971,1.27448909342809,0.0340346066182477,0.0539241353119021
2016-10-30 15:00:00,"C10","elevated","HW","elevated_HW",223,138.6,30.2277092933655,29.4653333333333,1.58611503030182,2.09506112761357,1.26350474820281,0.0356092450537987,0.0214754832746297,16.99675708,-0.762375960032198,1.4009307799904,0.0901903767302101,0.0232293200623899
2016-10-30 15:00:00,"C12","elevated","HW","elevated_HW",311.5,67.9823333333333,30.2923402786254,29.9383333333333,1.59994969949971,3.09744321907186,1.1878177335031,0.0841302517168771,0.0322625461858605,27.16119256,-0.354006945292099,1.51279835009598,0.0785179157174346,0.0394488721557351
2016-10-30 15:30:00,"C03","ambient","HW","ambient_HW",102.3,66.428,26.9892492294311,26.4676666666667,1.20956838969544,-0.0800403392674714,0.423792052489538,-0.000988198117920955,0.00523224304760309,12.34625099,-0.521582562764397,1.10141794219373,0.0384769519593495,-0.00208021517276195
2016-10-30 15:30:00,"C04","elevated","HW","elevated_HW",102.3,47.533,29.890606880188,29.1763333333333,1.61432117022782,0.341376111621002,0.86732878562948,0.00808821008990667,0.0205495850365274,23.69295863,-0.714273546854699,1.44352650248187,0.0600840222980509,0.00568164544523305
2016-10-30 15:30:00,"C07","ambient","HW","ambient_HW",92.2,76.1433333333333,26.9270582199097,26.414,1.39984209449908,0.0497617021253951,0.53722035377222,0.00072655388782481,0.00784377382566728,14.6006639,-0.513058219909698,1.29377550134806,0.0415234600757595,0.00119839970066572
2016-10-30 15:30:00,"C09","ambient","HW","ambient_HW",84.2,66.9303333333333,26.9215930302937,26.786,1.3428808875226,-0.00810269258064383,0.459225865274343,-0.00013905242355665,0.00788089500999224,17.16126117,-0.135593030293698,1.31458470594275,0.0349331513746018,-0.000231948514857864
2016-10-30 15:30:00,"C10","elevated","HW","elevated_HW",84.2,49.0926666666667,29.7710814476013,29.2396666666667,1.64763537784648,0.314682995271974,0.943749003112181,0.00534859042784453,0.0160406725503899,16.99675708,-0.5314147809346,1.52074710875451,0.0620582474021672,0.00507076832564538
2016-10-30 15:30:00,"C12","elevated","HW","elevated_HW",128.6,23.1203333333333,29.992094039917,29.6966666666667,1.61166831265529,0.578964979785143,1.08050530071464,0.0157253793014408,0.0293478125348109,27.16119256,-0.295427373250298,1.53991861316839,0.0701663900595043,0.00825131490011321
2016-10-30 16:00:00,"C03","ambient","HW","ambient_HW",63.8,42.6453333333333,26.0434131622315,25.1866666666667,1.14023244609065,-0.397774914733178,0.289520221523071,-0.00491102893482166,0.00357448932160423,12.34625099,-0.856746495564799,0.972498754568589,0.0297707549920211,-0.0133612639262856
2016-10-30 16:00:00,"C04","elevated","HW","elevated_HW",63.8,30.7436666666667,28.8503289222717,27.729,1.53357026862966,-0.268097231726479,0.74966649612736,-0.00635201662011299,0.0177618172790426,23.69295863,-1.1213289222717,1.28174616978742,0.0584879060923344,-0.00458380628814504
2016-10-30 16:00:00,"C07","ambient","HW","ambient_HW",58.1,49.6436666666667,25.7868857383728,25.7146666666667,1.24637697410658,-0.136043897265703,0.616297568160811,-0.00198633121962266,0.00899835365510334,14.6006639,-0.0722190717060975,1.23213912712557,0.0500185047770178,-0.00271987133306335
2016-10-30 16:00:00,"C09","ambient","HW","ambient_HW",60.6,43.0833333333333,23.6922529538473,25.3953333333333,1.07973668049195,-0.293134632498543,0.388610539703182,-0.00503055998627946,0.00666904696526097,17.16126117,1.703080379486,1.39514354198221,0.0278545201987637,-0.0105237724579996
2016-10-30 16:00:00,"C10","elevated","HW","elevated_HW",60.6,31.4423333333333,28.2590661048889,27.893,1.45822251332196,-0.220020976164636,0.74344934981734,-0.0037396430843748,0.0126362280001293,16.99675708,-0.366066104888898,1.37690805937793,0.053994117091102,-0.00407490645311236
2016-10-30 16:00:00,"C12","elevated","HW","elevated_HW",76.9,14.6586666666667,29.2198734283447,28.2923333333333,1.56180290570646,-0.136545955944015,0.925732173697354,-0.00370875100268468,0.0251439898287812,27.16119256,-0.927540095011402,1.34852728490363,0.0686476413240324,-0.00198908445083331
2016-10-30 16:30:00,"C03","ambient","HW","ambient_HW",40.6,27.4983333333333,25.1255116462708,24.7733333333333,1.06704406953688,-0.712385511146185,0.279158029720964,-0.00879529032225023,0.00344655510080891,12.34625099,-0.3521783129375,1.00044331219246,0.0279034330400184,-0.0255303894013507
2016-10-30 16:30:00,"C04","elevated","HW","elevated_HW",40.6,20.298,28.4056901931762,27.59,1.36869316046983,-0.583403712076907,0.613167769322507,-0.0138225600148266,0.0145277585918075,23.69295863,-0.815690193176199,1.18821365202893,0.0516041680109883,-0.0113053602947863
2016-10-30 16:30:00,"C07","ambient","HW","ambient_HW",41.3,32.345,25.1363310813903,25.055,1.01363030745859,-0.543412097988377,0.525979119943789,-0.00793417740192216,0.00767964434871705,14.6006639,-0.0813310813902994,0.998132274009979,0.052696334307544,-0.0103121422984935
2016-10-30 16:30:00,"C09","ambient","HW","ambient_HW",29.7,27.5966666666667,25.1511505444845,24.9786666666667,1.0280070454568,-0.496979873736526,0.558569476834888,-0.00852880140942614,0.00958575667355377,17.16126117,-0.1724838778178,0.995191921989847,0.0561268097632917,-0.00885458973764019
2016-10-30 16:30:00,"C10","elevated","HW","elevated_HW",29.7,21.2586666666667,28.4124064445495,27.7926666666667,1.30814827076557,-0.251834694189249,0.775937146277283,-0.00428037312145074,0.0131884151846234,16.99675708,-0.619739777882799,1.17029646444122,0.0663026138977329,-0.00379826192942689
2016-10-30 16:30:00,"C12","elevated","HW","elevated_HW",41.2,9.32496666666667,28.5617837905884,28.0136666666667,1.42907400353227,-0.444335857932376,0.68448568544431,-0.0120686917986141,0.0185914475069165,27.16119256,-0.548117123921699,1.30600255361893,0.0524107463302889,-0.00847795326424475
2016-10-30 17:00:00,"C03","ambient","HW","ambient_HW",26.8,16.7926666666667,24.8965959548951,24.787,1.09754655836445,-0.875374766123801,0.235617769342574,-0.010807596572877,0.00290899611800734,12.34625099,-0.109595954895102,1.076936974958,0.0218785105183861,-0.0400107112130947
2016-10-30 17:00:00,"C04","elevated","HW","elevated_HW",26.8,12.313,27.909161567688,27.2196666666667,1.30100667936196,-0.888908135796732,0.234413930848389,-0.0210608636873024,0.00555395956588656,23.69295863,-0.689494901021298,1.15178368742018,0.0203522530670182,-0.0436761538326805
2016-10-30 17:00:00,"C07","ambient","HW","ambient_HW",22.5,19.394,24.8014621734619,24.775,0.98096151389081,-0.681227343212817,0.229698708336312,-0.00994637147774028,0.00335375363868262,14.6006639,-0.0264621734619013,0.975999181074016,0.0235347234701104,-0.0289456276840469
2016-10-30 17:00:00,"C09","ambient","HW","ambient_HW",17.1,16.6183333333333,24.7461164792379,24.6956666666667,0.953171481810829,-0.761648147135453,0.307254362854664,-0.0130708427726381,0.00527287236657084,17.16126117,-0.0504498125712018,0.943744051436476,0.032556958890177,-0.0233943271453789
2016-10-30 17:00:00,"C10","elevated","HW","elevated_HW",17.1,12.5146666666667,27.6696343421936,27.3756666666667,1.23785748226656,-0.577950057547433,0.168758680923274,-0.00982327673250574,0.00286835030479411,16.99675708,-0.293967675526901,1.17437367945036,0.0143701007504066,-0.0402189287038284
2016-10-30 17:00:00,"C12","elevated","HW","elevated_HW",22.6,5.6672,27.8012313842774,27.5146666666667,1.29152021494053,-0.765493124581202,0.283322400265382,-0.0207917061601061,0.00769537427016944,27.16119256,-0.286564717610702,1.22920641463059,0.0230492126377756,-0.0332112483237985
2016-10-30 17:30:00,"C03","ambient","HW","ambient_HW",11.6,9.08353333333333,24.063054561615,23.7776666666667,0.989717029508406,-0.964750645010356,0.250812280602048,-0.0119110536060623,0.0030965913676872,12.34625099,-0.2853878949483,0.938577138299066,0.0267226070578047,-0.036102414817666
2016-10-30 17:30:00,"C04","elevated","HW","elevated_HW",11.6,6.54053333333333,26.9996056556702,26.221,1.1199344247896,-1.00673337195992,0.383780763082561,-0.0238524921332867,0.00909290174270495,23.69295863,-0.778605655670201,0.959462694729758,0.0399995502889934,-0.0251686172641031
2016-10-30 17:30:00,"C07","ambient","HW","ambient_HW",11,10.5491,23.5657653808594,23.7596666666667,0.854897609585726,-0.854786385118145,0.135030750559646,-0.012480448715406,0.00197153860508613,14.6006639,0.1939012858073,0.889175674768786,0.0151860598969667,-0.0562875683961236
2016-10-30 17:30:00,"C12","elevated","HW","elevated_HW",13.6,3.1555,27.1858005523681,26.6096666666667,1.16514433805653,-0.873323249559603,0.358416836352285,-0.0237205009484133,0.00973502870891041,27.16119256,-0.576133885701399,1.04463914542204,0.034310109660641,-0.025453816912787
2016-10-31 05:00:00,"C03","ambient","HW","ambient_HW",25.7,21.2556333333333,16.5521943569183,16.2306666666667,0.586414368372982,-0.646362887812006,0.0094566561461843,-0.00798015844354824,0.000116754250306918,12.34625099,-0.3215276902516,0.548104830870982,0.00172533712778209,-0.37462990705063
2016-10-31 05:00:00,"C04","elevated","HW","elevated_HW",25.7,16.6548333333333,19.5599136352539,18.812,0.810545944622682,-0.406169328576095,0.0786111693387792,-0.00962335309872829,0.00186253118299962,23.69295863,-0.747913635253898,0.706547223926701,0.0111261026406544,-0.0365059843230248
2016-10-31 05:00:00,"C07","ambient","HW","ambient_HW",33.7,26.3681666666667,16.1489233970643,16.5026666666667,0.584039884762582,-0.216950945059415,-0.00455723436112956,-0.00316762783159988,-0.000066538647220384,14.6006639,0.353743269602397,0.62603355266981,-0.000727953692209399,0.298028497391024
2016-10-31 05:00:00,"C09","ambient","HW","ambient_HW",41.5,23.2536,16.0371077855428,16.074,0.675701801655792,-0.0762337234933445,0.107587904954832,-0.00130826683883085,0.001846344135663,17.16126117,0.0368922144572004,0.680015526109149,0.0158213894865634,-0.00481839623239711
2016-10-31 05:00:00,"C10","elevated","HW","elevated_HW",41.5,14.1798333333333,19.0542669296265,19.1626666666667,0.734225740828453,0.0278984296769555,0.201094937450693,0.000474182832132675,0.00341796180186723,16.99675708,0.108399737040198,0.749234359395728,0.0268400581111736,0.0010394325363007
2016-10-31 05:00:00,"C12","elevated","HW","elevated_HW",18.4,6.2986,19.9259591102601,19.2473333333333,0.789045750502709,-0.446392646747901,0.192177250131409,-0.0121245566356878,0.00521976329647048,27.16119256,-0.678625776926797,0.692597928209349,0.0277473036380958,-0.0160877846932494
2016-10-31 05:30:00,"C03","ambient","HW","ambient_HW",67.7,55.2603333333333,15.2852413654327,15.3923333333333,0.525540243380325,0.434621135584349,0.00234084970786812,0.00536594162548319,0.000028900718023208,12.34625099,0.107091967900599,0.53756765753625,0.000435452110083514,0.998091697158143
2016-10-31 05:30:00,"C04","elevated","HW","elevated_HW",67.7,107.925333333333,18.8545241355896,19.1883333333333,0.621409476251236,1.76202857547106,0.266248081262899,0.0417476701435137,0.00630820477467875,23.69295863,0.333809197743701,0.667408482536955,0.0398928224961775,0.0441690626337582
2016-10-31 05:30:00,"C07","ambient","HW","ambient_HW",75.6,156.313333333333,15.8634338378906,16.009,0.572438346889538,1.5809215623227,0.120373936163721,0.0230825043837367,0.00175753938424654,14.6006639,0.1455661621094,0.589345567234736,0.020425017656199,0.0774012335721477
2016-10-31 05:30:00,"C09","ambient","HW","ambient_HW",77.3,135.064,15.6627869606018,15.8346666666667,0.612564536401471,1.7222953273979,0.180515227302933,0.0295567599253461,0.00309786896090756,17.16126117,0.171879706064901,0.632318943417715,0.0285481289437952,0.0603295344079714
2016-10-31 05:30:00,"C10","elevated","HW","elevated_HW",77.3,77.1656666666667,18.5001955032348,18.1623333333333,0.670352814526091,1.56626921711038,0.142676328859348,0.0266214974051069,0.00242503490268853,16.99675708,-0.337862169901499,0.625524983586419,0.0228090536114673,0.0686687507421587
2016-10-31 05:30:00,"C12","elevated","HW","elevated_HW",61.8,23.3163333333333,18.5745029449462,18.889,0.649425756304723,1.10320353443154,0.323254988030128,0.0299643236315676,0.00877999097586679,27.16119256,0.314497055053799,0.692081392387957,0.0467076548489144,0.0236193304502245
2016-10-31 06:00:00,"C03","ambient","HW","ambient_HW",92.9,93.2916666666667,15.8180856704712,16.0833333333333,0.591909655749601,1.40771094230656,0.112971760841936,0.0173799526150862,0.00139477771413679,12.34625099,0.2652476628621,0.622742877191713,0.0181409960642805,0.0775983268679679
2016-10-31 06:00:00,"C04","elevated","HW","elevated_HW",92.9,300.876666666667,19.5297527313232,20.4056666666667,0.695099444524228,6.3047596184381,0.17486761224454,0.149378408811749,0.00414313110263678,23.69295863,0.875913935343501,0.82219597044407,0.0212683616230926,0.296438424838168
2016-10-31 06:00:00,"C07","ambient","HW","ambient_HW",96.1,351.593333333333,16.4520106315613,17.078,0.543069262106558,4.86152763705513,0.488004788334401,0.0709815310692031,0.00712519389606122,14.6006639,0.625989368438699,0.619228920484759,0.0788084619743487,0.0616878887782064
2016-10-31 06:00:00,"C09","ambient","HW","ambient_HW",99.8,330.87,15.3449110984802,16.8796666666667,0.651364021220836,4.77805509458746,0.109254402005068,0.0819974513628644,0.00187494332678115,17.16126117,1.5347555681865,0.831438320218748,0.0131404097391522,0.363615381060083
2016-10-31 06:00:00,"C10","elevated","HW","elevated_HW",99.8,190.883333333333,20.3768281936646,20.0933333333333,0.686635659185453,5.77084901033327,0.668815459571341,0.0980857187739929,0.0113676938976827,16.99675708,-0.283494860331299,0.644902442624832,0.103708005330105,0.0556451644399533
2016-10-31 06:00:00,"C12","elevated","HW","elevated_HW",89.7,43.3816666666667,19.1410531997681,20.2953333333333,0.671075025506321,6.25349732983869,0.24916723229709,0.169852445149195,0.0067676791760635,27.16119256,1.1542801335652,0.836317506445427,0.0297933775601706,0.209895548673834
2016-10-31 06:30:00,"C03","ambient","HW","ambient_HW",113.8,551.12,17.5412135124206,18.561,0.676951838452665,2.78073281301544,0.283971004677364,0.0343316252456174,0.0035059772976292,12.34625099,1.0197864875794,0.810199508110389,0.0350495158087251,0.0793372675443126
2016-10-31 06:30:00,"C04","elevated","HW","elevated_HW",113.8,397.633333333333,20.4663367271423,21.2996666666667,0.692400763370148,8.88261625375385,0.892543375884836,0.210455459426356,0.02114699328032,23.69295863,0.8333299395244,0.8194522713144,0.108919507228066,0.0815521156844257
2016-10-31 06:30:00,"C07","ambient","HW","ambient_HW",113.8,552.716666666667,17.1577954292298,18.2853333333333,0.583800793955116,6.51609373547235,1.20082497299825,0.0951392945725273,0.017532841833474,14.6006639,1.1275379041035,0.728474780312753,0.164840980834327,0.0395295739111219
2016-10-31 06:30:00,"C09","ambient","HW","ambient_HW",127.5,521.76,17.2427161534628,18.294,0.697803029230186,6.52964905386283,0.636324183346427,0.112057012761783,0.010920125499195,17.16126117,1.0512838465372,0.833039811694089,0.0763858070663374,0.0854824908532045
2016-10-31 06:30:00,"C10","elevated","HW","elevated_HW",127.5,522.626666666667,19.9677028656006,21.0076666666667,0.740050890352362,7.73442618722427,0.903326626590051,0.131460163057442,0.015353623236047,16.99675708,1.0399638010661,0.895266330878923,0.100900323784456,0.076654126539243
2016-10-31 06:30:00,"C12","elevated","HW","elevated_HW",113.6,55.1076666666667,20.1256165504455,21.212,0.696230310547136,9.43397644165349,0.262772863423436,0.256238050738254,0.00713722434298652,27.16119256,1.0863834495545,0.859969336362622,0.0305560736077958,0.308743085343484
2016-10-31 07:00:00,"C03","ambient","HW","ambient_HW",254.6,826.096666666667,17.9509735107422,19.99,0.900415085598084,8.24636182908642,-0.019144174424457,0.101811652896256,-0.000236358782440685,12.34625099,2.0390264892578,1.18073169360569,-0.00162138227745839,-5.08600713337824
2016-10-31 07:00:00,"C04","elevated","HW","elevated_HW",254.6,620.83,20.5447807312012,21.7616666666667,0.901464115857052,9.7777875385754,1.10873158851279,0.231664715644397,0.0262691316584076,23.69295863,1.2168859354655,1.08972603968438,0.101744066686148,0.0961017959773237
2016-10-31 07:00:00,"C07","ambient","HW","ambient_HW",472.7,769.156666666667,17.717339515686,19.132,0.787361793722329,7.40765110964519,1.05342807469284,0.108156624140391,0.0153807492614143,14.6006639,1.414660484314,0.976064787277062,0.107926040199811,0.0686363651990836
2016-10-31 07:00:00,"C09","ambient","HW","ambient_HW",508.9,726.766666666667,17.7471551895141,19.063,0.789393792399763,8.57656338687467,0.690101586431867,0.147184644223216,0.0118430135585886,17.16126117,1.3158448104859,0.964721666786826,0.0715337501157584,0.11989534133183
2016-10-31 07:00:00,"C10","elevated","HW","elevated_HW",508.9,645.88,20.7967472076417,21.1683333333333,0.975991332592649,8.32367049364666,1.11535526866049,0.141475405394476,0.0189574225593205,16.99675708,0.3715861256916,1.03294548185005,0.107978135173489,0.0770866294391268
2016-10-31 07:00:00,"C12","elevated","HW","elevated_HW",144.5,112.279666666667,20.6087203025818,21.592,0.825508204409767,10.5219573710249,0.399984122328649,0.285788910262519,0.010864045767511,27.16119256,0.983279697418197,0.977189708978515,0.0409320850039205,0.25705891527434
2016-10-31 07:30:00,"C03","ambient","HW","ambient_HW",948.1,1077.96666666667,22.1778655052185,24.103,1.28429639865044,10.2278501422069,0.986384235006196,0.126275604943794,0.0121781473379656,12.34625099,1.9251344947815,1.61549059612694,0.0610578753829333,0.167510744159725
2016-10-31 07:30:00,"C04","elevated","HW","elevated_HW",948.1,682.01,23.200569152832,23.832,1.19794537453192,9.89147972965135,1.41835617139691,0.234358420024113,0.0336050540915123,23.69295863,0.631430847168001,1.30871624453625,0.108377669897382,0.0912686140882815
2016-10-31 07:30:00,"C07","ambient","HW","ambient_HW",982.9,893.1,23.9546298980712,23.9046666666667,1.32405899982064,7.76497499617541,1.6914998849902,0.113373790111061,0.0246970213076306,14.6006639,-0.0499632314045009,1.31510157004046,0.128621235311746,0.0603708631576664
2016-10-31 07:30:00,"C09","ambient","HW","ambient_HW",1018.2,798.76,22.3740097681682,23.3143333333333,1.20349289344731,9.01172587029692,1.11595433945758,0.154652581252611,0.0191511838732264,17.16126117,0.940323565165098,1.36270097939571,0.081892825816596,0.110042922324835
2016-10-31 07:30:00,"C10","elevated","HW","elevated_HW",1018.2,215.056666666667,23.6421279907226,23.2656666666667,1.26714456484025,8.33618792537573,1.09637646246323,0.14168816114084,0.0186348444007172,16.99675708,-0.376461324055899,1.20132118101571,0.0912642247376551,0.0913412451520697
2016-10-31 07:30:00,"C12","elevated","HW","elevated_HW",913.4,253.28,22.4319434165955,23.6843333333333,1.0160709745595,10.90964540941,0.710530167033892,0.296318979726305,0.0192988466864965,27.16119256,1.2523899167378,1.23054703935771,0.0577410000843816,0.188941053903931
2016-10-31 08:00:00,"C03","ambient","HW","ambient_HW",1152.9,844.76,23.90012550354,24.7323333333333,1.51980123256729,10.6807995671668,1.42955257916127,0.131867832230124,0.0176496149457269,12.34625099,0.832207829793301,1.67206719191788,0.085496120375495,0.124927301031406
2016-10-31 08:00:00,"C04","elevated","HW","elevated_HW",1152.9,486.143333333333,23.7692441940307,24.5936666666667,1.41090136508666,9.42554750362093,1.58407844053106,0.223319107068391,0.0375315049581774,23.69295863,0.824422472635998,1.56068085898641,0.101499190651947,0.0928632774614159
2016-10-31 08:00:00,"C07","ambient","HW","ambient_HW",1185,842.7,24.0423603057861,25.2213333333333,1.46165468172881,7.49614254892026,1.09079140803837,0.109448657903274,0.0159262787337761,14.6006639,1.1789730275472,1.68097333379873,0.064890464715068,0.115519939359898
2016-10-31 08:00:00,"C09","ambient","HW","ambient_HW",1214.8,737.39,20.7294279734293,24.4493333333333,1.26561871530558,8.40290109244005,1.13084467446167,0.144204380233042,0.0194067208011404,17.16126117,3.719905359904,1.88778619230207,0.0599032178046951,0.140274619634564
2016-10-31 08:00:00,"C10","elevated","HW","elevated_HW",1214.8,782.02,24.134979724884,24.212,1.421477628389,8.00265811368474,0.903862909722518,0.13601923595259,0.0153627383101756,16.99675708,0.0770202751159985,1.43546376630484,0.0629666126682694,0.127093673528948
2016-10-31 08:00:00,"C12","elevated","HW","elevated_HW",1119.4,109.409,23.7718076705932,24.4003333333333,1.26347481312914,10.4282514109864,0.791641898048994,0.283243744637893,0.0215019380314726,27.16119256,0.628525662740099,1.37709100305793,0.057486534752685,0.181403374822472
2016-10-31 08:30:00,"C03","ambient","HW","ambient_HW",1336.9,1355.2,29.3792114257812,29.4256666666667,1.98732124993964,10.6900066955636,2.79220163255518,0.131981505748208,0.034473222170214,12.34625099,0.0464552408854999,1.99835604442896,0.13972493241829,0.0765075102241687
2016-10-31 08:30:00,"C04","elevated","HW","elevated_HW",1336.9,290.413333333333,28.9825768470765,29.1066666666667,1.97287310464668,8.65606703030824,1.77316785182644,0.2050878380476,0.0420115925573699,23.69295863,0.1240898195902,2.00182247718173,0.0885776771935741,0.0977228948032993
2016-10-31 08:30:00,"C07","ambient","HW","ambient_HW",1364.1,1279.96666666667,29.9948596954345,30.3133333333333,2.130943956967,7.16504032762447,2.44748274972918,0.104614345653591,0.0357348730298435,14.6006639,0.318473637898801,2.20949946615914,0.110770913829807,0.0646834090276908
2016-10-31 08:30:00,"C09","ambient","HW","ambient_HW",1391.4,1290.13333333333,28.1982682545979,29.3653333333333,2.05498154429111,6.59243421016705,1.96894425037718,0.113134485226719,0.0337895665098927,17.16126117,1.1670650787354,2.32369367633518,0.0847333824776125,0.0778020895354773
2016-10-31 08:30:00,"C10","elevated","HW","elevated_HW",1432.8,1011.37,30.1224412918091,28.1223333333333,2.13405980369015,7.24252358410037,1.09101723888747,0.123099414005125,0.0185437549794626,16.99675708,-2.0001079584758,1.66544745602961,0.0655089558627344,0.110557762503132
2016-10-31 08:30:00,"C12","elevated","HW","elevated_HW",1305.6,176.170666666667,27.1760597229004,28.477,1.66684510833766,9.92975231317356,2.10721584436165,0.269703914651212,0.0572344953141897,27.16119256,1.3009402770996,1.9522188333427,0.107939530567562,0.0919936584952838
2016-10-31 09:00:00,"C03","ambient","HW","ambient_HW",1495.4,1496.5,30.1389355659485,29.4723333333333,2.29689059743656,9.66324719211532,0.902975310202026,0.119304875212268,0.0111483598175273,12.34625099,-0.666602232615201,2.13530364690404,0.0422879112069725,0.228510865547836
2016-10-31 09:00:00,"C04","elevated","HW","elevated_HW",1495.4,137.053333333333,30.2773485183716,30.4116666666667,2.21085813140546,6.32897017799697,0.996059656116833,0.149952028597786,0.0235996002253882,23.69295863,0.134318148295101,2.24430581579173,0.0443816368120692,0.142603352030402
2016-10-31 09:00:00,"C07","ambient","HW","ambient_HW",1520.7,1423.66666666667,30.253776550293,31.691,2.25000184006622,5.79201486376707,0.889881784081962,0.0845672623296672,0.0129928648401131,14.6006639,1.437223449707,2.61932941826591,0.0339736490521721,0.170485509368525
2016-10-31 09:00:00,"C09","ambient","HW","ambient_HW",1543.7,1441.63333333333,28.1328603426616,30.3863333333333,1.97642410096386,5.50294936792284,2.25284514562149,0.0944375513082103,0.0386616639195771,17.16126117,2.2534729906717,2.50811114278783,0.0898223809618497,0.0612647906790637
2016-10-31 09:00:00,"C10","elevated","HW","elevated_HW",1543.7,286.87,30.4330778121948,29.8383333333333,2.22847826948928,6.34863366059127,1.35447602480358,0.107906184118981,0.0230216999642706,16.99675708,-0.5947444788615,2.08190869550033,0.0650593384681583,0.0975822043394809
2016-10-31 09:00:00,"C12","elevated","HW","elevated_HW",1470.2,374.963333333333,30.2951760292053,29.898,2.01287231003626,8.32952943959521,2.42304960560043,0.226239953043035,0.0658129169201453,27.16119256,-0.397176029205301,1.91518473191741,0.126517800879426,0.0658368180737936
2016-10-31 09:30:00,"C03","ambient","HW","ambient_HW",1632.2,1643.96666666667,33.8053493499756,33.805,2.64501803537869,8.53780158794628,3.12324180657301,0.105409841307605,0.0385603272464114,12.34625099,-0.000349349975600433,2.6449148764129,0.118084775976187,0.0723023058422708
2016-10-31 09:30:00,"C04","elevated","HW","elevated_HW",1632.2,418.753333333333,33.5118322372437,33.9126666666667,2.82657710846672,5.06066557832563,2.13637722400543,0.119902140187534,0.0506170971864348,23.69295863,0.400834429423,2.94440707865442,0.0725571283771584,0.0697473245084872
2016-10-31 09:30:00,"C07","ambient","HW","ambient_HW",1680,1547.23333333333,35.547191619873,35.3763333333333,2.9803687839711,3.92811538192772,3.21914762727502,0.0573530924519468,0.047001692550325,14.6006639,-0.170858286539698,2.92571636233394,0.11002938181974,0.0357006039383472
2016-10-31 09:30:00,"C09","ambient","HW","ambient_HW",1672.1,990.103333333333,34.8997179667155,33.518,2.76735250811855,3.4986985155813,3.32596685002959,0.060042078980982,0.0570777857561201,17.16126117,-1.3817179667155,2.35121464095896,0.141457389388877,0.0247332326059201
2016-10-31 09:30:00,"C10","elevated","HW","elevated_HW",1672.1,1457.82333333333,34.8656835556031,32.6346666666667,3.045003894816,5.25804983470369,3.11198386650881,0.0893697957549928,0.0528936338159295,16.99675708,-2.2310168889364,2.38769888442868,0.130334016856294,0.0403428817858136
2016-10-31 09:30:00,"C12","elevated","HW","elevated_HW",1612.9,138.733333333333,32.3108310699463,32.5386666666667,2.51736666670003,7.77062574070085,2.42128392990727,0.211059462054869,0.0657649590626449,27.16119256,0.227835596720396,2.58025745029876,0.0938388504459861,0.0828081940877318
2016-10-31 10:00:00,"C03","ambient","HW","ambient_HW",1716.2,1466.47333333333,35.1264724731445,34.981,2.66380246733576,6.47548193846989,2.1081103696355,0.079947925293561,0.0260272597381415,12.34625099,-0.145472473144501,2.61817332652635,0.0805183655442867,0.0804224215767054
2016-10-31 10:00:00,"C04","elevated","HW","elevated_HW",1741.5,1066.85333333333,35.4635591506958,36.312,2.90822776251726,1.99898244272062,1.9483513976544,0.047361808317476,0.0461622090613285,23.69295863,0.848440849304197,3.18522597523595,0.0611683884535092,0.0326799919576096
2016-10-31 10:00:00,"C07","ambient","HW","ambient_HW",1757.7,1385.97666666667,34.3310108184814,36.2656666666667,2.85627114655208,3.02640099421591,0.880339626744622,0.0441874637431723,0.0128535430079497,14.6006639,1.93465584818529,3.47045875064196,0.0253666644671048,0.119306225623022
2016-10-31 10:00:00,"C09","ambient","HW","ambient_HW",1772.9,886.566666666667,34.762175877889,34.2753333333333,3.03662552851191,2.91493191673639,1.04722557773353,0.0500239079158818,0.0179717116433893,17.16126117,-0.486842544555699,2.88780714225492,0.036263695120437,0.0803815470832598
2016-10-31 10:00:00,"C10","elevated","HW","elevated_HW",1772.9,1108.39,34.4605426788331,34.9236666666667,2.89397792418082,3.82263844288914,1.27392337740926,0.0649724570184562,0.0216525661843584,16.99675708,0.463123987833598,3.03673548521013,0.0419504228673743,0.0911227630523383
2016-10-31 10:00:00,"C12","elevated","HW","elevated_HW",1724.8,362.66,34.8841800689698,34.9446666666667,3.39065851542609,5.10723872189651,2.15827205925748,0.13871869437532,0.0586212429983601,27.16119256,0.0604865976969009,3.40950401606002,0.0633016429689252,0.0806809820782007
2016-10-31 10:30:00,"C03","ambient","HW","ambient_HW",1819.8,1696.66666666667,37.3463687896729,37.7353333333333,3.28862298501815,5.4364407633186,2.80827386416126,0.0671196621561986,0.034671653975592,12.34625099,0.3889645436604,3.4259771435029,0.0819700116647576,0.0663223129155166
2016-10-31 10:30:00,"C04","elevated","HW","elevated_HW",1819.8,248.93,37.1150693893432,37.9516666666667,3.73126728094476,1.44459895251773,1.68141420603156,0.0342268232189438,0.0398376772234001,23.69295863,0.836597277323506,4.02660122822577,0.0417576539301965,0.0345948303257786
2016-10-31 10:30:00,"C07","ambient","HW","ambient_HW",1831.6,1669,38.4047403335572,39.4733333333333,3.78810584106064,2.3713143838746,2.97447136731897,0.0346227643201887,0.0434292567143977,14.6006639,1.0685929997761,4.19108023257977,0.0709714728006548,0.0334122188859623
2016-10-31 10:30:00,"C09","ambient","HW","ambient_HW",1839.2,1699.03333333333,37.9865233103434,36.8513333333333,3.49322508197113,1.45896818965313,1.98249500110729,0.0250377341413595,0.0340221144822216,17.16126117,-1.1351899770101,3.09462364470666,0.0640625558619492,0.0227741177357506
2016-10-31 10:30:00,"C10","elevated","HW","elevated_HW",1839.2,352.88,38.4807682037354,37.6833333333333,3.54205988300681,2.47217038111066,3.19269076062161,0.0420188794281089,0.0542653892898459,16.99675708,-0.7974348704021,3.25318384627152,0.0981404959415607,0.0251901150222713
2016-10-31 10:30:00,"C12","elevated","HW","elevated_HW",1809.9,611.51,36.7048282623291,38.2683333333333,4.13725536242741,3.93800775457173,2.03086654177533,0.106960986924696,0.0551607572048209,27.16119256,1.5635050710042,4.68805795205282,0.0433199965219297,0.0909050801187901
2016-10-31 11:00:00,"C03","ambient","HW","ambient_HW",1868.7,1317.05333333333,38.5307064056396,39.0253333333333,3.41639890054006,2.92322826112144,1.9758460550002,0.0360909098128665,0.0243942913126338,12.34625099,0.494626927693702,3.60151610253152,0.0548615082856736,0.0532837749538286
2016-10-31 11:00:00,"C04","elevated","HW","elevated_HW",1868.7,1105.44666666667,38.4618396759033,39.091,3.62126495051518,0.697091713320208,1.43536460345286,0.0165161651250115,0.0340080341685751,23.69295863,0.629160324096702,3.85671720974522,0.0372172634235654,0.0187303323564306
2016-10-31 11:00:00,"C07","ambient","HW","ambient_HW",1872.6,1139.14333333333,38.6292514801025,40.855,3.26620748352552,1.27398842217352,2.21553554985132,0.0186010767646469,0.0323482899218808,14.6006639,2.22574851989749,4.13776644489258,0.0535442388872878,0.0237931932295331
2016-10-31 11:00:00,"C09","ambient","HW","ambient_HW",1878.4,1004.23666666667,35.8427340189616,37.585,3.13369199496486,0.931321385891279,1.96290633062278,0.0159826495364866,0.033685948192064,17.16126117,1.7422659810384,3.72544716552487,0.0526891469240909,0.0176757727209558
2016-10-31 11:00:00,"C10","elevated","HW","elevated_HW",1878.4,219.986666666667,38.4725246429444,39.195,3.46202516730742,1.51681894447342,1.79589335048357,0.0257810031335567,0.0305243630197566,16.99675708,0.7224753570556,3.73312703786896,0.0481069444534293,0.0315301452151425
2016-10-31 11:00:00,"C12","elevated","HW","elevated_HW",1861.9,494.826666666667,38.7849588394165,39.096,4.18891179730315,1.30822701080423,1.95530144714602,0.0355330057526469,0.0531083191187796,27.16119256,0.3110411605835,4.30620634086098,0.0454065897537803,0.0288113909874792
2016-10-31 11:30:00,"C03","ambient","HW","ambient_HW",1886.6,1728.93333333333,40.2326107025146,40.6863333333333,4.03294102562117,2.46262975149817,1.97581558591898,0.0304042450074377,0.0243939151337096,12.34625099,0.453722630818703,4.21654050771073,0.0468586885933108,0.0525543890669129
2016-10-31 11:30:00,"C04","elevated","HW","elevated_HW",1886.6,1104.30333333333,41.3670425415039,40.5913333333333,5.14963885375395,0.278678346287568,1.28566469752523,0.00660271452966817,0.0304612004905167,23.69295863,-0.775709208170596,4.82813466299803,0.0266286006349064,0.0104653770623703
2016-10-31 11:30:00,"C07","ambient","HW","ambient_HW",1890.8,1351.16666666667,41.2024745941162,42.9243333333333,4.00893506138393,0.786101536974356,2.35227679674,0.011477604332636,0.0343448029089694,14.6006639,1.7218587392171,4.75901999531419,0.0494277561148323,0.0159040506542125
2016-10-31 11:30:00,"C09","ambient","HW","ambient_HW",1892.4,750.383333333333,41.0339374542236,39.5563333333333,3.96786160054131,0.428670924296313,2.04780461930417,0.00735653368783433,0.0351429098970113,17.16126117,-1.4776041208903,3.37437959528626,0.0606868480998638,0.00706365444438488
2016-10-31 11:30:00,"C10","elevated","HW","elevated_HW",1892.4,879.79,40.9316635131836,41.022,4.00583315583807,0.860811499991986,2.96086816204577,0.0146310039570342,0.050325156896198,16.99675708,0.0903364868163976,4.04326876834477,0.0732295657718023,0.0117549720651689
2016-10-31 11:30:00,"C12","elevated","HW","elevated_HW",1889.2,699.456666666667,40.0676040649414,40.999,3.65214707951041,0.874139282302794,1.90483704389469,0.0237426653708864,0.0517376457446447,27.16119256,0.931395935058603,4.03034198021676,0.0472624172649549,0.0184954416826024
2016-10-31 12:00:00,"C03","ambient","HW","ambient_HW",1879.5,1482.62333333333,42.2377214431763,41.766,4.85506079856138,1.44992729794478,2.16372098615091,0.0179011663376787,0.0267138423673494,12.34625099,-0.4717214431763,4.65018337033187,0.0465297992323363,0.0311612627147796
2016-10-31 12:00:00,"C04","elevated","HW","elevated_HW",1879.5,1016.04666666667,42.1293306350708,42.019,3.90580945794714,-0.0770594944825833,2.048992458093,-0.00182576741482456,0.0485466935427795,23.69295863,-0.110330635070802,3.85773331653651,0.0531138959064333,-0.00145083491179659
2016-10-31 12:00:00,"C07","ambient","HW","ambient_HW",1873.6,1477.5,42.0618562698365,44.2303333333333,3.8895845502441,0.550356340849271,1.90123386839399,0.00803556795797404,0.0277592767077175,14.6006639,2.1684770634968,4.88193268567453,0.0389442868389592,0.0141318890528175
2016-10-31 12:00:00,"C09","ambient","HW","ambient_HW",1866.2,1237.45,42.4994500478109,40.8396666666667,3.95520126749939,0.199706116888928,1.71502145669453,0.00342720882917743,0.0294319311304886,17.16126117,-1.6597833811442,3.2450510534953,0.0528503690210745,0.00377870808828778
2016-10-31 12:00:00,"C10","elevated","HW","elevated_HW",1866.2,1499.57333333333,42.4204416275024,42.1666666666667,3.81797488718214,0.367580521508305,1.97404288692392,0.00624767683141638,0.0335523274145478,16.99675708,-0.253774960835699,3.70628269314488,0.053262070121502,0.00690135626853738
2016-10-31 12:00:00,"C12","elevated","HW","elevated_HW",1879,469.48,42.6918525695801,42.4436666666667,3.9871936303749,0.202084410756267,1.55260613538191,0.00548885359392509,0.0421706342129454,27.16119256,-0.248185902913399,3.87659138020313,0.0400508070907529,0.00504570133376726
2016-10-31 12:30:00,"C03","ambient","HW","ambient_HW",1826.9,1715.16666666667,42.8686094284057,39.9653333333333,4.81823326099237,1.07156233705922,2.28173073939089,0.0132297775647641,0.0281708204001182,12.34625099,-2.9032760950724,3.5898127992546,0.0635612737205873,0.0168587297631851
2016-10-31 12:30:00,"C04","elevated","HW","elevated_HW",1826.9,1670.16666666667,42.6123657226562,42.54,4.18324368105028,0.0300972641861923,1.05906425996695,0.000713093235239635,0.0250923656979085,23.69295863,-0.0723657226562011,4.15098221460597,0.0255135822129144,0.00117965654273972
2016-10-31 12:30:00,"C07","ambient","HW","ambient_HW",1815.1,1593.76666666667,42.5044755935669,44.434,4.24063033116843,0.327504142911619,0.560301405454128,0.00478177791651012,0.00818077250373335,14.6006639,1.9295244064331,5.13654237385764,0.0109081433515622,0.0300238209525102
2016-10-31 12:30:00,"C09","ambient","HW","ambient_HW",1803.2,1252.7,42.7798207600912,41.425,4.31695097958275,-0.0192131161166109,0.418517204415181,-0.000329721303566695,0.0071822830491072,17.16126117,-1.3548207600912,3.72575508506643,0.0112330841630649,-0.00171040435891907
2016-10-31 12:30:00,"C10","elevated","HW","elevated_HW",1803.2,1398.5,43.0619421005249,43.079,4.42852461674375,0.253536561613991,1.09972408673485,0.00430929934865147,0.0186917431572571,16.99675708,0.0170578994750983,4.43630148820648,0.0247892098780565,0.0102276983760754
2016-10-31 12:30:00,"C12","elevated","HW","elevated_HW",1837.2,329.136666666667,43.1621761322021,42.902,3.99306918882192,0.124363387198102,1.12566703745169,0.0033778579071015,0.0305744591626701,27.16119256,-0.260176132202098,3.87465744566885,0.0290520401670598,0.00428071097530387
2016-10-31 13:00:00,"C03","ambient","HW","ambient_HW",1746.1,1664.93333333333,43.1472845077515,38.3613333333333,4.62714328008694,1.0000565047304,2.31323239207275,0.0123469486115836,0.0285597477107282,12.34625099,-4.7859511744182,2.6607224454165,0.0869400112010048,0.0115028338611353
2016-10-31 13:00:00,"C04","elevated","HW","elevated_HW",1746.1,1352.68333333333,43.2099170684814,42.3693333333333,4.5098313559394,-0.195873124656482,1.78458129649442,-0.00464081383921486,0.0422820108297142,23.69295863,-0.840583735148101,4.13142429436988,0.0431953043149397,-0.0045345930017846
2016-10-31 13:00:00,"C07","ambient","HW","ambient_HW",1730.1,1613.41,43.543851852417,44.592,5.06633981466107,0.488293377438008,2.08098879281486,0.0071294074885682,0.0303838179435565,14.6006639,1.048148147583,5.56620859755039,0.0373861086293222,0.013060823801679
2016-10-31 13:00:00,"C09","ambient","HW","ambient_HW",1715.7,1564.36666666667,39.8772637049357,41.73,3.96682675491324,0.296176881853826,1.92312098738248,0.00508276882200974,0.0330031815259791,17.16126117,1.8527362950643,4.72870466230043,0.0406690864564782,0.00728260474133782
2016-10-31 13:00:00,"C10","elevated","HW","elevated_HW",1715.7,1515.3,42.9907865524292,42.9946666666667,4.37553705707289,0.213935705369054,2.15719627014976,0.00363621321489626,0.0366653409776175,16.99675708,0.00388011423750356,4.37729982916937,0.0492814372863992,0.00434110117620487
2016-10-31 13:00:00,"C12","elevated","HW","elevated_HW",1763.7,157.37,43.1424674987793,42.9983333333333,4.35570072656366,-0.0166311385652595,1.28927525413371,-0.000451721557063056,0.0350182534403687,27.16119256,-0.144134165445998,4.28998859551445,0.0300531161197435,-0.000553391485228835
2016-10-31 13:30:00,"C03","ambient","HW","ambient_HW",1643.3,1496.36666666667,42.5865707397461,38.029,4.22331816880229,1.7327194869115,1.71552177132865,0.0213925896806734,0.021180262367633,12.34625099,-4.5575707397461,2.3891671187275,0.0718041763542418,0.0241311797570552
2016-10-31 13:30:00,"C04","elevated","HW","elevated_HW",1643.3,820.91,43.1939735412598,42.5806666666667,4.72874566242039,0.272227783762319,1.61637664308096,0.0064498816186172,0.0382967449350154,23.69295863,-0.6133068745931,4.451433833771,0.0363113707502119,0.0074970395812097
2016-10-31 13:30:00,"C07","ambient","HW","ambient_HW",1624.4,1143.41,42.181806564331,44.2136666666667,4.54751598068059,0.978195060647311,0.398128509083316,0.0142822973091515,0.0058129405501336,14.6006639,2.0318601023357,5.47947961759023,0.00726580874222515,0.134629893980355
2016-10-31 13:30:00,"C09","ambient","HW","ambient_HW",1605,1676.5,42.0665512084961,41.311,4.8342561702264,0.568763544503976,-0.0708680522560313,0.00976069973120764,-0.00121618515337496,17.16126117,-0.755551208496101,4.51075532661558,-0.00157109058515935,-0.362018301093879
2016-10-31 13:30:00,"C10","elevated","HW","elevated_HW",1605,1424.06666666667,42.3533143997192,42.7596666666667,4.68291465594302,0.506375697065417,1.72516036574229,0.00860674471423655,0.0293221316605656,16.99675708,0.406352266947501,4.86391130055734,0.0354685819526481,0.014276739277072
2016-10-31 13:30:00,"C12","elevated","HW","elevated_HW",1662.4,82.4046666666667,42.9396438598633,42.7146666666667,4.58760400753493,0.149660657688757,1.3273189911617,0.00406496194214057,0.0360515667074878,27.16119256,-0.224977193196601,4.4861579507472,0.0295869874786871,0.00505832700259074
2016-10-31 14:00:00,"C03","ambient","HW","ambient_HW",1514.5,977.23,39.3315296173096,35.4233333333333,3.4368678779271,1.84727138775699,1.01248471176367,0.0228068761998934,0.0125003903749721,12.34625099,-3.9081962839763,2.06577265017844,0.0490123979362497,0.0376898798169339
2016-10-31 14:00:00,"C04","elevated","HW","elevated_HW",1514.5,825.013333333333,39.731689453125,40.3716666666667,4.00051439377779,0.241736527877389,0.829392335735208,0.00572745355435881,0.0196507582986134,23.69295863,0.639977213541698,4.25465112265468,0.0194937801437809,0.0124007004333898
2016-10-31 14:00:00,"C07","ambient","HW","ambient_HW",1488.9,1436.53333333333,39.4480810165405,41.45,3.90943090282227,0.930266615576734,2.17236899655967,0.0135825101914264,0.031718029585548,14.6006639,2.0019189834595,4.7193481437232,0.0460311240112462,0.0202095133577328
2016-10-31 14:00:00,"C09","ambient","HW","ambient_HW",1463.7,754.003333333333,30.2913818359375,39.2696666666667,2.23692146200876,0.674294424136876,1.04016984068063,0.0115717427180877,0.0178506262970777,17.16126117,8.9782848307292,5.03444931516699,0.0206610450431385,0.0326360270126224
2016-10-31 14:00:00,"C10","elevated","HW","elevated_HW",1463.7,845.126666666667,38.3747987747193,39.8073333333333,4.05327036326321,1.15876903082791,-0.0441680411977945,0.019695315728809,-0.000750713466938345,16.99675708,1.43253455861399,4.59737267133369,-0.000960723533969706,-1.20614202718641
2016-10-31 14:00:00,"C12","elevated","HW","elevated_HW",1538.7,78.3166666666667,40.63334274292,40.215,4.05937480659604,0.222941820118951,1.57386255133386,0.00605536570592771,0.0427479838197517,27.16119256,-0.418342742919997,3.89036777964751,0.0404553667025399,0.0055108095239427
2016-10-31 14:30:00,"C03","ambient","HW","ambient_HW",1353.1,1125.68,37.8664798736573,34.423,2.90493538764308,1.93216178740424,1.57659610792698,0.0238549543805797,0.0194650512583236,12.34625099,-3.4434798736573,1.76582590934076,0.0892837793118332,0.0216406810094357
2016-10-31 14:30:00,"C04","elevated","HW","elevated_HW",1353.1,474.536666666667,39.1497602462769,39.9,3.30096993154476,0.837233030739654,1.78371599241086,0.0198365275609842,0.0422615092158598,23.69295863,0.7502397537231,3.59170468884681,0.0496621005048039,0.0168585908012221
2016-10-31 14:30:00,"C07","ambient","HW","ambient_HW",1324.1,1148.67666666667,38.8677501678467,40.981,3.38010126871099,1.67919454456172,1.35454905036475,0.0245173551678593,0.0197773154204399,14.6006639,2.1132498321533,4.21459861812233,0.032139455570937,0.0522471371942025
2016-10-31 14:30:00,"C09","ambient","HW","ambient_HW",1294.5,1324.92333333333,38.9434417088827,38.4703333333333,3.30091833894757,1.21013629500993,2.2905096318923,0.0207674650099615,0.0393080340053043,17.16126117,-0.473108375549401,3.12444275842113,0.0733093805517423,0.0165072503123363
2016-10-31 14:30:00,"C10","elevated","HW","elevated_HW",1294.5,1168.21666666667,39.615683555603,39.9566666666667,3.79725815211219,1.05197831031302,2.61262400897549,0.0178802197938192,0.0444061356219322,16.99675708,0.3409831110637,3.93100505134793,0.0664619855443745,0.0158282708784054
2016-10-31 14:30:00,"C12","elevated","HW","elevated_HW",1382,186.558666666667,38.8890514373779,39.6976666666667,3.37617673107162,0.969778914949136,1.49414848048034,0.0263403518495613,0.0405828545915579,27.16119256,0.808615229288797,3.6861789408556,0.0405338021960902,0.0239251899009533
2016-10-31 15:00:00,"C03","ambient","HW","ambient_HW",1171.1,114.173333333333,34.6845684051514,30.7003333333333,2.35234507933829,0.401048350092612,0.774047025108598,0.00495144358936878,0.00955657885005358,12.34625099,-3.9842350718181,1.23653308875938,0.0625981651558719,0.0064067109490188
2016-10-31 15:00:00,"C04","elevated","HW","elevated_HW",1171.1,143.926666666667,34.423023223877,35.7013333333333,2.7164083690262,1.58259255839426,0.751414755073367,0.037496300014181,0.0178032387059249,23.69295863,1.2783101094563,3.11758042403146,0.0241024978628036,0.0656609355346778
2016-10-31 15:00:00,"C07","ambient","HW","ambient_HW",1138.2,1124.33333333333,33.1023788452149,36.3126666666667,2.80599890339648,2.68805571377539,0.678628419832162,0.0392473980213091,0.00990842547095749,14.6006639,3.2102878214518,3.79711596291266,0.0178722068659606,0.150404241285673
2016-10-31 15:00:00,"C09","ambient","HW","ambient_HW",1107.2,1176.8,33.9309711456299,35.075,2.57119507226802,2.53667498026329,1.53275564287094,0.043532541839703,0.0263040198970995,17.16126117,1.14402885437011,2.92066687263498,0.0524796462490127,0.0483363582183257
2016-10-31 15:00:00,"C10","elevated","HW","elevated_HW",1107.2,450.236666666667,34.2147998809814,35.5573333333333,3.50504345865711,3.6313433774951,-0.385784143606523,0.061721061261351,-0.0065570793741959,16.99675708,1.34253345235189,3.92281972002187,-0.00983435822037654,-0.369250671586383
2016-10-31 15:00:00,"C12","elevated","HW","elevated_HW",1202.8,453.911,36.7216548919678,35.5286666666667,2.93031110830069,1.44453737587654,1.52756419357135,0.0392353578262997,0.0414904652093525,27.16119256,-1.1929882253011,2.53636315643058,0.0602265566623783,0.0239850566914263
2016-10-31 15:30:00,"C03","ambient","HW","ambient_HW",974.2,135.863333333333,31.0954918861389,27.8693333333333,1.82835661735695,0.367275186757418,0.699406161895413,0.0045344716381062,0.00863504401871334,12.34625099,-3.2261585528056,1.05823017884198,0.0660920635112462,0.00555702405471003
2016-10-31 15:30:00,"C04","elevated","HW","elevated_HW",974.2,161.426666666667,29.5025343894958,31.937,2.04155164107,2.72709004922911,1.43943150468027,0.06461283171667,0.0341043910911083,23.69295863,2.4344656105042,2.65954190158439,0.0541232873158625,0.0503866299420038
2016-10-31 15:30:00,"C07","ambient","HW","ambient_HW",940,945.6,29.9882545471191,32.047,2.30170047303635,4.15860715895447,1.66337684862136,0.0607184254200282,0.0242864063057617,14.6006639,2.0587454528809,2.83203186939073,0.0587343972573025,0.070803606628268
2016-10-31 15:30:00,"C09","ambient","HW","ambient_HW",901.4,992.066666666667,29.974814414978,31.852,2.17305530475065,3.68013983473667,0.600426584984577,0.0631558408460366,0.0103040774383315,17.16126117,1.877185585022,2.65409045528721,0.0226226873235789,0.162674742487422
2016-10-31 15:30:00,"C10","elevated","HW","elevated_HW",901.4,182.523333333333,30.5153813362122,31.9643333333333,2.05818225210331,2.61364861211798,0.695832114605853,0.0444235505526485,0.0118268894204184,16.99675708,1.4489519971211,2.43549935949231,0.0285704084418606,0.0914809677095316
2016-10-31 15:30:00,"C12","elevated","HW","elevated_HW",1008,323.05,31.695592880249,32.246,2.50344227009799,3.31096648494241,0.416591753065802,0.0899297982572272,0.0113151288239282,27.16119256,0.550407119751004,2.65202200569459,0.0157084576286045,0.210776039457449
2016-10-31 16:00:00,"C03","ambient","HW","ambient_HW",583.3,131.876,28.1299848556518,25.043,1.4833430518906,0.45449599966478,0.594230647241094,0.00561132168581233,0.0073365207167887,12.34625099,-3.0869848556518,0.847362049599435,0.0701271254149273,0.00648102994348654
2016-10-31 16:00:00,"C04","elevated","HW","elevated_HW",583.3,210.856666666667,26.2326984405518,26.8483333333333,1.69013660504097,2.4868855766086,0.695692139787063,0.0589216770841312,0.016483005087191,23.69295863,0.6156348927815,1.81656245637446,0.0382971770304856,0.0649365245545115
2016-10-31 16:00:00,"C07","ambient","HW","ambient_HW",525.9,765.873333333333,26.8027844429016,28.3983333333333,1.76649183143289,4.45887856738687,1.56025827536418,0.0651025873333291,0.022780806675786,14.6006639,1.5955488904317,2.11250935473648,0.0738580528349335,0.0603709195712495
2016-10-31 16:00:00,"C09","ambient","HW","ambient_HW",537.8,612.78,26.8430816332499,28.9116666666667,1.48705365480256,4.05399837426787,1.45888648550035,0.0695717248835663,0.0250363319950549,17.16126117,2.0685850334168,1.94210103963292,0.0751189796889299,0.0539676975253872
2016-10-31 16:00:00,"C10","elevated","HW","elevated_HW",537.8,151.09,26.614287853241,27.9486666666667,1.53033443284,2.71657425577417,0.787936337177096,0.0461729527151754,0.0133923625175041,16.99675708,1.3343788134257,1.81501479077623,0.0434121165943842,0.0625764065170135
2016-10-31 16:00:00,"C12","elevated","HW","elevated_HW",642.5,411.44,28.7333822250366,28.7093333333333,1.65644724884315,4.36530656450917,1.16329036450251,0.118566932182066,0.0315963535934452,27.16119256,-0.0240488917032984,1.65092765512458,0.0704628310569266,0.061951904273935
2016-10-31 16:30:00,"C03","ambient","HW","ambient_HW",539.9,86.715,26.3491106033325,23.9426666666667,1.34686218131857,0.226085271606579,0.596832487877644,0.00279130550839714,0.00736864369432353,12.34625099,-2.4064439366658,0.88684869261633,0.0672981189290479,0.00335945900426934
2016-10-31 16:30:00,"C04","elevated","HW","elevated_HW",539.9,55.4346666666667,25.7547755241395,24.7553333333333,1.49216707291546,0.931056935257408,0.821763061952346,0.0220594934492283,0.0194699982304991,23.69295863,-0.999442190806199,1.3001145300941,0.0632069746880585,0.014730287912883
2016-10-31 16:30:00,"C07","ambient","HW","ambient_HW",500.9,564.31,25.8413758277893,25.6743333333333,1.46852701454148,2.74612055104352,1.96473836808572,0.0400951831946692,0.0286864845638541,14.6006639,-0.167042494455998,1.43558277363512,0.136859984960024,0.0200651823237132
2016-10-31 16:30:00,"C09","ambient","HW","ambient_HW",364.8,128.739333333333,25.4273133277893,24.847,1.54293026565045,1.36566479831553,0.614953637141223,0.0234365302745682,0.0105533799744219,17.16126117,-0.580313327789298,1.43210617281017,0.0429405060055375,0.0318036494059808
2016-10-31 16:30:00,"C10","elevated","HW","elevated_HW",364.8,140.13,26.0683536529541,25.811,1.5368461888464,2.5894481061324,0.895892631195673,0.0440122204311985,0.0152272694221949,16.99675708,-0.257353652954102,1.48561075417257,0.0603046678734262,0.0429394306849912
2016-10-31 16:30:00,"C12","elevated","HW","elevated_HW",578.7,407.12,25.8149719238281,26.8716666666667,1.5120033703443,4.79846860755331,0.704910264088732,0.130332129842871,0.0191462034204345,27.16119256,1.0566947428386,1.72682685788588,0.040821131595772,0.117548642577324
2016-10-31 17:00:00,"C03","ambient","HW","ambient_HW",79.5,53.0166666666667,25.2125558853149,22.8213333333333,1.31532959201598,-0.0301111073231479,0.515014092858205,-0.000371759288598411,0.00635849325381456,12.34625099,-2.3912225519816,0.884420376412118,0.058231821268919,-0.000517090255241932
2016-10-31 17:00:00,"C04","elevated","HW","elevated_HW",79.5,39.689,25.3041944503784,24.1526666666667,1.48976175269459,0.240373959263603,0.80797663219982,0.00569517027256186,0.0191433569207171,23.69295863,-1.1515277837117,1.27446654880579,0.0633972412188389,0.00379155235531249
2016-10-31 17:00:00,"C07","ambient","HW","ambient_HW",83.4,143.465666666667,24.7257561683655,24.0456666666667,1.6711850139545,0.53494047586283,0.380029282083163,0.00781048609457924,0.00554867981985455,14.6006639,-0.680089501698799,1.54630072558295,0.0245766735923824,0.0217661871063233
2016-10-31 17:00:00,"C09","ambient","HW","ambient_HW",119,57.3893333333333,24.6945776939392,23.6273333333333,1.38639427791415,0.200187970709198,0.761469517488757,0.00343547804843286,0.0130677772626184,17.16126117,-1.0672443606059,1.19269910269424,0.0638442265755579,0.0031355688908265
2016-10-31 17:00:00,"C10","elevated","HW","elevated_HW",119,96.2856666666667,24.0402326583863,23.7533333333333,1.55994860301212,1.56515060546404,-0.0639461381480416,0.0266024846346872,-0.00108687697630638,16.99675708,-0.286899325053003,1.50860153933031,-0.00423876924959445,-0.369246475404102
2016-10-31 17:00:00,"C12","elevated","HW","elevated_HW",142.8,69.2636666666667,24.4287395477295,23.6963333333333,1.39162785236956,2.45176297045561,0.530348759228107,0.0665928061520226,0.0144049047733517,27.16119256,-0.7324062143962,1.2593952002492,0.0421113848236969,0.0582209058362753
2016-10-31 17:30:00,"C03","ambient","HW","ambient_HW",65.9,37.276,24.127245426178,21.924,1.29720300909455,-0.345737927269532,0.455395595323108,-0.00426856722683201,0.00562242831959955,12.34625099,-2.203245426178,0.920416134260931,0.049477141737501,-0.00698783145364037
2016-10-31 17:30:00,"C04","elevated","HW","elevated_HW",65.9,28.5013333333333,23.9577522277832,22.8753333333333,1.52447384820829,0.0640274521298966,0.28152743866036,0.00151699977449795,0.00667021795738976,23.69295863,-1.0824188944499,1.33556897192541,0.021079213771678,0.00303746870369158
2016-10-31 17:30:00,"C07","ambient","HW","ambient_HW",53.3,65.331,23.6214447021485,23.359,1.40879191513892,0.398464443522028,0.650656532165822,0.00581784541596566,0.00950001734049271,14.6006639,-0.2624447021485,1.36281639346792,0.0477435210850462,0.00834593751081404
2016-10-31 17:30:00,"C09","ambient","HW","ambient_HW",48.7,39.1266666666667,22.1614594459533,22.5503333333333,1.31241765279349,-0.218585534462103,0.286202391246792,-0.00375120344488819,0.00491159398366472,17.16126117,0.388873887379997,1.37656819561176,0.020791007097153,-0.0105134654343914
2016-10-31 17:30:00,"C10","elevated","HW","elevated_HW",48.7,37.095,23.4451675415039,23.0963333333333,1.38701071685975,0.431774916431091,0.570778898927552,0.00733877336781656,0.00970139029146147,16.99675708,-0.348834208170601,1.32660488649608,0.0430255387069419,0.0100353169165881
2016-10-31 17:30:00,"C12","elevated","HW","elevated_HW",108.8,13.306,24.0090761184693,23.2146666666667,1.44345465004203,0.292251818590143,0.715063800034545,0.00793790792073706,0.0194219855654236,27.16119256,-0.794409451802597,1.30338563731318,0.054862028517407,0.00532703267611433
2016-10-31 18:00:00,"C03","ambient","HW","ambient_HW",22.2,14.477,23.2040872573853,21.3003333333333,1.30620917860201,-0.59218214492312,0.342533452544045,-0.00731122939301739,0.00422900397758003,12.34625099,-1.903753924052,0.993777107629225,0.0344678348811234,-0.0171807178189609
2016-10-31 18:00:00,"C04","elevated","HW","elevated_HW",22.2,10.7591,23.0510721206665,21.8376666666667,1.38528291492653,-0.283281383584486,0.464905756418248,-0.00671177410191639,0.0110149928536664,23.69295863,-1.2134054539998,1.18414256310242,0.0392609615518091,-0.0072153450243613
2016-10-31 18:00:00,"C07","ambient","HW","ambient_HW",15.9,18.3857666666667,23.2236275672913,22.6573333333333,1.49097803390009,-0.518310169166029,0.993296761647848,-0.00756767257594534,0.0145027921697786,14.6006639,-0.566294233958001,1.39461238127789,0.0712238594022579,-0.0072771985892918
2016-10-31 18:00:00,"C12","elevated","HW","elevated_HW",29.1,5.28996666666667,23.1153659820556,22.3586666666667,1.430805149101,-0.302305267450154,0.616940991992503,-0.00821097158111593,0.0167568530816658,27.16119256,-0.7566993153889,1.30341686889411,0.0473325922592938,-0.00638683099784792
2016-11-01 05:00:00,"C03","ambient","HW","ambient_HW",26.6,20.7831333333333,11.6685538291931,10.913,0.400214721309112,-0.597433938461225,0.0737053838983855,-0.0073760693541865,0.000909985168923772,12.34625099,-0.755553829193099,0.332938090574985,0.022137864661594,-0.0269869722122607
2016-11-01 05:00:00,"C04","elevated","HW","elevated_HW",26.6,16.4436333333333,11.699955701828,10.8043333333333,0.34696017393366,-0.0925422035008076,0.0834759605929177,-0.00219259859907368,0.00197779248092751,23.69295863,-0.895622368494699,0.267388798089989,0.0312189445441256,-0.0029642963544141
2016-11-01 05:00:00,"C07","ambient","HW","ambient_HW",33.3,25.999,11.6074299812317,11.6656666666667,0.315187366851631,-0.0450424880076905,0.128351405787876,-0.00065765022862007,0.00187401573700129,14.6006639,0.0582366854350003,0.320478083921535,0.0400499791490582,-0.00112465696523964
2016-11-01 05:00:00,"C09","ambient","HW","ambient_HW",42,22.9726333333333,11.4978694915771,10.7703333333333,0.296550856376779,-0.0282534737670571,0.0768646143257876,-0.00048486524227621,0.00131909372117616,17.16126117,-0.727536158243801,0.23235920592276,0.0330800813423931,-0.000854093237396289
2016-11-01 05:00:00,"C10","elevated","HW","elevated_HW",42,13.4132,11.4174933433533,11.134,0.319164061494927,0.232507489109695,0.0887210947866924,0.00395187331167824,0.00150797089596106,16.99675708,-0.2834933433533,0.293944648603937,0.0301829256657894,0.00770327872401145
2016-11-01 05:00:00,"C12","elevated","HW","elevated_HW",30,6.1514,11.4658994674683,11.249,0.290569075176984,0.0580726093567933,0.0851835073217694,0.00157732132520152,0.00231368564530275,27.16119256,-0.2168994674683,0.271181713368709,0.031411965896812,0.0018487416402896
2016-11-01 05:30:00,"C03","ambient","HW","ambient_HW",72,54.7003333333333,11.8348188400269,11.4823333333333,0.38428779867497,0.759761007440552,0.139245255011062,0.00938020009027631,0.00171915686753313,12.34625099,-0.352485506693601,0.352223483277849,0.0395332116175853,0.0192182971317866
2016-11-01 05:30:00,"C04","elevated","HW","elevated_HW",72,106.247,12.3279669284821,12.497,0.345641495839777,1.71850104415917,0.132643507975329,0.040716374144875,0.00314271714699754,23.69295863,0.1690330715179,0.361704667830462,0.0366717711360865,0.0468616865485424
2016-11-01 05:30:00,"C07","ambient","HW","ambient_HW",77,154.067666666667,12.3417489528656,12.3883333333333,0.31954607831275,1.71951890504157,0.221834159589031,0.0251061176022079,0.0032389260056984,14.6006639,0.0465843804676993,0.323960842522935,0.0684756089228055,0.0251114072892734
2016-11-01 05:30:00,"C09","ambient","HW","ambient_HW",81.3,125.565333333333,12.4411164124806,11.7466666666667,0.317341505666886,1.75275279494878,0.184406847016694,0.0300794484805634,0.00316465406318971,17.16126117,-0.6944497458139,0.252550253472381,0.0730178823743928,0.024004432037096
2016-11-01 05:30:00,"C10","elevated","HW","elevated_HW",81.3,81.2676666666667,12.487803697586,11.6733333333333,0.322077965374989,1.5864832129274,0.180163116699577,0.026965069781625,0.0030621887293184,16.99675708,-0.814470364252699,0.246145952846588,0.0731936132266471,0.0216751591155199
2016-11-01 05:30:00,"C12","elevated","HW","elevated_HW",63.7,25.4416666666667,11.84690284729,12.485,0.279736730678173,1.17688056818016,0.11347477400032,0.0319654797324634,0.00308211018732518,27.16119256,0.638097152709999,0.339518876930953,0.0334222282501827,0.0352125106492182
2016-11-01 06:00:00,"C03","ambient","HW","ambient_HW",100.1,99.445,13.3730313777924,13.3246666666667,0.426282372173419,1.50791644197011,0.230989891211583,0.0186171148645108,0.00285185917305099,12.34625099,-0.0483647111257,0.421431745260157,0.0548107478398403,0.0275113276391761
2016-11-01 06:00:00,"C04","elevated","HW","elevated_HW",100.1,303.15,14.5336804389954,15.808,0.347661502283823,5.39176084351372,0.254519451249904,0.127746766608225,0.00603031882899427,23.69295863,1.2743195610046,0.489455140728891,0.0520005675843708,0.103686576781409
2016-11-01 06:00:00,"C07","ambient","HW","ambient_HW",107.9,369.46,14.2735371589661,14.9633333333333,0.367123288641794,4.69371877298697,0.223553317393961,0.0685314102455031,0.00326402685099926,14.6006639,0.689796174367199,0.441504471947539,0.0506344401015544,0.0926981470235093
2016-11-01 06:00:00,"C09","ambient","HW","ambient_HW",114.6,309.886666666667,14.3253743648529,14.3186666666667,0.353624846744719,4.80152353644897,0.208745445729435,0.0824001994229028,0.0035823351122109,17.16126117,-0.0067076981861991,0.352913666845247,0.0591491532746365,0.0811765388112139
2016-11-01 06:00:00,"C10","elevated","HW","elevated_HW",114.6,200.896666666667,15.0140964984894,15.0053333333333,0.422912628461982,5.15579725000398,0.162517807640787,0.0876318334120497,0.00276227569764463,16.99675708,-0.00876316515609865,0.421946566373736,0.0385162057455489,0.133860466009163
2016-11-01 06:00:00,"C12","elevated","HW","elevated_HW",95.1,50.0763333333333,13.6179275512695,15.2703333333333,0.363338468819481,5.70865394692528,0.08374801112317,0.155053849110841,0.00227469585663344,27.16119256,1.6524057820638,0.53980948073256,0.0155143646253708,0.367959248398086
2016-11-01 06:30:00,"C03","ambient","HW","ambient_HW",129.7,586.056666666667,16.5711545944214,18.055,0.543531298362673,3.59716163116233,0.429818047262685,0.0444114603499279,0.00530664149153679,12.34625099,1.4838454055786,0.729683091937083,0.0589047563267022,0.0610674223183518
2016-11-01 06:30:00,"C04","elevated","HW","elevated_HW",129.7,390.14,16.2848062515259,18.0866666666667,0.595651877188189,8.43506391098641,0.222981849165806,0.199851620284407,0.00528309972752635,23.69295863,1.8018604151408,0.820133012693751,0.0271884981721947,0.310243833902265
2016-11-01 06:30:00,"C07","ambient","HW","ambient_HW",157,590.19,16.6825823783875,17.587,0.610185520905884,7.10436391013562,0.138092211913134,0.10372842967518,0.00201623797335125,14.6006639,0.904417621612499,0.722512337944625,0.0191127825312954,0.371707463238432
2016-11-01 06:30:00,"C09","ambient","HW","ambient_HW",206.7,543.32,17.1395378112793,17.335,0.568094304822836,7.13908115337394,0.144621724893316,0.122515636186875,0.00248189119175008,17.16126117,0.1954621887207,0.592506777795903,0.024408450723771,0.292483993931713
2016-11-01 06:30:00,"C10","elevated","HW","elevated_HW",206.7,528.03,16.9269099235534,17.3436666666667,0.699988683531156,7.5124761447502,0.153727391569783,0.127687732101614,0.00261286713105365,16.99675708,0.4167567431133,0.751746798297931,0.020449357671738,0.367369785659957
2016-11-01 06:30:00,"C12","elevated","HW","elevated_HW",137,62.6473333333333,15.9394125938415,17.61,0.515173558552765,9.10367988966833,0.114103225498571,0.247266802487881,0.00309917967948378,27.16119256,1.6705874061585,0.718585632344519,0.0158788626383035,0.57332065255783
2016-11-01 07:00:00,"C03","ambient","HW","ambient_HW",366.2,656.393333333333,19.0113120079041,20.3756666666667,0.797832951961964,8.89964976747294,0.0482756164039388,0.109877309752316,0.00059602287681999,12.34625099,1.3643546587626,0.992897466395101,0.00486209483233072,1.83041468222592
2016-11-01 07:00:00,"C04","elevated","HW","elevated_HW",366.2,445.343333333333,18.2096543312073,19.4403333333333,0.855915470243516,9.08472474247151,0.449349291393561,0.215244007488315,0.0106464141714075,23.69295863,1.230679002126,1.02371450060622,0.0438940047374014,0.206969603179783
2016-11-01 07:00:00,"C07","ambient","HW","ambient_HW",519.8,623.176666666667,18.5701746940613,19.365,0.825984593696935,7.56651498926504,0.266252595520622,0.110476142252571,0.00388746465969925,14.6006639,0.794825305938698,0.93519561300471,0.02847025711179,0.26576911334361
2016-11-01 07:00:00,"C09","ambient","HW","ambient_HW",349.7,588.923333333333,17.4364207585653,19.0686666666667,0.734326887489688,8.43701782477826,-0.0437981107931741,0.144789866386965,-0.000751630818074257,17.16126117,1.6322459081014,0.950017497520746,-0.00461024253842416,-1.83005942842698
2016-11-01 07:00:00,"C10","elevated","HW","elevated_HW",349.7,542.226666666667,18.7755808830262,19.0593333333333,0.890345461555132,7.17788839025297,0.41417337547967,0.122000825316482,0.00703960425203158,16.99675708,0.283752450307098,0.929224665084605,0.0445719308841161,0.161040552829425
2016-11-01 07:00:00,"C12","elevated","HW","elevated_HW",316.9,95.4953333333333,18.2780408859253,19.178,0.717020779493233,10.5682538485542,0.171051023159295,0.287046377803543,0.00464594977761463,27.16119256,0.899959114074701,0.83906764778554,0.0203858441701013,0.518411391766352
2016-11-01 07:30:00,"C03","ambient","HW","ambient_HW",597.5,541.593333333333,19.3181366920471,19.6773333333333,0.80566895104716,7.5025617858064,0.645118053239608,0.0926285108755485,0.00796478940347638,12.34625099,0.3591966412862,0.856470401785181,0.0753228660202336,0.0996053679607866
2016-11-01 07:30:00,"C04","elevated","HW","elevated_HW",597.5,357.413333333333,19.1090386708577,19.612,0.8679008917653,7.12264154127036,0.500348243159947,0.168756451373638,0.0118547302257818,23.69295863,0.502961329142298,0.938505875663369,0.053313277639981,0.133599768323546
2016-11-01 07:30:00,"C07","ambient","HW","ambient_HW",578.7,521.433333333333,19.5042662620545,20.0656666666667,0.8144910707829,5.6717700118891,0.234840003501382,0.0828116076616918,0.0034288199613985,14.6006639,0.561400404612201,0.89514280879546,0.0262349204164855,0.216191622533952
2016-11-01 07:30:00,"C09","ambient","HW","ambient_HW",742.6,482.936666666667,19.7826741536458,19.5476666666667,0.868530547796065,7.03783973601184,0.318563828711798,0.120778205782303,0.00546695706383831,17.16126117,-0.2350074869791,0.83498912580627,0.0381518535830261,0.184469143044284
2016-11-01 07:30:00,"C10","elevated","HW","elevated_HW",742.6,239.843333333333,19.9507703781128,19.579,0.895015663856651,5.74552967599185,0.279445215482852,0.0976553721987646,0.00474966244473029,16.99675708,-0.371770378112799,0.841665757636307,0.0332014475992979,0.173050577352337
2016-11-01 07:30:00,"C12","elevated","HW","elevated_HW",573.6,147.687666666667,19.2778444290161,19.6943333333333,0.744365406981819,8.00353925106426,0.20800452608993,0.217385670759674,0.00564965098648012,27.16119256,0.416488904317202,0.803232652722959,0.0258959250952753,0.309065585477945
2016-11-01 08:00:00,"C03","ambient","HW","ambient_HW",970,612.736666666667,21.1382131576538,21.6176666666667,1.02397963645022,10.4545709396839,0.797627245355782,0.129074756814097,0.0098477061676248,12.34625099,0.479453509012899,1.09904586821907,0.072574518354569,0.144052915220287
2016-11-01 08:00:00,"C04","elevated","HW","elevated_HW",970,387.946666666667,21.2974643707275,21.7416666666667,0.966518531426029,8.43019593224356,0.79534689099482,0.199736283465441,0.0188441209848394,23.69295863,0.444202295939199,1.03659554860544,0.0767268287100807,0.109872857694899
2016-11-01 08:00:00,"C09","ambient","HW","ambient_HW",624.6,612.913333333333,21.0234870910645,21.0683333333333,0.983716370848839,8.33828480159369,0.290110041072544,0.143095483189991,0.00497865418288536,17.16126117,0.0448462422688003,0.990613476591621,0.0292858968637009,0.28472014500361
2016-11-01 08:00:00,"C10","elevated","HW","elevated_HW",624.6,541.99,20.8570175170898,21.1633333333333,0.977784335399106,6.789639380238,0.389584837704829,0.115401851206707,0.00662167884852021,16.99675708,0.306315816243497,1.02480397297182,0.0380155471660668,0.178601648177736
2016-11-01 08:00:00,"C12","elevated","HW","elevated_HW",647.9,128.706666666667,20.2611413002015,21.3576666666667,0.781260362892984,8.90846330326484,0.282825397288127,0.24196448719367,0.00768187507660132,27.16119256,1.0965253664652,0.947786274541573,0.0298406302016691,0.298534690556454
2016-11-01 08:30:00,"C03","ambient","HW","ambient_HW",1403.1,1070.42666666667,25.1482014656067,24.6583333333333,1.48427038039461,10.6255709557695,1.46197365219541,0.131185965931984,0.0180498936507715,12.34625099,-0.489868132273401,1.39185258087384,0.105037966828179,0.101159335777613
2016-11-01 08:30:00,"C04","elevated","HW","elevated_HW",1403.1,312.086666666667,24.9152736663819,25.0483333333333,1.35790191109251,8.64241040558988,1.04622541433538,0.204764272203122,0.0247881754595027,23.69295863,0.1330596669514,1.38310718636459,0.0756431189606727,0.114252433325536
2016-11-01 08:30:00,"C07","ambient","HW","ambient_HW",902.6,1036.54,24.7480449676513,25.6806666666667,1.40341366339437,7.82952687079058,0.77102081943052,0.114316290336432,0.0112574158444076,14.6006639,0.932621699015399,1.58224493305306,0.0487295489670348,0.16067308310379
2016-11-01 08:30:00,"C09","ambient","HW","ambient_HW",846.3,1015.42666666667,22.4095134735107,24.907,1.25928346181576,8.41138285243788,0.625747269298433,0.144349937931546,0.0107386123148447,17.16126117,2.4974865264893,1.70095564150241,0.036787982827449,0.22864485100721
2016-11-01 08:30:00,"C10","elevated","HW","elevated_HW",712.2,815.493333333333,24.6046524047852,24.7153333333333,1.29647481790038,7.63562134223272,0.966747295048204,0.129780801108793,0.0164315689316814,16.99675708,0.110680928548103,1.31709182431717,0.0734001439534713,0.104027334702136
2016-11-01 08:30:00,"C12","elevated","HW","elevated_HW",971.4,141.93,22.733925819397,24.6336666666667,0.973663570498348,10.2914057829352,0.681556628751492,0.279526854183401,0.0185118908340637,27.16119256,1.8997408472697,1.30999208816929,0.0520275377925348,0.197806896493416
2016-11-01 09:00:00,"C03","ambient","HW","ambient_HW",1476.5,1345.98,26.9462385177613,27.323,1.71279006812874,10.9306600102548,2.250685951252,0.134952671972962,0.0277875336538241,12.34625099,0.376761482238699,1.7925555420783,0.125557389906175,0.0870570821711324
2016-11-01 09:00:00,"C04","elevated","HW","elevated_HW",1476.5,297.69,27.1990113258362,27.2346666666667,1.59150976205447,8.46913549717368,1.42016235288259,0.200658876966401,0.0336478478747307,23.69295863,0.0356553408305018,1.59909022150414,0.0888106458150154,0.0953617150224775
2016-11-01 09:00:00,"C07","ambient","HW","ambient_HW",1502.5,1293.70333333333,27.2563095092774,28.189,1.7749954028484,7.16387596808356,1.54703965680421,0.104597345231275,0.0225878060689695,14.6006639,0.932690490722599,1.97849478526887,0.0781927588752261,0.0916181507230754
2016-11-01 09:00:00,"C09","ambient","HW","ambient_HW",1596.9,1233.39666666667,27.8231453895569,27.0616666666667,1.85012756566591,7.90654562805707,1.30312768772319,0.135686294475609,0.0223633145868758,17.16126117,-0.7614787228902,1.68634752872843,0.0772751562488309,0.102316786039196
2016-11-01 09:00:00,"C10","elevated","HW","elevated_HW",1596.9,388.2,27.6834411621094,26.9936666666667,1.66005928530792,7.54640073049826,1.53131135226573,0.128264340044614,0.0260273270683069,16.99675708,-0.689774495442698,1.512488267626,0.101244511117384,0.0745363936001321
2016-11-01 09:00:00,"C12","elevated","HW","elevated_HW",1202.5,380.07,26.078748703003,26.8436666666667,1.31822144709543,10.3493734427445,1.66196252036387,0.281101324953733,0.0451408840431059,27.16119256,0.764917963663699,1.47466690111234,0.112700876320629,0.0918304611341355
2016-11-01 09:30:00,"C03","ambient","HW","ambient_HW",1023.8,1369,28.3950023651123,29.2713333333333,1.90400377209986,9.33943234250639,2.15519755154316,0.115306975804708,0.0266086099043853,12.34625099,0.876330968220998,2.10628917393982,0.102322016283826,0.0912749052618377
2016-11-01 09:30:00,"C04","elevated","HW","elevated_HW",1023.8,436.473333333333,28.2836456298828,28.618,1.75589772920762,6.98365336514166,1.41408778243767,0.165463410266562,0.0335039233284841,23.69295863,0.3343543701172,1.83159418197512,0.0772052999705846,0.0904556211529836
2016-11-01 09:30:00,"C07","ambient","HW","ambient_HW",1634,1312.03,29.0701694488525,29.9603333333333,1.92375527473519,6.508079922502,1.71713237971479,0.0950222875827897,0.0250712727480228,14.6006639,0.890163884480799,2.13641879704805,0.0803743340063942,0.0809721163224102
2016-11-01 09:30:00,"C09","ambient","HW","ambient_HW",1609,999.333333333333,28.0728855133056,28.9686666666667,1.94831172606113,6.47590278844503,1.26732199005233,0.111134659064036,0.0217488436577722,17.16126117,0.895781153361099,2.15184557848482,0.058894653163016,0.109957397499569
2016-11-01 09:30:00,"C10","elevated","HW","elevated_HW",1609,1071.27666666667,29.7255401611328,28.3623333333333,2.02392654052581,6.55932870840748,1.33542522133416,0.111487316664672,0.022697898085522,16.99675708,-1.3632068277995,1.70585763449963,0.0782846818120245,0.083788150588101
2016-11-01 09:30:00,"C12","elevated","HW","elevated_HW",1545.5,136.796666666667,28.6711883544922,28.3723333333333,1.66615408750852,9.42637462324062,2.07777478210503,0.256031576284536,0.0564348409530668,27.16119256,-0.2988550211589,1.59825107336793,0.130003027479695,0.0725088854158639
2016-11-01 10:00:00,"C03","ambient","HW","ambient_HW",1671.8,1450.34333333333,31.2219200134277,31.4523333333333,2.18922111689237,10.2402665967168,1.67335261038628,0.126428901607579,0.0206596313226007,12.34625099,0.230413319905601,2.24950160790057,0.074387704570169,0.137660741864367
2016-11-01 10:00:00,"C04","elevated","HW","elevated_HW",1671.8,1042.85666666667,31.4604721069336,31.0093333333333,2.34854883356128,6.68870624627655,1.30677792409508,0.158475240381253,0.030961435294182,23.69295863,-0.451138773600302,2.2311171965654,0.0585705639357156,0.114199109532525
2016-11-01 10:00:00,"C07","ambient","HW","ambient_HW",1712.1,1306.85666666667,31.6996016502381,32.5986666666667,2.38139428194687,6.26796174914716,2.07965249374379,0.0915164028373538,0.03036430708995,14.6006639,0.899065016428601,2.62624406266973,0.0791873277622835,0.079153595989036
2016-11-01 10:00:00,"C09","ambient","HW","ambient_HW",1725.4,857.403333333333,31.6676189104716,31.6536666666667,2.36579622015849,5.74340791827613,2.32599311837214,0.0985641232913827,0.0399169753840071,17.16126117,-0.0139522438048978,2.36208717863462,0.0984719420777966,0.0583253239155029
2016-11-01 10:00:00,"C10","elevated","HW","elevated_HW",1725.4,1153.39,31.9198398590088,31.0843333333333,2.40090634810052,6.47511643649551,1.31488713906043,0.110055981135829,0.0223488172902263,16.99675708,-0.835506525675498,2.18051768090954,0.0603016040902709,0.10737884230745
2016-11-01 10:00:00,"C12","elevated","HW","elevated_HW",1691.8,415.166666666667,31.1508440971375,30.9753333333333,2.13739381183764,8.38031255843131,2.25592321691893,0.227619283112539,0.0612735648953098,27.16119256,-0.175510763804201,2.09209666881542,0.107830735096781,0.077717290445157
2016-11-01 10:30:00,"C03","ambient","HW","ambient_HW",1474.4,1531.7,33.6884994506836,33.1336666666667,2.45736973235323,8.89903999870345,2.82521533444153,0.109869781394042,0.0348808176198119,12.34625099,-0.554832784016902,2.29664157139204,0.123015074255976,0.0723410529362106
2016-11-01 10:30:00,"C04","elevated","HW","elevated_HW",1474.4,305.006666666667,33.8518314361572,33.2566666666667,2.74471351043559,5.21879136966593,2.38505998367165,0.123648608020096,0.0565091275232008,23.69295863,-0.595164769490495,2.57109464480638,0.0927643791133664,0.0562585705800725
2016-11-01 10:30:00,"C07","ambient","HW","ambient_HW",1690.5,1537.9,34.3066778182983,34.3776666666667,2.85560007117488,5.37322335156253,2.93965106545422,0.078452628215796,0.042920857189974,14.6006639,0.0709888483684011,2.87711513100223,0.102173563851448,0.0525891742346854
2016-11-01 10:30:00,"C09","ambient","HW","ambient_HW",1774,1488.23333333333,34.5464235941569,33.6146666666667,2.95213557939279,4.42887900122696,2.62164301968865,0.0760051492303846,0.0449907005553843,17.16126117,-0.931756927490198,2.67327735706414,0.0980685005527375,0.0451610759445157
2016-11-01 10:30:00,"C10","elevated","HW","elevated_HW",1774,472.056666666667,34.7129306793213,33.203,2.81480132782899,5.31535560481881,2.2732003720519,0.0903438080089219,0.0386370345179317,16.99675708,-1.5099306793213,2.36553233625605,0.0960967786071238,0.0553125264120433
2016-11-01 10:30:00,"C12","elevated","HW","elevated_HW",1695.3,659.6,33.0286927223205,32.53,2.56690597225852,7.93076190291228,2.41863844534586,0.215408951192513,0.0656931045470578,27.16119256,-0.498692722320499,2.42683184417236,0.099662382919271,0.0795762821498699
2016-11-01 11:00:00,"C03","ambient","HW","ambient_HW",1899.6,1434.83,35.4889869689941,35.838,2.77690693269474,7.08008985520252,2.90386664483906,0.087412566384083,0.0358518664386722,12.34625099,0.349013031005903,2.88963094801492,0.100492647576118,0.0704538095669112
2016-11-01 11:00:00,"C04","elevated","HW","elevated_HW",1899.6,1037.04666666667,36.0676345825195,37.296,3.26180047729282,3.11479674590064,1.92242287286167,0.0737987504414825,0.0455478855960774,23.69295863,1.2283654174805,3.67832631013219,0.0522635217970257,0.0595979114839885
2016-11-01 11:00:00,"C07","ambient","HW","ambient_HW",1908.3,1367.69666666667,37.8794269561768,37.691,3.76028948962345,4.00892261443445,2.14184554016155,0.0585329316944667,0.0312723668576127,14.6006639,-0.188426956176798,3.69298031995723,0.057997751263033,0.0691220353743213
2016-11-01 11:00:00,"C09","ambient","HW","ambient_HW",1907.2,998.533333333333,38.7026437123616,36.961,3.76632784394311,2.61551945294819,2.12226114767033,0.0448856124272595,0.0364206778261144,17.16126117,-1.7416437123616,3.14267302679858,0.067530447156708,0.0387309660023239
2016-11-01 11:00:00,"C10","elevated","HW","elevated_HW",1907.2,255.993333333333,38.3762912750244,36.7706666666667,3.56746108950824,3.5912141051737,2.6466716839489,0.061038993767907,0.0449848356825941,16.99675708,-1.6056246083577,2.99949012026913,0.0882373862832202,0.0406994614918306
2016-11-01 11:00:00,"C12","elevated","HW","elevated_HW",1865.9,398.896666666667,35.9169025421143,35.9723333333333,3.47310761338847,6.16212165308033,2.36264839429587,0.16737057279746,0.0641723479890449,27.16119256,0.0554307912190026,3.49125279321269,0.0676733692526956,0.0910568177870778
2016-11-01 11:30:00,"C03","ambient","HW","ambient_HW",1930.8,1772.23333333333,40.8345947265625,38.9453333333333,4.62808630968521,5.55099878043869,3.1040793534615,0.06853402418848,0.0383237427907125,12.34625099,-1.8892613932292,3.88327771940053,0.0799345186658625,0.0694443260944955
2016-11-01 11:30:00,"C04","elevated","HW","elevated_HW",1930.8,1178.98,40.1547718048095,40.1766666666667,4.13115931994908,1.11658111468493,1.42341363155888,0.0264551101572694,0.0337248802859027,23.69295863,0.0218948618571986,4.13989956007327,0.034382805932946,0.0324749852255371
2016-11-01 11:30:00,"C07","ambient","HW","ambient_HW",1902,1491.12333333333,41.5222663879395,42.1693333333333,4.63104537256987,1.90443635225776,2.62105016028516,0.0278060350982575,0.0382690724553647,14.6006639,0.647066945393796,4.9100884797838,0.0533809150502431,0.0356763526901941
2016-11-01 11:30:00,"C09","ambient","HW","ambient_HW",1899.2,1157.92,42.1614424387614,39.928,4.80986015067443,1.36700734494375,2.34757269601086,0.0234595700678879,0.0402873081518034,17.16126117,-2.2334424387614,3.8810867555835,0.0604875088822361,0.0225998287944903
2016-11-01 11:30:00,"C10","elevated","HW","elevated_HW",1899.2,423.303333333333,41.9702453613281,40.4883333333333,4.78075868826064,0.843875657109391,2.99271254211733,0.0143431495496137,0.0508664080886375,16.99675708,-1.4819120279948,4.15939213269625,0.0719507189185685,0.0117285229361567
2016-11-01 11:30:00,"C12","elevated","HW","elevated_HW",1928.1,852.3,41.3454189300538,40.8836666666667,4.79639917765295,2.70340860272527,2.21910700612824,0.0734278016269815,0.0602735927046942,27.16119256,-0.461752263387105,4.60383096304638,0.0482013137306815,0.0560857867449466
2016-11-01 12:00:00,"C03","ambient","HW","ambient_HW",1893.4,1468.65666666667,42.8813705444336,40.9996666666667,4.99045265523361,1.2179497003047,2.92407411595567,0.0150371126931571,0.0361013529489511,12.34625099,-1.8817038777669,4.17528162341516,0.0700329793218579,0.0173910879145558
2016-11-01 12:00:00,"C04","elevated","HW","elevated_HW",1893.4,836.06,43.1223297119141,42.1596666666667,4.33519668277422,0.0303489353164846,2.58050642852671,0.000719056068918015,0.0611398320555323,23.69295863,-0.962663045247396,3.90473764179487,0.0660865508838781,0.00045923012943755
2016-11-01 12:00:00,"C07","ambient","HW","ambient_HW",1649,1498.24666666667,43.2982635498047,44.275,4.8940481877031,0.873165949456956,2.24372194297073,0.0127488025569454,0.0327598299743707,14.6006639,0.976736450195297,5.35400425181187,0.0419073619938091,0.0208356219030429
2016-11-01 12:00:00,"C09","ambient","HW","ambient_HW",1659.6,1313.64333333333,39.4718933105468,40.924,3.87947649275563,0.623402252928512,0.668195909644377,0.0106983688764726,0.0114670845181329,17.16126117,1.4521066894532,4.46010038938092,0.0149816338492131,0.0416110992434417
2016-11-01 12:00:00,"C10","elevated","HW","elevated_HW",1659.6,284.433333333333,43.169361114502,42.476,4.38028124023992,0.691151089090376,2.62002759634828,0.0117473271668466,0.0445319725980279,16.99675708,-0.693361114502004,4.06768669404613,0.0644107521895236,0.0107303682319486
2016-11-01 12:00:00,"C12","elevated","HW","elevated_HW",1457.6,533.236666666667,42.2519149780273,42.709,5.31200705321516,0.808625811135989,1.83636717659427,0.0219632413652508,0.0498779224943405,27.16119256,0.457085021972702,5.51489968884528,0.0332982879146216,0.0242843059441778
2016-11-01 12:30:00,"C03","ambient","HW","ambient_HW",1804.6,1737.13333333333,43.7924747467041,42.2916666666667,5.03230718857309,1.22959481130574,2.80925675459374,0.0151808861563823,0.0346837889875672,12.34625099,-1.5008080800374,4.34884266308644,0.0645978015815354,0.0190346231791456
2016-11-01 12:30:00,"C04","elevated","HW","elevated_HW",1804.6,1782.93333333333,43.8527221679688,43.3386666666667,4.56721488442284,-0.0334867777594609,1.60243271154032,-0.00079340084010691,0.0379663719418835,23.69295863,-0.514055501302103,4.32722402140274,0.0370314248491546,-0.000904280024219089
2016-11-01 12:30:00,"C07","ambient","HW","ambient_HW",1796.2,1569.66666666667,43.8599948883057,45.1856666666667,4.36100470752016,0.81919233344794,2.70837909651688,0.0119607519301301,0.0395441329020286,14.6006639,1.325671778361,5.00627672521417,0.0540996681800688,0.0151422801840722
2016-11-01 12:30:00,"C09","ambient","HW","ambient_HW",1799,1305.84666666667,37.3045152028402,42.413,3.17094681812191,0.398201074863614,-0.49575107879106,0.0068336326439092,-0.00850771373844262,17.16126117,5.1084847971598,5.18535285827306,-0.00956060450158383,-0.0416501984573933
2016-11-01 12:30:00,"C10","elevated","HW","elevated_HW",1799,462.866666666667,44.9905319213867,43.6293333333333,5.94319208515805,0.417178463517192,0.712080826498345,0.00709068100340936,0.012103064829318,16.99675708,-1.3611985880534,5.28690857358621,0.0134687562038798,0.0309737927691512
2016-11-01 12:30:00,"C12","elevated","HW","elevated_HW",1861.6,333.543333333333,44.1219100952148,44.0066666666667,5.68305546573145,0.584711518533426,1.66331192431002,0.0158814621469364,0.0451775354635285,27.16119256,-0.115243428548098,5.62810825091312,0.0295536590654624,0.0197847419582892
2016-11-01 13:00:00,"C03","ambient","HW","ambient_HW",1750.1,1691.9,43.6146640777588,42.568,4.62369426606227,1.07836536147313,2.08235208838818,0.0133137694116694,0.0257092415327912,12.34625099,-1.04666407775881,4.14602181374215,0.0502253046881264,0.0214705588780243
2016-11-01 13:00:00,"C04","elevated","HW","elevated_HW",1750.1,1463.37333333333,42.8973369598389,43.0086666666667,4.65934829790662,-0.275531732346013,1.56079197064854,-0.00652816193572631,0.0369797795906121,23.69295863,0.111329706827796,4.70983559814742,0.0331389904832871,-0.00831442745623079
2016-11-01 13:00:00,"C07","ambient","HW","ambient_HW",1703.2,1504.45666666667,43.4068269729615,45.1413333333333,5.18949294487738,0.78042933486513,0.24506465618285,0.0113947864160663,0.00357810667869486,14.6006639,1.7345063603718,6.02448633095134,0.00406780997948005,0.191854914266395
2016-11-01 13:00:00,"C09","ambient","HW","ambient_HW",1703.1,1619.83333333333,43.1689777374268,42.159,4.77373407887222,0.749516652342154,1.07737471671447,0.0128626510221078,0.0184891088914918,17.16126117,-1.0099777374268,4.32164366736553,0.0249297443204343,0.030065156012362
2016-11-01 13:00:00,"C10","elevated","HW","elevated_HW",1703.1,1151.54,43.5607624053956,43.83,5.02117182159305,0.165551130764382,1.56300505574575,0.00281383235392151,0.0265660172473223,16.99675708,0.269237594604398,5.14743139543682,0.0303647574036897,0.00545208145625644
2016-11-01 13:00:00,"C12","elevated","HW","elevated_HW",1764.4,184.74,43.2806682586669,43.4476666666667,5.02139038390182,0.130118486040083,0.928407081820365,0.00353417325495036,0.0252166435233906,27.16119256,0.166998407999799,5.09854388943635,0.0182092593876445,0.00714573191968323
2016-11-01 13:30:00,"C03","ambient","HW","ambient_HW",1629.9,1517,42.8555545806885,42.075,4.3180994396299,1.46591219147353,1.06785883340774,0.0180985198452331,0.0131840531791406,12.34625099,-0.780554580688495,3.97185288372242,0.0268856592796796,0.0545239443907361
2016-11-01 13:30:00,"C04","elevated","HW","elevated_HW",1629.9,904.506666666667,43.3147487640381,42.807,4.83829689240741,0.172328847256247,2.07493658450899,0.00408298024879786,0.0491613866566449,23.69295863,-0.507748764038098,4.60690525899882,0.0450397060034163,0.00382615391057783
2016-11-01 13:30:00,"C07","ambient","HW","ambient_HW",1611.4,1184.51333333333,43.3863296508789,45.2026666666667,4.80261636761381,0.391341649310164,2.2223218123074,0.00571384789164936,0.0324473738591393,14.6006639,1.8163370157878,5.67782129162991,0.0391403973137282,0.00999840768537381
2016-11-01 13:30:00,"C09","ambient","HW","ambient_HW",1592.3,1542.36666666667,40.0057274500529,41.9963333333333,4.48345482014641,0.729926527519746,0.0202450120561122,0.0125264597736775,0.00034742993928474,17.16126117,1.9906058832804,5.30952311678094,0.000381296240939739,1.9143291990521
2016-11-01 13:30:00,"C10","elevated","HW","elevated_HW",1592.3,1411.26666666667,43.0828313827515,43.078,4.78772578823071,0.115071083289148,1.34440668884751,0.00195583524959809,0.0228505539070684,16.99675708,-0.00483138275149742,4.785522120271,0.028093208119397,0.00409604637534071
2016-11-01 13:30:00,"C12","elevated","HW","elevated_HW",1647.2,87.47,43.3548965454101,43.1053333333333,5.21944045035107,0.0447799819755681,0.952495933873667,0.00121627771327173,0.0258709254725597,27.16119256,-0.249563212076801,5.10483742605382,0.0186586928118879,0.00239995279556978
2016-11-01 14:00:00,"C03","ambient","HW","ambient_HW",1510.8,872.463333333333,42.1385288238526,40.994,4.5953594016185,2.62559145760943,1.42535543798476,0.0324162111328459,0.0175977959873212,12.34625099,-1.1445288238526,4.1080235402524,0.0346968663645288,0.0756722935732784
2016-11-01 14:00:00,"C04","elevated","HW","elevated_HW",1510.8,857.35,42.3867645263672,42.4903333333333,4.92166367549635,-0.132154188600369,1.46562190641577,-0.00313112372328977,0.0347249191959305,23.69295863,0.103568806966095,4.96754806909312,0.0295039300280659,-0.00447920627776219
2016-11-01 14:00:00,"C07","ambient","HW","ambient_HW",1493,1466.33333333333,42.3466339111328,44.434,4.62018862410066,0.980656806559063,0.433436857469842,0.0143182404338162,0.00632846587778937,14.6006639,2.0873660888672,5.58598851354523,0.00775935819450432,0.126383752621915
2016-11-01 14:00:00,"C09","ambient","HW","ambient_HW",1447.2,850.216666666667,39.2139145533244,41.7683333333333,4.12766266360035,0.317757817638961,0.965786845835763,0.00545312489731144,0.016574120295938,17.16126117,2.5544187800089,5.16330608240943,0.0187048149077593,0.0169880225602845
2016-11-01 14:00:00,"C10","elevated","HW","elevated_HW",1447.2,851.54,42.2686357498169,43.0316666666667,4.96299902796299,0.203750355964529,0.405388814560191,0.00346309530529263,0.00689029520402872,16.99675708,0.7630309168498,5.30432502393519,0.00764260886598989,0.0266597911180869
2016-11-01 14:00:00,"C12","elevated","HW","elevated_HW",1527,89.9266666666667,43.6061496734619,43.2156666666667,5.27637506176128,0.0412508323035572,1.0340904279647,0.00112042179945718,0.0280871292384019,27.16119256,-0.390483006795201,5.09558885864638,0.0202938356419792,0.00203267795360612
2016-11-01 14:30:00,"C03","ambient","HW","ambient_HW",1296.2,1115.52666666667,39.2769441604615,37.3916666666667,4.10940482860123,1.25696561760852,1.38989395093272,0.0155188130007951,0.0171599795676981,12.34625099,-1.8852774937948,3.4181601895901,0.0406620484073742,0.0309125011365774
2016-11-01 14:30:00,"C04","elevated","HW","elevated_HW",1296.2,725.533333333333,40.471887588501,40.2956666666667,4.57739674128143,0.11230606097013,1.12484362353908,0.00266086285646354,0.0266508734377307,23.69295863,-0.1762209218343,4.50633832196957,0.0249613664836298,0.0044991952281051
2016-11-01 14:30:00,"C07","ambient","HW","ambient_HW",1251.1,1066.46666666667,40.2036104202271,41.36,4.37765129235342,0.894736034048794,1.35938928894179,0.0130637401123654,0.0198479861170991,14.6006639,1.1563895797729,4.85262844498571,0.0280134633086625,0.0319395008103878
2016-11-01 14:30:00,"C09","ambient","HW","ambient_HW",1067,1208.57666666667,36.7581876118978,39.099,3.71149840693628,0.670538879142593,1.1520506175823,0.0115072928296051,0.0197706415293897,17.16126117,2.34081238810219,4.55369092682504,0.0252992712086752,0.0265042764912795
2016-11-01 14:30:00,"C10","elevated","HW","elevated_HW",1067,969.053333333333,39.5254144668579,40.3596666666667,4.15670203155099,0.281859129882147,1.25342511325435,0.00479069116138702,0.0213041621679557,16.99675708,0.834252199808795,4.48632296143918,0.0279388069924475,0.0100884454357102
2016-11-01 14:30:00,"C12","elevated","HW","elevated_HW",1156,165.645666666667,39.6357192993164,40.193,4.13561415218644,0.0173845855813185,0.983739972303335,0.00047218607654999,0.0267195508167,27.16119256,0.557280700683599,4.35550740665765,0.0225861163913906,0.00076970229321696
2016-11-01 15:00:00,"C03","ambient","HW","ambient_HW",1153.1,153.673333333333,39.3418130874634,35.629,4.33180192314444,0.1284780076604,1.84132841038524,0.00158622172927043,0.0227335027096338,12.34625099,-3.7128130874634,3.02274661275207,0.0609157381110684,0.00210911025039448
2016-11-01 15:00:00,"C04","elevated","HW","elevated_HW",1153.1,280.32,39.7497787475586,39.2993333333333,4.14620376445303,0.45967742707776,1.17653488691867,0.0108911182628982,0.0278755924025158,23.69295863,-0.4504454142253,3.97165339736976,0.0296233021667458,0.015517426939451
2016-11-01 15:00:00,"C07","ambient","HW","ambient_HW",1119.5,1122.73333333333,38.9012451171875,40.614,4.08682224651097,1.60161029572435,1.86338513678251,0.0233845736266508,0.0272066600984169,14.6006639,1.7127548828125,4.75788392069645,0.0391641571724127,0.0408947979825933
2016-11-01 15:00:00,"C09","ambient","HW","ambient_HW",1086.6,1172.2,35.3933919270833,38.8033333333333,3.47953100435155,1.07999918285707,0.653819773519183,0.0185341480403968,0.011220371891473,17.16126117,3.40994140625,4.65980851805859,0.0140310437861422,0.0769721197737075
2016-11-01 15:00:00,"C10","elevated","HW","elevated_HW",1086.6,219.093333333333,38.2024879455567,39.32,3.83464388872947,0.966110580043387,0.430692625581163,0.0164207468414153,0.00732037793315041,16.99675708,1.1175120544433,4.25258379789283,0.0101277869184982,0.0953920721099304
2016-11-01 15:00:00,"C12","elevated","HW","elevated_HW",1181.9,394.427586206897,39.7437715530396,39.914,4.0778320632194,0.425672715622495,1.68034056140372,0.0115617785965607,0.0456400535546649,27.16119256,0.170228446960401,4.14473425345567,0.0405415753736862,0.0104996589722752
2016-11-01 15:30:00,"C03","ambient","HW","ambient_HW",959.1,126.636666666667,35.8466749191284,32.9823333333333,3.57867188976097,-0.177682479116199,0.265989858840149,-0.00219371248369402,0.00328397755803515,12.34625099,-2.8643415857951,2.70693132231611,0.00982625073075598,-0.01808242879047
2016-11-01 15:30:00,"C04","elevated","HW","elevated_HW",959.1,138.87,35.4046325683594,36.1016666666667,3.44912976880515,1.00666931063177,1.05627787488183,0.023850974330889,0.0250263479913596,23.69295863,0.697034098307299,3.67523217307873,0.0287404393828265,0.0350262324532621
2016-11-01 15:30:00,"C07","ambient","HW","ambient_HW",923.9,939.833333333333,35.4124221801758,36.6813333333333,3.52286867956167,2.35901196063808,1.29226012880182,0.0344431407733567,0.018867855812006,14.6006639,1.2689111531575,3.94033157842199,0.0327957204383125,0.071930481450325
2016-11-01 15:30:00,"C09","ambient","HW","ambient_HW",879.2,986.133333333333,35.7594741185506,36.0796666666667,3.61008232763878,2.11938617276533,2.06676779135834,0.0363713396309125,0.0354683418452446,17.16126117,0.320192548116097,3.71477230126781,0.0556364596196913,0.0380934766024404
2016-11-01 15:30:00,"C10","elevated","HW","elevated_HW",879.2,169.32,35.9784927368164,36.3386666666667,3.72102847414405,0.901158045839592,0.457690279185323,0.015316764395823,0.00777925049319031,16.99675708,0.360173929850298,3.84014244780216,0.0119185755582394,0.0756095425528109
2016-11-01 15:30:00,"C12","elevated","HW","elevated_HW",990.5,361.946333333333,35.9650993347168,36.946,3.60732440084637,1.16842140256616,0.903014725784487,0.0317357187063248,0.024526956851548,27.16119256,0.980900665283201,3.93636433602972,0.0229403238292541,0.0509330823428114
2016-11-01 16:00:00,"C03","ambient","HW","ambient_HW",569.9,133.723333333333,34.3942451477051,31.4313333333333,3.37117319619929,0.25808523336635,0.771513426847736,0.00318638506795368,0.00952529841001716,12.34625099,-2.9629118143718,2.5328908129017,0.0304597980662216,0.00847297913155089
2016-11-01 16:00:00,"C04","elevated","HW","elevated_HW",569.9,209.336666666667,32.9157190322876,32.5453333333333,3.04621341302402,0.948346349401113,0.904815627686227,0.0224691308232721,0.0214377592345473,23.69295863,-0.370385698954294,2.94242795389274,0.0307506468081634,0.0308398829890419
2016-11-01 16:00:00,"C07","ambient","HW","ambient_HW",527.4,757.94,33.4746475219726,34.4223333333333,3.19498483904785,2.78318244670428,1.51999412499235,0.0406363114767089,0.022192923348988,14.6006639,0.947685811360699,3.47680026870918,0.0437181893556592,0.0636618873682609
2016-11-01 16:00:00,"C09","ambient","HW","ambient_HW",477.8,651.036666666667,30.3977785110473,34.3116666666667,2.61759538284904,2.29403679470367,1.08382446532074,0.0393685645674993,0.0185997947118048,17.16126117,3.9138881556194,3.69564785427546,0.0293270492226924,0.0782225575196503
2016-11-01 16:00:00,"C10","elevated","HW","elevated_HW",477.8,159.03,32.8123512268067,33.505,2.89842012365517,1.38919083019628,0.408265339869971,0.0236117390786097,0.00693918680595353,16.99675708,0.692648773193305,3.09661941166852,0.0131842272360487,0.105367634016343
2016-11-01 16:00:00,"C12","elevated","HW","elevated_HW",607.8,400.62,34.1821718215942,34.902,3.28949893182215,1.64135922670572,1.21777287897503,0.0445812740166868,0.0330761636601863,27.16119256,0.719828178405798,3.50978971535307,0.0346964626868686,0.0473062410286256
2016-11-01 16:30:00,"C03","ambient","HW","ambient_HW",532,92.2223333333333,31.7681093215942,29.434,2.95877893176239,-0.256190888304201,0.813673046363879,-0.00316299700835472,0.0100458116542064,12.34625099,-2.3341093215942,2.36978043177207,0.0343353770440003,-0.00746142638759715
2016-11-01 16:30:00,"C04","elevated","HW","elevated_HW",532,60.9123333333333,31.1887149810791,29.5163333333333,2.73140149567246,0.253669489887803,1.03775926027049,0.00601018072960492,0.0245875872214881,23.69295863,-1.6723816477458,2.31467992921191,0.0448338125359657,0.00565799506085522
2016-11-01 16:30:00,"C07","ambient","HW","ambient_HW",486,562.446666666667,30.8227252960205,30.454,2.70063123443417,1.59091395755032,1.17301155760707,0.0232283999880111,0.0171267475034362,14.6006639,-0.3687252960205,2.60745560104043,0.0449868276621474,0.0353639952009538
2016-11-01 16:30:00,"C09","ambient","HW","ambient_HW",183.6,135.498666666667,31.0356661478678,29.6593333333333,2.73542159906756,0.118550597670309,1.60230133643852,0.00203447776847976,0.0274975117076614,17.16126117,-1.3763328145345,2.3925820729848,0.0669695453514626,0.0017702165521379
2016-11-01 16:30:00,"C10","elevated","HW","elevated_HW",183.6,269.623333333333,30.9760332107544,30.9243333333333,2.74597757428208,1.26289709708063,0.516039610115862,0.0214651551761166,0.00877099989679722,16.99675708,-0.0516998774211004,2.73270911746381,0.0188838104582017,0.0668772385677131
2016-11-01 16:30:00,"C12","elevated","HW","elevated_HW",555.8,417.426666666667,32.6412448883057,32.096,2.91742830508846,2.15144310470758,1.14369840807104,0.0584357604488467,0.0310642126921829,27.16119256,-0.545244888305703,2.76733244644773,0.0413285512385454,0.0520570656418515
2016-11-01 17:00:00,"C03","ambient","HW","ambient_HW",88.4,58.0283333333333,30.5187921524047,28.6363333333333,2.52954005637016,-0.535362132063712,0.823842480539536,-0.00660971525300012,0.0101713660409653,12.34625099,-1.8824588190714,2.07829365601081,0.0396403308145041,-0.0135054910255145
2016-11-01 17:00:00,"C04","elevated","HW","elevated_HW",88.4,43.1463333333333,30.6036376953125,28.729,2.61262005249443,-0.0315477308790759,0.813234239170332,-0.00074745908258832,0.0192679251851622,23.69295863,-1.8746376953125,2.16124283268723,0.037628082641652,-0.000838409205686033
2016-11-01 17:00:00,"C07","ambient","HW","ambient_HW",106.9,152.383666666667,29.9348397254944,29.2043333333333,2.53385003509926,0.442069622733131,1.15004978963962,0.00645450998192624,0.0167914904467938,14.6006639,-0.7305063921611,2.35885625128657,0.0487545516608889,0.00906724823987585
2016-11-01 17:00:00,"C09","ambient","HW","ambient_HW",134.2,62.094,30.0670517285664,28.307,2.52522068523749,-0.159341343157244,0.893175847657923,-0.00273449840510005,0.0153280239923938,17.16126117,-1.7600517285664,2.1115399041741,0.0422997380202141,-0.00376695815659895
2016-11-01 17:00:00,"C10","elevated","HW","elevated_HW",134.2,229.672666666667,29.2234749794006,28.754,2.37058482671645,0.874103285445446,0.473200031700706,0.0148569212055461,0.00804286598906519,16.99675708,-0.469474979400598,2.26136563332629,0.0209254100587293,0.0417723372202593
2016-11-01 17:00:00,"C12","elevated","HW","elevated_HW",135.6,95.7256666666667,30.1487631797791,28.8716666666667,2.5954591397885,1.13051598824739,0.902273948481209,0.0307061624489461,0.0245068364565696,27.16119256,-1.2770965131124,2.29041049296996,0.0393935476304615,0.0286979989426798
2016-11-01 17:30:00,"C03","ambient","HW","ambient_HW",70.7,39.6403333333333,28.3648886680604,26.9123333333333,2.01268181607237,-0.759860432670184,0.447874170906687,-0.00938142761911609,0.00552956692595211,12.34625099,-1.4525553347271,1.69707500466137,0.0263909473462579,-0.0287924651851472
2016-11-01 17:30:00,"C04","elevated","HW","elevated_HW",70.7,30.6596666666667,28.6154766082764,26.9543333333333,2.00001401559287,-0.250952665772931,0.533856206659208,-0.00594581112824626,0.0126486330187454,23.69295863,-1.6611432749431,1.63636270485341,0.0326245645342443,-0.00769213840416227
2016-11-01 17:30:00,"C07","ambient","HW","ambient_HW",59.2,65.097,28.1389651298523,27.6986666666667,2.078491003147,0.125279178297419,0.893317848670833,0.00182915917598879,0.0130430336643139,14.6006639,-0.440298463185599,1.9814656999771,0.0450836897495202,0.00277881377929481
2016-11-01 17:30:00,"C09","ambient","HW","ambient_HW",52.5,42.121,28.1063534418742,26.386,1.91095946915597,-0.315430366325111,0.720951020444883,-0.005413182897454,0.0123724287526326,17.16126117,-1.7203534418742,1.54455659711579,0.0466768923709976,-0.00675774136414235
2016-11-01 17:30:00,"C10","elevated","HW","elevated_HW",52.5,39.6183333333333,27.9061260223389,26.9073333333333,1.94731815362917,0.0379850994234977,0.453077288200421,0.000645623507560839,0.00770084460600771,16.99675708,-0.998792689005601,1.73287926788401,0.0261459235272442,0.00145281153996787
2016-11-01 17:30:00,"C12","elevated","HW","elevated_HW",121.4,16.003,28.7328591346741,27.3396666666667,2.10657364923996,-0.078147494831132,0.614651597708499,-0.00212257915518998,0.0166946704026722,27.16119256,-1.3931924680074,1.79767746238365,0.0341914281382543,-0.00228558732659951
2016-11-01 18:00:00,"C03","ambient","HW","ambient_HW",24.2,15.1451666666667,26.8937458992004,25.49,1.73649045442322,-0.703861310590367,0.338012587701474,-0.00869004840269902,0.00417318824554179,12.34625099,-1.4037458992004,1.45330976408547,0.0232581240458518,-0.0302630302084017
2016-11-01 18:00:00,"C04","elevated","HW","elevated_HW",24.2,11.2756333333333,26.878888130188,25.258,1.54326558235334,-0.552329558961647,0.449596896122739,-0.0130863213906044,0.0106522806600125,23.69295863,-1.620888130188,1.218337208817,0.0369025006270058,-0.0149672664339024
2016-11-01 18:00:00,"C07","ambient","HW","ambient_HW",16.9,19.7551666666667,26.6775517463684,26.3056666666667,1.74504239234539,-0.659203441610156,0.753342178464919,-0.00962480789267316,0.0109992959494601,14.6006639,-0.371885079701702,1.66886633264855,0.0451409536957544,-0.0146032236282184
2016-11-01 18:00:00,"C09","ambient","HW","ambient_HW",11.1,16.1481333333333,26.5035260518392,24.897,1.50232906540991,-0.551749547266252,0.559656263224414,-0.00946871808106542,0.00960440729862044,17.16126117,-1.6065260518392,1.18635635374415,0.0471743807379744,-0.0116959573954111
2016-11-01 18:00:00,"C10","elevated","HW","elevated_HW",11.1,14.3098,26.4423351287842,25.7233333333333,1.63463197704158,-0.343888932320411,0.283122760093123,-0.00584499664515059,0.00481216877712193,16.99675708,-0.7190017954509,1.4904200020378,0.0189961728711383,-0.0181030639515234
2016-11-01 18:00:00,"C12","elevated","HW","elevated_HW",31.4,6.0111,27.2512903213501,25.845,1.62982267294873,-0.473198881817038,0.548710022424623,-0.0128526459482093,0.0149036185786771,27.16119256,-1.4062903213501,1.34087261334465,0.0409218606572871,-0.0115634742461979
2016-11-02 05:00:00,"C03","ambient","HW","ambient_HW",25.2,21.591,14.5635826587677,13.784,0.551973859260299,-0.515666073023632,0.0733363206670979,-0.00636654276457743,0.000905428621639115,12.34625099,-0.779582658767699,0.470007652550055,0.015603218430425,-0.0330486992361862
2016-11-02 05:00:00,"C04","elevated","HW","elevated_HW",25.2,16.7396333333333,14.6496257781982,13.558,0.420811968544362,-0.119809159524224,0.0689947791296856,-0.00283863346010251,0.00163469044760563,23.69295863,-1.0916257781982,0.306486091774854,0.0225115530463841,-0.00532211879284217
2016-11-02 05:00:00,"C07","ambient","HW","ambient_HW",31.7,26.6986666666667,14.6463007926941,14.5176666666667,0.496854424030184,-0.258632829803066,0.16092497847799,-0.00377621102146047,0.00234961152387186,14.6006639,-0.1286341260274,0.483013107707655,0.0333168967694745,-0.00776281271309847
2016-11-02 05:00:00,"C09","ambient","HW","ambient_HW",37.5,27.7976,14.7362333933512,13.205,0.423752587141087,0.0730249186080952,0.146851554686409,0.00125319970015151,0.002520157883194,17.16126117,-1.5312333933512,0.264578548926505,0.0555039534694862,0.0013156705791821
2016-11-02 05:00:00,"C10","elevated","HW","elevated_HW",37.5,13.4865333333333,14.7068862915039,13.827,0.425883980382248,0.129613764851677,0.130441343101751,0.0022030136754082,0.0022170798218894,16.99675708,-0.879886291503899,0.332878100828353,0.0391859190427827,0.00330766173201569
2016-11-02 05:00:00,"C12","elevated","HW","elevated_HW",18.3,6.273,14.5975844860077,13.9863333333333,0.411986076922047,-0.0656944873474204,0.045674597126875,-0.00178434062097377,0.00124057652766347,27.16119256,-0.611251152674399,0.347286467382699,0.0131518505374248,-0.0049950755721015
2016-11-02 05:30:00,"C03","ambient","HW","ambient_HW",69,52.713,15.1991724967957,14.6116666666667,0.581758742821289,-0.0016880293829362,0.158466684914927,-0.0000208408344402251,0.00195646946551294,12.34625099,-0.587505830129,0.517369885884335,0.0306292826927995,-0.0000551116198138401
2016-11-02 05:30:00,"C04","elevated","HW","elevated_HW",69,147.191333333333,15.7208685874939,15.8726666666667,0.424558290037789,1.87715204857016,0.173623650117962,0.0444752858289924,0.00411365795943447,23.69295863,0.151798079172799,0.442051831043917,0.0392767630230024,0.0477929417826721
2016-11-02 05:30:00,"C07","ambient","HW","ambient_HW",63.1,209.26,15.8342332839966,15.6636666666667,0.488636911476776,1.89882958742801,0.346662561868879,0.0277241726094121,0.00506150355256046,14.6006639,-0.1705666173299,0.46903317494378,0.0739100303321681,0.0256910946849061
2016-11-02 05:30:00,"C09","ambient","HW","ambient_HW",67.1,176.451,16.0240551630656,14.704,0.432529048035656,2.0055427658315,0.271250993381702,0.0344176431920385,0.00465500914004533,17.16126117,-1.3200551630656,0.284034532834915,0.0954993009738562,0.0210006015267121
2016-11-02 05:30:00,"C10","elevated","HW","elevated_HW",67.1,69.4783333333333,16.2752919197083,14.698,0.467231012744603,1.45329412398609,0.285393155873744,0.024701287191183,0.00485075814268059,16.99675708,-1.5772919197083,0.28855440683079,0.0989044523728589,0.0146939201332143
2016-11-02 05:30:00,"C12","elevated","HW","elevated_HW",53.9,28.759,15.4667103290558,15.8533333333333,0.436767214076301,1.14633989413496,0.133986007537234,0.0311359586038098,0.00363921975106443,27.16119256,0.386623004277499,0.480981943776116,0.0278567645357599,0.0411512217315616
2016-11-02 06:00:00,"C03","ambient","HW","ambient_HW",78.5,81.027,17.5123777389527,17.0436666666667,0.713723555239052,1.48939908122764,0.293529967222817,0.0183884948811118,0.00362399464841937,12.34625099,-0.468711072286002,0.6550496262683,0.0448103403852017,0.0332378435071987
2016-11-02 06:00:00,"C04","elevated","HW","elevated_HW",78.5,361.36,18.8550124168396,19.9046666666667,0.426433698719428,6.27026132313964,0.358303757922461,0.148561042128437,0.0084892761134304,23.69295863,1.0496542498271,0.57395117642041,0.0624275674730928,0.10044058381487
2016-11-02 06:00:00,"C07","ambient","HW","ambient_HW",79.3,436.09,18.5362277030945,18.8693333333333,0.487005470400859,5.48813299898138,0.575205794586639,0.0801303853566262,0.00839838648009196,14.6006639,0.333105630238801,0.532113350238312,0.108098358052664,0.0507698090687707
2016-11-02 06:00:00,"C09","ambient","HW","ambient_HW",81.6,383.783333333333,18.5887705485026,17.9536666666667,0.458570856496357,4.63152908026896,0.415854419898952,0.0794828801629455,0.00713658630858476,17.16126117,-0.635103881835899,0.374580104388966,0.111018822149488,0.0417184130636206
2016-11-02 06:00:00,"C10","elevated","HW","elevated_HW",81.6,176.026666666667,19.5985527038575,18.9233333333333,0.500563374532487,5.63182858922838,0.522700772952676,0.0957228224473139,0.00888421806340487,16.99675708,-0.6752193705242,0.406288693426765,0.128652552091483,0.0437754906348352
2016-11-02 06:00:00,"C12","elevated","HW","elevated_HW",75.9,53.8013333333333,18.1721420288086,19.6053333333333,0.387851966916024,6.33374881162534,0.312596691127743,0.172032171099227,0.00849049892133947,27.16119256,1.4331913045247,0.583957548677562,0.0535307218539522,0.118319884213512
2016-11-02 06:30:00,"C03","ambient","HW","ambient_HW",95.3,603.646666666667,20.8965816497803,21.5806666666667,0.880087771139978,2.91864397710995,0.606808267626761,0.0360343110918513,0.00749180717492708,12.34625099,0.684085016886403,0.986396927299985,0.0615176559083317,0.0474440050423746
2016-11-02 06:30:00,"C04","elevated","HW","elevated_HW",95.3,458.81,20.6221752166748,21.612,0.46852122144702,8.96778701011084,0.189332503658186,0.212473406633208,0.00448584717648772,23.69295863,0.989824783325197,0.621349974474614,0.0304711533654245,0.294304153917802
2016-11-02 06:30:00,"C07","ambient","HW","ambient_HW",101.6,581.53,21.0813398361206,21.831,0.554360548183121,7.02674404308334,0.490847770460203,0.102595128084387,0.00716670332255377,14.6006639,0.749660163879401,0.672229510513109,0.0730178849312256,0.0962331906724185
2016-11-02 06:30:00,"C09","ambient","HW","ambient_HW",112.5,558.033333333333,21.150406519572,20.824,0.534888910273992,6.66035863807386,0.400064599549568,0.114300154073851,0.0068656130777416,17.16126117,-0.326406519572,0.484847181524273,0.0825135454622705,0.0807183669149124
2016-11-02 06:30:00,"C10","elevated","HW","elevated_HW",112.5,501.49,21.287320613861,21.4466666666667,0.575492927206224,7.52154212367225,0.266929229436546,0.127841824343045,0.00453693127028455,16.99675708,0.159346052805702,0.600425972128738,0.0444566427548396,0.169188262036576
2016-11-02 06:30:00,"C12","elevated","HW","elevated_HW",100.1,62.676,20.0475687980652,21.2253333333333,0.393666426865871,9.62865713258476,0.167314201155581,0.261525810472352,0.00454445323560932,27.16119256,1.1777645352681,0.57087240462933,0.0293085109384853,0.328527681013684
2016-11-02 07:00:00,"C03","ambient","HW","ambient_HW",317.4,840.593333333333,23.9114122390747,26.1163333333333,0.863885886114969,8.26736959936177,0.830064756872506,0.102071020100816,0.0102481878263013,12.34625099,2.2049210942586,1.2824526268722,0.0647247890081497,0.127731117027215
2016-11-02 07:00:00,"C04","elevated","HW","elevated_HW",317.4,531.733333333333,23.1565737724304,23.5296666666667,0.775285555817357,9.48730979200385,0.381386557696563,0.224782438411941,0.00903617593354278,23.69295863,0.373092894236301,0.840139673824308,0.0453956133223057,0.20899177470397
2016-11-02 07:00:00,"C07","ambient","HW","ambient_HW",530.8,815.88,23.3800954818726,24.05,0.784186564294505,7.50349406886381,0.675798809022649,0.109555994975124,0.00986711127455998,14.6006639,0.669904518127399,0.902944505385696,0.0748438918440485,0.100255263108161
2016-11-02 07:00:00,"C09","ambient","HW","ambient_HW",508.1,710.666666666667,23.4508161544799,23.0926666666667,0.779112069152764,8.32907387109936,0.262011092013945,0.142937412006159,0.00449644077948822,17.16126117,-0.358149487813197,0.717089872253678,0.0365381107936295,0.227955788906074
2016-11-02 07:00:00,"C10","elevated","HW","elevated_HW",508.1,664.076666666667,23.1949429512024,23.3906666666667,0.894891615534054,7.87947133974615,0.693590494323424,0.133925460280488,0.0117887891450124,16.99675708,0.1957237154643,0.928823319755228,0.0746741042748803,0.105518123267221
2016-11-02 07:00:00,"C12","elevated","HW","elevated_HW",128.8,84.786,22.41233253479,23.4193333333333,0.668741116990477,10.3187684623675,0.267306307737446,0.28027005718842,0.0072603580969594,27.16119256,1.0070007985433,0.839889443626661,0.0318263683114306,0.32422073299081
2016-11-02 07:30:00,"C03","ambient","HW","ambient_HW",946.4,1057.67,24.4379420280457,26.3443333333333,1.15091747612413,10.1662498148535,0.760092245808638,0.125515071841222,0.00938428964230622,12.34625099,1.9063913052876,1.5199410346045,0.0500080087650519,0.203292433870276
2016-11-02 07:30:00,"C04","elevated","HW","elevated_HW",946.4,544.92,24.6035270690918,24.889,1.10023209818345,9.39567244825941,0.281175730811684,0.222611278617641,0.00666188495788126,23.69295863,0.285472930908199,1.15364883035049,0.0243727314078982,0.385499363654197
2016-11-02 07:30:00,"C07","ambient","HW","ambient_HW",977.7,895.506666666667,24.8904485702515,25.9,1.12587386862958,7.57522867839311,0.452337620320871,0.110603367898859,0.00660442956363085,14.6006639,1.0095514297485,1.32128748679087,0.0342346101694722,0.221273986789781
2016-11-02 07:30:00,"C09","ambient","HW","ambient_HW",1009.3,837.5,25.3630170822143,24.911,1.16869531739809,8.89005788200003,0.204974671036051,0.152564605129419,0.0035176238628845,17.16126117,-0.452017082214297,1.08237408061996,0.0189375073466879,0.46944181825254
2016-11-02 07:30:00,"C10","elevated","HW","elevated_HW",1009.3,246.56,25.1327810287476,24.6873333333333,1.20007610328819,7.50137022958688,0.860936515064452,0.127498967559432,0.0146331288078523,16.99675708,-0.445447695414302,1.11600917710705,0.0771442146467108,0.0972382733292459
2016-11-02 07:30:00,"C12","elevated","HW","elevated_HW",914.9,312.203333333333,24.5641112327576,25.284,0.909953480166697,10.4696924203588,0.179844771020666,0.284369331873338,0.00488479845660143,27.16119256,0.719888767242399,1.04591752906479,0.0171949284740905,0.608882580473343
2016-11-02 08:00:00,"C03","ambient","HW","ambient_HW",1136,879.296666666667,26.6766333580017,27.998,1.41693552262357,10.4718874917436,2.33940748933972,0.129288551312108,0.028882912031274,12.34625099,1.3213666419983,1.69964508248225,0.137640941244223,0.0760811964600187
2016-11-02 08:00:00,"C04","elevated","HW","elevated_HW",1136,219.79,26.7218914031982,26.9593333333333,1.45234746658764,8.51804311876849,0.766612358615921,0.201817643221538,0.0181633148979338,23.69295863,0.237441930135102,1.50186459997434,0.0510440394313189,0.16687635253142
2016-11-02 08:00:00,"C07","ambient","HW","ambient_HW",1166.1,850.083333333333,27.0336723327637,28.0176666666667,1.48706477212751,7.43461078573078,0.681809505841123,0.10855025330977,0.00995487143861133,14.6006639,0.983994333902999,1.69961323678749,0.040115568123595,0.185329814171519
2016-11-02 08:00:00,"C09","ambient","HW","ambient_HW",1196.3,647.483333333333,27.1948256492615,26.7013333333333,1.66641027581467,7.90870208764325,0.279355860541983,0.13572330204177,0.00479409888213107,17.16126117,-0.493492315928201,1.56292445246892,0.017873919631924,0.442471615096545
2016-11-02 08:00:00,"C10","elevated","HW","elevated_HW",1196.3,769.573333333333,27.3004560470581,27.0616666666667,1.53888389777892,6.84530583891671,1.16009959395036,0.116348000482373,0.0197179309869809,16.99675708,-0.238789380391399,1.48820900657161,0.0779527330386799,0.0878135451071368
2016-11-02 08:00:00,"C12","elevated","HW","elevated_HW",1104.1,102.259333333333,26.3765625953674,26.8846666666667,1.20439422355636,9.7484549307504,0.613801188633567,0.264779661536593,0.0166715722780332,27.16119256,0.5081040712993,1.30922124043611,0.0468829231970836,0.207931892168294
2016-11-02 08:30:00,"C03","ambient","HW","ambient_HW",1310.1,1370.33333333333,28.5454335212708,28.603,1.7563654234294,10.5751125013189,2.71026496126271,0.13056299318877,0.0334616114611521,12.34625099,0.0575664787291998,1.76947982328685,0.153167327798535,0.069042873916483
2016-11-02 08:30:00,"C04","elevated","HW","elevated_HW",1310.1,144.123333333333,28.4069523811341,28.5976666666667,1.76463506373115,7.36771028054494,1.32510593020247,0.174562854874777,0.0313956799846549,23.69295863,0.1907142855326,1.80792448190637,0.0732943186213844,0.100522256282977
2016-11-02 08:30:00,"C07","ambient","HW","ambient_HW",1337,1316.56666666667,28.7836647033691,30.1,1.79800890477478,6.96522417444923,1.23808625099991,0.101696897159288,0.0180768812300607,14.6006639,1.3163352966309,2.11135412231169,0.0586394408174574,0.118780535376041
2016-11-02 08:30:00,"C09","ambient","HW","ambient_HW",1364,1317.9,29.1135891278585,28.8286666666667,1.91187308493012,6.50814410028608,1.54615724796172,0.111687960637004,0.0265340083421595,17.16126117,-0.284922461191801,1.84564810260113,0.0837731334474147,0.0776877243629823
2016-11-02 08:30:00,"C10","elevated","HW","elevated_HW",1323.6,1159.08666666667,28.6261415481567,28.8926666666667,1.79273802219634,6.66067593391068,1.40936022017684,0.113209890837282,0.0239545533005611,16.99675708,0.26652511851,1.85402784706921,0.0760161300923671,0.0876218761178358
2016-11-02 08:30:00,"C12","elevated","HW","elevated_HW",1282.3,89.3176666666667,28.0637063980103,28.591,1.51971408445415,8.96951107052613,1.81534115698893,0.243622617355612,0.0493068307270695,27.16119256,0.527293601989701,1.63834796662074,0.110803150122819,0.080949964514402
2016-11-02 09:00:00,"C03","ambient","HW","ambient_HW",1464.6,1509.06666666667,29.8592128753662,30.1736666666667,2.09772059965117,9.66139737219153,2.83094605436864,0.119282036871203,0.0349515705263855,12.34625099,0.314453791300501,2.17475226100566,0.130173266405045,0.074219520174974
2016-11-02 09:00:00,"C04","elevated","HW","elevated_HW",1430.2,129.933333333333,29.3843097686768,29.9293333333333,1.99228991230001,6.76191646238644,1.1741990852767,0.160209807002838,0.0278202503508447,23.69295863,0.5450235646565,2.1234214303958,0.055297505642007,0.122282486052133
2016-11-02 09:00:00,"C07","ambient","HW","ambient_HW",1453.4,1447.6,29.9191722869873,31.6363333333333,2.0571867366927,6.0348462303875,1.85193927310632,0.0881127614980699,0.0270395428898357,14.6006639,1.717161046346,2.49423540526338,0.074248776566892,0.0812787295552352
2016-11-02 09:00:00,"C09","ambient","HW","ambient_HW",1540.2,1461.4,30.2036209106445,30.2433333333333,2.26172205020816,5.59369926966963,2.36622739979295,0.0959949340732388,0.0406074463954568,17.16126117,0.039712422688801,2.27155155917927,0.104167893096289,0.0536988807530073
2016-11-02 09:00:00,"C10","elevated","HW","elevated_HW",1508.9,344.756666666667,30.1884031295777,30.0223333333333,2.19853907836744,5.73293631337575,1.43497395043467,0.0974413258735584,0.0243899036516661,16.99675708,-0.1660697962444,2.1576758443008,0.0665055390143497,0.0862023885279505
2016-11-02 09:00:00,"C12","elevated","HW","elevated_HW",1404.4,488.972413793103,29.2109622955322,30.0563333333333,1.75057151283687,8.34548955557922,2.03321997608225,0.226673448826556,0.0552246792872085,27.16119256,0.845371037801097,1.95373702937615,0.104068252047794,0.0801924639970557
2016-11-02 09:30:00,"C03","ambient","HW","ambient_HW",1619.8,1619.53333333333,32.2135238647461,31.9896666666667,2.76461967004059,8.62744304648986,1.74830082993924,0.106516577253894,0.0215849608524551,12.34625099,-0.223857198079401,2.70380120309777,0.0646608496192767,0.133426069983433
2016-11-02 09:30:00,"C04","elevated","HW","elevated_HW",1590,417.78,31.9019689559937,31.927,2.64180860798111,5.2939131109427,1.36962304447448,0.12542846432838,0.0324504221314285,23.69295863,0.0250310440063011,2.6485467126671,0.0517122480009145,0.102372519385525
2016-11-02 09:30:00,"C07","ambient","HW","ambient_HW",1608.6,1559.7,32.2460527420044,33.0183333333333,2.8292098985011,5.65002942630634,2.36328998127872,0.0824941806786087,0.0345056027148879,14.6006639,0.772280591328901,3.04457790378017,0.0776229104975254,0.0727881676954958
2016-11-02 09:30:00,"C09","ambient","HW","ambient_HW",1628.2,1151.50666666667,30.2938524881998,32.232,2.46226247670044,4.36131357010631,1.31122435546445,0.0748456412208595,0.0225022636165903,17.16126117,1.9381475118002,2.96761889527989,0.0441843916531871,0.0987071091606106
2016-11-02 09:30:00,"C10","elevated","HW","elevated_HW",1628.2,1189.2,32.482099533081,31.832,2.77038967474332,4.89962150879067,1.31650907866831,0.083277676568858,0.0223763850037399,16.99675708,-0.650099533080997,2.59327952313107,0.0507661849378575,0.0965134865814372
2016-11-02 09:30:00,"C12","elevated","HW","elevated_HW",1570.5,93.7066666666667,31.2489781379699,31.6966666666667,2.276420949142,7.35720525363107,2.16423440514112,0.199830468597317,0.058783187423015,27.16119256,0.447688528696801,2.39433568745205,0.0903897651646419,0.0813942290947451
2016-11-02 10:00:00,"C03","ambient","HW","ambient_HW",1716.8,1472.88,35.5209045410156,33.6476666666667,3.48709259096244,7.58389188882409,2.89769583388349,0.0936326327404474,0.0357756800578029,12.34625099,-1.8732378743489,2.91251158685256,0.0994913066428318,0.0762266789404007
2016-11-02 10:00:00,"C04","elevated","HW","elevated_HW",1695,1035.49333333333,35.1323919296265,35.3043333333333,3.50696758469311,3.45029691443654,1.9912550049489,0.0817477420549615,0.0471787224540346,23.69295863,0.171941403706796,3.56132761218271,0.0559132779061703,0.0617080064636271
2016-11-02 10:00:00,"C07","ambient","HW","ambient_HW",1709.4,1374.45333333333,35.6977434158325,36.4476666666667,3.58652014348765,4.36114127069838,3.03276668589567,0.063675557913886,0.0442804070678795,14.6006639,0.7499232508342,3.83352342421984,0.0791117296097616,0.0551263547417153
2016-11-02 10:00:00,"C09","ambient","HW","ambient_HW",1724.6,733.623333333333,35.6279837290446,34.9433333333333,3.54730992936486,2.91732121716141,2.25140475921748,0.0500649113244893,0.0386369450723121,17.16126117,-0.684650395711301,3.33014619341765,0.0676067844609224,0.0431513085620521
2016-11-02 10:00:00,"C10","elevated","HW","elevated_HW",1724.6,1379.66666666667,35.6689214706421,35.1476666666667,4.46810203202362,3.70955844058871,-0.0255682453284641,0.0630504636887499,-0.00043457725480975,16.99675708,-0.521254803975395,4.30179214824965,-0.000594362638810141,-6.2412375852138
2016-11-02 10:00:00,"C12","elevated","HW","elevated_HW",1680.5,414.843333333333,34.3479022979736,34.754,3.14546772058591,6.05840156822843,2.25398953966849,0.164553411600458,0.0612210439151615,27.16119256,0.4060977020264,3.26979644367253,0.0689336348147984,0.0878874526855479
2016-11-02 10:30:00,"C03","ambient","HW","ambient_HW",1772.8,1737.13333333333,37.3902606964111,35.434,3.93207342267178,5.83077524445919,3.20822083822008,0.0719882146343717,0.0396094997000133,12.34625099,-1.9562606964111,3.27705856774134,0.0978994049664269,0.0595588425328915
2016-11-02 10:30:00,"C04","elevated","HW","elevated_HW",1772.8,179.303333333333,37.2261486053467,37.882,3.92706506408821,1.5561302528124,2.14334083980379,0.0368693297027756,0.0507820858474607,23.69295863,0.655851394653297,4.15881393374154,0.0515373102512307,0.0301942465609221
2016-11-02 10:30:00,"C07","ambient","HW","ambient_HW",1783.1,1712.96666666667,37.5659847259521,38.669,3.9360004765313,2.90012648878795,3.05563431441981,0.04234377213028,0.0446142896261505,14.6006639,1.1030152740479,4.3362588413808,0.0704670644948585,0.0411557726943422
2016-11-02 10:30:00,"C09","ambient","HW","ambient_HW",1790.9,1741.13333333333,31.876051902771,36.789,2.90067458976016,1.8886050472744,1.24871037126596,0.0324108444632561,0.0214294448069828,17.16126117,4.912948097229,4.39191752852168,0.0284320086421631,0.066425312085538
2016-11-02 10:30:00,"C10","elevated","HW","elevated_HW",1790.9,1552.03333333333,37.8155698776245,37.98,4.06521182934361,2.02233635164691,2.58344116027713,0.0343731597029961,0.0439101218317036,16.99675708,0.164430122375499,4.12426102897134,0.0626400982413444,0.0322850124508921
2016-11-02 10:30:00,"C12","elevated","HW","elevated_HW",1761.6,795.32,37.456958770752,38.0036666666667,4.11936349345821,4.09860212272218,2.17405223614596,0.111322921482082,0.059049851421459,27.16119256,0.5467078959147,4.31415594692284,0.0503934550093546,0.0813320325419511
2016-11-02 11:00:00,"C03","ambient","HW","ambient_HW",1817.6,1427.42333333333,39.3073892593384,37.0076666666667,4.42361582805668,4.44863519379398,2.93549295177389,0.0549239666655277,0.0362423327619764,12.34625099,-2.2997225926717,3.58726812700273,0.081830876529059,0.0543637729728365
2016-11-02 11:00:00,"C04","elevated","HW","elevated_HW",1817.6,952.006666666667,39.1879663467407,39.574,4.46710516545921,0.986443634941847,2.17804458546783,0.023371768233504,0.0516043202577849,23.69295863,0.386033653259297,4.61569962310046,0.0471877453759609,0.0209046570689596
2016-11-02 11:00:00,"C07","ambient","HW","ambient_HW",1821.3,1349.67666666667,39.6161069869995,40.8183333333333,4.59561984606067,1.96641154870293,2.48664785993395,0.02871091411169,0.03630670964055,14.6006639,1.2022263463338,5.07673404929006,0.0489812512491507,0.0401462089790331
2016-11-02 11:00:00,"C09","ambient","HW","ambient_HW",1825,898.533333333333,40.2252763112386,38.557,4.78365447518449,1.1084966128723,2.58272696027613,0.019023199879562,0.0443228518960989,17.16126117,-1.6682763112386,4.14106037789478,0.0623687346859968,0.0177732740363127
2016-11-02 11:00:00,"C10","elevated","HW","elevated_HW",1825,477.62,40.0494260787964,39.868,4.64218662888566,1.196280156066,1.20740200606096,0.0203328832122784,0.0205219185949228,16.99675708,-0.181426078796399,4.57045329782197,0.026417554832829,0.0452835307293235
2016-11-02 11:00:00,"C12","elevated","HW","elevated_HW",1811.5,407.413333333333,38.9552783966065,39.6956666666667,4.49906733932076,2.33888296348837,1.59013559201767,0.063526850546611,0.0431899790113015,27.16119256,0.740388270060201,4.78333546609407,0.0332432379725215,0.0703566531461727
2016-11-02 11:30:00,"C03","ambient","HW","ambient_HW",1831.4,1754.3,42.3397626876831,39.8376666666667,5.47570880323307,2.40834128544451,2.61043279334256,0.0297339859796771,0.032229058459134,12.34625099,-2.5020960210164,4.43301488916533,0.0588861724719825,0.0408982479985497
2016-11-02 11:30:00,"C04","elevated","HW","elevated_HW",1831.4,899.356666666667,43.1383590698242,42.2086666666667,5.67308393149333,0.305189190447289,1.62794791338735,0.00723083486359081,0.0385709025636814,23.69295863,-0.929692403157496,5.25675594101698,0.0309686797647373,0.009854769165678
2016-11-02 11:30:00,"C07","ambient","HW","ambient_HW",1829.8,1470.67333333333,43.431263923645,44.457,5.63496623130727,1.02496767152958,2.87199926623095,0.014965208480369,0.0419330960072847,14.6006639,1.025736076355,6.12143272163577,0.0469171090630478,0.0218463518319557
2016-11-02 11:30:00,"C09","ambient","HW","ambient_HW",1828.4,1152.98666666667,43.1939811706543,41.0323333333333,5.6104549974608,0.376091209032803,2.16745143243881,0.006454199461953,0.037196200105373,17.16126117,-2.161647837321,4.6665333897243,0.0464467143257034,0.00809726187293889
2016-11-02 11:30:00,"C10","elevated","HW","elevated_HW",1828.4,1207.32,43.3267135620117,42.9486666666667,5.61897916661476,0.350803433102968,1.90214495717827,0.00596252073528118,0.032330295768106,16.99675708,-0.378046895344994,5.44609724198842,0.0349267534650883,0.0100439748416245
2016-11-02 11:30:00,"C12","elevated","HW","elevated_HW",1830.7,817.026666666667,42.1325902938843,42.3573333333333,5.32657701555491,1.15627379909893,1.44194464409194,0.0314057753094087,0.0391649361390419,27.16119256,0.224743039449002,5.42527299594949,0.0265782873077262,0.0435044510472579
2016-11-02 12:00:00,"C03","ambient","HW","ambient_HW",1815.1,1496.59,43.4716606140136,41.258,5.75558247409557,1.41612386055808,1.84732941147878,0.0174838206153778,0.022807592575326,12.34625099,-2.2136606140136,4.77779634776787,0.0386648839133093,0.0366255815931887
2016-11-02 12:00:00,"C04","elevated","HW","elevated_HW",1815.1,850.36,43.593547821045,42.737,5.74888709003859,-0.098892625072908,1.53620565026533,-0.00234305887466451,0.0363972569189086,23.69295863,-0.856547821044998,5.356680181927,0.0286783156375167,-0.00344834146896471
2016-11-02 12:00:00,"C07","ambient","HW","ambient_HW",1809.9,1734.4,42.9005689620971,44.761,5.44830405112281,0.426175540096165,0.568894570371023,0.00622244582334508,0.00830623841652221,14.6006639,1.86043103790291,6.32629762454433,0.00899253566831674,0.0473921434193142
2016-11-02 12:00:00,"C09","ambient","HW","ambient_HW",1802.7,1379.37666666667,43.0526304244995,42.2763333333333,5.38631863788165,0.0610778217292492,1.288123913106,0.00104817245039035,0.0221058308921344,17.16126117,-0.776297091166199,5.03883190850282,0.02556393895443,0.00238921794634723
2016-11-02 12:00:00,"C10","elevated","HW","elevated_HW",1802.7,1147.93,42.5556011199952,43.3653333333333,5.27870337592788,0.0272762332724439,1.16601395294213,0.000463607510989143,0.0198184559100479,16.99675708,0.809732213338094,5.64605260806869,0.0206518435778618,0.00132076505274731
2016-11-02 12:00:00,"C12","elevated","HW","elevated_HW",1818.2,693.603333333333,43.4420537948609,43.545,5.87200593657293,0.293082975339691,1.26284090567296,0.00796048312925908,0.0343002650116279,27.16119256,0.102946205139105,5.91984552729474,0.0213323286874692,0.0137389114725131
2016-11-02 12:30:00,"C03","ambient","HW","ambient_HW",1754,1731.7,43.2563285827637,41.267,5.44118368014746,1.60201414759036,2.32406980000271,0.0197788687556815,0.0286935490691125,12.34625099,-1.9893285827637,4.56665946798777,0.0508921196400654,0.0314786288902998
2016-11-02 12:30:00,"C04","elevated","HW","elevated_HW",1754,1708.46666666667,43.6487236022949,42.735,5.46642452529726,0.412102363129252,2.32576128436743,0.00976392424094661,0.0551041658937732,23.69295863,-0.913723602294901,5.04753119091273,0.0460772048036987,0.0089437361681317
2016-11-02 12:30:00,"C07","ambient","HW","ambient_HW",1742.4,1715.06666666667,43.3310432434082,44.7276666666667,5.64893845542861,0.984430751465644,1.81363718010166,0.0143733425349743,0.0264803069032081,14.6006639,1.3966234232585,6.31388451926187,0.0287245858641977,0.0342713644722251
2016-11-02 12:30:00,"C09","ambient","HW","ambient_HW",1730.8,1239.02333333333,43.0299237569173,41.9473333333333,5.48616225286749,0.530411714800429,1.27799562003196,0.00910253396531772,0.0219320166094846,17.16126117,-1.082590423584,5.00540631276584,0.0255323052750492,0.0207741411943229
2016-11-02 12:30:00,"C10","elevated","HW","elevated_HW",1730.8,1700.4,43.8494834899902,43.2086666666667,5.8954924305506,0.191088833381894,1.90922934122236,0.00324789048169264,0.0324507073227648,16.99675708,-0.640816823323497,5.59721578394451,0.0341103401212249,0.00560207939008472
2016-11-02 12:30:00,"C12","elevated","HW","elevated_HW",1793.8,358.866666666667,42.591854095459,43.142,5.67656487520173,0.48252329683767,0.971511127182911,0.013105908180094,0.0263874007995977,27.16119256,0.550145904541004,5.92508695370361,0.0163965716414617,0.0294283041228889
2016-11-02 13:00:00,"C03","ambient","HW","ambient_HW",1695.4,1672.46666666667,42.8875064849854,41.064,5.51389563961874,1.70666803388228,1.03167584418592,0.0210709519029205,0.0127373289126395,12.34625099,-1.8235064849854,4.72267793965777,0.0218451450081451,0.0781257360958665
2016-11-02 13:00:00,"C04","elevated","HW","elevated_HW",1695.4,1609.93333333333,43.405288696289,42.832,5.74728147317267,-0.0286770942506278,1.09315543323869,-0.000679445207708735,0.0259000864558841,23.69295863,-0.573288696288998,5.48533712669413,0.0199286827407362,-0.00143898593919652
2016-11-02 13:00:00,"C07","ambient","HW","ambient_HW",1678.5,1392.58333333333,43.0519437789917,45.0473333333333,5.46175474515682,0.400326309791864,1.23345562259049,0.00584502989959829,0.018009270981009,14.6006639,1.9953895543416,6.41277970759218,0.0192343364162375,0.0208131074100332
2016-11-02 13:00:00,"C09","ambient","HW","ambient_HW",1667.5,1590.86666666667,43.0696611404419,42.0403333333333,5.56027120509662,0.359448167563131,0.982056302984678,0.00616858388062881,0.0168533246991647,17.16126117,-1.0293278071086,5.10179175027254,0.0192492432277781,0.018673366184309
2016-11-02 13:00:00,"C10","elevated","HW","elevated_HW",1667.5,763.836666666667,42.9530200958252,43.5246666666667,5.49691846083503,-0.177380646412688,0.815368196659183,-0.00301489575776983,0.0138586151693738,16.99675708,0.571646570841494,5.7595352548015,0.0141568401023232,-0.0125296778893179
2016-11-02 13:00:00,"C12","elevated","HW","elevated_HW",1712.5,160.153333333333,43.2620153427124,43.4446666666667,5.93904751977047,0.190844827097302,1.14112807577677,0.00518357309786972,0.0309943994017952,27.16119256,0.182651323954296,6.0233915032498,0.0189449428143779,0.0100736554851179
2016-11-02 13:30:00,"C03","ambient","HW","ambient_HW",1594.9,1605.23333333333,42.9752426147461,40.9606666666667,5.58368243738344,2.14074127003133,1.45697640045774,0.0264301290244581,0.017988196326558,12.34625099,-2.0145759480794,4.70982447064018,0.0309348343986098,0.069201639887477
2016-11-02 13:30:00,"C04","elevated","HW","elevated_HW",1594.9,703.289655172414,43.097074508667,42.8606666666667,5.73803149699531,0.204120531245472,0.946221244169756,0.00483621930233259,0.0224187807929411,23.69295863,-0.236407842000297,5.63069611967194,0.0168046938435187,0.0121466379064203
2016-11-02 13:30:00,"C07","ambient","HW","ambient_HW",1564.1,1263.60333333333,43.0115013122558,45.109,5.7331114693572,0.566105758032111,1.20382207031596,0.00826551990488158,0.0175766014440856,14.6006639,2.0974986877442,6.73330834027288,0.0178786119613107,0.0316638539533809
2016-11-02 13:30:00,"C09","ambient","HW","ambient_HW",1559,1415.42333333333,39.7122529347738,42.1113333333333,4.87445675163115,0.198914671488101,0.79560105279273,0.00341362662795205,0.013653517454103,17.16126117,2.3990803985595,5.86609065292018,0.0135627132253177,0.0146662889779889
2016-11-02 13:30:00,"C10","elevated","HW","elevated_HW",1559,879.69,43.170696258545,43.32,5.71704248688192,-0.164316150133098,1.56263021552421,-0.00279284168813308,0.026559646179133,16.99675708,0.149303741455,5.78565192197621,0.0270087146029079,-0.00608381970593325
2016-11-02 13:30:00,"C12","elevated","HW","elevated_HW",1615.9,88.56,43.0986614227294,43.198,5.79424565985059,0.0642729123691353,1.0857902797333,0.00174572894925009,0.0294913588676123,27.16119256,0.0993385772706006,5.83969490434025,0.0185932706677245,0.00345678355990937
2016-11-02 14:00:00,"C03","ambient","HW","ambient_HW",1458.3,890.433333333333,42.5494480133056,40.6526666666667,5.53843005008298,1.97251984420583,1.10240096004697,0.0243532250793209,0.0136105189443568,12.34625099,-1.8967813466389,4.72936708743106,0.0233096932352059,0.0846222995859349
2016-11-02 14:00:00,"C04","elevated","HW","elevated_HW",1458.3,586.47,42.9208736419678,43.1483333333333,5.55907638422849,0.0736024614067617,1.62285772184258,0.00174386007317658,0.0384503008659923,23.69295863,0.227459691365496,5.66260983831435,0.0286591831007321,0.00256819816350179
2016-11-02 14:00:00,"C07","ambient","HW","ambient_HW",1434.8,1446.23333333333,42.7866773605347,45.1343333333333,5.48313444977311,0.443393426526312,2.06575451557195,0.00647383839618002,0.0301613873817734,14.6006639,2.3476559727986,6.59770274093281,0.0313102089725231,0.0141613052444147
2016-11-02 14:00:00,"C09","ambient","HW","ambient_HW",1408.8,916.37,42.8001003265381,42.3963333333333,5.51433748645022,0.32877175644245,1.35035102784828,0.00564213797762852,0.0231737266600823,17.16126117,-0.403766993204798,5.33415135837364,0.0253151989346623,0.0129871290875888
2016-11-02 14:00:00,"C10","elevated","HW","elevated_HW",1408.8,765.13,43.0805263519287,44.045,5.66550612964663,0.0191406233533525,1.12647205326175,0.000325328525496707,0.0191463718466989,16.99675708,0.964473648071305,6.11513169324756,0.018421059590681,0.0010390620180739
2016-11-02 14:00:00,"C12","elevated","HW","elevated_HW",1486.7,80.5213333333333,43.2483978271485,43.4206666666667,5.84917555291273,-0.025533615255493,1.11628244886196,-0.0006935234407074,0.030319562544888,27.16119256,0.172268839518196,5.92865762398662,0.0188285868346592,-0.0013561089570722
2016-11-02 14:30:00,"C03","ambient","HW","ambient_HW",1311.2,1230.56,39.8358869552613,37.3306666666667,4.72603411282355,1.60270060270685,1.07890334251063,0.0197873439028431,0.0133204114605861,12.34625099,-2.5052202885946,3.79651448336253,0.0284182596231019,0.0563968597642051
2016-11-02 14:30:00,"C04","elevated","HW","elevated_HW",1311.2,798.246666666667,40.8742780685425,41.3516666666667,5.02650632476234,0.357172112282662,1.26517528783298,0.00846246408010284,0.0299757457543253,23.69295863,0.4773885981242,5.22558134419786,0.0242111873205791,0.0147523583851285
2016-11-02 14:30:00,"C07","ambient","HW","ambient_HW",1231.2,1160.09666666667,40.2353401184082,42.7306666666667,4.72152391506076,0.753979379552269,0.726678967704091,0.0110085995083732,0.0106099953706464,14.6006639,2.4953265482585,5.78036183091084,0.0125715134962336,0.059975227308801
2016-11-02 14:30:00,"C09","ambient","HW","ambient_HW",1263.3,1309.04666666667,35.0691801252819,40.398,3.70827967917915,0.68230933261829,0.27595991105233,0.0117092886557909,0.004735820106019,17.16126117,5.3288198747181,5.61136348425775,0.00491787623144561,0.138740647488342
2016-11-02 14:30:00,"C10","elevated","HW","elevated_HW",1263.3,1061.00333333333,40.2764015197754,41.401,4.9553580824696,0.193103582865539,0.837435112648608,0.00328213468924322,0.0142336811799508,16.99675708,1.12459848022461,5.41848581171406,0.015455150050189,0.0124944489208099
2016-11-02 14:30:00,"C12","elevated","HW","elevated_HW",1331.9,115.323,41.361680984497,41.7046666666667,5.43139338650785,0.190104915796439,1.02831084654149,0.00516347622454968,0.02793014891445,27.16119256,0.342985682169697,5.57720173057801,0.0184377559969472,0.0103106319352483
2016-11-02 15:00:00,"C03","ambient","HW","ambient_HW",1090.1,131.153333333333,39.3105278015136,35.1063333333333,4.92537788619844,0.0545943950926515,1.32031272417737,0.0006740361044611,0.0163009122779844,12.34625099,-4.2041944681803,3.46189869790438,0.0381383985896701,0.00143148105614058
2016-11-02 15:00:00,"C04","elevated","HW","elevated_HW",1090.1,328.95,39.7521800994873,40.0233333333333,4.80547911397175,0.675821979485251,1.09079103140732,0.0160122222011888,0.0258440667811086,23.69295863,0.271153233846,4.91233774735003,0.0222051309887181,0.0304353971083809
2016-11-02 15:00:00,"C07","ambient","HW","ambient_HW",1062.2,1098.26,39.3360910415649,41.3473333333333,4.61775182478898,1.2127653117171,1.67714286234639,0.0177071787059601,0.0244873992454036,14.6006639,2.0112422917684,5.42742195172151,0.0309012801522539,0.0392464424043819
2016-11-02 15:00:00,"C09","ambient","HW","ambient_HW",1064.7,1159.40666666667,39.4847997029622,39.6043333333333,4.62259544097422,1.00705445398887,0.739128860433491,0.0172823244973147,0.0126843834121836,17.16126117,0.119533630371102,4.66895789367892,0.0158307030661845,0.0636140068939837
2016-11-02 15:00:00,"C10","elevated","HW","elevated_HW",1064.7,204.936666666667,39.1020145416259,40.2596666666667,4.69566218573045,0.283317413286831,0.500909500786162,0.00481547725017023,0.00851383710392646,16.99675708,1.1576521250408,5.14756614548397,0.00973099687559366,0.0291149423752689
2016-11-02 15:00:00,"C12","elevated","HW","elevated_HW",1173.9,320.126666666667,40.4192981719971,40.6643333333333,5.1271308475595,0.360673773784097,1.12913347132695,0.00979632982109174,0.0306686116406526,27.16119256,0.245035161336205,5.22666092196794,0.0216033427112354,0.0166952762174401
2016-11-02 15:30:00,"C03","ambient","HW","ambient_HW",936.5,151.296666666667,38.7178564071655,35.0536666666667,4.51902359752227,-0.37924062138519,1.99628241142448,-0.00468219989722512,0.0246466036983691,12.34625099,-3.6641897404988,3.26327669394491,0.0611741693595467,-0.00619935873842816
2016-11-02 15:30:00,"C04","elevated","HW","elevated_HW",936.5,136.233333333333,38.0941171646118,38.8696666666667,4.36570137439851,0.620159195813746,1.14870926477607,0.0146934061704292,0.0272163210882372,23.69295863,0.775549502054901,4.65196901778899,0.0246929689424723,0.0251148088858226
2016-11-02 15:30:00,"C07","ambient","HW","ambient_HW",907,951.9,38.4431610107422,40.08,4.38485911610633,1.1348226696676,1.69394923945403,0.0165691643859174,0.0247327835089289,14.6006639,1.6368389892578,5.01154885406308,0.0338009124281143,0.0335737288773216
2016-11-02 15:30:00,"C09","ambient","HW","ambient_HW",868.5,999.133333333333,38.3330663045247,39.281,4.28089220864648,0.86942753284817,1.0660625979672,0.0149204729595962,0.0182949786672838,17.16126117,0.947933695475299,4.63616132753831,0.0229945103858854,0.0378102215814887
2016-11-02 15:30:00,"C10","elevated","HW","elevated_HW",868.5,162.443333333333,38.5736389160157,39.502,4.44684581057971,0.351518405977951,1.16815773433331,0.00597467295555604,0.0198548932415865,16.99675708,0.928361083984299,4.79854777501348,0.0243439846616934,0.014439641285639
2016-11-02 15:30:00,"C12","elevated","HW","elevated_HW",974.1,382.119655172414,38.6175537109375,39.8033333333333,4.68061102157495,0.513945575014599,1.03740615514815,0.0139593747283315,0.028177188342908,27.16119256,1.1857796223958,5.1334820254753,0.0202086254514955,0.0254319907233752
2016-11-02 16:00:00,"C03","ambient","HW","ambient_HW",493.8,152.626206896552,36.323745727539,32.842,3.88043107248229,0.244573957467795,0.598608225086264,0.00301957146451498,0.00739056739159343,12.34625099,-3.481745727539,2.81179386267059,0.021289193103143,0.0114881741305493
2016-11-02 16:00:00,"C04","elevated","HW","elevated_HW",493.8,139.034482758621,35.2394199371338,35.188,3.67489046782309,0.741170233290472,1.04293618070773,0.0175605156751386,0.0247102437832385,23.69295863,-0.0514199371338009,3.65863749869038,0.0285061359886311,0.0260003752731015
2016-11-02 16:00:00,"C07","ambient","HW","ambient_HW",440.7,764.726666666667,35.7205600738526,36.995,3.99277580792242,1.61015857435668,1.54310142985413,0.023509384169885,0.0225303053409096,14.6006639,1.27443992614739,4.41831969476784,0.0349250741561654,0.0461032256411812
2016-11-02 16:00:00,"C09","ambient","HW","ambient_HW",478.2,700.42,35.088877360026,36.5813333333333,3.81160381649769,1.52354089397749,0.735747526862258,0.0261458831847231,0.0126263554636648,17.16126117,1.4924559733073,4.29769251216862,0.0171195944051148,0.08899398303048
2016-11-02 16:00:00,"C10","elevated","HW","elevated_HW",478.2,173.65,35.1334047317505,35.8103333333333,3.71499972440529,0.672219223779671,0.312991489461581,0.0114255468510892,0.00531984031448587,16.99675708,0.676928601582794,3.93164123136248,0.0079608354639499,0.0844407885106745
2016-11-02 16:00:00,"C12","elevated","HW","elevated_HW",595.9,428.613333333333,36.1470909118652,37.4393333333333,4.03817689683322,0.854767752381417,0.849800459883691,0.0232165115165101,0.0230815939284775,27.16119256,1.2922424214681,4.47869214389784,0.0189742994735982,0.0450487119996595
2016-11-02 16:30:00,"C03","ambient","HW","ambient_HW",527,92.9083333333333,35.0429601669312,31.3933333333333,3.70636015465174,-0.585415419785505,1.59069272567392,-0.00722768570608806,0.0196390916391374,12.34625099,-3.6496268335979,2.6578742418277,0.0598483066143895,-0.00978165386628921
2016-11-02 16:30:00,"C04","elevated","HW","elevated_HW",527,59.1533333333333,34.2129201889038,32.5153333333333,3.65689079146966,0.0581812781484399,0.861234834529874,0.00137848661621151,0.0204052013052312,23.69295863,-1.6975868555705,3.16614021560622,0.0272014116836886,0.00213890656944575
2016-11-02 16:30:00,"C07","ambient","HW","ambient_HW",455,574.403333333333,33.7139797210694,33.675,3.24316585296335,1.23403141462945,0.789141301036417,0.0180176779270462,0.0115219869060414,14.6006639,-0.0389797210694027,3.23171734817351,0.0244186361620524,0.0505364593845412
2016-11-02 16:30:00,"C09","ambient","HW","ambient_HW",317.8,149.832333333333,34.1734879811605,32.785,3.80644982537034,0.224160000870071,0.90448354483142,0.00384686831879871,0.0155220783368194,17.16126117,-1.3884879811605,3.40283002210065,0.0265803328099551,0.00843330301666188
2016-11-02 16:30:00,"C10","elevated","HW","elevated_HW",317.8,364.18,33.9467306137085,33.7836666666667,3.50879882070232,0.69989717894652,0.939105045707996,0.0118959823315313,0.0159617403345011,16.99675708,-0.163063947041806,3.4605072566827,0.0271377857652071,0.0257905042438594
2016-11-02 16:30:00,"C12","elevated","HW","elevated_HW",536.7,404.193333333333,34.5369691848754,35.3936666666667,3.78367695475133,1.12120888896662,1.01784307501511,0.030453370533206,0.027645831756348,27.16119256,0.856697481791294,4.05126456298071,0.0251240830903977,0.0446268580203487
2016-11-02 17:00:00,"C03","ambient","HW","ambient_HW",83.3,61.2973333333333,33.2753429412842,30.381,3.46917119196102,-0.572937756293682,0.879538879884453,-0.00707363334084925,0.0108590077665169,12.34625099,-2.8943429412842,2.69279914270117,0.032662624773498,-0.0175410812899077
2016-11-02 17:00:00,"C04","elevated","HW","elevated_HW",83.3,40.6706666666667,33.0161628723145,31.2576666666667,3.27138738642181,-0.113687829977914,0.943960644866019,-0.00269360105240118,0.0223652205071587,23.69295863,-1.7584962056478,2.7926768543346,0.0338012843627385,-0.00336341745946316
2016-11-02 17:00:00,"C07","ambient","HW","ambient_HW",121.8,140.531,32.5003519058228,31.8663333333333,3.10646210114472,0.123852255911523,0.937120674818876,0.00180832516182094,0.0136825840067716,14.6006639,-0.634018572489495,2.93350965449212,0.0319453755123612,0.0038770010971885
2016-11-02 17:00:00,"C09","ambient","HW","ambient_HW",133.7,59.2886666666667,32.428455988566,30.8306666666667,3.09484627063457,-0.26148449927887,0.802909174500833,-0.00448740378403137,0.0137789340393979,17.16126117,-1.5977893218993,2.67065182366275,0.0300641651370211,-0.00869754733208532
2016-11-02 17:00:00,"C10","elevated","HW","elevated_HW",133.7,252.191333333333,32.0906376838684,31.5593333333333,3.07771327620986,0.443656972351982,0.477148145437401,0.00754072978591492,0.00810997111917201,16.99675708,-0.531304350535102,2.93531805726965,0.0162554154653084,0.0272928719231332
2016-11-02 17:00:00,"C12","elevated","HW","elevated_HW",105,92.3543333333333,32.9035444259643,31.585,3.35931651521884,0.491046865271029,0.769735027489194,0.0133374184636108,0.0209069213018109,27.16119256,-1.3185444259643,2.99851339853576,0.0256705548777962,0.0191287982518742
2016-11-02 17:30:00,"C03","ambient","HW","ambient_HW",62.3,38.6783333333333,30.3502125740051,28.0373333333333,2.57983800556134,-0.663817575838032,0.787136167247508,-0.0081956584028697,0.00971818068414435,12.34625099,-2.3128792406718,2.03592735790572,0.0386622913725765,-0.0171696387428523
2016-11-02 17:30:00,"C04","elevated","HW","elevated_HW",62.3,29.328,30.4381103515625,28.782,2.37445411489763,-0.233866104232715,0.691904900812544,-0.00554097993254499,0.0163932741908459,23.69295863,-1.6561103515625,1.97684588243181,0.0350004472762136,-0.0066818033034581
2016-11-02 17:30:00,"C07","ambient","HW","ambient_HW",53.7,64.716,29.759298324585,29.4346666666667,2.47621804816228,-0.20391758904792,0.757502025268964,-0.00297733218098701,0.0110600324745215,14.6006639,-0.3246316579183,2.3983479776663,0.0315843252239839,-0.00645629082153299
2016-11-02 17:30:00,"C09","ambient","HW","ambient_HW",48.9,40.2683333333333,29.7424697875976,28.13,2.3381639676378,-0.413636315868435,0.649814500937218,-0.00709852084601484,0.0111516363626368,17.16126117,-1.6124697875976,1.96395025226963,0.0330871161418811,-0.01250143149662
2016-11-02 17:30:00,"C10","elevated","HW","elevated_HW",48.9,34.2016666666667,29.4929494857788,28.7313333333333,2.30677472670374,-0.0816266849723452,0.437320911595531,-0.00138738893572064,0.00743303730039339,16.99675708,-0.761616152445502,2.1284795161229,0.0205461649164529,-0.00397284287867174
2016-11-02 17:30:00,"C12","elevated","HW","elevated_HW",122.9,15.214,30.7184844017029,29.1956666666667,2.56799370128095,-0.231805340620053,0.69155822156122,-0.00629610949301765,0.0187835460222755,27.16119256,-1.5228177350362,2.19598386089826,0.03149195373769,-0.00736077991701814
2016-11-02 18:00:00,"C03","ambient","HW","ambient_HW",23.5,15.6766666666667,28.1933159828186,26.2173333333333,2.05264908074547,-0.637017819266679,0.534546421478567,-0.00786478188176887,0.00659964428538072,12.34625099,-1.9759826494853,1.63264431525215,0.0327411437068587,-0.0194561871439217
2016-11-02 18:00:00,"C04","elevated","HW","elevated_HW",23.5,11.5989,28.1723651885986,26.5643333333333,1.9364882470721,-0.395449161336274,0.300288701901471,-0.00936936061980853,0.00711472779120796,23.69295863,-1.6080318552653,1.59187316852195,0.0188638584932171,-0.0209633231440146
2016-11-02 18:00:00,"C07","ambient","HW","ambient_HW",16.8,20.3409666666667,27.8533563613892,27.5913333333333,2.1450203443411,-0.541644849556693,0.573084354091058,-0.00790837440154334,0.00836741204043212,14.6006639,-0.2620230280559,2.08785584844613,0.0274484636723158,-0.0197331572368835
2016-11-02 18:00:00,"C09","ambient","HW","ambient_HW",11.5,16.5983666666667,25.7543986638387,26.2123333333333,1.63393347936469,-0.696682153233372,0.235090857396181,-0.0119559443841159,0.00403445560245509,17.16126117,0.457934669494602,1.72530910862757,0.0136260138093856,-0.0511288307042149
2016-11-02 18:00:00,"C10","elevated","HW","elevated_HW",11.5,14.8713333333333,27.6893305778503,27.0366666666667,1.89931100103223,-0.359846561847522,0.360225533374211,-0.00611622459779552,0.0061226658847749,16.99675708,-0.652663911183598,1.75950548715872,0.0204731122467774,-0.0175765441770664
2016-11-02 18:00:00,"C12","elevated","HW","elevated_HW",30.4,6.28746666666667,28.5051498413086,27.1816666666667,1.98648191873879,-0.498439142225884,0.398457033978428,-0.0135382015214385,0.0108225682267745,27.16119256,-1.3234831746419,1.69591198015042,0.0234951482531001,-0.0212145561652337
2016-11-03 05:00:00,"C03","ambient","HW","ambient_HW",25.8,22.4386666666667,15.6048502922058,14.5043333333333,0.584314350013078,-0.497572663692626,0.151490848424034,-0.00614315699171202,0.00187034403733117,12.34625099,-1.1005169588725,0.462667067740437,0.0327429503819845,-0.0151963295270543
2016-11-03 05:00:00,"C04","elevated","HW","elevated_HW",25.8,17.7948333333333,15.6718182563782,14.7016666666667,0.423784948218537,-0.0111824986990529,0.122534580553916,-0.00026494647905669,0.00290320674780833,23.69295863,-0.970151589711501,0.315747476731195,0.0388077782354642,-0.000288150963737312
2016-11-03 05:00:00,"C07","ambient","HW","ambient_HW",32,27.9086666666667,15.6999862194061,15.6216666666667,0.536163020293575,0.110109774117733,0.192287218913886,0.00160767580399795,0.00280752105562737,14.6006639,-0.0783195527393996,0.527206029126842,0.0364728793470651,0.00301894931491317
2016-11-03 05:00:00,"C09","ambient","HW","ambient_HW",37.7,29.7030333333333,14.8680182298025,14.3103333333333,0.428397996841581,0.1216595181504,0.272524028706836,0.00208783076479536,0.0046768560317386,17.16126117,-0.557684896469199,0.368363348945686,0.0739823952320019,0.00164443875828685
2016-11-03 05:00:00,"C10","elevated","HW","elevated_HW",37.7,14.1215,15.823860168457,14.8943333333333,0.452534125723283,0.424855438129489,0.136966009297091,0.00722116467600389,0.00232797798823968,16.99675708,-0.929526835123699,0.348010018211763,0.0393569156430858,0.0107949373366133
2016-11-03 05:00:00,"C12","elevated","HW","elevated_HW",28.8,6.59913333333333,15.6808528900146,15.0696666666667,0.455503653971555,0.236932251933732,0.124930492384312,0.00643536251844653,0.00339326116026591,27.16119256,-0.6111862233479,0.386717691490188,0.0323053470615481,0.00733414971466888
2016-11-03 05:30:00,"C03","ambient","HW","ambient_HW",64,51.8213333333333,16.1867725849152,15.2433333333333,0.611192287584489,0.271024196633833,0.212619151523122,0.00334613275600442,0.00262504940998531,12.34625099,-0.9434392515819,0.502955919452409,0.0422739137367366,0.00641114514075164
2016-11-03 05:30:00,"C04","elevated","HW","elevated_HW",64,132.041,16.7791690826416,16.8673333333333,0.417914747000822,1.90173202372582,0.240690486155263,0.0450576581634821,0.00570266973111123,23.69295863,0.0881642506916975,0.428675473025486,0.0561474824898492,0.0338702990658509
2016-11-03 05:30:00,"C07","ambient","HW","ambient_HW",62.1,217.2,16.6499428749085,16.6526666666667,0.517409223342757,1.96901020979476,0.360814166234423,0.0287488562888818,0.00526812637154755,14.6006639,0.00272379175819992,0.517738499265304,0.0696904261024505,0.0282536686875778
2016-11-03 05:30:00,"C09","ambient","HW","ambient_HW",66.5,177.715,16.8600829442343,15.6803333333333,0.444142450001272,2.02344871316283,0.303182660540343,0.0347249318306878,0.00520299681974828,17.16126117,-1.179749610901,0.304506909222317,0.0995651170328596,0.0203228678222216
2016-11-03 05:30:00,"C10","elevated","HW","elevated_HW",66.5,76.605,17.2501497268677,15.9193333333333,0.470511792791393,1.66204908435082,0.274265262954119,0.0282494445417473,0.00466162004991349,16.99675708,-1.3308163935344,0.310196047171534,0.0884167498119194,0.0187978984512136
2016-11-03 05:30:00,"C12","elevated","HW","elevated_HW",53.3,31.5346666666667,16.49351978302,16.9303333333333,0.451405577328088,1.15053128851352,0.161406557418842,0.0312498018736207,0.00438399458649987,27.16119256,0.4368135503133,0.504391385918907,0.032000260497072,0.0359538100828521
2016-11-03 06:00:00,"C03","ambient","HW","ambient_HW",75.3,80.806,18.0720782279969,17.2386666666667,0.721512545722675,1.12739711875651,0.302785884459158,0.0139191277935708,0.00373827052576191,12.34625099,-0.833411561330202,0.614975197279635,0.0492354627956611,0.0228980709176123
2016-11-03 06:00:00,"C04","elevated","HW","elevated_HW",75.3,397.686666666667,19.3258771896363,20.4793333333333,0.410760845277564,5.91589404487877,0.381566355270686,0.140165032864776,0.00904043587002824,23.69295863,1.153456143697,0.577548476331218,0.0660665504122743,0.0895444670254749
2016-11-03 06:00:00,"C07","ambient","HW","ambient_HW",77.9,423.42,19.0433497428894,19.464,0.512163103075714,5.37959845758434,0.53658586356061,0.0785457089961474,0.00783450984733973,14.6006639,0.420650257110598,0.5708696092476,0.0939944699925127,0.0572331378432461
2016-11-03 06:00:00,"C09","ambient","HW","ambient_HW",80.1,384.49,19.010487874349,18.5083333333333,0.459876960762047,4.65279371396402,0.397256203212361,0.0798478080954707,0.00681741745472991,17.16126117,-0.502154541015699,0.391664632339957,0.10142764253157,0.0458730341929794
2016-11-03 06:00:00,"C10","elevated","HW","elevated_HW",80.1,180.58,19.9144248962402,19.5583333333333,0.483134085917521,5.58420557954852,0.450207378889911,0.0949133857203668,0.00765206545461533,16.99675708,-0.356091562906897,0.432113327894858,0.104187339252691,0.0535977367269629
2016-11-03 06:00:00,"C12","elevated","HW","elevated_HW",74.8,57.3103333333333,18.7371006011963,20.1476666666667,0.383215910826048,6.26029371135039,0.308532009485828,0.170037042976145,0.00838009732056831,27.16119256,1.4105660654704,0.582151351152716,0.0529985902935559,0.118121891104556
2016-11-03 06:30:00,"C03","ambient","HW","ambient_HW",97.9,620.26,21.2080564498902,21.576,0.900772408320947,2.87761942420683,0.590251309402419,0.0355278116649568,0.00728739081305842,12.34625099,0.3679435501098,0.958422949810873,0.0615856819287241,0.0467254617321154
2016-11-03 06:30:00,"C04","elevated","HW","elevated_HW",97.9,418.366666666667,21.1890120506287,22.4473333333333,0.365427115160607,8.92329910371088,0.543800765235574,0.211419356507338,0.0128842490336888,23.69295863,1.2583212827046,0.567165478918434,0.0958804415022903,0.0930669379896184
2016-11-03 06:30:00,"C07","ambient","HW","ambient_HW",105.2,627.533333333333,21.6030912399292,22.2783333333333,0.547425062663825,6.8837804909919,0.634402373040197,0.10050776531035,0.00926269582612234,14.6006639,0.675242093404101,0.656380944320545,0.096651552506129,0.0712226582242988
2016-11-03 06:30:00,"C09","ambient","HW","ambient_HW",123.2,569.453333333333,21.8361740112305,21.2686666666667,0.515775982935094,6.52440613884102,0.542570430945366,0.111967037727802,0.00931119286857287,17.16126117,-0.567507344563801,0.42608756643989,0.127337776006639,0.0512370040018671
2016-11-03 06:30:00,"C10","elevated","HW","elevated_HW",123.2,472.873333333333,21.6799006462097,22.1033333333333,0.480819570918613,7.24571287522943,0.343889111384244,0.123153621611703,0.00584499968865505,16.99675708,0.423432687123601,0.548963078668368,0.0626433952932542,0.115666030573692
2016-11-03 06:30:00,"C12","elevated","HW","elevated_HW",94,68.3716666666667,20.8313350677491,22.085,0.362929949071489,9.4096813612203,0.339118811831691,0.255578167380347,0.00921087134887896,27.16119256,1.2536649322509,0.560084836329304,0.0605477580957583,0.155409244820239
2016-11-03 07:00:00,"C03","ambient","HW","ambient_HW",327.6,848.89,24.3016982078552,25.121,0.85723125572373,8.76183027670479,0.940391045577399,0.108175755727978,0.0116103038774471,12.34625099,0.819301792144799,1.01026569343951,0.0930835374975255,0.0941286774467259
2016-11-03 07:00:00,"C04","elevated","HW","elevated_HW",327.6,532.596666666667,23.1574363708496,23.624,0.79097340070853,9.67428909974071,0.501034443436911,0.229212531414817,0.0118709883405558,23.69295863,0.4665636291504,0.872280055673063,0.0574396307904009,0.168425335724084
2016-11-03 07:00:00,"C07","ambient","HW","ambient_HW",493,759.633333333333,23.101616859436,24.3363333333333,0.831119756945902,7.11852980746238,0.50161519604139,0.10393526118089,0.00732391488453295,14.6006639,1.2347164738973,1.05007352539614,0.0477695307909185,0.149018206576475
2016-11-03 07:00:00,"C09","ambient","HW","ambient_HW",536.9,660.083333333333,23.7412700653076,23.3523333333333,0.794950854410259,8.37107597678775,0.191217779253175,0.143658221111568,0.00328153825011115,17.16126117,-0.388936731974301,0.726612119484933,0.0263163487265698,0.318094127105713
2016-11-03 07:00:00,"C10","elevated","HW","elevated_HW",536.9,655.66,23.815016746521,23.5636666666667,0.905452532636037,7.63814696988168,0.423164269684774,0.129823728588417,0.00719242029676772,16.99675708,-0.251350079854301,0.860956155735952,0.0491505016678869,0.155403235179432
2016-11-03 07:00:00,"C12","elevated","HW","elevated_HW",191.6,86.4913333333333,22.4286775588989,23.7023333333333,0.618448244863317,10.3430141231392,0.292973855746147,0.280928598249384,0.00795751931096677,27.16119256,1.2736557744344,0.836652371942756,0.0350173937911446,0.29536790158709
2016-11-03 07:30:00,"C03","ambient","HW","ambient_HW",910.7,1071.25666666667,24.8417735099792,25.5686666666667,1.09282791542948,9.95216380799128,0.570432223082398,0.122871912267055,0.00704269939895895,12.34625099,0.726893156687503,1.23213976085048,0.0462960648789274,0.214967812793982
2016-11-03 07:30:00,"C04","elevated","HW","elevated_HW",910.7,543.916666666667,25.0796284675598,25.3436666666667,1.10806984068372,9.27024062736879,0.539791109084525,0.219639427674394,0.0127892484163815,23.69295863,0.264038199106899,1.15868847670786,0.0465863879666961,0.198990328118933
2016-11-03 07:30:00,"C07","ambient","HW","ambient_HW",941.5,923.676666666667,25.7098364830017,26.6063333333333,1.13326648512919,7.65490696004282,1.07318758470834,0.111766723709356,0.0156692512259792,14.6006639,0.896496850331602,1.31378391494037,0.0816867654188817,0.0937104917888377
2016-11-03 07:30:00,"C09","ambient","HW","ambient_HW",972.9,767.716666666667,25.6513867378235,25.184,1.20624337592479,8.65078392741132,0.126078668540413,0.148458362303544,0.00216366895878788,17.16126117,-0.467386737823499,1.11567502229067,0.0113006624708288,0.765511221111345
2016-11-03 07:30:00,"C10","elevated","HW","elevated_HW",972.9,237.143333333333,25.4345445632934,25.2496666666667,1.13170049977793,7.16769544934592,0.841775035476958,0.121827578375954,0.0143074457940102,16.99675708,-0.184877896626702,1.09601659058485,0.0768031289588214,0.0933255655923723
2016-11-03 07:30:00,"C12","elevated","HW","elevated_HW",878.8,288.016666666667,24.7559032440186,25.697,0.90302293832179,10.2155568663393,0.183022877816075,0.277466707154272,0.00497111962724777,27.16119256,0.941096755981398,1.08359313449785,0.0168903689022438,0.604815497249571
2016-11-03 08:00:00,"C03","ambient","HW","ambient_HW",1051.2,931.583333333333,26.6383066177368,27.0146666666667,1.21734107678055,10.185406911778,2.07525514082248,0.125751590168092,0.0256216208368821,12.34625099,0.3763600489299,1.2957724988835,0.160155825394551,0.063596855666572
2016-11-03 08:00:00,"C04","elevated","HW","elevated_HW",1051.2,203.293333333333,26.4215297698975,27.202,1.25494510650808,8.6982571006104,1.40343350634425,0.206087445637866,0.0332514920057701,23.69295863,0.780470230102502,1.41747508276871,0.0990093951847793,0.0878528455241748
2016-11-03 08:00:00,"C07","ambient","HW","ambient_HW",1127.2,830.66,27.0861039161682,28.3503333333333,1.33478069984774,6.92932911856799,1.51146416427323,0.101172805512695,0.0220683802594479,14.6006639,1.2642294171651,1.61057298542992,0.0938463626266381,0.0738369492927062
2016-11-03 08:00:00,"C09","ambient","HW","ambient_HW",1155.7,588.963333333333,27.5457995732625,27.06,1.42692003089944,7.89576173135066,1.03915720432049,0.1355012292078,0.017833248180031,17.16126117,-0.485799573262501,1.32317921198351,0.0785348798491734,0.100538279889324
2016-11-03 08:00:00,"C10","elevated","HW","elevated_HW",1155.7,716.083333333333,27.4336476325989,27.2376666666667,1.38015175913716,6.7743097780117,1.08434003346925,0.115141297681533,0.0184302641409959,16.99675708,-0.195980965932197,1.33823129771582,0.0810278488718706,0.0836047096440129
2016-11-03 08:00:00,"C12","elevated","HW","elevated_HW",1066.2,101.483333333333,26.6645088195801,27.259,1.18368228609961,9.62120013275972,0.631943096372807,0.261323269464184,0.0171643281275445,27.16119256,0.594491180419901,1.30843640254431,0.0482975783266169,0.199206677976594
2016-11-03 08:30:00,"C03","ambient","HW","ambient_HW",1265.9,1289.63,28.3274717330933,27.989,1.59194465069729,10.9041990988871,2.14133819748791,0.134625978919792,0.0264374988406599,12.34625099,-0.3384717330933,1.51644517940553,0.141207755253464,0.0772209648068859
2016-11-03 08:30:00,"C04","elevated","HW","elevated_HW",1265.9,148.01,28.2107520103455,28.674,1.61779661748116,7.82342192022896,1.87825956163121,0.18536001190102,0.0445015260901303,23.69295863,0.463247989654498,1.72263014052128,0.109034407180571,0.0717518636779736
2016-11-03 08:30:00,"C07","ambient","HW","ambient_HW",1331.2,1294.3,28.7088689804077,30.105,1.70926051243504,6.64619487873014,1.83820387574134,0.0970388576382401,0.0268389969693766,14.6006639,1.3961310195923,2.04102427530064,0.0900628129702461,0.0737951065433169
2016-11-03 08:30:00,"C09","ambient","HW","ambient_HW",1278.4,1306.76666666667,27.9718386332194,28.756,1.64351752028744,3.42962716019862,1.69283379130462,0.0588567274118939,0.0290511628099799,17.16126117,0.784161366780602,1.82027604146798,0.0929987404514435,0.036878210861246
2016-11-03 08:30:00,"C10","elevated","HW","elevated_HW",1278.4,1106.34666666667,28.5834465026855,29.0453333333333,1.68587769691989,6.39854222077004,1.07197389694103,0.108754467792552,0.0182200799224076,16.99675708,0.461886830647799,1.7923896425426,0.0598069678320826,0.10698656783161
2016-11-03 08:30:00,"C12","elevated","HW","elevated_HW",1239.1,88.1753333333333,28.1736311912536,28.8573333333333,1.4352363020259,8.95721544084318,1.57249843331851,0.243288653390147,0.0427109327476623,27.16119256,0.683702142079699,1.5905365390527,0.0988659106351038,0.0905996352362813
2016-11-03 09:00:00,"C03","ambient","HW","ambient_HW",1415.6,1488.83333333333,29.5349469184875,29.428,1.94550004618511,10.0725803632463,2.09457575098939,0.124358605281584,0.0258601579392827,12.34625099,-0.106946918487498,1.91999512417985,0.109092764070644,0.092330416678449
2016-11-03 09:00:00,"C04","elevated","HW","elevated_HW",1415.6,132.72,29.6396617889405,29.7933333333333,1.94827969397375,6.80348853636917,1.74162768776074,0.161194772431874,0.0412643127549777,23.69295863,0.1536715443928,1.98536273610661,0.0877233996632852,0.0775561430870608
2016-11-03 09:00:00,"C07","ambient","HW","ambient_HW",1437.3,1435.8,29.7459144592285,31.607,1.96043469709714,6.49602355249959,2.24012794456159,0.0948462565765306,0.0327073552115416,14.6006639,1.8610855407715,2.43175396482569,0.0921198434119614,0.0705170928640127
2016-11-03 09:00:00,"C09","ambient","HW","ambient_HW",1461.2,1443.1,28.0948451360067,30.1553333333333,1.75877555062951,6.14416608463794,2.51112139774047,0.105441638850328,0.0430940101361997,17.16126117,2.0604881973266,2.24161089823518,0.112023072323456,0.054847327047925
2016-11-03 09:00:00,"C10","elevated","HW","elevated_HW",1461.2,359.52,29.9935970306396,30.076,1.92972342829716,5.91414523451217,2.03560129326683,0.100521289886843,0.0345986206933902,16.99675708,0.0824029693604018,1.94992805429557,0.10439366153959,0.0566523402598473
2016-11-03 09:00:00,"C12","elevated","HW","elevated_HW",1427.2,462.858620689655,29.9405212402344,30.248,1.77078571389629,8.22381895325549,1.97013707152071,0.22336873016795,0.0535112723691684,27.16119256,0.307478759765601,1.84640254373777,0.106701384170131,0.0770732171584853
2016-11-03 09:30:00,"C03","ambient","HW","ambient_HW",1549.8,1584.1,31.2595167160034,30.8176666666667,2.03220930876301,9.69984036065976,2.94560008063118,0.119756663655638,0.0363671179116368,12.34625099,-0.441850049336701,1.91831029239204,0.153551805060596,0.0631698230889041
2016-11-03 09:30:00,"C04","elevated","HW","elevated_HW",1549.8,375.053333333333,31.3991084098816,31.751,2.10068003554833,5.73426647779163,2.16290154708027,0.135861738431713,0.0512455368757357,23.69295863,0.351891590118402,2.19383243880307,0.0985900978043851,0.0581627019903066
2016-11-03 09:30:00,"C07","ambient","HW","ambient_HW",1569.9,1539.1,31.5294623374939,33.2916666666667,2.07353735408941,5.9165285331743,3.06343658551033,0.086385244567638,0.044728207964,14.6006639,1.7622043291728,2.55975542430362,0.119676925241549,0.0494375045250597
2016-11-03 09:30:00,"C09","ambient","HW","ambient_HW",1590.1,1149.27,27.2521944046021,31.7663333333333,1.6034734478194,5.13670282796257,1.86301898912196,0.0881522987833433,0.0319717554369914,17.16126117,4.5141389287312,2.68346502114431,0.0694258719395386,0.0739883084570549
2016-11-03 09:30:00,"C10","elevated","HW","elevated_HW",1590.1,1126.10666666667,31.5166349411011,32.006,2.16096962319966,5.03853115154331,1.95858413538798,0.0856386900227943,0.0332895787699314,16.99675708,0.489365058898901,2.29171271276159,0.0854637723341778,0.0589551691193995
2016-11-03 09:30:00,"C12","elevated","HW","elevated_HW",1530,98.8433333333333,30.7882504463196,31.345,2.00419896146124,7.55169095545236,2.02142542131934,0.205112932194652,0.0549043251141336,27.16119256,0.556749553680397,2.14791777984169,0.0941109310742948,0.0802424422885665
2016-11-03 10:00:00,"C03","ambient","HW","ambient_HW",1646.5,1447.51333333333,33.3527021408081,32.1246666666667,2.50122400357593,8.83572548524797,2.14759944677679,0.109088084519611,0.0265148017958914,12.34625099,-1.2280354741414,2.15694005390402,0.0995669510095877,0.0887415492355203
2016-11-03 10:00:00,"C04","elevated","HW","elevated_HW",1646.5,1032.6,33.1580047607422,33.585,2.53753216670598,4.89305345094063,1.85844764902352,0.115930912987515,0.044032123264335,23.69295863,0.426995239257799,2.66098770457472,0.0698405199628886,0.0700603811876067
2016-11-03 10:00:00,"C07","ambient","HW","ambient_HW",1663.6,1368.7,33.7115421295166,34.891,2.68695966776468,5.22177465150242,2.23150720117996,0.0762413766481264,0.0325814866348584,14.6006639,1.1794578704834,3.04375950461732,0.0733141760311488,0.0712246244066613
2016-11-03 10:00:00,"C09","ambient","HW","ambient_HW",1677.9,733.01,31.5445543924967,33.7143333333333,2.38138936832685,4.38444487786634,1.9992363374409,0.075242603634533,0.0343094169273776,17.16126117,2.1697789408366,2.9866092613346,0.0669400032780825,0.0654981276241122
2016-11-03 10:00:00,"C10","elevated","HW","elevated_HW",1677.9,1374.31333333333,33.7144412994384,33.5293333333333,2.71105709587786,4.35987078347735,1.62244053733909,0.0741036646069537,0.0275762276898971,16.99675708,-0.1851079661051,2.65688161497031,0.0610655938976497,0.0713965181569314
2016-11-03 10:00:00,"C12","elevated","HW","elevated_HW",1632.9,425.093333333333,32.476821899414,33.447,2.42655298783073,6.7990316662246,2.09664256091033,0.184669808307864,0.0569473123263769,27.16119256,0.970178100586004,2.70152064518968,0.0776097182393777,0.0876054161832391
2016-11-03 10:30:00,"C03","ambient","HW","ambient_HW",1736.5,1721.6,35.8759708404541,34.3816666666667,3.02117622765773,7.53368504082194,1.68015344235516,0.093012766393596,0.0207435961010293,12.34625099,-1.4943041737874,2.55069067013636,0.065870529187506,0.114371102429991
2016-11-03 10:30:00,"C04","elevated","HW","elevated_HW",1736.5,196.08,36.0028495788575,36.441,3.16982146437129,2.86264860581712,1.79822570639565,0.0678246149898523,0.0426052872690346,23.69295863,0.438150421142502,3.31516230699913,0.0542424635620148,0.0527750477731213
2016-11-03 10:30:00,"C07","ambient","HW","ambient_HW",1747.8,1703.53333333333,36.6607055664062,37.5746666666667,3.12617588824272,4.07803579990199,2.02739580636647,0.0595420300865366,0.0296013247610263,14.6006639,0.913961100260501,3.44254646749657,0.0588923294284768,0.0692456189027921
2016-11-03 10:30:00,"C09","ambient","HW","ambient_HW",1758.9,1722.16666666667,36.2115097045899,35.4653333333333,3.30432950114983,3.10975576591294,1.80714580400584,0.0533673308737454,0.0310129011148138,17.16126117,-0.746176371256603,3.06129582050324,0.0590320540701214,0.0526791048507139
2016-11-03 10:30:00,"C10","elevated","HW","elevated_HW",1758.9,1694.5,36.4874992370605,36.6926666666667,3.24566330620716,3.04823470061735,1.28000030206761,0.0518101047292196,0.0217558541965698,16.99675708,0.205167429606206,3.31492281605232,0.0386132761785368,0.0789426591652877
2016-11-03 10:30:00,"C12","elevated","HW","elevated_HW",1724.6,810.566666666667,35.3861465454101,36.1216666666667,3.1234427080281,5.27787771601059,2.03013741342348,0.143353452952697,0.0551409532092555,27.16119256,0.735520121256599,3.3620388173945,0.0603841158204351,0.0874050674469669
2016-11-03 11:00:00,"C03","ambient","HW","ambient_HW",1778.8,1409.27333333333,37.922981262207,36.079,3.64220806935467,5.99459655752952,0.788979128644869,0.0740107936830494,0.00974093434812105,12.34625099,-1.843981262207,3.00729888406011,0.0262354743928771,0.228492020680101
2016-11-03 11:00:00,"C04","elevated","HW","elevated_HW",1778.8,859.05,37.9502792358398,39.0153333333333,3.76524621150749,1.59837407726276,1.06638934585997,0.037870210887851,0.0252659186549331,23.69295863,1.0650540974935,4.1584074481156,0.0256441765066386,0.0623289298000652
2016-11-03 11:00:00,"C07","ambient","HW","ambient_HW",1786.6,1338.89,39.0027465820312,39.946,3.88459818316282,2.64111653762221,1.08126721862788,0.0385620548865536,0.0157872192452735,14.6006639,0.943253417968798,4.24928188633172,0.0254458811524341,0.103793479259002
2016-11-03 11:00:00,"C09","ambient","HW","ambient_HW",1798.5,772.436666666667,36.0892836252848,37.872,3.5224305965995,1.71079162318127,1.84516359042241,0.029359341852862,0.0316653342766139,17.16126117,1.7827163747152,4.13564314226342,0.0446161220141581,0.038344695727665
2016-11-03 11:00:00,"C10","elevated","HW","elevated_HW",1798.5,855.776666666667,39.5100479125976,39.485,4.19593752846086,1.6251160486359,1.24368410623586,0.0276217027054738,0.0211385966379478,16.99675708,-0.0250479125976,4.18624364316672,0.0297088323625393,0.0547014446345274
2016-11-03 11:00:00,"C12","elevated","HW","elevated_HW",1782.1,456.42,37.9390144348145,38.667,3.78801829667346,3.70362744042242,1.99171637248972,0.100594938079813,0.054097391918098,27.16119256,0.727985565185499,4.05448385557937,0.0491237958624233,0.0753937552137633
2016-11-03 11:30:00,"C03","ambient","HW","ambient_HW",1806.8,1737.4,41.5212631225586,39.0583333333333,4.63236134631748,4.52234608818771,1.85417748685904,0.0558340198684101,0.0228921406327691,12.34625099,-2.4629297892253,3.64308072886729,0.0508958660225885,0.0888548803979602
2016-11-03 11:30:00,"C04","elevated","HW","elevated_HW",1806.8,863.886666666667,41.3429660797119,41.325,4.66480144749951,1.02380382300465,0.986241314230004,0.0242569416236849,0.0233669746572483,23.69295863,-0.017966079711897,4.65723322412297,0.0211765498262271,0.0483461107406964
2016-11-03 11:30:00,"C07","ambient","HW","ambient_HW",1805.6,1474.95,42.2531795501709,43.3826666666667,5.18659498521043,1.94243016141246,1.91139816507128,0.0283607699360061,0.0279076821872826,14.6006639,1.1294871164958,5.69573139522692,0.0335584323142951,0.0578820292682454
2016-11-03 11:30:00,"C09","ambient","HW","ambient_HW",1798.4,1626.63333333333,41.6822547912598,41.4953333333333,4.51857172874975,0.990164676910415,1.58618004139073,0.0169924746217683,0.0272208499529478,17.16126117,-0.186921457926502,4.4389066134295,0.0357335753942624,0.0277096446685098
2016-11-03 11:30:00,"C10","elevated","HW","elevated_HW",1798.4,765.626666666667,42.0564956665039,42.1886666666667,5.07303947030757,0.609218715301301,1.35357091337355,0.0103547425125659,0.023006316005164,16.99675708,0.132171000162799,5.13075969194316,0.0263814911366647,0.0230926565956924
2016-11-03 11:30:00,"C12","elevated","HW","elevated_HW",1806.8,936.456666666667,39.9643173217773,41.8373333333333,4.41652051422567,2.43681761305519,1.56717433755933,0.0661868724217917,0.0425663239575393,27.16119256,1.873016011556,5.19019336276468,0.0301949123668976,0.0807029205266596
2016-11-03 12:00:00,"C03","ambient","HW","ambient_HW",1790,1496.81666666667,42.8728389739991,40.8766666666667,5.11752209550418,2.42151027495038,1.70373494072514,0.0298965736294013,0.0210347391986254,12.34625099,-1.9961723073324,4.25532584802421,0.0400377080762499,0.0604807415633964
2016-11-03 12:00:00,"C04","elevated","HW","elevated_HW",1790,1120.99333333333,43.1956586837768,43.0426666666667,5.18071104873075,0.413697803921464,1.1131684213257,0.0098017249536331,0.0263742533546922,23.69295863,-0.152992017110101,5.11080653778805,0.0217806800765243,0.0189937964502475
2016-11-03 12:00:00,"C07","ambient","HW","ambient_HW",1784.7,1728.46666666667,43.4581956863403,44.9803333333333,5.41820205496454,1.0474680511775,1.64227227583241,0.0152937289612307,0.0239782655317171,14.6006639,1.522137646993,6.14912727935855,0.026707404176609,0.0392201370170935
2016-11-03 12:00:00,"C09","ambient","HW","ambient_HW",1778.9,420.236666666667,43.6263484954834,42.382,5.54280776852507,0.761078312329466,0.641082416668761,0.0130610636887088,0.0110017827839474,17.16126117,-1.2443484954834,4.97713346939321,0.0128805550546531,0.0590873847516784
2016-11-03 12:00:00,"C10","elevated","HW","elevated_HW",1778.9,557.876666666667,43.762056350708,43.807,5.41297888875165,0.427438802122432,1.23504786494599,0.00726507348624117,0.0209918085426597,16.99675708,0.0449436492920015,5.43413993753625,0.0227275682838955,0.0188070627171016
2016-11-03 12:00:00,"C12","elevated","HW","elevated_HW",1794.1,486.843333333333,42.8147926330566,43.3456666666667,5.53690566114543,1.09307674929195,1.3208656655977,0.0296892680703775,0.0358762866891918,27.16119256,0.530874033610104,5.77904827346037,0.0228561106101783,0.0478242675639302
2016-11-03 12:30:00,"C03","ambient","HW","ambient_HW",1729.6,1727.4,43.5122985839844,40.9146666666667,5.37056274117169,2.7747389858719,1.99463469257803,0.0342576239513125,0.0246262605479299,12.34625099,-2.59763191731771,4.2308966000458,0.0471444916086212,0.0588560591321445
2016-11-03 12:30:00,"C04","elevated","HW","elevated_HW",1761.4,1697.7,42.5778732299805,43.1163333333333,5.13097472313468,0.0146769329210852,0.600400466343835,0.000347739964514556,0.0142252634105172,23.69295863,0.538460103352804,5.37399928665278,0.0111723212884495,0.00131368697177183
2016-11-03 12:30:00,"C07","ambient","HW","ambient_HW",1753.4,1710.2,43.2244930267334,44.938,5.18622692903769,0.573224490009399,1.64241078888436,0.00836945811787614,0.0239802879142344,14.6006639,1.7135069732666,6.00400339565192,0.0273552608260313,0.0209548171978648
2016-11-03 12:30:00,"C09","ambient","HW","ambient_HW",1742.4,456.533333333333,36.7819633483887,42.7336666666667,3.67655311258591,0.708503963884707,-0.9636304499273,0.0121588215642057,-0.016537113822567,17.16126117,5.951703318278,6.01413700650471,-0.0160227551997081,-0.0442186100364072
2016-11-03 12:30:00,"C10","elevated","HW","elevated_HW",1725.1,749.743333333333,43.3453216552735,44.0526666666667,5.5752334332277,0.0847314038645565,0.144136797984743,0.00144015908853324,0.00244985814163571,16.99675708,0.707345011393201,5.90700839001763,0.00244009807448932,0.0347245894541717
2016-11-03 12:30:00,"C12","elevated","HW","elevated_HW",1755.2,493.373333333333,43.7497501373291,43.7936666666667,5.82757251286227,0.463311192680127,1.2320204824166,0.0125840845195882,0.0334631455607815,27.16119256,0.0439165293376007,5.84823803450306,0.021066524227434,0.0219927686066397
2016-11-03 13:00:00,"C03","ambient","HW","ambient_HW",1670.4,1669.5,43.4878711700439,41.1306666666667,5.42751688232086,2.71643256229242,2.24536031870419,0.033537758211471,0.0277217820577083,12.34625099,-2.3572045033772,4.38890541839383,0.0511599158481275,0.0530968926992839
2016-11-03 13:00:00,"C04","elevated","HW","elevated_HW",1693,1529.1275862069,43.9090976715088,43.454,5.43317076682206,0.318732034942159,1.62529799609588,0.00755170491794029,0.0385081181829217,23.69295863,-0.455097671508803,5.21988254271905,0.0311366775553777,0.0102365460918328
2016-11-03 13:00:00,"C07","ambient","HW","ambient_HW",1656.2,1314.4,43.3895168304444,45.4233333333333,5.47037776868932,1.0087100344493,1.75884856748076,0.0147278361855516,0.025680356784783,14.6006639,2.0338165028889,6.45535842058948,0.0272463347948409,0.0370218615474218
2016-11-03 13:00:00,"C09","ambient","HW","ambient_HW",1665.6,1397.92333333333,43.7089525858561,43.166,5.69787354396937,0.891629370166866,1.18529893693032,0.0153014844882762,0.0203412246211846,17.16126117,-0.542952585856106,5.44619283473597,0.0217638077258383,0.0409684454760327
2016-11-03 13:00:00,"C10","elevated","HW","elevated_HW",1616,1495.66666666667,44.0146560668945,44.4153333333333,5.87448018568475,0.206825286362487,0.860355058491193,0.00351535915030462,0.014623245931724,16.99675708,0.400677266438798,6.06681829640444,0.0141813223415821,0.014584344208582
2016-11-03 13:00:00,"C12","elevated","HW","elevated_HW",1665.6,133.363333333333,43.5696640014648,43.595,5.97026139420762,0.451870767460363,1.21177561118178,0.0122733489272259,0.0329132707148199,27.16119256,0.0253359985351977,5.98208236647513,0.0202567523639064,0.0223071674739683
2016-11-03 13:30:00,"C03","ambient","HW","ambient_HW",1537.4,1597.5,42.9868087768555,41.207,5.20093894177739,2.36046654469795,2.40240668994367,0.029142912414339,0.0296607159740997,12.34625099,-1.7798087768555,4.42441358569672,0.0542988724587184,0.0434717414526892
2016-11-03 13:30:00,"C04","elevated","HW","elevated_HW",1565.5,739.865517241379,43.5360298156738,43.542,5.51057188899473,0.311671853121757,1.53549987536122,0.00738442832214923,0.0363805350233036,23.69295863,0.00597018432620189,5.51335195499512,0.0278505687265267,0.0111908613494453
2016-11-03 13:30:00,"C09","ambient","HW","ambient_HW",1493.4,610.226666666667,36.4232355753581,43.3433333333333,3.63431840474758,0.395711066009318,-0.686685147744622,0.00679090095164501,-0.0117843831620055,17.16126117,6.9200977579752,6.37063181357024,-0.0107789175051978,-0.0367115775604089
2016-11-03 13:30:00,"C10","elevated","HW","elevated_HW",1493.4,1416.83333333333,43.0571823120117,44.12,5.26949719276757,0.145328130391822,0.976838828547828,0.00247010692916037,0.0166030922751392,16.99675708,1.0628176879883,5.76555343869563,0.0169426723546044,0.00857763919115907
2016-11-03 14:00:00,"C03","ambient","HW","ambient_HW",1437.5,953.263333333333,42.2719497680664,39.928,5.16710983215276,2.40402049819907,1.93724401936209,0.0296806404558706,0.0239177008919208,12.34625099,-2.3439497680664,4.18986964439089,0.0462363792619549,0.0519941339822254
2016-11-03 14:00:00,"C04","elevated","HW","elevated_HW",1437.5,401.086666666667,42.6085777282714,42.863,5.29142225926675,0.152112296999297,1.56474507074904,0.00360399035991861,0.0370734402277534,23.69295863,0.2544222717286,5.40567153243216,0.0289463586783087,0.00525497174583427
2016-11-03 14:00:00,"C07","ambient","HW","ambient_HW",1413.6,1436.56666666667,42.4634828567505,44.652,5.19960737529055,0.633975921039654,1.46651819757881,0.00925646934379292,0.021412139306082,14.6006639,2.1885171432495,6.21991298012878,0.0235777928447553,0.0268886882336265
2016-11-03 14:00:00,"C09","ambient","HW","ambient_HW",1390.4,224.41,42.1171808242797,42.2683333333333,5.17710693430602,0.629822062489452,1.57651486501554,0.0108085409050096,0.0270549833369191,17.16126117,0.151152509053603,5.24332790074979,0.0300670660858364,0.020947240435479
2016-11-03 14:00:00,"C10","elevated","HW","elevated_HW",1390.4,783.906666666667,41.8807334899902,43.0633333333333,4.92612200374196,0.12647717684032,0.608076420422595,0.00214970185091912,0.0103353272039988,16.99675708,1.1825998433431,5.45090273818359,0.0111555177120116,0.0113376339947125
2016-11-03 14:00:00,"C12","elevated","HW","elevated_HW",1460.7,80.874,42.611255645752,42.7733333333333,5.21487544561498,0.145131783434627,1.33273864905449,0.00394195231644414,0.0361987710791233,27.16119256,0.162077687581295,5.28751340193447,0.0252053951970485,0.00575796500312843
2016-11-03 14:30:00,"C03","ambient","HW","ambient_HW",1290,1292.1,40.3927488327026,37.8376666666667,4.74439924504021,2.15669549544978,1.81246773449424,0.0266271038958254,0.0223771815613426,12.34625099,-2.5550821660359,3.77251143302806,0.0480440620703285,0.0448899489866768
2016-11-03 14:30:00,"C04","elevated","HW","elevated_HW",1290,862.4,41.7783155441284,42.451,5.15902887323111,0.515654725646579,1.63602917118238,0.0122173860821084,0.0387623714702974,23.69295863,0.672684455871604,5.45269917944899,0.0300040240134374,0.0171861856068253
2016-11-03 14:30:00,"C07","ambient","HW","ambient_HW",1263,1181.54333333333,41.4785823822021,43.6436666666667,5.07753092044395,0.922964621361956,1.5228195299833,0.0134758962280967,0.0222341761376421,14.6006639,2.1650842844646,6.04241358913282,0.0252021730641223,0.0366224221623128
2016-11-03 14:30:00,"C09","ambient","HW","ambient_HW",1237.4,1073.54666666667,41.3466831843058,41.7013333333333,5.0197397825531,0.828545964878894,1.06927568730843,0.0142188936946363,0.0183501193326312,17.16126117,0.354650149027499,5.17044372471038,0.0206805400897836,0.0400640390087396
2016-11-03 14:30:00,"C10","elevated","HW","elevated_HW",1237.4,1038.25666666667,41.4800844192504,42.4926666666667,4.89053436423582,0.203546998470214,1.33541628030824,0.00345963888736135,0.0226977461170764,16.99675708,1.0125822474163,5.33003274320768,0.025054560537363,0.00812414962005306
2016-11-03 14:30:00,"C12","elevated","HW","elevated_HW",1315.6,79.377,41.4489994049072,42.2883333333333,5.13097815821655,0.234915231733252,0.914526917397698,0.00638057784438387,0.0248396417047421,27.16119256,0.8393339284261,5.49332059595249,0.0166479800591199,0.0141107348098104
2016-11-03 15:00:00,"C03","ambient","HW","ambient_HW",1120.4,121.563333333333,40.5901927947998,36.3463333333333,5.05977839980274,-0.171959235572344,1.65914460176219,-0.00212305188242469,0.0204842156820595,12.34625099,-4.2438594614665,3.49221921581365,0.0475097495096861,-0.00361945153041242
2016-11-03 15:00:00,"C04","elevated","HW","elevated_HW",1120.4,317.426666666667,40.6564712524414,41.523,5.0136992036282,0.559193283151358,1.67955860601577,0.013248943323879,0.0397937125689921,23.69295863,0.866528747558604,5.37467739760311,0.0312494775363594,0.0178944842357996
2016-11-03 15:00:00,"C07","ambient","HW","ambient_HW",1091.3,1136.03333333333,40.3504447937012,42.691,5.01364236216676,0.784363961401012,1.37856785304972,0.0114522345756887,0.0201280058857235,14.6006639,2.3405552062988,6.00846830150227,0.0229437484542449,0.0341863912501139
2016-11-03 15:00:00,"C09","ambient","HW","ambient_HW",1061.2,1140.26666666667,37.4410177866617,41.0593333333333,4.07905249731793,0.938422297392523,0.407648731030564,0.0161045101333045,0.00699576633883459,17.16126117,3.6183155466716,5.46473429854671,0.00745962582552227,0.125800183459848
2016-11-03 15:00:00,"C10","elevated","HW","elevated_HW",1061.2,175.973333333333,40.3344697952271,41.645,4.95286977552521,0.196611634686271,0.271889297018416,0.00334176019386425,0.00462123633407399,16.99675708,1.3105302047729,5.49634628798098,0.00494672793111606,0.0397457950839662
2016-11-03 15:00:00,"C12","elevated","HW","elevated_HW",1151.6,96.7336666666667,41.2136821746826,41.684,4.88511414059509,0.196392554123479,1.36533576139999,0.00533425597989803,0.0370841475244393,27.16119256,0.470317825317395,5.08428435756352,0.026854040124032,0.00731333360702492
2016-11-03 15:30:00,"C03","ambient","HW","ambient_HW",931.2,144.120689655172,39.2492370605468,35.652,4.65000470002998,0.243938765071526,0.682663385190814,0.0030117292197637,0.00842833349524883,12.34625099,-3.5972370605468,3.38386278032072,0.020174085934008,0.0120916886083206
2016-11-03 15:30:00,"C04","elevated","HW","elevated_HW",931.2,134.29,38.6509005228679,39.9253333333333,4.42024365272456,0.753835103951718,1.37049819893756,0.0178605839317698,0.0324711571299171,23.69295863,1.2744328104654,4.90874481670979,0.0279195242391144,0.0270002847289074
2016-11-03 15:30:00,"C07","ambient","HW","ambient_HW",902.2,951.7,39.1989364624023,40.684,4.53823411588441,1.39937777144134,1.60705041915733,0.020431844509946,0.0234640030404703,14.6006639,1.4850635375977,5.12503369557522,0.0313568751859095,0.0446274624988832
2016-11-03 15:30:00,"C09","ambient","HW","ambient_HW",839.5,832.61,39.125192006429,40.0406666666667,4.55629674694421,1.14554921397984,1.66716767686432,0.0196590692441963,0.0286106999168507,17.16126117,0.915474660237699,4.91202924167592,0.033940507982308,0.0337516814591277
2016-11-03 15:30:00,"C10","elevated","HW","elevated_HW",839.5,139.134482758621,38.853775024414,39.6836666666667,4.42376478534913,0.282328721131416,0.699407481307911,0.00479867268977774,0.0118876590597252,16.99675708,0.829891642252704,4.74155988613418,0.0147505778288955,0.0191401804326845
2016-11-03 15:30:00,"C12","elevated","HW","elevated_HW",966.6,238.408,39.3481092453003,40.4836666666667,4.60197130361543,0.404628794946092,1.24982026417795,0.0109902006148516,0.0339466088607273,27.16119256,1.1355574213664,5.05010695376571,0.0247483919770451,0.0163497004298864
2016-11-03 16:00:00,"C03","ambient","HW","ambient_HW",424.7,159.100333333333,38.6115798950195,35.1846666666667,4.36891653456268,-0.0365553752969658,1.09704408207616,-0.000451321838449985,0.0135443815844064,12.34625099,-3.4269132283528,3.19395257682061,0.0343475382207522,-0.00106427933967272
2016-11-03 16:00:00,"C04","elevated","HW","elevated_HW",424.7,139.98,37.4710216522217,37.303,4.17538057413348,0.337107513327434,1.32077046904783,0.00798707436712907,0.031292960082876,23.69295863,-0.168021652221704,4.11647746985859,0.0320849677599038,0.0105067119234794
2016-11-03 16:00:00,"C07","ambient","HW","ambient_HW",387.4,765.463333333333,38.0258102416992,39.377,4.20107970389719,0.807724318496706,0.467743222652598,0.011793311298227,0.00682936158545345,14.6006639,1.35118975830081,4.70502331030854,0.00994135824211092,0.0812488896210621
2016-11-03 16:00:00,"C09","ambient","HW","ambient_HW",374.9,724.99,37.1298770904541,39.3036666666667,3.88073535696803,1.00664082970516,0.80109151060494,0.0172752261829557,0.0137477406345612,17.16126117,2.1737895762126,4.67345221945822,0.0171413223669977,0.0587259727197742
2016-11-03 16:00:00,"C10","elevated","HW","elevated_HW",374.9,245.913793103448,37.7185726165771,38.6643333333333,4.12917705843554,0.271428625981829,0.893680148410526,0.00461340642037132,0.0151896643897521,16.99675708,0.945760716756205,4.47355710307578,0.019976947378096,0.0135870922040592
2016-11-03 16:00:00,"C12","elevated","HW","elevated_HW",498.1,446.906666666667,38.5869369506836,39.5296666666667,4.36910104823801,0.423740045434318,1.4578770328981,0.0115092849694246,0.0395976788193468,27.16119256,0.942729715983099,4.72658854824866,0.0308441705474509,0.0137380917662361
2016-11-03 16:30:00,"C03","ambient","HW","ambient_HW",516.3,88.0603333333333,35.7261142730713,32.5153333333333,3.83455164002684,-0.465608989092451,0.475000421335948,-0.00574852544253558,0.00586447442216936,12.34625099,-3.210780939738,2.87100307878872,0.0165447548574678,-0.0281423927464412
2016-11-03 16:30:00,"C04","elevated","HW","elevated_HW",516.3,57.1416666666667,35.3746490478515,33.8396666666667,3.734381674628,0.058489553449287,0.793450490658939,0.00138579057016113,0.0187991896501354,23.69295863,-1.5349823811848,3.26307833082355,0.0243160111470166,0.00240539260718604
2016-11-03 16:30:00,"C07","ambient","HW","ambient_HW",410.3,565.78,34.9293775558472,34.7486666666667,3.52801080612132,1.03242162760929,0.83364670626159,0.0150740411878143,0.0121717953694675,14.6006639,-0.180710889180503,3.47191165550554,0.0240111727768085,0.0429975510653301
2016-11-03 16:30:00,"C09","ambient","HW","ambient_HW",271.8,384.983333333333,34.8386020660401,34.197,3.58154323825891,0.258015382710256,0.761974238038002,0.00442786936856821,0.0130764389037819,17.16126117,-0.6416020660401,3.38542409019954,0.0225074973692023,0.0114635305062084
2016-11-03 16:30:00,"C10","elevated","HW","elevated_HW",271.8,442.096666666667,35.1603507995605,34.7893333333333,3.71604476779561,0.350174886515932,0.0504308884291959,0.00595183748162786,0.000857161559959625,16.99675708,-0.371017466227194,3.60011071273281,0.00140081493190842,0.249979407371726
2016-11-03 16:30:00,"C12","elevated","HW","elevated_HW",477.9,395.176666666667,35.3618335723877,36.629,3.71772469590708,0.534098938875263,0.636572232484961,0.0145067641248827,0.0172900609848731,27.16119256,1.2671664276123,4.13359037153575,0.0153999834349444,0.034681786583181
2016-11-03 17:00:00,"C03","ambient","HW","ambient_HW",105.5,66.0736666666667,35.2497520446777,32.611,3.61680263668361,-1.07046096637171,0.823269903177898,-0.013216179765823,0.0101642968571473,12.34625099,-2.6387520446777,2.83240912032752,0.0290660659602276,-0.0368285466576891
2016-11-03 17:00:00,"C04","elevated","HW","elevated_HW",105.5,42.6233333333333,34.8517189025878,33.4676666666667,3.54538525752413,-0.528745214865645,0.50067608689811,-0.0125275385016222,0.0118624978139072,23.69295863,-1.3840522359211,3.12953560287616,0.0159984147947692,-0.0330498503538314
2016-11-03 17:00:00,"C07","ambient","HW","ambient_HW",154,156.704666666667,34.5644474029541,33.9526666666667,3.54322758870221,-0.357953531092459,0.680128343098143,-0.0052263591992992,0.00993032534643987,14.6006639,-0.6117807362874,3.35855432149919,0.0202506280379157,-0.0176761693722415
2016-11-03 17:00:00,"C09","ambient","HW","ambient_HW",142,65.959,34.9014825820923,33.2736666666667,3.59768720480819,-0.545921566089707,0.808433356957401,-0.00936870257400088,0.0138737359772858,17.16126117,-1.6278159154256,3.11027362179501,0.0259923548620406,-0.0210031591591947
2016-11-03 17:00:00,"C10","elevated","HW","elevated_HW",142,248.754,33.8761777877807,33.7863333333333,3.3912508190807,-0.0840511558996415,0.139536302441205,-0.00142859707911941,0.00237166463643456,16.99675708,-0.0898444544473946,3.3646871516945,0.00414708102567375,-0.0202675461075628
2016-11-03 17:00:00,"C12","elevated","HW","elevated_HW",94.4,99.233,34.2127380371094,33.633,3.44807593705036,0.0598128468334052,0.489698998371187,0.00162458825040391,0.0133008087911989,27.16119256,-0.579738037109401,3.27590014677962,0.0149485325080066,0.00400125208286291
2016-11-03 17:30:00,"C03","ambient","HW","ambient_HW",72.6,42.8593333333333,33.694746017456,31.532,3.40007306953279,-0.715231009526071,0.261040951192888,-0.00883042155943995,0.00322287710209574,12.34625099,-2.162746017456,2.79729154956976,0.00933191791299113,-0.0766435170341978
2016-11-03 17:30:00,"C04","elevated","HW","elevated_HW",72.6,32.7296666666667,33.931318283081,32.4873333333333,3.30598816531586,-0.385908310897034,0.510071338517515,-0.0091433096450566,0.0120850991218442,23.69295863,-1.4439849497477,2.8917180554561,0.0176390411767534,-0.0218780775570514
2016-11-03 17:30:00,"C07","ambient","HW","ambient_HW",60.5,64.7776666666667,33.6551656723022,33.183,3.38054129468078,-0.224374545573145,0.651799621424593,-0.00327601732762872,0.00951670720256773,14.6006639,-0.472165672302204,3.24370840280603,0.0200942729889266,-0.0111660942247969
2016-11-03 17:30:00,"C09","ambient","HW","ambient_HW",54.2,45.0066666666667,33.4940805435181,32.032,3.1853334762221,-0.576076182795648,0.553496231276451,-0.00988619382677277,0.0094986933815459,17.16126117,-1.46208054351811,2.77492320718074,0.0199463621135228,-0.028881265642174
2016-11-03 17:30:00,"C10","elevated","HW","elevated_HW",54.2,33.6013333333333,33.35591506958,32.6103333333333,3.31319564768168,-0.0446932935177544,0.346259386749161,-0.00075964105302641,0.00588528668324526,16.99675708,-0.745581736246699,3.10167055531208,0.011163641675488,-0.00400346901279421
2016-11-03 17:30:00,"C12","elevated","HW","elevated_HW",133.9,18.15,33.9317798614502,32.9356666666667,3.54930609646314,-0.457970276501797,0.256957229343218,-0.0124390188668217,0.00697926478587524,27.16119256,-0.996113194783504,3.26040956714278,0.00788113346043208,-0.0581096968857433
2016-11-03 18:00:00,"C03","ambient","HW","ambient_HW",22,15.8544666666667,32.1125402450562,29.8396666666667,2.91205447120758,-0.976632460491641,0.573888507883793,-0.0120577494822111,0.0070853715586099,12.34625099,-2.2728735783895,2.32772303009536,0.0246545014361215,-0.0396127442699274
2016-11-03 18:00:00,"C04","elevated","HW","elevated_HW",22,11.1688666666667,32.057710647583,30.305,2.76305634139847,-0.761966923642961,0.438922053557682,-0.018053250799301,0.0103993620567368,23.69295863,-1.752710647583,2.30792214201189,0.0190180615527637,-0.0400654357716196
2016-11-03 18:00:00,"C07","ambient","HW","ambient_HW",15.3,18.2859333333333,31.7899589538575,31.4133333333333,2.91697928270965,-0.901115350480693,0.482448603868115,-0.0131568823674993,0.00704406991410259,14.6006639,-0.376625620524202,2.81714801144586,0.0171254262079224,-0.0526185649069468
2016-11-03 18:00:00,"C12","elevated","HW","elevated_HW",27.8,5.82573333333333,32.3912239074707,31.0926666666667,3.07159835949958,-0.757914246990413,0.314848278385472,-0.020585854806474,0.0085516547164123,27.16119256,-1.298557240804,2.72495318502215,0.0115542637618896,-0.0655960658861106
2016-11-04 04:30:00,"C09","ambient","HW","ambient_HW",10.2,1.9043,9.75567022959391,11.6456666666667,0.0869516686658424,-0.0135401048755276,0.0127275802803935,-0.000232365276038119,0.000218421329253975,17.16126117,1.88999643707279,0.249592345851245,0.00509934719231295,-0.00265526240220292
2016-11-04 04:30:00,"C10","elevated","HW","elevated_HW",10.2,0.913166666666667,13.0057487487793,13.6066666666667,0.196759269273342,-0.316973820368341,-0.0203751583730242,-0.00538752702552024,-0.000346311617332821,16.99675708,0.600917917887399,0.25688225582017,-0.00793171108995857,0.0399628550224964
2016-11-04 05:00:00,"C03","ambient","HW","ambient_HW",40.2,23.6986666666667,10.1990432739258,10.1193333333333,0.155489948711896,0.396476063350509,0.194160648953947,0.00489499298965252,0.00239715610436671,12.34625099,-0.079709940592501,0.148848399093146,0.130441879211912,0.00303948444890467
2016-11-04 05:00:00,"C04","elevated","HW","elevated_HW",40.2,19.1848,14.092248916626,13.3306666666667,0.251603774758059,0.536192688461606,0.143984519251917,0.0127039911854293,0.0034114192579961,23.69295863,-0.7615822499593,0.173615057837299,0.0829331977568733,0.00646535649129926
2016-11-04 05:00:00,"C07","ambient","HW","ambient_HW",46.2,29.585,10.6022109985352,10.5046666666667,0.131665433968625,0.858882301464963,0.189442697751179,0.0125402518133484,0.00276598915817425,14.6006639,-0.0975443318684999,0.123347243712227,0.153584865011784,0.00559223268125454
2016-11-04 05:00:00,"C09","ambient","HW","ambient_HW",53.2,27.483,9.54574553171794,9.923,0.114742569000874,0.773260083918984,0.0496982501329568,0.0132701182524698,0.000852884650223659,17.16126117,0.377254468282061,0.145398214268368,0.0341807843947977,0.0226226547345319
2016-11-04 05:00:00,"C10","elevated","HW","elevated_HW",53.2,12.504,14.1999988555908,13.4093333333333,0.257940372967114,0.633176025099395,0.128335350953125,0.0107619390874944,0.00218128478492682,16.99675708,-0.7906655222575,0.176540588835619,0.0726945297959898,0.00871009176173699
2016-11-04 05:00:00,"C12","elevated","HW","elevated_HW",10.2,7.00003333333333,12.9713611602783,13.6183333333333,0.206661245917618,-0.194356919509938,-0.0312369525781648,-0.00527896571617786,-0.000848432883963123,27.16119256,0.646972173055,0.271350312771851,-0.0115116700102825,0.0168834686310791
2016-11-04 05:30:00,"C03","ambient","HW","ambient_HW",67.1,55.3443333333333,11.2733192443848,11.6823333333333,0.184142853466304,0.446210848082218,0.267089303908901,0.00550903112488382,0.00329755158280368,12.34625099,0.409014088948501,0.220960145425001,0.120876687239309,0.0036914549717831
2016-11-04 05:30:00,"C04","elevated","HW","elevated_HW",67.1,126.969666666667,14.9491827487946,15.756,0.239695237342074,1.83110456710982,0.165876393165892,0.0433842847557371,0.0039301025209731,23.69295863,0.8068172512054,0.330385354563326,0.0502069449734335,0.0364711409562707
2016-11-04 05:30:00,"C07","ambient","HW","ambient_HW",68.6,207.271333333333,12.3814325332642,12.8066666666667,0.1567842158195,1.83057449719246,0.407853063301515,0.0267276029774186,0.00595492549785085,14.6006639,0.425234133402501,0.197620811276654,0.206381635955614,0.00886985166444828
2016-11-04 05:30:00,"C09","ambient","HW","ambient_HW",72.7,167.221,12.3931323687235,12.4506666666667,0.14470190729876,1.83645630942298,0.279383918129697,0.0315159063533021,0.00479458038572163,17.16126117,0.0575342979432012,0.150172337489867,0.186042198449863,0.00987118151002657
2016-11-04 05:30:00,"C10","elevated","HW","elevated_HW",72.7,73.552,15.5002655982971,14.7946666666667,0.274500734947987,1.57510519247092,0.232594029203911,0.026771680331875,0.0039533442126373,16.99675708,-0.7055989316304,0.19610226148995,0.11860853997129,0.0132798632615508
2016-11-04 05:30:00,"C12","elevated","HW","elevated_HW",60.1,32.866,14.6794509887695,15.6923333333333,0.262560583309801,1.155994545372,0.077589636104272,0.0313981904451585,0.00210742704688846,27.16119256,1.0128823445638,0.375352279402651,0.0206711509059572,0.0559230857842006
2016-11-04 06:00:00,"C03","ambient","HW","ambient_HW",84.2,90.384,13.013878107071,13.5643333333333,0.224941047806883,1.15948785789738,0.283849270166662,0.0143153281134586,0.00350447433280592,12.34625099,0.550455226262301,0.279960765562628,0.101388946267603,0.0114360381538739
2016-11-04 06:00:00,"C04","elevated","HW","elevated_HW",84.2,396.426666666667,17.2773294448852,19.2333333333333,0.234701412108614,5.33905482511901,0.353453683857536,0.126498005094847,0.0083743635092577,23.69295863,1.9560038884481,0.493246406291333,0.0716586434993244,0.074506780541685
2016-11-04 06:00:00,"C07","ambient","HW","ambient_HW",85.4,411.036666666667,13.9913434982299,15.077,0.134244119315268,4.60224851987283,0.933471254502187,0.0671958838229356,0.0136293000472978,14.6006639,1.0856565017701,0.25076204505856,0.372253805110017,0.0123632007428713
2016-11-04 06:00:00,"C09","ambient","HW","ambient_HW",87.4,374.34,13.8068733215332,14.9943333333333,0.134585727158178,4.43081037365836,0.400923406715948,0.0760382940170964,0.00688035129181851,17.16126117,1.1874600118001,0.261069755569072,0.153569457267092,0.028852158837497
2016-11-04 06:00:00,"C10","elevated","HW","elevated_HW",87.4,134.22,17.853440284729,18.6253333333333,0.258660226064349,4.64555422445641,0.37614258852073,0.0789593566550534,0.00639320420452925,16.99675708,0.771893048604301,0.360564366767835,0.104320510618545,0.0445315518195954
2016-11-04 06:00:00,"C12","elevated","HW","elevated_HW",81.6,53.305,16.7967462539673,18.66,0.252843853863301,5.5554740584958,0.171079426517145,0.150893300664889,0.00464672124668655,27.16119256,1.8632537460327,0.492064279472826,0.0347676987852951,0.159788374053835
2016-11-04 06:30:00,"C03","ambient","HW","ambient_HW",130.8,638.58,16.7498226165771,18.1206666666667,0.313380532264298,4.40673049507689,0.46535206376087,0.0544066007375062,0.00574535337790618,12.34625099,1.3708440500896,0.486518809815981,0.0956493468231749,0.0460717259598597
2016-11-04 06:30:00,"C04","elevated","HW","elevated_HW",93,383.63,17.915470123291,20.4486666666667,0.235822758924345,7.84256981439287,0.528616507067551,0.185813682165297,0.0125244890330866,23.69295863,2.5331965433757,0.588211302857858,0.0898684714998229,0.0872671993137029
2016-11-04 06:30:00,"C07","ambient","HW","ambient_HW",104.8,602.336666666667,15.2108173370361,16.8476666666667,0.174349744131355,0.775382715974943,0.842709318373664,0.0113211024298193,0.012304115522972,14.6006639,1.6368493296306,0.365517851841032,0.230552164314034,0.00336315522468398
2016-11-04 06:30:00,"C09","ambient","HW","ambient_HW",130.1,541.276666666667,15.4186792373658,17.015,0.189196860116287,6.397244613446,0.493416184233845,0.109784785579723,0.00846764400314184,17.16126117,1.5963207626342,0.377598592977032,0.130672145874192,0.0489564518180111
2016-11-04 06:30:00,"C10","elevated","HW","elevated_HW",130.1,254.886666666667,18.8063631057739,19.719,0.270421582019523,6.91390987754195,0.646776388909927,0.117514046661593,0.0109931011673816,16.99675708,0.9126368942261,0.397861852630245,0.162563056657511,0.0425306340794775
2016-11-04 06:30:00,"C12","elevated","HW","elevated_HW",99.4,64.2293333333333,17.6881909370423,19.9276666666667,0.255340477691108,8.60519224557515,0.202133028306906,0.233727283597885,0.00549017410457979,27.16119256,2.2394757296244,0.560513767828576,0.0360620987223859,0.238621504306221
2016-11-04 07:00:00,"C03","ambient","HW","ambient_HW",636.8,851.873333333333,17.5192985534668,20.9653333333333,0.382314368320454,9.77199510924061,0.640087332263112,0.120647504291737,0.0079026788596399,12.34625099,3.4460347798665,0.86354263645837,0.0741234196481935,0.131834110671374
2016-11-04 07:00:00,"C10","elevated","HW","elevated_HW",346.2,376.813333333333,19.3878116607666,21.424,0.423290541403253,6.5824643276938,0.457994696481956,0.111880547165577,0.00778442460003214,16.99675708,2.0361883392334,0.725948560190647,0.0630891390378512,0.104335935282689
2016-11-04 07:00:00,"C12","elevated","HW","elevated_HW",151.4,79.9243333333333,19.3120880126953,21.838,0.325509725963604,9.60866791664044,0.400031510505333,0.260982879528965,0.010865332886903,27.16119256,2.5259119873047,0.704494496330622,0.0567827729796198,0.169218011245931
2016-11-04 07:30:00,"C03","ambient","HW","ambient_HW",925.1,1077.53333333333,18.7963552474976,21.8506666666667,0.537970779082072,10.4125027956492,1.17316809839368,0.128555372949162,0.0144842277962294,12.34625099,3.0543114191691,0.990185698623748,0.118479604383729,0.0878843481104598
2016-11-04 07:30:00,"C04","elevated","HW","elevated_HW",925.1,496.826666666667,21.6895203590393,23.6106666666667,0.639893727290467,9.1298578541725,0.94845243757679,0.21631334443669,0.0224716443660295,23.69295863,1.9211463076274,0.961924599928621,0.0985994575507445,0.0925954166580865
2016-11-04 07:30:00,"C07","ambient","HW","ambient_HW",955.4,922.706666666667,19.0290989875793,20.9586666666667,0.556919721834485,7.7719769395192,1.01666716531762,0.11347602313247,0.0148440155789684,14.6006639,1.9295676790874,0.837387385556325,0.121409419684796,0.0640146123727208
2016-11-04 07:30:00,"C09","ambient","HW","ambient_HW",988.4,987.643333333333,19.2262771924336,20.9173333333333,0.556834579981623,9.13361572405806,0.742927239807073,0.156744364866979,0.0127495683926364,17.16126117,1.6910561408997,0.80365289314582,0.0924437958406343,0.0988018248385612
2016-11-04 07:30:00,"C10","elevated","HW","elevated_HW",988.4,141.99,22.0151815414428,23.1356666666667,0.710511584507927,6.93072129081558,0.824688152701398,0.117799786169176,0.0140170241982196,16.99675708,1.1204851252239,0.897543421846134,0.0918828139818705,0.0754300068801016
2016-11-04 07:30:00,"C12","elevated","HW","elevated_HW",844.8,431.934482758621,21.1133069992065,23.0493333333333,0.595059983659606,10.480993110135,0.468893427816591,0.28467627208441,0.0127357046830449,27.16119256,1.9360263341268,0.909911283142125,0.0515317741964247,0.203388943493084
2016-11-04 08:00:00,"C03","ambient","HW","ambient_HW",1112,987.553333333333,20.4114923477172,22.9016666666667,0.754203343736473,10.7002290773212,1.29487072924055,0.132107713839104,0.0159867990228082,12.34625099,2.4901743189495,1.15018538209198,0.11257930672753,0.0950461446988512
2016-11-04 08:00:00,"C04","elevated","HW","elevated_HW",1112,163.463333333333,23.4436988830566,25.336,0.92414394907646,9.05912857228194,1.086812617037,0.214637558486927,0.0257498063740196,23.69295863,1.8923011169434,1.27180565743235,0.0854542996161197,0.106011384014352
2016-11-04 08:00:00,"C07","ambient","HW","ambient_HW",1144.5,779.733333333333,20.8128480911254,22.6276666666667,0.811987557030821,7.54793830144984,1.01536317594385,0.110204910277406,0.0148249764683927,14.6006639,1.8148185755413,1.10147589626034,0.0921820603965231,0.0818807723431459
2016-11-04 08:00:00,"C09","ambient","HW","ambient_HW",1132.6,751.33,21.0368305842082,22.5206666666667,0.818185054911978,9.07770968201721,0.820322414814243,0.155784946678535,0.0140777672042323,17.16126117,1.4838360824585,1.05559262367925,0.0777120260612493,0.116812160769847
2016-11-04 08:00:00,"C10","elevated","HW","elevated_HW",1132.6,213.86,24.0918564796448,24.8153333333333,1.03427740297837,6.9325562226726,0.904827124781659,0.117830974060208,0.0153791268393087,16.99675708,0.723476853688499,1.16760255265203,0.0774944455822303,0.0894587498573221
2016-11-04 08:00:00,"C12","elevated","HW","elevated_HW",1042.5,93.509,23.1334271430969,24.785,0.854812509820423,9.82134754300437,0.823466842562063,0.266759511814225,0.0223663414776034,27.16119256,1.6515728569031,1.15144619418125,0.0715158768793011,0.137331009162903
2016-11-04 08:30:00,"C03","ambient","HW","ambient_HW",1327.4,1234.53666666667,23.2499408721924,24.3866666666667,1.20816344105746,12.6980634296177,1.4541934394232,0.156773478189,0.0179538371911302,12.34625099,1.1367257944743,1.41079210313137,0.103076380722255,0.123190815787696
2016-11-04 08:30:00,"C07","ambient","HW","ambient_HW",1270.2,1306.63333333333,22.5461769104004,24.8366666666667,1.05513058479747,7.75800468268891,1.0947991528828,0.113272018906567,0.0159847944692465,14.6006639,2.2904897562663,1.46086470211002,0.074941858154387,0.103520313930657
2016-11-04 08:30:00,"C09","ambient","HW","ambient_HW",1299.4,1328.83333333333,22.4932022094727,24.8076666666667,1.03871183048589,8.68314643524005,0.992070973490954,0.149013743752509,0.0170251890752544,17.16126117,2.314464457194,1.44781337506496,0.0685220202117863,0.126720525874783
2016-11-04 08:30:00,"C10","elevated","HW","elevated_HW",1299.4,286.05,25.8558588027954,26.95,1.32499036865057,6.69221977027049,1.24578852296285,0.113746033761261,0.0211743648978515,16.99675708,1.0941411972046,1.54811255668925,0.0804714436027222,0.083162665793709
2016-11-04 08:30:00,"C12","elevated","HW","elevated_HW",1258.8,76.4513333333333,25.2649917602539,27.0243333333333,1.21171932346324,9.24162328550823,0.921424133628671,0.251013509624669,0.0250269783229195,27.16119256,1.7593415730794,1.5658087389723,0.0588465315523426,0.157046185080391
2016-11-04 09:00:00,"C03","ambient","HW","ambient_HW",1427.1,1507.2,24.6675300598144,25.971,1.58784917579535,10.9057704902192,1.23756785873003,0.134645379711581,0.0152793234010378,12.34625099,1.3034699401856,1.83917769330785,0.0672891946891876,0.162073131363714
2016-11-04 09:00:00,"C04","elevated","HW","elevated_HW",1427.1,132.07,27.7019872665405,28.6136666666667,1.84315416590248,7.48584438834645,1.01675680554915,0.17736180140371,0.0240899769306471,23.69295863,0.9116794001262,2.04652226625568,0.0496821765545414,0.150674646472633
2016-11-04 09:00:00,"C07","ambient","HW","ambient_HW",1455.3,1446.26666666667,24.8466014862061,26.82,1.65832910158255,7.96163034556384,0.813928527188031,0.116245088771619,0.0118838968640945,14.6006639,1.9733985137939,2.04918958506116,0.0397195326933959,0.200446223952872
2016-11-04 09:00:00,"C09","ambient","HW","ambient_HW",1511,1464.7,25.3068815867106,26.8753333333333,1.63862763709531,8.10108447386696,1.07072415911589,0.139024826416263,0.0183749769356164,17.16126117,1.5684517466227,1.95340772908836,0.0548131423446138,0.147794563992243
2016-11-04 09:00:00,"C10","elevated","HW","elevated_HW",1449.2,121.906666666667,27.4279727935791,28.591,1.85921652069196,6.30156901587459,0.693625932198426,0.107106237785675,0.0117893914739652,16.99675708,1.1630272064209,2.11671625057511,0.0327689614519645,0.192302982354567
2016-11-04 09:00:00,"C12","elevated","HW","elevated_HW",1361.2,175.632666666667,26.9890279769897,28.896,1.56319480258078,8.68037705560779,0.867495003324939,0.235769392700769,0.0235621988301465,27.16119256,1.9069720230103,1.98405890710121,0.0437232483481241,0.198530012831954
2016-11-04 09:30:00,"C03","ambient","HW","ambient_HW",1565.1,1617.8,26.0670113563538,26.879,1.93939500343157,10.1720861920005,1.43661776433083,0.125587129218351,0.0177368434951211,12.34625099,0.811988643646202,2.10556968692981,0.0682294095155596,0.149086534153293
2016-11-04 09:30:00,"C04","elevated","HW","elevated_HW",1565.1,344.973333333333,29.1698293685913,29.8516666666667,2.25206903030503,6.43822040015517,0.906414769453385,0.152540489591699,0.02147564763428,23.69295863,0.681837298075397,2.41492095881776,0.0375339311269684,0.171530671231217
2016-11-04 09:30:00,"C07","ambient","HW","ambient_HW",1584.1,1566.66666666667,26.2880220413208,27.9836666666667,2.00071282697336,6.30751512740418,0.890236002982803,0.0920939084193942,0.0129980366712313,14.6006639,1.6956446253459,2.35981660886119,0.0377247960557586,0.167198123962856
2016-11-04 09:30:00,"C09","ambient","HW","ambient_HW",1592.1,1611.63333333333,26.344160715739,28.202,1.8501376873692,6.54631566811844,1.3644427980907,0.112343032881843,0.0234155592095601,17.16126117,1.857839284261,2.24638535133054,0.0607394807521575,0.107776944864414
2016-11-04 09:30:00,"C10","elevated","HW","elevated_HW",1592.1,164.776666666667,29.4844613075256,30.1636666666667,2.41664445554888,5.40140267207924,0.942157370267882,0.0918063291085938,0.0160136199535748,16.99675708,0.6792053591411,2.58143888095006,0.0364973727335018,0.147994287466099
2016-11-04 09:30:00,"C12","elevated","HW","elevated_HW",1542.8,93.5233333333333,28.5526819229126,30.1856666666667,2.05728375826998,7.58823099718897,0.83944017945252,0.206105403304411,0.0228001963567109,27.16119256,1.6329847437541,2.44461962295939,0.0343382737980446,0.220984637778183
2016-11-04 10:00:00,"C03","ambient","HW","ambient_HW",1651.1,1481.08666666667,27.290946483612,27.9413333333333,2.22038874867762,9.90957221933612,1.76107815381832,0.122346065823455,0.0217427129000469,12.34625099,0.650386849721301,2.3615191676475,0.0745739512913914,0.132882488425688
2016-11-04 10:00:00,"C04","elevated","HW","elevated_HW",1651.1,1084.77666666667,30.4970345497131,31.3813333333333,2.63460614092284,5.59152620796827,0.835624474986987,0.132479799123953,0.0197984161160822,23.69295863,0.884298783620199,2.86144730354824,0.0292028608722167,0.191471864090138
2016-11-04 10:00:00,"C07","ambient","HW","ambient_HW",1682,1383.88,27.5833959579467,29.2596666666667,2.28901389420972,5.87071083202326,1.21894212353455,0.085716275712461,0.0177973642592803,14.6006639,1.67627070872,2.66804394472444,0.0456867333817638,0.128499246881297
2016-11-04 10:00:00,"C09","ambient","HW","ambient_HW",1698,1445.51333333333,27.4833380381267,29.536,2.12488277563693,5.92203002809112,1.4138275398171,0.101629503968654,0.0242630636601399,17.16126117,2.0526619618733,2.59115686996453,0.0545635641054976,0.108534516122169
2016-11-04 10:00:00,"C10","elevated","HW","elevated_HW",1698,133.73,30.6099472045898,31.4873333333333,2.7123259694031,4.88100226005678,1.05894538187872,0.082961209721116,0.0179986374167805,16.99675708,0.877386128743499,2.93862048941276,0.0360354590085341,0.135449981611191
2016-11-04 10:00:00,"C12","elevated","HW","elevated_HW",1643.4,349.34,30.1041502952575,31.6213333333333,2.36358243142483,6.82610916506142,1.12576937519618,0.185405265467814,0.0305772387778543,27.16119256,1.5171830380758,2.75134686803405,0.0409170282480808,0.166828077632485
2016-11-04 10:30:00,"C03","ambient","HW","ambient_HW",1693.8,1722.76666666667,28.0751481056213,28.6593333333333,2.38136816467218,9.33217735022391,2.04702535352495,0.115217403849058,0.0252730887975125,12.34625099,0.584185227712002,2.51306881077538,0.0814552050762733,0.11456821379905
2016-11-04 10:30:00,"C04","elevated","HW","elevated_HW",1693.8,209.13,31.1000843048095,32.1906666666667,2.81636827745569,4.68606666391328,1.23899575640303,0.111026783605519,0.0293554751992024,23.69295863,1.0905823618572,3.1060977402556,0.0398891425838092,0.117477247199977
2016-11-04 10:30:00,"C07","ambient","HW","ambient_HW",1764.3,1699.03333333333,28.38738489151,30.1023333333333,2.44740760021077,5.58303365945584,1.5131907116611,0.0815159980041019,0.0220935889975655,14.6006639,1.7149484418233,2.85165752929975,0.0530635497465461,0.105214100566637
2016-11-04 10:30:00,"C09","ambient","HW","ambient_HW",1773.6,1749.36666666667,26.5146091779073,30.4833333333333,2.10876430863257,5.38353510303345,1.30160166072665,0.0923882519210198,0.0223371260390358,17.16126117,3.968724155426,3.01073134783277,0.0432320758763013,0.124526407624681
2016-11-04 10:30:00,"C10","elevated","HW","elevated_HW",1773.6,120.41,31.6478972434997,32.576,2.92286958462059,4.67746754387369,1.06414591990689,0.0795017795928054,0.0180870296983305,16.99675708,0.928102756500301,3.17516637631863,0.0335146506918068,0.139564860361716
2016-11-04 10:30:00,"C12","elevated","HW","elevated_HW",1740.3,787.43,30.9298524856567,32.4056666666667,2.5545149196784,6.33675110381396,1.55932366960695,0.172113716935483,0.0423530904535601,27.16119256,1.47581418101,2.94705395517204,0.0529112698079504,0.11976184141515
2016-11-04 11:00:00,"C03","ambient","HW","ambient_HW",1790.2,1428.75666666667,29.5200462341309,29.4586666666667,2.67222131419462,8.3234069631996,2.17850276343784,0.102762871459576,0.0268963418998122,12.34625099,-0.061379567464197,2.65757759709953,0.0819732513479738,0.101538085001253
2016-11-04 11:00:00,"C04","elevated","HW","elevated_HW",1790.2,922.313333333333,32.4708366394043,33.3703333333333,3.13226969108687,4.24389409010077,1.55346162812815,0.100550407106859,0.0368061020885326,23.69295863,0.899496693929002,3.38668726503292,0.045869650976263,0.0925207408335619
2016-11-04 11:00:00,"C07","ambient","HW","ambient_HW",1801.6,1343.26333333333,29.5615758895874,31.4576666666667,2.73518717322185,4.92995206076172,1.61472467009275,0.0719805730822942,0.0235760521990626,14.6006639,1.8960907770793,3.21140241768984,0.0502809819534956,0.098048046581934
2016-11-04 11:00:00,"C09","ambient","HW","ambient_HW",1807,1438.97333333333,29.6988550821941,31.3886666666667,2.63960088022345,4.67619661247773,1.0608077498953,0.0802494313489996,0.0182047988471133,17.16126117,1.6898115844726,3.06470323550927,0.034613718470494,0.135096626976495
2016-11-04 11:00:00,"C10","elevated","HW","elevated_HW",1807,104.286666666667,32.587537765503,34.0213333333333,3.22649615239343,4.02934921938904,0.820014592426975,0.0684858698724431,0.0139375888295365,16.99675708,1.4337955678303,3.63975511175132,0.022529389127842,0.178848578473419
2016-11-04 11:00:00,"C12","elevated","HW","elevated_HW",1794.9,512.956666666667,32.0755715370178,33.2656666666667,2.75929739788715,5.72051657529575,1.87472953527054,0.15537605224428,0.0509198899054025,27.16119256,1.1900951296489,3.09183116394727,0.0606349259018761,0.0943435897745321
2016-11-04 11:30:00,"C03","ambient","HW","ambient_HW",1812.6,1800.7,29.6195678710938,29.8953333333333,2.78043864062755,9.65706782070819,2.23416668914058,0.119228583141916,0.027583582697627,12.34625099,0.275765462239502,2.84712176796392,0.0784710620486848,0.123065338592165
2016-11-04 11:30:00,"C04","elevated","HW","elevated_HW",1812.6,838.563333333333,32.6583442687988,33.3176666666667,3.24433578892883,3.76348711162889,1.72455340561579,0.0891681444403615,0.0408597724944806,23.69295863,0.659322397867903,3.43143144710037,0.0502575508851583,0.0748840133541067
2016-11-04 11:30:00,"C07","ambient","HW","ambient_HW",1811.2,1492.47666666667,29.7934894561768,31.815,2.82188202812219,4.60013600624695,1.87082367426574,0.0671650397215,0.0273152676841171,14.6006639,2.0215105438232,3.33712243555459,0.0560609839882854,0.0820559269385675
2016-11-04 11:30:00,"C09","ambient","HW","ambient_HW",1808,1805.9,30.179615020752,31.691,2.77642700070015,5.28681998557801,1.10267061883348,0.0907284985312798,0.0189232184742868,17.16126117,1.511384979248,3.16410462242969,0.0348493729005316,0.15170488148145
2016-11-04 11:30:00,"C10","elevated","HW","elevated_HW",1808,119.74,32.9639587402344,34.3523333333333,3.38217357617043,4.12003040359173,0.940795825394458,0.070027155932063,0.0159904781061077,16.99675708,1.3883745930989,3.78928970327143,0.0248277619043547,0.165944494693623
2016-11-04 11:30:00,"C12","elevated","HW","elevated_HW",1809.6,994.496666666667,32.4260234832764,33.739,2.93080144220877,5.30671922331565,2.03123784267703,0.14413682268633,0.0551708421801097,27.16119256,1.31297651672359,3.30514946300211,0.0614567621045503,0.0863488254439415
2016-11-04 12:00:00,"C03","ambient","HW","ambient_HW",1805.2,1502.39333333333,30.1893062591553,30.52,2.89628011430254,7.5145734365822,2.14470935701664,0.0927768097308307,0.026479120022329,12.34625099,0.330693740844701,2.9786713003075,0.0720022164511818,0.104365862704757
2016-11-04 12:00:00,"C04","elevated","HW","elevated_HW",1805.2,1146.25,32.9162216186523,34.1803333333333,3.29172798017335,3.71899211783491,1.69826754462871,0.0881139263931587,0.0402369826775598,23.69295863,1.264111714681,3.66041993807665,0.0463954293047878,0.0801585883256636
2016-11-04 12:00:00,"C07","ambient","HW","ambient_HW",1801.4,1727.5,30.1500453948975,32.428,2.89504287564599,4.7159678848416,1.96863445561207,0.0688562620497661,0.0287433700283513,14.6006639,2.2779546051025,3.48984307412219,0.0564104005194344,0.0836010352952
2016-11-04 12:00:00,"C09","ambient","HW","ambient_HW",1792.2,761.89,30.5061054229736,32.173,2.83764272599763,4.79410460335974,1.12814829728888,0.0822728811745557,0.0193604475682653,17.16126117,1.6668945770264,3.27388849986581,0.0344589712610897,0.139125006577696
2016-11-04 12:00:00,"C10","elevated","HW","elevated_HW",1792.2,122.756666666667,33.4887447357178,34.8736666666667,3.4749568174515,4.1165749140011,0.994279238599538,0.0699684238148985,0.0168995226881637,16.99675708,1.3849219309489,3.89150170602928,0.0255500142029761,0.161118302373452
2016-11-04 12:00:00,"C12","elevated","HW","elevated_HW",1800.1,491.41,33.3735561370849,34.3966666666667,3.20958378073994,5.13202795804526,2.12714983299467,0.139391999591771,0.0577759262179402,27.16119256,1.0231105295818,3.51289765224313,0.0605525706573432,0.0847532631948285
2016-11-04 12:30:00,"C03","ambient","HW","ambient_HW",1745.3,1725.16666666667,30.423348903656,30.7026666666667,2.89628773887287,7.64932418950415,2.53808439679128,0.0944404763474966,0.0313358269965879,12.34625099,0.279317763010702,2.96660555046644,0.0855551691525764,0.0894080891344226
2016-11-04 12:30:00,"C04","elevated","HW","elevated_HW",1745.3,1758.53333333333,33.4139032363891,34.5113333333333,3.4685125014678,3.42692786041372,1.90334861604367,0.0811940600247767,0.0450959600183904,23.69295863,1.09743009694419,3.79508974172365,0.0501529277455032,0.0683295674741737
2016-11-04 12:30:00,"C07","ambient","HW","ambient_HW",1735.7,1713.26666666667,30.4118099212646,31.972,2.90232047773369,4.84608864423783,2.58299561845016,0.0707561115241233,0.0377134508801634,14.6006639,1.5601900787354,3.30765172507728,0.0780915233265621,0.0620565259557368
2016-11-04 12:30:00,"C09","ambient","HW","ambient_HW",1724.4,934.343333333333,26.0539878209432,32.296,2.16678491059942,5.03631454128419,1.35691538327472,0.0864295091772466,0.0232863792779682,17.16126117,6.2420121790568,3.63769819881498,0.0373014832213609,0.135016468685623
2016-11-04 12:30:00,"C10","elevated","HW","elevated_HW",1724.4,331.66,33.6224308013917,35.1143333333333,3.53249992842641,3.82534100938424,1.34374488104838,0.0650183918846659,0.0228393053206728,16.99675708,1.4919025319416,3.98531650169888,0.0337173943518805,0.113453043537775
2016-11-04 12:30:00,"C12","elevated","HW","elevated_HW",1742,493.083333333333,34.0210494995117,34.5953333333333,3.30515750572559,4.74541319793047,2.19435225542422,0.128891081645755,0.0596012241540475,27.16119256,0.574283833821603,3.47892819691683,0.0630755258866494,0.0752338269277099
2016-11-04 13:00:00,"C03","ambient","HW","ambient_HW",1673.3,1684.7,30.4863929748536,30.6516666666667,2.91023513580931,7.99576048259789,2.57023094179871,0.0987176657740771,0.0317327163097109,12.34625099,0.165273691813098,2.95185483491965,0.087071725594144,0.0918295856437654
2016-11-04 13:00:00,"C04","elevated","HW","elevated_HW",1673.3,1627.06666666667,33.7983675003051,34.6593333333333,3.55471998248554,3.89901848983831,2.01055689902387,0.0923792837773441,0.0476360414318337,23.69295863,0.860965833028203,3.81424701504336,0.0527117643690681,0.0739686583537374
2016-11-04 13:00:00,"C07","ambient","HW","ambient_HW",1658.2,1251.09333333333,30.651180267334,32.3853333333333,2.9871663680065,5.18167207492089,2.18527718918717,0.0756558524059355,0.0319064977676585,14.6006639,1.7341530659993,3.44505527614813,0.0634322823298934,0.0816882490207822
2016-11-04 13:00:00,"C09","ambient","HW","ambient_HW",1645.6,519.683333333333,28.375811735789,32.699,2.49467597358994,5.07637579750457,1.8917143128784,0.087117010858043,0.0324642033823332,17.16126117,4.323188264211,3.58340630172526,0.052790952339611,0.0961599587150387
2016-11-04 13:00:00,"C10","elevated","HW","elevated_HW",1645.6,1533.33333333333,33.7181949615479,35.502,3.71009577548239,3.74539585971849,1.2860174517521,0.063659583596073,0.0218581262280711,16.99675708,1.7838050384521,4.25791255853316,0.0302030028581688,0.124007400102122
2016-11-04 13:00:00,"C12","elevated","HW","elevated_HW",1687.8,331.236666666667,33.7032413482666,34.5546666666667,3.2989613267082,4.94082630542812,2.11546967650673,0.134198734687246,0.0574586792384403,27.16119256,0.851425318400096,3.55437327536572,0.059517375149324,0.0830148556288313
2016-11-04 13:30:00,"C03","ambient","HW","ambient_HW",1574.7,1596.83333333333,30.9136786460877,30.7676666666667,3.01884820425287,8.28084752920567,2.28345123976918,0.102237422005495,0.028192062129617,12.34625099,-0.146011979421001,2.98157848368221,0.0765853138619765,0.108125789549281
2016-11-04 13:30:00,"C04","elevated","HW","elevated_HW",1574.7,1148.0275862069,33.9108791351318,35.0566666666667,3.67829332481729,3.71201587594206,1.99695305928219,0.0879486385825984,0.0473137262196249,23.69295863,1.1457875315349,4.02797770038309,0.0495770634254571,0.074873653650813
2016-11-04 13:30:00,"C07","ambient","HW","ambient_HW",1553.9,1420.70666666667,30.8942527770996,32.7956666666667,3.12506211373335,5.08054384020953,2.11377586102222,0.0741793130401147,0.0308625309067186,14.6006639,1.9014138895671,3.63530860775894,0.0581457061585014,0.0873760794367223
2016-11-04 13:30:00,"C09","ambient","HW","ambient_HW",1534.7,1114.54666666667,30.5591100056966,33.0006666666667,2.87659698648743,5.11987259968085,2.30475849809964,0.08786347084025,0.0395525625196648,17.16126117,2.4415566609701,3.52982178674369,0.0652939053964481,0.0784127181334043
2016-11-04 13:30:00,"C10","elevated","HW","elevated_HW",1534.7,1425.3,33.6690940856934,35.7836666666667,3.68106510891238,3.46848483267289,1.7623498137981,0.0589529941366056,0.0299542316751095,16.99675708,2.1145725809733,4.33418469260644,0.0406616223993509,0.085301191344698
2016-11-04 13:30:00,"C12","elevated","HW","elevated_HW",1594.3,94.8033333333333,33.985273361206,34.7646666666667,3.46538697378673,4.92857688131761,2.10714181684824,0.133866025720232,0.0572324846386434,27.16119256,0.779393305460701,3.70198955079214,0.0569191724595052,0.0865890466841206
2016-11-04 14:00:00,"C03","ambient","HW","ambient_HW",1448.5,989.613333333333,30.5693798065185,30.353,2.91475135154746,8.18520585272682,2.17288054167292,0.101056605862582,0.026826928538781,12.34625099,-0.2163798065185,2.86055403609308,0.0759601292007273,0.107756607826418
2016-11-04 14:00:00,"C04","elevated","HW","elevated_HW",1448.5,1042.98333333333,33.7580757141113,34.9326666666667,3.65846116962325,3.66764352355188,2.0811550598122,0.0868973262731021,0.0493087207347458,23.69295863,1.1745909525554,4.01454733418304,0.0518403418012186,0.0707488298903474
2016-11-04 14:00:00,"C07","ambient","HW","ambient_HW",1424.1,1430.13333333333,30.6266059875488,32.391,3.07581860218515,5.49269198601747,2.24534066347149,0.0801969495940646,0.0327834643683503,14.6006639,1.7643940124512,3.54147882665153,0.0634012166492171,0.0866338577760605
2016-11-04 14:00:00,"C09","ambient","HW","ambient_HW",1400.3,636.9,28.3487126032512,32.7796666666667,2.53623825600662,5.21430057294496,1.8891530715365,0.0894839739511891,0.0324202492507456,17.16126117,4.4309540634155,3.6536892159143,0.0517053575139329,0.10084642721095
2016-11-04 14:00:00,"C10","elevated","HW","elevated_HW",1400.3,748.536666666667,33.5220394134521,35.584,3.67512803183532,3.28671324027016,1.76024588997262,0.0558634665364915,0.029918471792933,16.99675708,2.0619605865479,4.30668030096159,0.0408724531881225,0.0804138969868654
2016-11-04 14:00:00,"C12","elevated","HW","elevated_HW",1470.2,82.9543333333333,33.531078338623,34.5753333333333,3.44111308682727,4.78823259220261,2.12441311628912,0.130054107458883,0.0577015937285184,27.16119256,1.0442549947103,3.7532317207772,0.0566022370675586,0.0845944054558749
2016-11-04 14:30:00,"C03","ambient","HW","ambient_HW",1302.9,1228.68965517241,29.6976737976074,28.735,2.71887676927029,5.20967718389733,1.6437981994208,0.0643199820892728,0.0202947451469592,12.34625099,-0.962673797607401,2.49232036814616,0.0659545305824184,0.078988920668417
2016-11-04 14:30:00,"C04","elevated","HW","elevated_HW",1302.9,1113.30666666667,33.4355592727661,34.6736666666667,3.58042989839932,3.72141884090708,2.0111642736264,0.088171422642514,0.0476504319331644,23.69295863,1.2381073939006,3.95052800971441,0.0509087460886473,0.07309979378449
2016-11-04 14:30:00,"C07","ambient","HW","ambient_HW",1277.8,1180.52,30.2564797401429,32.0156666666667,3.00606636391738,5.10792925675819,2.21283526827934,0.0745791583029031,0.032308864018213,14.6006639,1.7591869265238,3.46185838488167,0.0639204445202912,0.0799107280165535
2016-11-04 14:30:00,"C09","ambient","HW","ambient_HW",1249.4,233.66,27.9599822362264,32.374,2.4651156033963,5.18697350080732,2.13281480368467,0.0890150069292236,0.0366017918732749,17.16126117,4.4140177637736,3.55644131582107,0.0599704765040463,0.0864921175081433
2016-11-04 14:30:00,"C10","elevated","HW","elevated_HW",1249.4,987.046666666667,33.1502265930175,35.1636666666667,3.52185701559833,3.25042085877707,1.7034134580495,0.0552466137443988,0.0289525047532702,16.99675708,2.0134400736492,4.12683692471654,0.0412764906664322,0.0787475099335529
2016-11-04 14:30:00,"C12","elevated","HW","elevated_HW",1326.5,77.938,33.4656410217285,34.4266666666667,3.42238805819975,4.8464762163884,2.09478217941322,0.131636073750786,0.056896782146299,27.16119256,0.961025644938196,3.70813858131367,0.0564914749942033,0.0857912847360722
2016-11-04 15:00:00,"C03","ambient","HW","ambient_HW",1135.8,135.010344827586,29.6735730171204,27.9353333333333,2.97015073208679,1.30985259062315,1.21580097124796,0.0161717688437352,0.015010583944913,12.34625099,-1.7382396837871,2.56940984912678,0.0473182965209366,0.0276817359653593
2016-11-04 15:00:00,"C04","elevated","HW","elevated_HW",1135.8,787.26,33.0344505310058,34.3213333333333,3.45597064740667,3.62534973055532,1.92669219174991,0.0858952611853289,0.0456490383918747,23.69295863,1.2868828023275,3.83368016482573,0.0502569882961922,0.0721362312677618
2016-11-04 15:00:00,"C07","ambient","HW","ambient_HW",1105.3,1144.93333333333,30.1497945785522,31.6526666666667,2.97893195751152,5.2603272119961,2.09852689077488,0.0768042696263792,0.030639885817316,14.6006639,1.5028720881145,3.36377289517256,0.0623861050128126,0.0843188913767859
2016-11-04 15:00:00,"C09","ambient","HW","ambient_HW",1075.2,997.186666666667,30.4807739257812,32.0796666666667,2.79902484520895,5.08397357681563,2.37419671717773,0.087247398333112,0.0407442099324436,17.16126117,1.5988927408855,3.21623765992352,0.0738190696154645,0.0688707349374474
2016-11-04 15:00:00,"C10","elevated","HW","elevated_HW",1075.2,173.376666666667,33.1462326049805,34.6796666666667,3.53548025282979,2.96235995480445,1.32806780698333,0.0503505125353311,0.0225728459010641,16.99675708,1.5334340616862,3.99074955941961,0.033278655731443,0.0890168154239924
2016-11-04 15:00:00,"C12","elevated","HW","elevated_HW",1165.1,99.4833333333333,33.0878305435181,34.0523333333333,3.27899942334521,4.73761020326966,2.03394791888562,0.128679143005228,0.0552444510818637,27.16119256,0.964502789815199,3.56059030358003,0.0571238964741484,0.0829356975922271
2016-11-04 15:30:00,"C03","ambient","HW","ambient_HW",951.9,172.9,29.9582223892212,28.2486666666667,3.11548452986932,1.43447336084521,1.2071193025272,0.0177103681514637,0.0149033978838745,12.34625099,-1.7095557225545,2.71536741822908,0.0444551000510444,0.0322679143494922
2016-11-04 15:30:00,"C04","elevated","HW","elevated_HW",951.9,135.346666666667,32.2842955589295,33.807,3.22345462256971,3.39897718118145,1.8129215553473,0.0805318257380462,0.0429534754102787,23.69295863,1.5227044410705,3.65683926179644,0.0495761893142848,0.0685606785877363
2016-11-04 15:30:00,"C07","ambient","HW","ambient_HW",919.4,963.3,29.7525463104248,31.0643333333333,2.8639862031728,5.09742386944048,2.19647606406875,0.0744257726735379,0.0320700087758628,14.6006639,1.3117870229085,3.19173792538703,0.0688175569365521,0.0740715610427752
2016-11-04 15:30:00,"C09","ambient","HW","ambient_HW",811.5,825.346666666667,27.5914971033732,32.0406666666667,2.34142656835298,4.96332961747906,1.99605802721983,0.0851769958383543,0.0342548731155944,17.16126117,4.4491695632935,3.42232836208836,0.0583245619950332,0.0850984464812908
2016-11-04 15:30:00,"C10","elevated","HW","elevated_HW",811.5,192.5,32.5287437438965,34.219,3.29048836754123,2.65425382244481,1.5764079129373,0.045113707448756,0.026793822355185,16.99675708,1.6902562561035,3.7793509099551,0.041711075539054,0.0636342695109752
2016-11-04 15:30:00,"C12","elevated","HW","elevated_HW",956.7,351.626333333333,32.8097162246704,33.9526666666667,3.11383690716575,4.52809055872519,1.88530089212654,0.122988339594653,0.0512070205645889,27.16119256,1.1429504419963,3.44448087619476,0.0547339631105543,0.0827290826644351
2016-11-04 16:00:00,"C03","ambient","HW","ambient_HW",430.9,158.137931034483,29.1938524246216,27.7636666666667,2.91650863824269,1.29223086758538,1.28376236717626,0.0159542066282345,0.0158496523966746,12.34625099,-1.4301857579549,2.59220526378972,0.0495239472394034,0.0260930507283399
2016-11-04 16:00:00,"C04","elevated","HW","elevated_HW",430.9,112.658333333333,31.2429823875428,31.5243333333333,3.04117871747012,2.44481912954774,1.49788811031133,0.0579249984942072,0.0354894010299752,23.69295863,0.2813509457905,3.11495543299939,0.0480869836673398,0.0508415987673653
2016-11-04 16:00:00,"C07","ambient","HW","ambient_HW",412.2,773.5,29.242959022522,30.13,2.7195033885857,4.26441485459104,2.2462838634622,0.0622632880220511,0.0327972357144051,14.6006639,0.887040977477998,2.9332507307534,0.0765800154726374,0.0556857403106003
2016-11-04 16:00:00,"C09","ambient","HW","ambient_HW",402.5,758.36,26.9409724871318,31.345,2.15424145336095,4.58390196001871,1.78635547938625,0.078665538713556,0.0306561129242079,17.16126117,4.4040275128682,3.18856577073554,0.0560237927591555,0.0818206289553575
2016-11-04 16:00:00,"C10","elevated","HW","elevated_HW",402.5,551.386666666667,31.8021202087402,32.5103333333333,3.1081231152166,2.43394596699937,1.42954085011297,0.041369188346934,0.0242975585653069,16.99675708,0.708213124593101,3.30105894546736,0.0433055232799116,0.0562040539555937
2016-11-04 16:00:00,"C12","elevated","HW","elevated_HW",527.5,565.983333333333,32.0189051628113,33.2003333333333,2.94806363107041,4.17133124031245,1.74606324842978,0.11329833104967,0.0474251601125402,27.16119256,1.181428170522,3.27718940595671,0.053279290029929,0.0782917947662076
2016-11-04 16:30:00,"C03","ambient","HW","ambient_HW",506.9,104.708275862069,29.1142940521241,27.5513333333333,2.87955317133762,0.437159980405433,1.41958566978958,0.00539728684086896,0.0175265609810294,12.34625099,-1.5629607187908,2.52774205924711,0.056160226657478,0.00778415626902074
2016-11-04 16:30:00,"C04","elevated","HW","elevated_HW",506.9,57.592,31.5323810577393,30.544,3.24856956733063,1.11164449663686,1.26835855044868,0.0263381470700843,0.0300511666637875,23.69295863,-0.9883810577393,2.99377500863152,0.0423665287735987,0.026238743857854
2016-11-04 16:30:00,"C07","ambient","HW","ambient_HW",370.5,579.596666666667,28.3916296958923,28.3976666666667,2.48045125717477,2.92284032446531,1.73220384234722,0.0426754092108849,0.0252913261084004,14.6006639,0.00603697077440302,2.48181410253209,0.0697958739367273,0.0418769786752005
2016-11-04 16:30:00,"C09","ambient","HW","ambient_HW",303.8,338.78,28.1971104939779,28.7726666666667,2.37294059295671,1.59202936117344,1.18874243160787,0.0273212316574057,0.0204003193326835,17.16126117,0.575556172688803,2.5034718412997,0.0474837548398676,0.0335278742496742
2016-11-04 16:30:00,"C10","elevated","HW","elevated_HW",303.8,521.383333333333,31.4169082641602,31.745,3.05411696765122,1.90770451499831,0.985280933065933,0.0324247902218455,0.0167465806748774,16.99675708,0.328091735839802,3.14099431262479,0.0313684405318957,0.0608160457660794
2016-11-04 16:30:00,"C12","elevated","HW","elevated_HW",503.9,293.233333333333,31.6856036186218,32.4753333333333,2.94009589188451,3.74440037347913,1.59844189097748,0.101702379565803,0.0434155879968099,27.16119256,0.789729714711502,3.15444034764749,0.0506727569652588,0.0738937566796748
2016-11-04 17:00:00,"C03","ambient","HW","ambient_HW",131.2,63.0623333333333,28.2043952941894,27.0276666666667,2.75862611956486,-0.165370869573162,1.01889316588992,-0.00204171026218482,0.0125795107580726,12.34625099,-1.1767286275227,2.50326134927454,0.0407026284405023,-0.00406290394279808
2016-11-04 17:00:00,"C04","elevated","HW","elevated_HW",131.2,42.174,31.0852012634277,30.1763333333333,3.26539943950595,0.333117149785246,0.910094461118734,0.00789253084880535,0.0215628304166783,23.69295863,-0.908867930094399,3.03580468271186,0.0299786895481614,0.0111117982408833
2016-11-04 17:00:00,"C07","ambient","HW","ambient_HW",166.8,170.199,27.9610919952393,27.4086666666667,2.66421375813898,0.619831205606494,0.623941783520015,0.00904994710779221,0.00910996427434229,14.6006639,-0.5524253285726,2.54392075555705,0.0245267775011092,0.0252716120402879
2016-11-04 17:00:00,"C09","ambient","HW","ambient_HW",148.1,71.9393333333333,27.9580440521241,27.596,2.53742654815533,0.160580547312457,0.895256612761153,0.00275576471125061,0.0153637325457637,17.16126117,-0.362044052124102,2.4582200231683,0.0364188967758588,0.0044092644623684
2016-11-04 17:00:00,"C10","elevated","HW","elevated_HW",148.1,285.899333333333,30.4132108688354,30.1996666666667,3.10669031362563,1.07968248628821,0.524826943696476,0.0183511009429711,0.00892035607104784,16.99675708,-0.213544202168698,3.05361473895623,0.0171870713420734,0.0628194568346954
2016-11-04 17:00:00,"C12","elevated","HW","elevated_HW",88.3,103.912666666667,30.4123177528381,30.05,2.92157018068318,1.65801407188276,1.17763685699592,0.0450336394735975,0.0319860214386194,27.16119256,-0.362317752838099,2.831854844846,0.041585353823457,0.0398701446408645
2016-11-04 17:30:00,"C03","ambient","HW","ambient_HW",72.8,40.8896666666667,27.5654401779175,26.5206666666667,2.72090831362561,-0.378281580283154,0.92200415211616,-0.00467035933506965,0.0113832946758482,12.34625099,-1.0447735112508,2.50073161282414,0.0368693764411975,-0.0102600482242077
2016-11-04 17:30:00,"C04","elevated","HW","elevated_HW",72.8,30.4656666666667,30.561737537384,29.592,3.22915046048898,0.130841828986029,0.773592180736843,0.00310003004123952,0.0183286875346895,23.69295863,-0.969737537384002,2.99085709552496,0.0258652338118836,0.00505859834624478
2016-11-04 17:30:00,"C07","ambient","HW","ambient_HW",56.6,67.8963333333333,27.3788452148438,27.1176666666667,2.65102706232972,0.209591258565027,0.575634308049109,0.00306017152268595,0.0084046430611341,14.6006639,-0.261178548177099,2.59540983439098,0.022178936845409,0.00945001376873536
2016-11-04 17:30:00,"C09","ambient","HW","ambient_HW",52.1,42.078,27.3998058636983,27.1483333333333,2.51529511378768,-0.135332816091533,0.753625401701072,-0.00232248180181838,0.0129331623429382,17.16126117,-0.251472530365,2.46167400999493,0.0306143461173653,-0.00442056856523121
2016-11-04 17:30:00,"C10","elevated","HW","elevated_HW",52.1,36.397,30.9108672142029,30.0833333333333,3.29810659817547,0.261578773240804,0.618200536184593,0.00444599086605836,0.0105074043402553,16.99675708,-0.827533880869598,3.09044857573453,0.0200035859207805,0.0130765940805176
2016-11-04 17:30:00,"C12","elevated","HW","elevated_HW",134,15.7093333333333,30.7479887008667,30.411,3.2642344549023,0.0237218133053975,0.883880652889221,0.000644312739060271,0.0240072526131827,27.16119256,-0.336988700866698,3.17932808482917,0.0278008632423575,0.000853276141053593
2016-11-04 18:00:00,"C03","ambient","HW","ambient_HW",27.6,17.8602,27.0666422843933,26.018,2.58708004889296,-0.552625484481938,0.827992083948674,-0.00682285293488436,0.0102225980861635,12.34625099,-1.0486422843933,2.37169799433422,0.0349113624890975,-0.0158293874853643
2016-11-04 18:00:00,"C04","elevated","HW","elevated_HW",27.6,13.1520333333333,29.9389448165893,28.8316666666667,3.03240917194488,-0.413991852909954,0.726073138639647,-0.00980869184415258,0.0172028208361434,23.69295863,-1.1072781499226,2.76958870612295,0.0262159192458598,-0.0157916206953275
2016-11-04 18:00:00,"C07","ambient","HW","ambient_HW",20.7,23.0112333333333,26.3597989082336,26.4486666666667,2.45551185987792,-0.296102682504224,0.553744579074801,-0.00432329574713259,0.00808503848551814,14.6006639,0.0888677584330999,2.47363337735822,0.0223858791744711,-0.0132272081072384
2016-11-04 18:00:00,"C09","ambient","HW","ambient_HW",14,19.1833,26.1365070343018,25.989,2.33367842265791,-0.403584041431548,0.668907273489764,-0.0069260111390509,0.0114792924188705,17.16126117,-0.1475070343018,2.30412461480646,0.0290308635735811,-0.013901895836086
2016-11-04 18:00:00,"C10","elevated","HW","elevated_HW",14,16.3525333333333,29.1503911018372,29.3693333333333,2.75729419058623,-0.343994201380486,0.424331786677555,-0.00584678587779272,0.00721226429948078,16.99675708,0.218942231496101,2.80892925506726,0.0151065316405555,-0.0227712230421567
2016-11-04 18:00:00,"C12","elevated","HW","elevated_HW",34.7,7.31643333333333,30.2817468643188,29.017,3.01817430658082,-0.341733720437678,0.629985598259,-0.00928189538505298,0.0171111601443395,27.16119256,-1.2647468643188,2.71395760408378,0.0232128017516206,-0.0147217782710706
2016-11-05 05:00:00,"C03","ambient","HW","ambient_HW",17.7,17.2198333333333,19.8314523696899,19.4543333333333,1.2994139668641,-0.692393267818139,0.0446706730694597,-0.00854846106826903,0.000551515341607783,12.34625099,-0.3771190363566,1.24565440635013,0.00358612090494251,-0.193075829335218
2016-11-05 05:00:00,"C04","elevated","HW","elevated_HW",17.7,12.7115666666667,22.9357342720031,22.1526666666667,1.61966199727733,-0.42121735337135,0.147559593674934,-0.00997988532766548,0.00349612334839981,23.69295863,-0.783067605336399,1.48917706932399,0.00990880108984743,-0.0425094165834987
2016-11-05 05:00:00,"C07","ambient","HW","ambient_HW",23.3,20.7793333333333,19.8316111564636,19.9216666666667,1.32424764935095,-0.271414845805447,0.102508022512222,-0.00396283694107565,0.00149668518375459,14.6006639,0.0900555102030971,1.33724936547948,0.0076655876726079,-0.0354069195210325
2016-11-05 05:00:00,"C09","ambient","HW","ambient_HW",30.1,16.9535666666667,19.811510403951,19.565,1.30760965862891,-0.23432041997499,0.155739694215451,-0.00402123392465489,0.00267268956696729,17.16126117,-0.246510403951,1.27238224742677,0.0122400084196722,-0.0191438119926772
2016-11-05 05:00:00,"C10","elevated","HW","elevated_HW",30.1,8.57973333333333,22.8257155418396,22.4213333333333,1.60325390337374,-0.072685371369834,0.0999220201573008,-0.00123541560044265,0.0016983503035565,16.99675708,-0.404382208506298,1.53558892674494,0.00650708131694528,-0.0111701956421771
2016-11-05 05:00:00,"C12","elevated","HW","elevated_HW",12.7,5.18183333333333,22.9365611076355,22.42,1.6653731909204,-0.522041436039379,0.121332364639109,-0.0141792679685645,0.00329553171972297,27.16119256,-0.5165611076355,1.57868483191793,0.00768566101263566,-0.0679240777313901
2016-11-05 05:30:00,"C03","ambient","HW","ambient_HW",64.7,53.0293333333333,19.6934957504273,19.3943333333333,1.29535648260493,0.389454874288742,0.142415794450483,0.0048083076272477,0.00175830114322591,12.34625099,-0.299162417093999,1.25293932007197,0.011366535646938,0.0342632871075063
2016-11-05 05:30:00,"C04","elevated","HW","elevated_HW",64.7,125.457,22.871196269989,23.0453333333333,1.51009582203113,1.68448526084729,0.257675247481992,0.0399104395980996,0.00610508897856584,23.69295863,0.1741370633443,1.5397556063127,0.0167348146956292,0.100657538878351
2016-11-05 05:30:00,"C07","ambient","HW","ambient_HW",68.8,194.807666666667,20.162115573883,20.2436666666667,1.22295824431428,2.15233841628297,0.294740042554209,0.0314255698152059,0.00430340029920571,14.6006639,0.0815510927837018,1.23494235819551,0.0238667044334669,0.0901816345144357
2016-11-05 05:30:00,"C09","ambient","HW","ambient_HW",71.6,165.345,20.0000972747802,19.998,1.21325874575252,2.03103118072737,0.310584566842815,0.0348550565368758,0.00533002286696087,17.16126117,-0.00209727478019772,1.21295393415634,0.0256056358033778,0.0793196933801364
2016-11-05 05:30:00,"C10","elevated","HW","elevated_HW",71.6,80.641,22.9890594482422,22.4943333333333,1.49007333618862,1.92945580169387,0.277786981296004,0.0327944915579873,0.00472147784107469,16.99675708,-0.4947261149089,1.40676956310882,0.0197464452303135,0.0977115515825549
2016-11-05 05:30:00,"C12","elevated","HW","elevated_HW",54,32.5406666666667,22.9157962799073,23.086,1.57478271548464,1.08632929630503,0.205608929451406,0.0295059992005102,0.00558458372488509,27.16119256,0.170203720092697,1.60383807826728,0.0128198059540734,0.0847383572104579
2016-11-05 06:00:00,"C03","ambient","HW","ambient_HW",84,97.556,20.2276859283447,19.845,1.24639617613538,0.898788408155705,0.195129015379793,0.0110966672739929,0.00240911179931049,12.34625099,-0.382685928344703,1.19066425708436,0.0163882483427877,0.0548434701107793
2016-11-05 06:00:00,"C04","elevated","HW","elevated_HW",84,372.96,24.0257439613342,24.3803333333333,1.37608172105187,5.99530767448367,0.62203146798716,0.142046576705663,0.0147377658375779,23.69295863,0.354589371999101,1.44057233011476,0.04317946797837,0.138846260854509
2016-11-05 06:00:00,"C07","ambient","HW","ambient_HW",86.8,397.91,20.7259206771851,20.981,1.18346654171634,4.32303182872775,0.235805922871172,0.0631191347602562,0.0034429230254713,14.6006639,0.2550793228149,1.22229220090477,0.0192921072961622,0.22408292481287
2016-11-05 06:00:00,"C09","ambient","HW","ambient_HW",89.3,384.133333333333,21.1064887046814,21.4006666666667,1.12931498539588,4.39392208307049,0.411845752495955,0.075405244428203,0.00706779252033825,17.16126117,0.294177961985302,1.1750662026087,0.0350487276020396,0.125366094112209
2016-11-05 06:00:00,"C10","elevated","HW","elevated_HW",89.3,142.296666666667,24.6263365745545,24.3023333333333,1.45326928628378,5.4000975176341,0.425413306939642,0.0917841457155378,0.00723064663665256,16.99675708,-0.324003241221199,1.39352954578214,0.0305277565321282,0.176891397569648
2016-11-05 06:00:00,"C12","elevated","HW","elevated_HW",80.5,139.206,23.4671025276184,24.6766666666667,1.33367032661518,6.11897783571236,0.317179462122974,0.166198735266155,0.00861497244679932,27.16119256,1.2095641390483,1.55217854766224,0.0204344701581324,0.299443919434199
2016-11-05 06:30:00,"C03","ambient","HW","ambient_HW",122.2,666.133333333333,23.0025763511658,23.9533333333333,1.44946701976721,3.3453758271275,0.542469150413176,0.0413028496175949,0.00669746028533313,12.34625099,0.950756982167501,1.61592819767634,0.0335701271376558,0.0996533558961405
2016-11-05 06:30:00,"C04","elevated","HW","elevated_HW",122.2,443.273333333333,25.6978073120117,26.371,1.50158527227047,7.78321570496576,1.05085659761521,0.18440740770612,0.0248979018933598,23.69295863,0.673192687988298,1.63627101850844,0.0642226492878381,0.121191134144628
2016-11-05 06:30:00,"C07","ambient","HW","ambient_HW",118.5,593.54,22.8622727394104,22.962,1.50641266803497,6.07110174088874,0.437443595550389,0.0886421160214213,0.00638696691383877,14.6006639,0.0997272605895994,1.52335715705327,0.0287157606819247,0.211420543865663
2016-11-05 06:30:00,"C09","ambient","HW","ambient_HW",161.8,569.913333333333,23.1238746643067,23.7026666666667,1.37476391249235,5.94626378274162,0.715162741902383,0.102045385761341,0.0122730945928401,17.16126117,0.57879200236,1.47574956001642,0.0484609828983737,0.122702087888134
2016-11-05 06:30:00,"C10","elevated","HW","elevated_HW",161.8,294.279310344828,26.521728515625,26.374,1.72787620598416,6.49828760300812,0.51029077482733,0.110449815824304,0.00867328833990511,16.99675708,-0.147728515625001,1.6976842531541,0.0300580495978135,0.216191259577961
2016-11-05 06:30:00,"C12","elevated","HW","elevated_HW",105.5,231.123333333333,25.1585416793823,26.754,1.34158391506832,7.88723826865541,0.395104026444636,0.214226797381551,0.0107314965434941,27.16119256,1.5954583206177,1.65956363934644,0.0238077056569059,0.331289305333273
2016-11-05 07:00:00,"C03","ambient","HW","ambient_HW",629.1,872.35,24.9530501365661,26.1406666666667,1.54193220880899,7.69679565089223,1.06943783253276,0.0950265709246559,0.0132035478986511,12.34625099,1.1876165301006,1.77363781993101,0.0602962916394261,0.127649569179467
2016-11-05 07:00:00,"C04","elevated","HW","elevated_HW",629.1,599.696666666667,28.0346832275391,28.407,1.80130101594819,8.12897918914965,1.80577310036007,0.192599567632654,0.042784107361998,23.69295863,0.372316772460898,1.88461460221439,0.0958165716342383,0.0848389694027093
2016-11-05 07:00:00,"C07","ambient","HW","ambient_HW",682.6,800.286666666667,25.6802072525024,26.0496666666667,1.55097360803387,6.25589296382458,2.0380023167882,0.0913401905591775,0.0297561868548458,14.6006639,0.3694594141643,1.62424439232054,0.125473871199674,0.0498581330440439
2016-11-05 07:00:00,"C09","ambient","HW","ambient_HW",774.3,772.113333333333,25.5624361038208,26.21,1.61776250144277,7.35271163759849,1.23679009542858,0.126181804720526,0.0212248778401192,17.16126117,0.6475638961792,1.7463315501092,0.0708221812376488,0.103819333280995
2016-11-05 07:00:00,"C10","elevated","HW","elevated_HW",774.3,531.223333333333,28.5102801322937,28.9423333333333,1.75690022835054,6.041059081804,2.03464143116788,0.10267841371935,0.034582306150464,16.99675708,0.432053201039597,1.85608961711192,0.10961978411009,0.0551092043361173
2016-11-05 07:00:00,"C12","elevated","HW","elevated_HW",447.7,75.2846666666667,27.7950916290283,29.2046666666667,1.68739522045309,8.47396247153367,0.71656384009315,0.230162926435539,0.0194627284423031,27.16119256,1.4095750376384,2.00736545926411,0.0356967305971199,0.23738763550008
2016-11-05 07:30:00,"C03","ambient","HW","ambient_HW",944.5,1092.66666666667,25.3378915786743,25.4436666666667,1.67710799694048,9.68531434678609,1.8163422978106,0.119577321842469,0.022425017892523,12.34625099,0.105775087992402,1.69757564517175,0.106996250975717,0.0905201281209772
2016-11-05 07:30:00,"C04","elevated","HW","elevated_HW",944.5,284.616666666667,28.2854642868042,28.518,2.05563450579804,7.64011636929577,2.06878656815186,0.18101696106611,0.0490156745735217,23.69295863,0.232535713195801,2.10814852569507,0.0981328660166278,0.0778548174472069
2016-11-05 07:30:00,"C07","ambient","HW","ambient_HW",977.4,938.35,25.107063293457,26.206,1.71916758861277,6.57470648814854,2.13929356573813,0.0959950796746062,0.031235106336775,14.6006639,1.098936706543,1.93479009535589,0.110569801389469,0.0594620448398012
2016-11-05 07:30:00,"C09","ambient","HW","ambient_HW",1012.7,1004.13333333333,25.1721275647482,26.2363333333333,1.73483741283188,8.07100664440249,1.63635837159672,0.138508652929397,0.0280819733826873,17.16126117,1.0642057685851,1.94416056093736,0.0841678616712481,0.0958917867716195
2016-11-05 07:30:00,"C10","elevated","HW","elevated_HW",1012.7,212.976666666667,28.0044360160827,28.9446666666667,2.08183384752945,5.80510343006991,1.75324737818039,0.0986679328251731,0.029799519788079,16.99675708,0.940230650583999,2.29496913588938,0.0763952486664246,0.0759877548853537
2016-11-05 07:30:00,"C12","elevated","HW","elevated_HW",909,82.4793333333333,28.6292757987977,29.6186666666667,1.88929732641201,7.9871075194093,1.42841639539345,0.2169393653321,0.0387974927711427,27.16119256,0.989390867869002,2.12106126210773,0.0673444195559919,0.118600881440052
2016-11-05 08:00:00,"C04","elevated","HW","elevated_HW",1099.8,131.76,28.308765411377,28.753,2.1371148633609,7.65908006637105,2.23458539981577,0.181466267156387,0.0529439394330371,23.69295863,0.444234588623001,2.23809727450801,0.0998430865926946,0.0767111707755583
2016-11-05 08:00:00,"C07","ambient","HW","ambient_HW",1130,777.236666666667,25.2006416320801,26.535,1.87592235723957,7.02549716918824,2.13474489064034,0.102576922897719,0.0311686926604819,14.6006639,1.3343583679199,2.14063131476517,0.0997250145747083,0.0704486953363655
2016-11-05 08:00:00,"C09","ambient","HW","ambient_HW",1160.2,743.693333333333,25.0410890579224,26.5373333333333,1.83378001797814,7.84067675496859,1.97053539744004,0.134555901541564,0.0338168726001983,17.16126117,1.4962442754109,2.12941150354017,0.0925389664780151,0.0847283804150907
2016-11-05 08:00:00,"C10","elevated","HW","elevated_HW",1160.2,261.19,28.4267807006836,29.1046666666667,2.26566341673317,5.94407047695518,1.86213435836297,0.101029921963207,0.031650245339417,16.99675708,0.677885965983098,2.42160457617196,0.0768967145456342,0.0772994075504707
2016-11-05 08:00:00,"C12","elevated","HW","elevated_HW",1113.6,173.333333333333,28.1417455673218,29.4186666666667,2.04061773507217,7.90641600157274,1.89966897931559,0.214747687478183,0.0515972749474495,27.16119256,1.2769210993449,2.33460716546042,0.0813699626823918,0.0971662729210476
2016-11-05 08:30:00,"C03","ambient","HW","ambient_HW",1326.1,1162.14333333333,25.3878602981567,25.2126666666667,1.95016771046733,10.7237171805379,2.5389578390436,0.132397703856696,0.0313466107338602,12.34625099,-0.17519363149,1.91642644926359,0.132483969839762,0.0809435073051337
2016-11-05 08:30:00,"C04","elevated","HW","elevated_HW",1326.1,122.04,28.4051942825318,29.009,2.27322978837432,7.29813400585681,2.24852956287706,0.172914387076961,0.0532743179115782,23.69295863,0.603805717468202,2.41171718564361,0.093233550611242,0.0782779799547483
2016-11-05 08:30:00,"C07","ambient","HW","ambient_HW",1355.7,1323.16666666667,25.295464515686,27.227,1.94319726310504,6.84444657190851,2.58946217735154,0.0999334639779434,0.0378078669332721,14.6006639,1.931535484314,2.33431112238068,0.110930464775006,0.06170033259836
2016-11-05 08:30:00,"C09","ambient","HW","ambient_HW",1383.9,1350.6,25.3517017364502,27.0363333333333,1.93941458261461,7.72717769485729,2.28524556505478,0.132608114528445,0.0392176959794893,17.16126117,1.6846315968831,2.27932417741275,0.100259786988648,0.0770715550765353
2016-11-05 08:30:00,"C10","elevated","HW","elevated_HW",1424.6,302.336666666667,28.0401496887207,29.5006666666667,2.29372139139575,5.76907530714532,2.11264840269296,0.0980555715717754,0.0359081716960223,16.99675708,1.460516977946,2.62982932369676,0.0803340499574018,0.0718135748192012
2016-11-05 08:30:00,"C12","elevated","HW","elevated_HW",1343.2,86.1033333333333,28.2700824737549,29.623,2.22336303008358,8.06204309229576,2.11028548337649,0.218974704856863,0.0573178703705615,27.16119256,1.3529175262451,2.53748295046787,0.0831645187207025,0.0969408975884428
2016-11-05 09:00:00,"C03","ambient","HW","ambient_HW",1482.5,1515.83333333333,25.2999067306518,25.6596666666667,1.98543520191795,10.8546712957762,2.68735912758446,0.134014496231602,0.0331788102894252,12.34625099,0.3597599360149,2.05537253944971,0.130748031123543,0.0830197686534927
2016-11-05 09:00:00,"C04","elevated","HW","elevated_HW",1482.5,126.16,28.4545240402222,29.1843333333333,2.36936029723773,6.82093921838543,2.21675035121121,0.161608230718951,0.052521374364285,23.69295863,0.729809293111099,2.53770332425272,0.0873526203802399,0.0780851128299799
2016-11-05 09:00:00,"C07","ambient","HW","ambient_HW",1504.9,1457.83333333333,25.4928483963012,27.5773333333333,2.03172285436175,6.61196409544839,2.39643392942337,0.0965390654765095,0.034989526362067,14.6006639,2.0844849370321,2.45982814091818,0.0974228194872531,0.0678687409197134
2016-11-05 09:00:00,"C09","ambient","HW","ambient_HW",1526.9,1482.83333333333,25.5802230834961,27.4203333333333,2.01786262840855,7.05309713800746,2.25565358579408,0.121040042042726,0.0387098602948591,17.16126117,1.8401102498372,2.39506883909968,0.0941790711385978,0.0748902813835128
2016-11-05 09:00:00,"C10","elevated","HW","elevated_HW",1526.9,146.01,28.5500750541687,29.4333333333333,2.45895212963444,5.42680696247027,1.85577664738385,0.0922381196611599,0.0315421848703201,16.99675708,0.8832582791646,2.66447538517024,0.0696488568711351,0.07791666950846
2016-11-05 09:00:00,"C12","elevated","HW","elevated_HW",1459.7,217.923333333333,28.269404888153,29.889,2.26999056680804,7.32682809047065,2.10576212228317,0.199005388619291,0.0571950104888875,27.16119256,1.619595111847,2.64857950734221,0.0795053392373429,0.0921551704672095
2016-11-05 09:30:00,"C03","ambient","HW","ambient_HW",1613.2,1619.9,26.0777292251587,26.1026666666667,2.15890129629138,10.3845097139218,2.5222712542058,0.128209763336172,0.031140593969287,12.34625099,0.0249374415080013,2.16390472091811,0.116561105016474,0.0890906937820647
2016-11-05 09:30:00,"C04","elevated","HW","elevated_HW",1613.2,765.853333333333,29.0763521194458,29.6766666666667,2.52934620468921,6.18100155389827,2.18329338659175,0.146446214108477,0.0517286798856709,23.69295863,0.600314547220901,2.67176121536785,0.0817173845489464,0.0756387589741816
2016-11-05 09:30:00,"C07","ambient","HW","ambient_HW",1630.3,1574.36666666667,26.099760055542,28.1513333333333,2.19533157147713,6.2856948942735,2.32495616167002,0.0917753185292333,0.033945903498778,14.6006639,2.0515732777913,2.62963829561528,0.0884135344981362,0.0710942609630204
2016-11-05 09:30:00,"C09","ambient","HW","ambient_HW",1648.8,1622.73333333333,25.9213457107544,27.9476666666667,2.07845742481113,6.40121857246471,2.24726303510927,0.109852983728322,0.038565867863197,17.16126117,2.0263209559123,2.50323493056387,0.0897743558812939,0.0713034196639501
2016-11-05 09:30:00,"C10","elevated","HW","elevated_HW",1648.8,201.823333333333,29.0481538772583,30.185,2.61855608269433,5.1081886607501,1.67721144778058,0.0868226417855799,0.0285071555497217,16.99675708,1.1368461227417,2.89155082896776,0.0580038722120378,0.0880663387795336
2016-11-05 09:30:00,"C12","elevated","HW","elevated_HW",1590.3,1004.85666666667,28.9061555862426,30.3956666666667,2.41978040860218,7.01350133133696,2.07257781081497,0.19049506018026,0.0562936850151285,27.16119256,1.4895110804241,2.77810817651086,0.0746039275338084,0.0940098137347881
2016-11-05 10:00:00,"C03","ambient","HW","ambient_HW",1725.8,1497.62333333333,25.7987017631531,25.7093333333333,2.12930637248465,10.0997055996565,2.51411342276393,0.124693500258467,0.0310398753347714,12.34625099,-0.0893684298197996,2.11168460129492,0.119057240897729,0.0848306707219282
2016-11-05 10:00:00,"C04","elevated","HW","elevated_HW",1725.8,1188.34,28.7789206504822,29.3303333333333,2.47487597881837,6.08284464307056,2.05075874769093,0.144120586480988,0.0485885421691519,23.69295863,0.551412682851101,2.60358533156406,0.0787667192171102,0.0772260759814559
2016-11-05 10:00:00,"C07","ambient","HW","ambient_HW",1742.9,1392.84,25.6517577171325,27.9526666666667,2.11017084380506,6.11055076171437,2.37548202233753,0.0892180979156805,0.0346836146086426,14.6006639,2.3009089495342,2.58929952324695,0.0917422646939937,0.0666056237231129
2016-11-05 10:00:00,"C09","ambient","HW","ambient_HW",1756.5,1462.9,25.5115919113159,27.7113333333333,2.02499083570778,6.33785169498688,2.15637860078065,0.108765528194397,0.0370061763493959,17.16126117,2.1997414220174,2.47856622584204,0.087001048360048,0.0728479922306006
2016-11-05 10:00:00,"C10","elevated","HW","elevated_HW",1756.5,149.253333333333,28.5483760833741,29.874,2.48861372692844,5.04711971788705,1.90045520146085,0.0857846677986044,0.0323015754006526,16.99675708,1.3256239166259,2.80052925742968,0.067860573012013,0.0743748467463366
2016-11-05 10:00:00,"C12","elevated","HW","elevated_HW",1706.7,690.776666666667,28.9719386100769,30.0863333333333,2.41379827431517,6.83320837430987,2.09106391888495,0.185598088457235,0.0567957897561023,27.16119256,1.1143947232564,2.68022780459408,0.0780181414169623,0.0875848648814932
2016-11-05 10:30:00,"C03","ambient","HW","ambient_HW",1799.4,1725.26666666667,25.5113468170166,25.8003333333333,2.06953227009282,9.63067634384221,2.51987358909947,0.118902747344532,0.0311109917940942,12.34625099,0.288986516316697,2.12622629269958,0.118513894675815,0.0812620019803258
2016-11-05 10:30:00,"C04","elevated","HW","elevated_HW",1799.4,864.736666666667,28.5256061553955,29.163,2.41264352919043,5.94961813284182,1.95725645366107,0.140964056285719,0.0463731961848921,23.69295863,0.6373938446045,2.55985257334514,0.076459733425327,0.0778137441278474
2016-11-05 10:30:00,"C07","ambient","HW","ambient_HW",1808.7,1698.56666666667,25.7041673660278,27.809,2.09002317528274,6.04868573938776,2.38720441112615,0.0883148275175237,0.0348547692674503,14.6006639,2.1048326339722,2.52726118741362,0.0944581598061574,0.0640356084831696
2016-11-05 10:30:00,"C09","ambient","HW","ambient_HW",1818.2,1749.56666666667,25.5452861785888,27.5413333333333,2.01506263520684,6.12732253519387,2.11817197549507,0.105152582299289,0.0363505024744457,17.16126117,1.9960471547445,2.42516444687013,0.0873413750654617,0.0701537218826872
2016-11-05 10:30:00,"C10","elevated","HW","elevated_HW",1818.2,122.71,28.6808729171753,29.995,2.47247924643279,5.14086022923312,1.92098874776512,0.0873779524985085,0.0326505790991772,16.99675708,1.3141270828247,2.7836681781225,0.0690092577435279,0.0744952256744894
2016-11-05 10:30:00,"C12","elevated","HW","elevated_HW",1790.8,702.103333333333,28.4715929031372,29.8336666666667,2.32126445065654,6.85764606435026,1.95887018650317,0.186261845262144,0.0532052503356557,27.16119256,1.3620737635295,2.64081517279695,0.0741767241676548,0.092450106705313
2016-11-05 11:00:00,"C03","ambient","HW","ambient_HW",1847.7,1432.19333333333,26.2459535598755,26.149,2.13719753528458,9.18458850991142,2.61845665419802,0.113395234983237,0.0323281230591644,12.34625099,-0.096953559875498,2.11763682183173,0.123649939744299,0.0742789566165953
2016-11-05 11:00:00,"C04","elevated","HW","elevated_HW",1847.7,1086.37333333333,29.2286691665649,29.6176666666667,2.49927698818631,5.63140947056231,1.90143920888308,0.133424751614623,0.0450507205135268,23.69295863,0.388997500101802,2.59177552049785,0.0733643478705993,0.0767594837821641
2016-11-05 11:00:00,"C07","ambient","HW","ambient_HW",1849.7,1268.72,26.4136281013488,28.628,2.09332306348577,5.78305171969605,2.70362684727106,0.084436394475599,0.0394747469080215,14.6006639,2.2143718986512,2.57169402800033,0.105130191143824,0.0550084771726943
2016-11-05 11:00:00,"C09","ambient","HW","ambient_HW",1857.7,1437.62,26.4023949305217,27.6856666666667,2.10958154074607,6.03068060823728,1.93947282405807,0.103494084950814,0.033283799665778,17.16126117,1.283271736145,2.38004702862247,0.0814888445788656,0.0740062107814124
2016-11-05 11:00:00,"C10","elevated","HW","elevated_HW",1857.7,108.596666666667,29.1851892471313,30.7993333333333,2.46264699407876,5.1248344059067,2.03217938881223,0.0871055654724223,0.0345404594146243,16.99675708,1.614144086202,2.85767217082928,0.0711131042096582,0.0720659639719492
2016-11-05 11:00:00,"C12","elevated","HW","elevated_HW",1840.5,410.486666666667,29.0352005958557,30.1023333333333,2.2774159929833,6.71438628962152,1.90240722257193,0.182370738934634,0.0516716488998109,27.16119256,1.0671327374776,2.53305223683242,0.0751033553477322,0.0894019482689367
2016-11-05 11:30:00,"C03","ambient","HW","ambient_HW",1867.1,1791,25.7918667793274,25.977,2.00347591955158,9.13954597409371,2.83324730299312,0.112839128530805,0.0349799823194936,12.34625099,0.185133220672601,2.04022803290442,0.13886914880587,0.0658140850770978
2016-11-05 11:30:00,"C04","elevated","HW","elevated_HW",1867.1,978.156666666667,28.5781722068786,28.8073333333333,2.38900336956052,5.41745709335346,1.78152439406237,0.128355586792623,0.0422095837668557,23.69295863,0.229161126454699,2.44152361251589,0.0729677314988808,0.0742445596439648
2016-11-05 11:30:00,"C07","ambient","HW","ambient_HW",1869.3,1495.96333333333,25.5347347259521,28.104,1.9435713017872,5.79859862792668,2.68441176595623,0.0846633896573586,0.0391941939639324,14.6006639,2.5692652740479,2.47911728459563,0.108280950749536,0.05355141959678
2016-11-05 11:30:00,"C09","ambient","HW","ambient_HW",1866.9,1805.66666666667,25.732428073883,27.27,2.02219667510604,6.11138926706501,1.90621247204511,0.104879147323637,0.0327130100782775,17.16126117,1.537571926117,2.33737039470793,0.0815537185018254,0.0749369787096614
2016-11-05 11:30:00,"C10","elevated","HW","elevated_HW",1866.9,121.51,28.7410097122192,30.2483333333333,2.31423315788952,5.03785368104294,1.99712274281058,0.0856271752212706,0.0339446101184947,16.99675708,1.5073236211141,2.67401341264589,0.0746863397679992,0.0674534820784122
2016-11-05 11:30:00,"C12","elevated","HW","elevated_HW",1865.6,1028.95333333333,28.6913452148438,29.635,2.19284920403366,6.48262393551607,1.85552869719522,0.176075797006617,0.0503983722451253,27.16119256,0.943654785156202,2.41433491425375,0.0768546520302775,0.0843491417144429
2016-11-05 12:00:00,"C03","ambient","HW","ambient_HW",1855.5,1510.97,25.5359783172607,25.971,1.93494107494262,9.11921570813514,2.96334583761535,0.112588125964587,0.0365862114813709,12.34625099,0.435021682739301,2.02071827793046,0.146648143384455,0.062184324313115
2016-11-05 12:00:00,"C04","elevated","HW","elevated_HW",1855.5,1226.73666666667,28.698920249939,28.88,2.36663530125516,5.84923751709018,1.82670477745371,0.138585742509461,0.0432800407214341,23.69295863,0.181079750060999,2.40833937121636,0.0758491431600484,0.0771167250333701
2016-11-05 12:00:00,"C07","ambient","HW","ambient_HW",1849.7,1734.96666666667,25.5362672805786,27.969,1.92739006213795,6.14000406040523,2.6837521100425,0.0896481356306121,0.0391845625496463,14.6006639,2.4327327194214,2.43271015979917,0.110319435269841,0.0556565943742077
2016-11-05 12:00:00,"C09","ambient","HW","ambient_HW",1838.1,827.333333333333,25.3445809682211,26.981,1.97590301656202,6.36273605132719,1.94227712333244,0.109192575132601,0.0333319249780243,17.16126117,1.6364190317789,2.30554814068891,0.0842436160431713,0.075527812672079
2016-11-05 12:00:00,"C10","elevated","HW","elevated_HW",1838.1,124.693333333333,28.7692937850953,29.8636666666667,2.29990693455133,5.45127729286956,1.86750567419733,0.0926540359226239,0.0317415402898537,16.99675708,1.0943728815714,2.55876561694091,0.0729846321926896,0.0746907551507203
2016-11-05 12:00:00,"C12","elevated","HW","elevated_HW",1858.2,620.136666666667,28.5160551071167,29.4433333333333,2.16637896586696,6.69858881485911,1.81571535937447,0.18194166068065,0.0493169945101197,27.16119256,0.9272782262166,2.38201592934464,0.0762259956789635,0.0878780100567155
2016-11-05 12:30:00,"C03","ambient","HW","ambient_HW",1805.4,1750.66666666667,25.6301684379577,26.1413333333333,1.93627652384082,9.54809514637953,3.00644508062879,0.117883179153602,0.0371183255530938,12.34625099,0.5111648953756,2.03776059116596,0.147536717201336,0.0647167385007607
2016-11-05 12:30:00,"C04","elevated","HW","elevated_HW",1805.4,1385.47666666667,28.9512138366699,29.2133333333333,2.4694936912808,5.97937632391339,1.9133967693305,0.141669115875682,0.0453340304985233,23.69295863,0.262119496663399,2.5307610351733,0.0756055883087149,0.0790864333929686
2016-11-05 12:30:00,"C07","ambient","HW","ambient_HW",1795.6,1723.63333333333,25.7769212722778,27.7023333333333,1.92313895153602,6.21068660873715,2.81017189679502,0.0906801477624019,0.0410303753663296,14.6006639,1.9254120610555,2.32273080837758,0.12098569006186,0.0513340594706833
2016-11-05 12:30:00,"C09","ambient","HW","ambient_HW",1783.2,1006.34666666667,23.9135190645854,27.2076666666667,1.82665538970387,6.65098196253632,1.97261643439904,0.114139238496045,0.0338525858189562,17.16126117,3.2941476020813,2.47038104457712,0.0798506950467924,0.0832927247363201
2016-11-05 12:30:00,"C10","elevated","HW","elevated_HW",1783.2,489.786666666667,28.8817348480225,30.372,2.34486938623486,5.20628778418771,2.01529461665022,0.08849000875641,0.0342534730438355,16.99675708,1.4902651519775,2.70294618534801,0.074559183885148,0.0698275854548991
2016-11-05 12:30:00,"C12","elevated","HW","elevated_HW",1815.8,559.5,28.9144325256348,29.5156666666667,2.30344938475852,6.91112229985381,1.86384839308352,0.187714323592039,0.050624345107188,27.16119256,0.601234141031899,2.4449280006847,0.0762332630065815,0.0906575689834652
2016-11-05 13:00:00,"C03","ambient","HW","ambient_HW",1729.5,1694.5,25.4278998374939,25.888,1.95802067206216,9.84032586633512,2.74776137988481,0.121491132969163,0.0339245516566866,12.34625099,0.460100162506102,2.04829511733831,0.134148705263499,0.0733538638856519
2016-11-05 13:00:00,"C04","elevated","HW","elevated_HW",1729.5,1699.56666666667,28.6240119934082,29.0906666666667,2.47028542645495,6.28426980182882,2.03069830900769,0.148892944434489,0.0481132510253301,23.69295863,0.4666546732585,2.5781306505154,0.0787663072312387,0.0797837301598987
2016-11-05 13:00:00,"C07","ambient","HW","ambient_HW",1714.3,1171.74666666667,25.7980008125305,27.572,2.00123889726453,6.67937420931431,2.19792753103017,0.0975232978925265,0.0320912011571284,14.6006639,1.7739991874695,2.36835613799166,0.09280392825101,0.0719729685498698
2016-11-05 13:00:00,"C09","ambient","HW","ambient_HW",1699.8,604.46,25.6923376719157,27.2073333333333,2.01829243195281,6.93770264569,2.04081240986407,0.119059727022486,0.0350229147646544,17.16126117,1.5149956614176,2.32801612810766,0.0876631559903735,0.0791404617745207
2016-11-05 13:00:00,"C10","elevated","HW","elevated_HW",1699.8,1510.76666666667,28.3560266494751,29.963,2.33932009710854,5.54381081415216,1.64806839450615,0.0942268057056212,0.0280118181526466,16.99675708,1.6069733505249,2.71648097307964,0.0606692412293158,0.0913776190672606
2016-11-05 13:00:00,"C12","elevated","HW","elevated_HW",1741.7,359.443333333333,28.4802222251892,29.269,2.30508987419927,7.02495803778522,1.93041531109833,0.190806237990204,0.0524323819855139,27.16119256,0.7887777748108,2.48754437172197,0.0776032513446998,0.0905240169201367
2016-11-05 13:30:00,"C03","ambient","HW","ambient_HW",1626.7,1612.43333333333,25.6854510307312,26.1253333333333,1.98284890075676,9.79067247065836,2.63629836928495,0.120878099683632,0.0325484013517197,12.34625099,0.439882302602101,2.07026909760527,0.127340854980371,0.0768855562668209
2016-11-05 13:30:00,"C04","elevated","HW","elevated_HW",1626.7,1144.04333333333,28.6709942817688,29.4253333333333,2.47010265744483,6.36663560836615,2.1173033649511,0.150844434081304,0.0501651810329461,23.69295863,0.7543390515645,2.64612534636643,0.0800152331354412,0.0795677942672415
2016-11-05 13:30:00,"C07","ambient","HW","ambient_HW",1605.2,1485.94333333333,25.5630455017089,28.0356666666667,1.96432366857483,6.56881796263718,2.47685198964619,0.0959091032927482,0.0361636834308703,14.6006639,2.4726211649578,2.47917237760976,0.09990640473472,0.0657497182495884
2016-11-05 13:30:00,"C09","ambient","HW","ambient_HW",1586.1,952.893333333333,25.7742783228556,27.494,2.02920318876849,6.99478987318063,2.11084917735417,0.120039415842924,0.0362248340230545,17.16126117,1.7197216771444,2.38415256861182,0.0885366651926649,0.0790044424867285
2016-11-05 13:30:00,"C10","elevated","HW","elevated_HW",1586.1,1363.76666666667,28.5470843315125,30.2183333333333,2.35999837967718,5.35576221205576,1.95187859227793,0.0910305892965552,0.0331756062826003,16.99675708,1.6712490018208,2.75668476763414,0.0708052881197978,0.075640709250334
2016-11-05 13:30:00,"C12","elevated","HW","elevated_HW",1648.3,100.22,28.7249898910522,29.367,2.34745210214098,7.17860682701113,2.00258825918475,0.19497952234098,0.0543926853261121,27.16119256,0.642010108947801,2.49724469394206,0.0801919116714004,0.089517841355705
2016-11-05 14:00:00,"C03","ambient","HW","ambient_HW",1499.5,966.29,25.7380590438842,26.118,1.99321508032004,9.90751178184901,2.4243722098084,0.12232062714509,0.0299319077954754,12.34625099,0.379940956115799,2.06881090834838,0.117186747228816,0.0845446436234279
2016-11-05 14:00:00,"C04","elevated","HW","elevated_HW",1499.5,943.893333333333,29.0228204727173,29.8393333333333,2.52369140549537,6.30644778017128,2.19380692529363,0.149418406357854,0.0519777767231894,23.69295863,0.816512860616001,2.71793362957456,0.0807159859027546,0.078131335566776
2016-11-05 14:00:00,"C07","ambient","HW","ambient_HW",1474.2,1444.36666666667,25.9101758003235,27.974,2.0293186876683,6.67298713289441,2.44417259950934,0.0974300423364159,0.0356865426390253,14.6006639,2.0638241996765,2.46213239976307,0.0992705591195886,0.0672202029692977
2016-11-05 14:00:00,"C09","ambient","HW","ambient_HW",1449.1,853.573333333333,25.8791920344035,27.666,2.0534322053956,6.96320472540207,2.11574448747137,0.119497374872803,0.036308843718484,17.16126117,1.7868079655965,2.42486951395362,0.0872518902685927,0.0798057750263842
2016-11-05 14:00:00,"C10","elevated","HW","elevated_HW",1449.1,785.383333333333,29.0815501213074,30.557,2.42690434080757,5.27045077484838,1.80075531759178,0.0895805715221956,0.0306070006936257,16.99675708,1.4754498786926,2.78485839588075,0.0646623656073639,0.0815072372522074
2016-11-05 14:00:00,"C12","elevated","HW","elevated_HW",1520.8,84.5566666666667,28.7325997352601,29.669,2.42338697246873,7.12894943103914,2.03498788336677,0.193630768246956,0.0552726977573916,27.16119256,0.936400264739902,2.64358675697292,0.0769782901203879,0.0926098698722722
2016-11-05 14:30:00,"C03","ambient","HW","ambient_HW",1342.6,1184.96666666667,25.2984476089478,24.5333333333333,1.97123284529061,6.28778093770604,1.35916170142828,0.0776305216270563,0.016780551501829,12.34625099,-0.765114275614501,1.8267877085725,0.0744017323441683,0.0845112168708647
2016-11-05 14:30:00,"C04","elevated","HW","elevated_HW",1342.6,1205.94333333333,29.0966281890869,29.9956666666667,2.54535812403719,6.22767653378805,2.17013778963359,0.147552082476062,0.0514169848711883,23.69295863,0.899038477579801,2.76047579763469,0.078614628372872,0.0792177825257909
2016-11-05 14:30:00,"C07","ambient","HW","ambient_HW",1314.7,1188.14,26.2298774719238,28.0413333333333,2.07828889404319,6.56610176969611,2.39409322651514,0.0958694450725281,0.0349553505456141,14.6006639,1.8114558614095,2.46192886049625,0.0972446143725115,0.0675214952731838
2016-11-05 14:30:00,"C09","ambient","HW","ambient_HW",1285.4,210.44,25.9680404663086,27.7313333333333,2.05817625816236,6.77198323885645,2.04887734767652,0.116215773000878,0.0351613192687737,17.16126117,1.7632928670247,2.42617612328443,0.0844488299102892,0.0801903738163145
2016-11-05 14:30:00,"C10","elevated","HW","elevated_HW",1285.4,887.48,29.3469648361206,30.6806666666667,2.38362212728431,4.80965877797799,1.86747458499135,0.0817486018869815,0.0317410118741717,16.99675708,1.3337018305461,2.71034401685457,0.0689017546620745,0.0698045906314976
2016-11-05 14:30:00,"C12","elevated","HW","elevated_HW",1368.9,79.178,28.7589883804322,29.9856666666667,2.42849057513956,7.09067732811331,2.06027807191198,0.192591252289712,0.0559596094383469,27.16119256,1.2266782862345,2.71946870272208,0.0757603156031809,0.0935935558301133
2016-11-05 15:00:00,"C03","ambient","HW","ambient_HW",1168.3,110.46,25.8196525573731,24.364,2.0290376440394,1.65544267724993,1.67776345802687,0.0204385107928852,0.0207140887546501,12.34625099,-1.4556525573731,1.75165548474351,0.0957815890533141,0.0172835165255869
2016-11-05 15:00:00,"C04","elevated","HW","elevated_HW",1168.3,764.616666666667,28.9691481590271,29.817,2.42647135910238,5.86904801671669,2.40922204352242,0.139055111857552,0.0570815982076608,23.69295863,0.847851840972901,2.62778470273517,0.0916826268535143,0.0640148326693774
2016-11-05 15:00:00,"C07","ambient","HW","ambient_HW",1136.9,1146.83333333333,25.8672823905945,27.7033333333333,1.99568944704305,6.47842725649559,2.41844958543739,0.0945893389726912,0.0353109695560656,14.6006639,1.8360509427388,2.37761882808424,0.101717296181829,0.0636905177356935
2016-11-05 15:00:00,"C09","ambient","HW","ambient_HW",1108.6,892.553333333333,26.0174622535705,27.5536666666667,2.03891189069488,6.76493318752727,1.99555886248389,0.116094785228756,0.0342463068191942,17.16126117,1.5362044130962,2.35844241385615,0.084613423281388,0.0799510636158757
2016-11-05 15:00:00,"C10","elevated","HW","elevated_HW",1108.6,175.813333333333,29.1400775909424,30.3603333333333,2.35838907325069,4.54782852592178,1.54402382825362,0.077298336696587,0.0262433979345584,16.99675708,1.2202557423909,2.65338993162721,0.0581906115588046,0.0781539908946646
2016-11-05 15:00:00,"C12","elevated","HW","elevated_HW",1199.6,124.425666666667,28.7677826881409,29.6463333333333,2.4005623578683,6.7927331983958,1.97928594289799,0.184498734410333,0.0537597666263535,27.16119256,0.878550645192398,2.60722168657681,0.0759155216101598,0.0894775278404559
2016-11-05 15:30:00,"C03","ambient","HW","ambient_HW",981.9,216.336666666667,25.3039484024047,24.213,1.95027175607858,1.92614081437356,1.31380945302957,0.023780617936339,0.0162206212601377,12.34625099,-1.0909484024047,1.74598526693965,0.0752474535671431,0.0255974218802617
2016-11-05 15:30:00,"C04","elevated","HW","elevated_HW",981.9,138.24,27.9766578674316,29.1316666666667,2.22467343893074,5.64711270957071,1.64554419341271,0.133796807806806,0.0389878104983641,23.69295863,1.1550087992351,2.48756405976778,0.0661508268280064,0.0853672278995593
2016-11-05 15:30:00,"C07","ambient","HW","ambient_HW",949.5,967.866666666667,25.1901254653931,26.8276666666667,1.94465217495253,5.84830618264383,1.82648925510682,0.0853891529570746,0.0266679557307761,14.6006639,1.6375412012736,2.27191223480218,0.0803943579830167,0.0727452314984502
2016-11-05 15:30:00,"C09","ambient","HW","ambient_HW",849,831.486666666667,25.4688906669616,27.3023333333333,1.94915658888181,6.3372613586647,1.88328425309614,0.108755397278594,0.0323195329247313,17.16126117,1.8334426663717,2.32278254108185,0.0810788018158164,0.0781617539571048
2016-11-05 15:30:00,"C10","elevated","HW","elevated_HW",849,273.983333333333,28.2029032707214,29.4163333333333,2.35691596411159,3.90644506088471,0.921994683065742,0.0663968977462232,0.01567091965712,16.99675708,1.2134300626119,2.63669926395058,0.0349677604750537,0.111715620554871
2016-11-05 15:30:00,"C12","elevated","HW","elevated_HW",1012.9,345.122666666667,28.6270914077759,29.4466666666667,2.24611608515417,6.64379854665739,1.88481507341723,0.18045349165561,0.0511938251490758,27.16119256,0.819575258890801,2.43725436904635,0.0773335396319228,0.0859109589226001
2016-11-05 16:00:00,"C03","ambient","HW","ambient_HW",383.3,164.663333333333,24.737777709961,23.747,1.89934857034509,2.10233604782332,1.13444991515134,0.0259559685117513,0.0140062033880427,12.34625099,-0.990777709961002,1.71876470545604,0.0660037939777417,0.0318517455001494
2016-11-05 16:00:00,"C04","elevated","HW","elevated_HW",383.3,114.12,26.7825331687927,26.741,2.10852041467449,3.86998646164125,0.856025014234503,0.0916914291343262,0.0202817652485032,23.69295863,-0.0415331687927001,2.09989395523829,0.040765154454543,0.0949336881810824
2016-11-05 16:00:00,"C07","ambient","HW","ambient_HW",408.5,776.87,24.852288722992,25.884,1.91334272570127,5.26237389589572,1.74527255630183,0.076834152570107,0.0254821380084568,14.6006639,1.031711277008,2.11276588778063,0.0826060552376281,0.0637044570250661
2016-11-05 16:00:00,"C09","ambient","HW","ambient_HW",362.7,737.07,24.6154108047485,26.6463333333333,1.77669349693857,5.81210683637681,1.71579863671855,0.099743083367005,0.029445268519857,17.16126117,2.0309225285848,2.17476125040202,0.0788959540455934,0.0736679961182551
2016-11-05 16:00:00,"C10","elevated","HW","elevated_HW",362.7,639.186666666667,27.313862323761,28.0533333333333,2.19174300836298,3.66322685989398,0.873934482049599,0.0622629770665492,0.0148540520952327,16.99675708,0.739471009572298,2.35275904954881,0.0371450906635421,0.098619408230155
2016-11-05 16:00:00,"C12","elevated","HW","elevated_HW",494,585.903333333333,27.543637752533,28.393,2.04397162655786,6.16367768255127,1.67837578737695,0.167412836413549,0.0455866879489868,27.16119256,0.849362247466999,2.23162032613607,0.0752088412047655,0.0819541636836271
2016-11-05 16:30:00,"C03","ambient","HW","ambient_HW",467.5,165.104333333333,24.2350344657898,22.768,1.84831453694627,1.04940148424297,1.14502815014401,0.0129561741137422,0.0141368049322933,12.34625099,-1.4670344657898,1.59111121136991,0.0719640551811691,0.0145823005888302
2016-11-05 16:30:00,"C04","elevated","HW","elevated_HW",467.5,57.5136666666667,26.8229269981384,25.6303333333333,2.27595571513648,1.92066864859044,0.853561173126482,0.0455063228329914,0.02022338956306,23.69295863,-1.1925936648051,2.034951789509,0.0419450316969147,0.0457901346330778
2016-11-05 16:30:00,"C07","ambient","HW","ambient_HW",356.7,583.666666666667,23.6136665344238,23.8006666666667,1.76172241874276,3.72219990947001,1.08974463396217,0.0543465898467821,0.0159109951373102,14.6006639,0.1870001322429,1.79485794848842,0.0607148122713514,0.0613062903469826
2016-11-05 16:30:00,"C09","ambient","HW","ambient_HW",317.7,317.686666666667,23.4080476760864,23.8436666666667,1.68053844625988,2.585995168025,1.06428092747867,0.0443789384628351,0.0182644029547114,17.16126117,0.435618990580299,1.75739938937142,0.0605599918786438,0.0427013790425712
2016-11-05 16:30:00,"C10","elevated","HW","elevated_HW",317.7,535.303333333333,26.6077160835266,26.5893333333333,2.15472684502922,2.9803723847051,0.621541270286164,0.0506566654307729,0.0105641859862485,16.99675708,-0.0183827501933003,2.15094064193268,0.0288962539536977,0.103140441300133
2016-11-05 16:30:00,"C12","elevated","HW","elevated_HW",506.1,247.523333333333,26.9032411575317,27.4646666666667,2.00798377508813,5.63574639502885,1.50819969441897,0.153073593054704,0.0409645023190467,27.16119256,0.561425509135002,2.12714764505636,0.0709024452498224,0.0794859242889506
2016-11-05 17:00:00,"C03","ambient","HW","ambient_HW",165.5,66.817,23.1757783889771,21.8503333333333,1.86565488502056,0.0444863511619585,0.616616232804631,0.000549239657074818,0.00761289877471424,12.34625099,-1.3254450556438,1.64513212087113,0.0374812591026501,0.00118689585747703
2016-11-05 17:00:00,"C04","elevated","HW","elevated_HW",165.5,43.566,26.0948829650879,24.961,2.24127130712445,0.854943447491709,0.799705264424127,0.0202561397324106,0.018947383746194,23.69295863,-1.1338829650879,2.02026877005092,0.0395841026837222,0.0215981515186216
2016-11-05 17:00:00,"C07","ambient","HW","ambient_HW",178.3,155.832333333333,22.63543176651,22.33,1.79522787080216,1.04951871410496,0.391788861359584,0.0153236700014067,0.00572037748447499,14.6006639,-0.305431766510001,1.74450155530426,0.022458498828409,0.0467314722201008
2016-11-05 17:00:00,"C09","ambient","HW","ambient_HW",156.2,69.6886666666667,22.7834577560425,22.302,1.73170570483263,0.636227104815249,0.836743943184896,0.0109184595091675,0.0143595813414116,17.16126117,-0.481457756042499,1.65148826379986,0.0506660544628794,0.0125572656398848
2016-11-05 17:00:00,"C10","elevated","HW","elevated_HW",156.2,313.233333333333,25.2053670883179,25.1366666666667,2.12685823507208,1.84299945095674,0.348420278592917,0.0313250139664852,0.00592201483698973,16.99675708,-0.0687004216512008,2.1137155991688,0.0164837823371286,0.111806830086898
2016-11-05 17:00:00,"C12","elevated","HW","elevated_HW",107.8,92.472,25.6472930908203,24.9516666666667,2.02633685778584,2.97901755381232,1.1525567655602,0.0809136694187166,0.0313048162457113,27.16119256,-0.695626424153598,1.89236298852132,0.060905691590428,0.0489119731838084
2016-11-05 17:30:00,"C03","ambient","HW","ambient_HW",76.1,41.6526666666667,22.1875357627869,21.213,1.82438451492743,-0.0291911839710448,0.57841052871116,-0.000360401684001784,0.00714120156272658,12.34625099,-0.9745357627869,1.66913571775493,0.0346532952688323,-0.000842378300377679
2016-11-05 17:30:00,"C04","elevated","HW","elevated_HW",76.1,31.2116666666667,25.1581707000732,24.166,2.18181238976341,0.481211418977764,0.627646195325569,0.0114013222421238,0.0148707953401256,23.69295863,-0.992170700073199,1.99695906064295,0.0314300982777027,0.0153105286126053
2016-11-05 17:30:00,"C07","ambient","HW","ambient_HW",61.9,70.1913333333333,22.0773324966431,21.8693333333333,1.79173503221316,0.525417706495645,0.356007374841738,0.00767144733965176,0.00519794402598554,14.6006639,-0.207999163309797,1.75811553382257,0.0202493731494251,0.0259473566227685
2016-11-05 17:30:00,"C09","ambient","HW","ambient_HW",55.2,43.3903333333333,21.988265991211,21.5193333333333,1.67095729279865,0.0960494815291547,0.695707887846223,0.00164833023776491,0.0119392247613581,17.16126117,-0.468932657877701,1.59604506841756,0.0435894888943205,0.00220350098075294
2016-11-05 17:30:00,"C10","elevated","HW","elevated_HW",55.2,35.8946666666667,24.7199935913086,24.2736666666667,2.15975141120057,0.658405574891053,0.360592719326494,0.011190759616541,0.00612890685520905,16.99675708,-0.446326924641902,2.07731684686367,0.017358580607042,0.0379296896328004
2016-11-05 17:30:00,"C12","elevated","HW","elevated_HW",127.2,16.2896666666667,25.1616764068604,24.4976666666667,2.19961275980033,0.562214868366165,0.802708533428408,0.0152704262997884,0.0218025210460042,27.16119256,-0.664009740193702,2.07481917699006,0.03868812002176,0.0145319769492534
2016-11-05 18:00:00,"C03","ambient","HW","ambient_HW",29.5,18.499,20.7951841354371,19.8146666666667,1.64889356443222,-0.128062866790225,0.47230436754073,-0.00158109629589106,0.00583118826533106,12.34625099,-0.980517468770401,1.50399171676796,0.031403388880073,-0.00407799512591736
2016-11-05 18:00:00,"C04","elevated","HW","elevated_HW",29.5,13.6530666666667,23.759464263916,22.4936666666667,1.97676842793368,-0.00479636216151977,0.563912575805454,-0.000113640010267385,0.0133607573294954,23.69295863,-1.2657975972493,1.75920933059326,0.0320548877270498,-0.000149629666538258
2016-11-05 18:00:00,"C07","ambient","HW","ambient_HW",21.8,23.6888,20.4597692489624,20.5183333333333,1.59349622005849,-0.0588679364648681,0.262224098623586,-0.000859510954810094,0.00382864593048343,14.6006639,0.0585640843709001,1.60223662967325,0.0163661280591907,-0.0035969372995227
2016-11-05 18:00:00,"C09","ambient","HW","ambient_HW",15.6,19.6216333333333,20.4687360127767,20.1786666666667,1.49045345496749,-0.126032420029886,0.582473484137927,-0.00216287527602001,0.00999597958589081,17.16126117,-0.290069346109998,1.44754703433315,0.0402386568672884,-0.00313212293455905
2016-11-05 18:00:00,"C10","elevated","HW","elevated_HW",15.6,16.3475,23.3311557769775,23.1936666666667,1.92052241335625,-0.0973269407880627,0.467128332786096,-0.00165424236991424,0.00793966679755067,16.99675708,-0.137489110310799,1.89672485787808,0.0246281547292361,-0.00395185680202528
2016-11-05 18:00:00,"C12","elevated","HW","elevated_HW",36.5,7.34163333333333,24.1447887420655,23.2523333333333,2.11399284273565,-0.0145834783342591,0.622299359710563,-0.0003961046632314,0.0169023927390633,27.16119256,-0.8924554087322,1.95591387657303,0.0318162965744124,-0.000458365048872079
2016-11-06 05:00:00,"C03","ambient","HW","ambient_HW",25.6,21.6903333333333,13.2576715946198,12.8903333333333,0.817870414050547,-0.319610723826102,0.061529750838521,-0.00394599421545262,0.000759661747204543,12.34625099,-0.3673382612865,0.78160525277595,0.00787222841965198,-0.0405997776980449
2016-11-06 05:00:00,"C04","elevated","HW","elevated_HW",25.6,17.2902666666667,16.315797328949,15.654,0.933400747662478,-0.0341050259689174,0.117680044566308,-0.000808048969356635,0.00278818842748609,23.69295863,-0.661797328949,0.856320490294814,0.0137425234944212,-0.00248171494724112
2016-11-06 05:00:00,"C07","ambient","HW","ambient_HW",32.3,26.4416666666667,13.4130358695984,13.3563333333333,0.80316356641385,0.0533808085776517,0.0569379446888989,0.00077939524475253,0.000831331793559402,14.6006639,-0.0567025362650995,0.797465019795891,0.00713986736414746,0.00747644260812199
2016-11-06 05:00:00,"C09","ambient","HW","ambient_HW",40,22.8111666666667,13.4146437644958,13.0496666666667,0.710472140294637,0.268471085377665,0.11594066884493,0.00460730241275947,0.00198968809827233,17.16126117,-0.364977097829099,0.674111290831393,0.0171990397463805,0.0156096555003406
2016-11-06 05:00:00,"C10","elevated","HW","elevated_HW",40,11.8306666666667,16.3985157012939,15.8923333333333,0.967174911918376,0.186347434987702,0.0660603974658916,0.00316730208496706,0.00112281252833601,16.99675708,-0.5061823679606,0.907687618323993,0.00727787799814537,0.0256046384722565
2016-11-06 05:00:00,"C12","elevated","HW","elevated_HW",18.5,6.80763333333333,16.1030464172363,16.0286666666667,0.875153023772994,-0.0960819547253257,0.133050882502882,-0.00260970047383577,0.00361382063993871,27.16119256,-0.074379750569598,0.866450936870314,0.0153558472662597,-0.00625702724566944
2016-11-06 05:30:00,"C03","ambient","HW","ambient_HW",75.3,52.9953333333333,14.0624284744263,13.7336666666667,0.862007009110526,0.525101828433157,0.102828676317875,0.00648303896914368,0.00126954864678996,12.34625099,-0.3287618077596,0.827981745063586,0.0124191960669348,0.0422814669808783
2016-11-06 05:30:00,"C04","elevated","HW","elevated_HW",75.3,127.597333333333,17.4531831741333,17.7133333333333,0.946711635596243,2.35902872913242,0.220902201758281,0.0558923700863158,0.00523382672753486,23.69295863,0.260150159199998,0.979832667622954,0.0225448904754506,0.104636956728674
2016-11-06 05:30:00,"C07","ambient","HW","ambient_HW",78.5,204.502,14.637274980545,14.6546666666667,0.84411940390074,1.94411225374844,0.156259959991964,0.0283853296008525,0.00228149915687012,14.6006639,0.0173916861216998,0.845997590658258,0.0184704970460235,0.105255004719377
2016-11-06 05:30:00,"C09","ambient","HW","ambient_HW",76.3,161.087,14.6961445808411,14.5333333333333,0.727868156524656,2.29047790066164,0.208981735716037,0.0393074894573678,0.00358639014638283,17.16126117,-0.162811247507801,0.710316693831241,0.0294209241498817,0.0778520038661276
2016-11-06 05:30:00,"C10","elevated","HW","elevated_HW",76.3,77.737,17.8865475654602,17.201,0.983569060598869,2.17616167724011,0.261505909967338,0.0369876913948555,0.00444475242669919,16.99675708,-0.685547565460201,0.896475309298299,0.029170453135182,0.0746015725966038
2016-11-06 05:30:00,"C12","elevated","HW","elevated_HW",61.1,35.3776666666667,17.1430897712708,17.694,0.929437872466117,1.51816170951695,0.165629311510644,0.0412350825294087,0.00449868962352083,27.16119256,0.550910228729197,0.998941811558695,0.0165804764195629,0.0915632139330875
2016-11-06 06:00:00,"C03","ambient","HW","ambient_HW",88.2,105.839310344828,15.6300749778747,15.4053333333333,0.968240426033919,1.29969839087106,0.142040281984352,0.0160464025449932,0.00175366497206918,12.34625099,-0.224741644541401,0.942743981950355,0.0150666866831118,0.0862630529330571
2016-11-06 06:00:00,"C04","elevated","HW","elevated_HW",88.2,376.866666666667,19.2414636611938,20.056,0.910011383545683,6.33250048945422,0.379764891557981,0.150035672121094,0.00899775386480967,23.69295863,0.814536338806199,1.02616946562242,0.0370080093279366,0.171111621631427
2016-11-06 06:00:00,"C07","ambient","HW","ambient_HW",91.1,407.61,16.4585528373719,16.9036666666667,0.732089875399978,4.75384226270371,0.647552572310987,0.0694092531113523,0.00945469746589317,14.6006639,0.445113829294801,0.785989857209163,0.0823868865954926,0.0577014432654116
2016-11-06 06:00:00,"C09","ambient","HW","ambient_HW",92.9,394.736666666667,16.1978772481283,16.7333333333333,0.748556880751238,4.78478488276346,0.215172612687803,0.0821129430153716,0.00369263340296664,17.16126117,0.535456085204999,0.812621977222392,0.0264788079474888,0.18070242785296
2016-11-06 06:00:00,"C10","elevated","HW","elevated_HW",92.9,144.04,19.9066247940063,19.8476666666667,0.940244257557822,5.54053583701595,0.384525892253663,0.0941711417147945,0.00653569318160576,16.99675708,-0.0589581273396007,0.931731979238436,0.0412700112072959,0.134250892474593
2016-11-06 06:00:00,"C12","elevated","HW","elevated_HW",85.2,141.79,18.6050748825074,20.0716666666667,0.855960977909124,6.36985545394775,0.257621021712539,0.173012870564041,0.0069972941782382,27.16119256,1.4665917841593,1.06163151504865,0.0242665197915431,0.26249563219888
2016-11-06 06:30:00,"C03","ambient","HW","ambient_HW",115.5,692.336666666667,17.9118623733521,19.1346666666667,1.07090107222961,3.36285320158292,0.422128614075907,0.0415186296692678,0.00521170581944199,12.34625099,1.2228042933146,1.23488930670286,0.0341835184566449,0.098376450213808
2016-11-06 06:30:00,"C04","elevated","HW","elevated_HW",115.5,433.373333333333,20.7162427902222,21.5246666666667,0.997852585356911,8.47887889732467,0.62419574824051,0.200889726943093,0.0147890440400843,23.69295863,0.8084238764445,1.1226915133047,0.0555981532632376,0.152502887230448
2016-11-06 06:30:00,"C07","ambient","HW","ambient_HW",155.4,605.043333333333,17.8766579627991,18.576,0.790779877320279,6.27083399545209,0.932887827512125,0.0915583395402901,0.0136207816259057,14.6006639,0.6993420372009,0.883038536994199,0.105645199889872,0.0593574909412732
2016-11-06 06:30:00,"C09","ambient","HW","ambient_HW",225.6,582.333333333333,16.8776205380757,18.7603333333333,0.826554055990072,6.63540300421362,0.16692874505221,0.113871883923512,0.00286470779062131,17.16126117,1.8827127952576,1.06948796915435,0.0156082863825202,0.425120531594337
2016-11-06 06:30:00,"C10","elevated","HW","elevated_HW",225.6,231.693333333333,21.1607966423034,21.668,0.972050028870908,6.62299072396712,0.855027918869664,0.112569364478362,0.0145327018336456,16.99675708,0.5072033576966,1.05161663573525,0.0813060472623526,0.0814575415601809
2016-11-06 06:30:00,"C12","elevated","HW","elevated_HW",103.5,190.246666666667,20.4884357452393,21.8586666666667,0.88131588554821,8.43631802559784,0.296305219021593,0.229140458390662,0.00804800311037846,27.16119256,1.3702309214274,1.09354180798611,0.0270959205087251,0.311350117183924
2016-11-06 07:00:00,"C03","ambient","HW","ambient_HW",620.7,891.596666666667,19.4708003997803,20.8616666666667,0.981890376426378,8.11734155559246,0.966503866814114,0.100218736216902,0.0119326993224926,12.34625099,1.3908662668864,1.18591655421402,0.0814984716571961,0.0996011506784583
2016-11-06 07:00:00,"C04","elevated","HW","elevated_HW",620.7,619.5,21.8165655136109,22.4123333333333,1.18787512687004,9.24935477979092,1.13858107155409,0.219144580151779,0.0269763542252322,23.69295863,0.595767819722401,1.28490169228507,0.0886123100615763,0.104380020940246
2016-11-06 07:00:00,"C07","ambient","HW","ambient_HW",686.8,810.653333333333,18.7499132156372,19.895,0.945735114181964,6.72452234195443,1.37733273792625,0.0981824906029175,0.0201099723849279,14.6006639,1.1450867843628,1.10616517753594,0.124514201486106,0.0540060672734168
2016-11-06 07:00:00,"C09","ambient","HW","ambient_HW",835,777.006666666667,18.8707709312439,20.028,1.01347261626202,8.29737909481407,0.726316111405363,0.142393489672603,0.0124645004798063,17.16126117,1.1572290687561,1.17673048051199,0.0617232342863548,0.134428780195149
2016-11-06 07:00:00,"C10","elevated","HW","elevated_HW",835,506.566666666667,21.8280744552613,22.6773333333333,1.1738306469142,7.03662959277962,0.959254162087928,0.119599883850415,0.0163042099709875,16.99675708,0.849258878072,1.31316879356346,0.0730488088652228,0.0963277800430997
2016-11-06 07:00:00,"C12","elevated","HW","elevated_HW",557.7,73.743,21.759292602539,22.9773333333333,0.990236751416977,9.36874351929485,0.321971994591004,0.254466246772819,0.00874514334401354,27.16119256,1.2180407307943,1.19133034021187,0.0270262565909085,0.346653391962779
2016-11-06 07:30:00,"C03","ambient","HW","ambient_HW",979.7,1099.06666666667,19.7038278579712,21.007,1.16584596085135,10.0251330763944,1.21934145872922,0.123772809169315,0.0150542956919837,12.34625099,1.3031721420288,1.35897164191233,0.0897253056004448,0.111731389593001
2016-11-06 07:30:00,"C04","elevated","HW","elevated_HW",979.7,286.586666666667,22.7358536720276,23.426,1.38786345284994,9.454611389333,1.74261742240988,0.224007716510194,0.0412877624970745,23.69295863,0.6901463279724,1.50618322337791,0.115697572205174,0.0817183213885119
2016-11-06 07:30:00,"C07","ambient","HW","ambient_HW",1010.7,952.68,19.8959608078003,21.2286666666667,1.17842652982016,7.41977865955609,1.41892233306464,0.108333694420571,0.0207172080852806,14.6006639,1.3327058588664,1.37815187125902,0.102958343173629,0.0720658319748154
2016-11-06 07:30:00,"C09","ambient","HW","ambient_HW",1045,1009.33333333333,20.1503678957622,21.0463333333333,1.17477495992163,9.0699038680508,1.28232538539497,0.155650989066413,0.022006320843684,17.16126117,0.8959654375711,1.30929646287492,0.0979400328157365,0.092606706443675
2016-11-06 07:30:00,"C10","elevated","HW","elevated_HW",1045,228.313333333333,23.2365455627441,23.8113333333333,1.47742120663559,6.63742914591991,1.0898983474189,0.112814770828913,0.0185247374529725,16.99675708,0.5747877705892,1.57829530546173,0.0690554133720906,0.0961174341272206
2016-11-06 07:30:00,"C12","elevated","HW","elevated_HW",946.1,80.8713333333333,22.4529013633728,24.0426666666667,1.24557519527491,9.50191304394392,1.03861496057375,0.258083289874936,0.0282100209398404,27.16119256,1.5897653032939,1.5205979824481,0.0683030605434331,0.139114015804633
2016-11-06 08:00:00,"C03","ambient","HW","ambient_HW",1123.6,1128.67333333333,20.7015609741211,21.731,1.30700018975178,10.7950074260759,1.54381899666258,0.133277871121247,0.0190603768159262,12.34625099,1.0294390258789,1.46679628317566,0.1052510845828,0.102564334314138
2016-11-06 08:00:00,"C04","elevated","HW","elevated_HW",1123.6,126.83,23.6255950927734,24.8953333333333,1.51589194643173,9.09641400219176,2.07986142961487,0.215520960635282,0.0492780708079978,23.69295863,1.2697382405599,1.74755398446232,0.119015575376047,0.0764304501612526
2016-11-06 08:00:00,"C07","ambient","HW","ambient_HW",1155.8,769.856666666667,20.8316211700439,22.6856666666667,1.31580038499528,7.47065183357731,1.42763580154172,0.109076476535981,0.0208444305099178,14.6006639,1.8540454966228,1.6121581328025,0.0885543280459706,0.0843623569668907
2016-11-06 08:00:00,"C09","ambient","HW","ambient_HW",1183.6,747.696666666667,20.9819609324137,22.3706666666667,1.28932960631246,9.36302013357984,1.70022407587443,0.160681233852332,0.029177989413603,17.16126117,1.388705734253,1.51029637293726,0.112575525330025,0.0831710099165104
2016-11-06 08:00:00,"C10","elevated","HW","elevated_HW",1183.6,250.703333333333,24.05495262146,25.341,1.61514283282012,6.4388324755531,1.28488729833616,0.109439271465791,0.0218389172849972,16.99675708,1.28604737854,1.85521396698817,0.0692581729762471,0.0929685580611746
2016-11-06 08:00:00,"C12","elevated","HW","elevated_HW",1138.6,189.73,23.9543523788452,25.2506666666667,1.48596845290568,9.16773332499273,1.59663895128362,0.249006570178857,0.0433666180046109,27.16119256,1.2963142878215,1.72675283865901,0.092464822731872,0.0991483361361885
2016-11-06 08:30:00,"C03","ambient","HW","ambient_HW",1345.7,1055.87666666667,21.9154272079468,22.638,1.48978776450716,11.4995893218087,1.8783429401759,0.141976816048973,0.0231904933847063,12.34625099,0.722572792053203,1.60848983485216,0.116776798925095,0.0984749490280599
2016-11-06 08:30:00,"C04","elevated","HW","elevated_HW",1345.7,127.053333333333,24.9482293128967,25.9236666666667,1.72838346712904,8.95980082629936,2.28525212526709,0.212284190310551,0.0541443840630727,23.69295863,0.975437353770001,1.91759225171246,0.119172995365741,0.0751831469772312
2016-11-06 08:30:00,"C07","ambient","HW","ambient_HW",1372.2,1315.56666666667,22.139271736145,24.0233333333333,1.52275611860984,7.77128315934055,1.68911117163314,0.113465893481262,0.0246621445067507,14.6006639,1.8840615971883,1.84586707180722,0.0915077362520688,0.0849248760556554
2016-11-06 08:30:00,"C09","ambient","HW","ambient_HW",1398.2,1346.26666666667,22.0854134559631,23.6366666666667,1.45987915105051,8.87002327976385,2.05623222074484,0.152220786088007,0.0352875381663713,17.16126117,1.5512532107036,1.72279960962963,0.119354114619686,0.0743168621209887
2016-11-06 08:30:00,"C10","elevated","HW","elevated_HW",1398.2,248.403333333333,25.2638368606567,26.4426666666667,1.83018765288065,6.01549510989009,1.43220794058876,0.10224390909873,0.0243428904542342,16.99675708,1.17882980601,2.06385816822317,0.0693946881932196,0.0866852386906156
2016-11-06 08:30:00,"C12","elevated","HW","elevated_HW",1358,91.5,24.9615507125854,26.262,1.72684256526229,9.25706950028438,1.96676689950938,0.251433047238527,0.0534197344782084,27.16119256,1.3004492874146,1.98142428408776,0.0992602601726402,0.0932605806612219
2016-11-06 09:00:00,"C03","ambient","HW","ambient_HW",1497.7,1522.86666666667,22.5560956001282,23.3723333333333,1.58279855888576,11.3394600872375,2.16502669420763,0.139999820328121,0.0267299629667374,12.34625099,0.816237733205103,1.72187630053664,0.12573648255295,0.090184327229468
2016-11-06 09:00:00,"C04","elevated","HW","elevated_HW",1497.7,131.74,25.6284708976745,26.412,1.87170994192012,8.29585885044919,2.29380433379435,0.196553440544012,0.0543470111859043,23.69295863,0.783529102325499,2.02835835660371,0.11308673964472,0.0733583696595373
2016-11-06 09:00:00,"C07","ambient","HW","ambient_HW",1519.9,1455.63333333333,22.556875705719,24.71,1.60482176022426,7.1868487703915,1.79934631272919,0.104932763396615,0.0262716507518632,14.6006639,2.153124294281,1.98503771411309,0.0906454471840165,0.0792852701780123
2016-11-06 09:00:00,"C09","ambient","HW","ambient_HW",1542,1478.56666666667,22.7032432556152,24.3076666666667,1.55259455229049,8.01530369806699,2.14800231286961,0.137552720119395,0.0368624286849194,17.16126117,1.6044234110515,1.8339552261233,0.117124032379469,0.0684343215925004
2016-11-06 09:00:00,"C10","elevated","HW","elevated_HW",1542,148.533333333333,25.6283965110778,26.773,1.96217790905385,5.66728224318338,1.2566511222473,0.0963254195911853,0.0213589938591467,16.99675708,1.1446034889222,2.19317212209057,0.057298335574749,0.0989083223157517
2016-11-06 09:00:00,"C12","elevated","HW","elevated_HW",1474.1,104.613333333333,25.6941771507264,26.9793333333333,1.82221163751942,8.34138023246767,2.02887218671715,0.226561834710232,0.0551065881430527,27.16119256,1.2851561826069,2.08340546828441,0.0973824931153625,0.0856558500980889
2016-11-06 09:30:00,"C03","ambient","HW","ambient_HW",1629.9,1635.5,22.9733352661133,23.699,1.68259279015143,10.9234954571853,2.24992347583945,0.134864216602534,0.0277781199410071,12.34625099,0.725664733886703,1.80869238862915,0.12439503201231,0.0878129558751533
2016-11-06 09:30:00,"C04","elevated","HW","elevated_HW",1629.9,746.65,26.0956788063049,26.802,1.96536115489788,7.77870386578795,2.2896652567973,0.184300508887135,0.0542489442058468,23.69295863,0.7063211936951,2.10972892311425,0.108528884052907,0.0716740426631119
2016-11-06 09:30:00,"C07","ambient","HW","ambient_HW",1647.8,1581.16666666667,23.2670922279358,25.192,1.7280811608794,6.86512221800376,1.83744231878575,0.100235342137495,0.0268278777322274,14.6006639,1.9249077720642,2.07878039161864,0.0883904007462292,0.0776681874959893
2016-11-06 09:30:00,"C09","ambient","HW","ambient_HW",1667.6,1615.9,23.3103814125061,24.7353333333333,1.64694291544135,7.56977255446092,2.14934963584405,0.129906843804602,0.0368855504463641,17.16126117,1.4249519208272,1.90371346440602,0.112903001214769,0.0670466902829392
2016-11-06 09:30:00,"C10","elevated","HW","elevated_HW",1667.6,185.42,26.3667039871216,27.4296666666667,2.08396386422215,5.64137106887277,1.44678856665138,0.0958850136557705,0.0245907138134949,16.99675708,1.0629626795451,2.30631661426175,0.0627315676306002,0.0899287437242511
2016-11-06 09:30:00,"C12","elevated","HW","elevated_HW",1608.4,881.083333333333,26.055501461029,27.3463333333333,1.91776611425663,7.98478810070313,2.00740036159917,0.216876367153994,0.0545233877664086,27.16119256,1.2908318723043,2.18507694943969,0.0918686347459719,0.0869152798752485
2016-11-06 10:00:00,"C03","ambient","HW","ambient_HW",1731.4,1504.22666666667,23.9241652488708,24.4433333333333,1.82604701828413,10.5694396418247,2.21983550246322,0.130492954641624,0.0274066462699236,12.34625099,0.5191680844625,1.92037607763848,0.115593790628396,0.0914360501923733
2016-11-06 10:00:00,"C04","elevated","HW","elevated_HW",1731.4,1161.03666666667,26.8730149269104,27.5116666666667,2.10360952986344,6.989065815248,2.2155338659291,0.165591647223018,0.0524925522288222,23.69295863,0.638651739756298,2.23922421584357,0.098942028683557,0.070637987801937
2016-11-06 10:00:00,"C07","ambient","HW","ambient_HW",1744.6,1383.52,23.8915271759033,25.9273333333333,1.83178593746645,6.64780769623473,1.8117146814989,0.0970624058445566,0.026452237147261,14.6006639,2.03580615743,2.21612518438966,0.0817514594509633,0.0813172968517126
2016-11-06 10:00:00,"C09","ambient","HW","ambient_HW",1758.1,1467.18,23.992857615153,25.525,1.73843090227185,7.0846863312172,2.13142236024842,0.121582152437547,0.0365778957878009,17.16126117,1.532142384847,2.02537223078341,0.105236080946167,0.0673218374108906
2016-11-06 10:00:00,"C10","elevated","HW","elevated_HW",1758.1,146.253333333333,27.1947441101075,28.215,2.23700023617218,5.52407905620894,1.4333537523041,0.0938914298090991,0.0243623655376192,16.99675708,1.0202558898925,2.45940688022969,0.0582804644415012,0.0947844034728603
2016-11-06 10:00:00,"C12","elevated","HW","elevated_HW",1715.2,694.123333333333,26.8360576629638,28.0836666666667,2.03583958355383,7.63565140409078,1.93855818713713,0.207393398107544,0.0526535522095962,27.16119256,1.2476090037029,2.30444072565075,0.0841227186084251,0.0907680057230824
2016-11-06 10:30:00,"C03","ambient","HW","ambient_HW",1803.1,1712.4,24.7404670715332,25.3386666666667,1.9585231620595,10.0984004634271,2.2790605640319,0.124677386719003,0.0281378537449488,12.34625099,0.598199595133501,2.07218432859527,0.109983486149462,0.0918174247514203
2016-11-06 10:30:00,"C04","elevated","HW","elevated_HW",1803.1,1000.88,27.6079421043396,28.2573333333333,2.24427428574084,6.60235948884175,2.1514999487465,0.156429430229515,0.050975399278098,23.69295863,0.6493912289937,2.38747947083497,0.0901159559706729,0.0732651550740959
2016-11-06 10:30:00,"C07","ambient","HW","ambient_HW",1811.6,1649.3,24.6028327941895,26.6483333333333,1.93799082075801,6.39655028517587,1.81712866899013,0.0933938808333021,0.0265312849589793,14.6006639,2.0455005391438,2.33880827638932,0.0776946399298464,0.0823293639168876
2016-11-06 10:30:00,"C09","ambient","HW","ambient_HW",1821.6,1742.86666666667,24.7571709950765,26.3256666666667,1.84552938030481,6.7966837394807,2.03807287137022,0.116639664743121,0.0349759008290762,17.16126117,1.5684956715902,2.15148912151788,0.0947284767088366,0.0717491083528284
2016-11-06 10:30:00,"C10","elevated","HW","elevated_HW",1821.6,124.133333333333,27.5615072250366,29.3386666666667,2.30174767177959,5.06875532778628,1.41768243620282,0.0861524030043392,0.0240960039847219,16.99675708,1.7771594416301,2.70418479574669,0.0524255013352874,0.0966849185736736
2016-11-06 10:30:00,"C12","elevated","HW","elevated_HW",1793.4,649.74,27.6539955139161,28.8596666666667,2.14253817645984,7.25285765621245,1.96138899229992,0.196996263410657,0.0532736641049224,27.16119256,1.2056711527506,2.41285757366643,0.0812890497021551,0.0892230587365344
2016-11-06 11:00:00,"C03","ambient","HW","ambient_HW",1850.6,1429.70666666667,24.9874138832092,25.7126666666667,1.97531169795666,9.60654501463266,2.22708962917673,0.118604815897388,0.027496207539042,12.34625099,0.725252783457499,2.1153594586573,0.105281852692324,0.091245972301673
2016-11-06 11:00:00,"C04","elevated","HW","elevated_HW",1850.6,1081.79,28.1715030670166,28.7256666666667,2.31200746538074,5.99580406967268,2.01492251059535,0.14205833777634,0.0477394756861914,23.69295863,0.554163599650099,2.43745580400724,0.0826649864700219,0.0725313621365804
2016-11-06 11:00:00,"C07","ambient","HW","ambient_HW",1853.9,1136.36666666667,25.5609827041626,27.327,2.04478154243783,6.08205601940918,1.94294392799346,0.0888020557603653,0.0283682712691782,14.6006639,1.7660172958374,2.40574286110037,0.0807627431597063,0.0753076948783435
2016-11-06 11:00:00,"C09","ambient","HW","ambient_HW",1858.7,1418.61333333333,25.6401201883952,26.6103333333333,1.94034320135078,6.43680243256629,1.99405267349094,0.110463647644961,0.0342204587165147,17.16126117,0.9702131449381,2.13537547519551,0.0933818289408034,0.0689299246499735
2016-11-06 11:00:00,"C10","elevated","HW","elevated_HW",1858.7,112.966666666667,28.7366480827332,29.909,2.43455834330325,5.02844059304208,1.42771728898526,0.0854671832511475,0.0242665639397985,16.99675708,1.1723519172668,2.71195478774843,0.0526453204690262,0.0955154332473017
2016-11-06 11:00:00,"C12","elevated","HW","elevated_HW",1843.3,377.773333333333,27.8746242523194,29.072,2.12720958245367,6.79041421007193,1.83502157648134,0.184435747921924,0.0498413743905644,27.16119256,1.1973757476806,2.39863196928918,0.0765028399511051,0.0887602893488903
2016-11-06 11:30:00,"C03","ambient","HW","ambient_HW",1866.3,1771.03333333333,26.1806077957153,26.5906666666667,2.1177524126904,9.30262466876878,2.37897515667972,0.114852539026385,0.0293714243833424,12.34625099,0.410058870951399,2.20129097345023,0.108071817191482,0.0860781738525446
2016-11-06 11:30:00,"C04","elevated","HW","elevated_HW",1866.3,1016.13,29.1632266044616,29.4663333333333,2.44956700680359,5.66376231996546,1.93329931273126,0.134191286337094,0.0458055806359492,23.69295863,0.3031067288717,2.52124950630175,0.0766802059018381,0.0738621167399564
2016-11-06 11:30:00,"C07","ambient","HW","ambient_HW",1864.8,1477.66333333333,26.3266630172729,28.3253333333333,2.11942189709811,5.96000566551964,2.20647858135722,0.0870200395643481,0.0322160521689456,14.6006639,1.9986703160604,2.54688311997715,0.0866344656356676,0.068794856894297
2016-11-06 11:30:00,"C09","ambient","HW","ambient_HW",1866.2,1783.7,26.3307752609253,27.704,2.0503943482178,6.23415397923575,1.90570653797579,0.10698594461166,0.032704327611579,17.16126117,1.3732247390747,2.33942997384551,0.0814602941435014,0.0765299713778788
2016-11-06 11:30:00,"C10","elevated","HW","elevated_HW",1866.2,127.013333333333,29.1413741111756,30.8933333333333,2.4661461889934,4.58175536569078,1.56107909648731,0.0778749829506327,0.0265332821856607,16.99675708,1.7519592221577,2.895454815033,0.0539148146392165,0.0849813802820368
2016-11-06 11:30:00,"C12","elevated","HW","elevated_HW",1866.6,1101.33333333333,28.7346916198731,29.9856666666667,2.23829358257324,6.52699854251604,1.73003368522514,0.177281064252117,0.0469897780596864,27.16119256,1.2509750467936,2.53485538347908,0.0682497982528168,0.0956339609728687
2016-11-06 12:00:00,"C03","ambient","HW","ambient_HW",1855.5,1509.41666666667,26.7130661010742,27.106,2.16041909418746,8.85991116070993,2.65518433032779,0.109386686939227,0.032781572166942,12.34625099,0.392933898925801,2.2426542704785,0.118394723844852,0.0748336654961098
2016-11-06 12:00:00,"C04","elevated","HW","elevated_HW",1855.5,1220.27666666667,29.5999627113342,29.9726666666667,2.54349497674627,5.59549035554185,1.92991839990947,0.132573721508417,0.0457254768083308,23.69295863,0.372703955332501,2.63374994897446,0.0732764475481414,0.0763613758959277
2016-11-06 12:00:00,"C07","ambient","HW","ambient_HW",1849.3,1716.86666666667,26.644476890564,28.642,2.16461523204195,6.11023110582917,2.49417975848375,0.0892134307275371,0.0364166803598043,14.6006639,1.997523109436,2.59880804332975,0.095973989494355,0.0636654903898578
2016-11-06 12:00:00,"C09","ambient","HW","ambient_HW",1840.1,759.353333333333,26.3666696548462,27.9656666666667,2.08461305359506,6.25205363694095,1.94749800302194,0.107293125312392,0.033421521857913,17.16126117,1.5989970118205,2.42376503728038,0.0803501153398582,0.0778101389213511
2016-11-06 12:00:00,"C10","elevated","HW","elevated_HW",1840.1,130.01,29.874213218689,31.1526666666667,2.50780384600818,4.60190328191213,1.54957948466456,0.0782174321883153,0.0263378260769951,16.99675708,1.2784534479777,2.82890183077122,0.0547767146886857,0.0840120351880589
2016-11-06 12:00:00,"C12","elevated","HW","elevated_HW",1857.5,861.11,29.5915613174438,30.478,2.4174623107033,6.22005610163536,1.76852905455327,0.168944141510521,0.0480353581986762,27.16119256,0.8864386825562,2.63482549017814,0.0671212974500902,0.0926688895765229
2016-11-06 12:30:00,"C03","ambient","HW","ambient_HW",1786.5,1709.03333333333,26.6583485603332,27.105,2.13775702007655,9.20292349795442,2.75502998641192,0.113621603347514,0.0340142916972178,12.34625099,0.446651439666802,2.23110133394513,0.123482960836223,0.0745278817063704
2016-11-06 12:30:00,"C04","elevated","HW","elevated_HW",1786.5,1416.29666666667,29.8730430603027,30.2783333333333,2.66841728071299,5.60550211988341,1.98845276712593,0.132810929826775,0.0471123291492236,23.69295863,0.405290273030602,2.76799649410201,0.0718372574301625,0.078030569657157
2016-11-06 12:30:00,"C07","ambient","HW","ambient_HW",1763.1,1698.56666666667,26.7272238731384,28.3786666666667,2.1717038694747,6.24694352572013,2.52671562103921,0.0912095228213207,0.0368917255536733,14.6006639,1.6514427935283,2.52897961218657,0.0999104780783345,0.0625254092050509
2016-11-06 12:30:00,"C09","ambient","HW","ambient_HW",1781.1,1203.69666666667,26.6956728299458,28.066,2.15529066177613,6.49113787360536,2.07419068074774,0.11139611233942,0.0355957279886921,17.16126117,1.3703271700542,2.44913197130862,0.0846908498621843,0.0766450907526404
2016-11-06 12:30:00,"C10","elevated","HW","elevated_HW",1781.1,499.883333333333,30.1527733802795,31.4453333333333,2.55523927913411,4.65655182211001,1.50540836476321,0.0791462801508352,0.0255870602820803,16.99675708,1.2925599530538,2.88453152541485,0.0521890071749764,0.0892247634927751
2016-11-06 12:30:00,"C12","elevated","HW","elevated_HW",1818.4,551.923333333333,29.850266456604,30.528,2.55957922736459,6.13133252257277,1.74679389499027,0.166534303294989,0.0474450053444632,27.16119256,0.677733543395998,2.72704899531659,0.0640543641859828,0.09572076158262
2016-11-06 13:00:00,"C03","ambient","HW","ambient_HW",1725.8,1656.7,26.8395366668701,27.1966666666667,2.18810419810423,9.45339273305341,2.63644436597925,0.116713959389319,0.0325502038635513,12.34625099,0.357129999796602,2.2632632763176,0.116488629209273,0.0811529227979009
2016-11-06 13:00:00,"C04","elevated","HW","elevated_HW",1725.8,1564.58,29.7628765106201,30.367,2.67800913392008,5.75425424970482,2.02624664886199,0.136335307884758,0.0480077780256633,23.69295863,0.604123489379901,2.82636417613284,0.0716909259596685,0.0802647500039547
2016-11-06 13:00:00,"C07","ambient","HW","ambient_HW",1707.6,1105.07666666667,26.5245809555054,28.4733333333333,2.16027362934357,6.20562751389507,2.37219408597229,0.0906062816189745,0.0346356085548492,14.6006639,1.9487523778279,2.5807506838859,0.0919187622727051,0.067512087417846
2016-11-06 13:00:00,"C09","ambient","HW","ambient_HW",1657.4,692.363333333333,26.8105409940084,28.3066666666667,2.17573567635453,6.5891877892245,2.09335413981348,0.113078772549057,0.0359245971146398,17.16126117,1.4961256726583,2.4994888697368,0.0837512887198378,0.0786756584876735
2016-11-06 13:00:00,"C10","elevated","HW","elevated_HW",1657.4,1453.4,29.9878087043762,31.4426666666667,2.68711433637463,4.4098992092908,1.20421807358402,0.0749539856075998,0.0204678020680532,16.99675708,1.4548579622905,3.05622537782875,0.0394021357953496,0.111920308893795
2016-11-06 13:00:00,"C12","elevated","HW","elevated_HW",1705.1,402.866666666667,29.9095282554627,30.5076666666667,2.63973605590227,6.32773719845326,1.81865762580243,0.171868888516264,0.0493969099751324,27.16119256,0.598138411204001,2.7876801897314,0.0652391057088102,0.0969930094795694
2016-11-06 13:30:00,"C03","ambient","HW","ambient_HW",1622.1,1595.96666666667,26.6979471842448,27.257,2.21733693040614,9.55107441841048,2.42140439269321,0.117919961993864,0.0298952663804789,12.34625099,0.559052815755201,2.33474846069985,0.103711574649347,0.0920926564918432
2016-11-06 13:30:00,"C04","elevated","HW","elevated_HW",1622.1,539.39,30.048758983612,30.8706666666667,2.75901707779259,5.91641257255762,2.07580141625833,0.140177318319619,0.049181877079504,23.69295863,0.8219076830547,2.96487894319312,0.0700130243436763,0.084504456535336
2016-11-06 13:30:00,"C07","ambient","HW","ambient_HW",1601.3,1528.43333333333,27.1672925949097,29.058,2.28897728318784,6.32449594632447,2.33126841571598,0.0923418396491961,0.0340380665985544,14.6006639,1.8907074050903,2.70987464040352,0.0860286443128173,0.073516164259515
2016-11-06 13:30:00,"C09","ambient","HW","ambient_HW",1596.9,769.766666666667,26.984808031718,28.6253333333333,2.20494262859655,6.67969842757562,2.18893544373855,0.114632049252464,0.0375648928342672,17.16126117,1.6405253016153,2.56444720806591,0.0853570093723797,0.0782560035396117
2016-11-06 13:30:00,"C10","elevated","HW","elevated_HW",1596.9,1306.66666666667,30.1868944168091,31.7536666666667,2.69356072349753,4.21619546735361,1.57301916758781,0.0716616501604064,0.0267362246736738,16.99675708,1.5667722498576,3.09615023666562,0.0508056472505631,0.0829867484329093
2016-11-06 13:30:00,"C12","elevated","HW","elevated_HW",1644.6,108.81,29.7362027168274,30.7943333333333,2.66860828861294,6.34078722670863,1.8546384083478,0.172223342846621,0.0503741909383066,27.16119256,1.0581306165059,2.93108693758984,0.0632747662501209,0.100210361926015
2016-11-06 14:00:00,"C03","ambient","HW","ambient_HW",1370.2,910.78,26.8048114776611,26.904,2.19423838354482,9.41227433227652,2.13616855671182,0.116206301293021,0.0263736731581102,12.34625099,0.0991885223388991,2.21493813468857,0.096443712050322,0.0975934473298313
2016-11-06 14:00:00,"C04","elevated","HW","elevated_HW",1370.2,906.846666666667,29.7371568679809,30.818,2.70464084691723,5.52694623592693,2.0521479105198,0.130949708518051,0.0486214555465866,23.69295863,1.0808431320191,2.97291958772012,0.0690280328804169,0.080068140511866
2016-11-06 14:00:00,"C07","ambient","HW","ambient_HW",1493.5,1394.7,26.7988858222961,28.6666666666667,2.22201785314477,6.25443708915138,2.26285927640443,0.0913189338223936,0.0330392477477783,14.6006639,1.8677808443706,2.62984798784604,0.0860452500244249,0.0726877670455486
2016-11-06 14:00:00,"C09","ambient","HW","ambient_HW",1425.7,1039.52666666667,26.8650166193644,28.4786666666667,2.17404447886959,6.46275544568206,2.13175138940657,0.11090903408119,0.0365835423431166,17.16126117,1.6136500473023,2.5252639862103,0.0844169718907575,0.0765575369612333
2016-11-06 14:00:00,"C10","elevated","HW","elevated_HW",1425.7,764.356666666667,29.9582924842835,31.7643333333333,2.64841073849748,4.18780224736494,1.44266601454535,0.07117905749754,0.024520643796799,16.99675708,1.8060408490498,3.11000757336663,0.0463878617820742,0.0902779754548472
2016-11-06 14:00:00,"C12","elevated","HW","elevated_HW",1498.6,90.3446666666667,30.0057843526204,30.6486666666667,2.74360445315153,6.03999588530856,1.85188356101994,0.164053491302473,0.0502993659995612,27.16119256,0.6428823140463,2.90356140769588,0.0637797277547334,0.0947008727998263
2016-11-06 14:30:00,"C03","ambient","HW","ambient_HW",1356.4,1137.13333333333,25.9989762306214,25.3323333333333,2.09387000059845,5.79712770690037,1.18061292938157,0.0715727936904751,0.0145761435481839,12.34625099,-0.666642897288099,1.96301550201672,0.0601428225181439,0.0963893522814212
2016-11-06 14:30:00,"C04","elevated","HW","elevated_HW",1356.4,1126.22,29.9200758934021,30.8773333333333,2.74403457003665,5.53968252571602,2.00419775710268,0.131251468905124,0.0474853745453726,23.69295863,0.957257439931201,2.98307367220093,0.067185660742464,0.0824533459148482
2016-11-06 14:30:00,"C07","ambient","HW","ambient_HW",1299.8,1152.74333333333,26.917055606842,28.6493333333333,2.22331151587822,6.11778725647655,2.33521372185507,0.0893237555435172,0.034095670687474,14.6006639,1.7322777264913,2.60251061881614,0.0897292677682653,0.0681805102018255
2016-11-06 14:30:00,"C09","ambient","HW","ambient_HW",1175.7,245.173333333333,26.7045764923095,28.4196666666667,2.1381166205418,6.40004248626262,2.10210666395319,0.109832800605849,0.0360748014672981,17.16126117,1.7150901743572,2.50934302999959,0.0837711958397945,0.0763990823110867
2016-11-06 14:30:00,"C10","elevated","HW","elevated_HW",1175.7,882.873333333333,30.0941996574402,31.7683333333333,2.57393436309269,3.73065220206007,1.33105383898517,0.0634089892283821,0.0226235987616323,16.99675708,1.6741336758931,3.00329086305203,0.0443198444533113,0.0841756609951582
2016-11-06 14:30:00,"C12","elevated","HW","elevated_HW",1332.6,84.216,29.6767592430115,30.8443333333333,2.68253142959033,5.96989100714901,1.77839167823765,0.162149359207386,0.0483032388197143,27.16119256,1.1675740903218,2.97209636623842,0.059836272418328,0.0997704363235103
2016-11-06 15:00:00,"C03","ambient","HW","ambient_HW",1070.3,119.86,26.5136995315552,25.163,2.19789145974714,1.5594592939656,1.53883197728789,0.0192534758519875,0.0189988058230342,12.34625099,-1.3506995315552,1.93034791762134,0.0797178562082273,0.0195622332077296
2016-11-06 15:00:00,"C04","elevated","HW","elevated_HW",1070.3,495.77,29.3388447761536,30.4753333333333,2.62750174306837,5.25833636805998,1.8559614543509,0.124585546031069,0.0439732179568105,23.69295863,1.1364885571797,2.90441585194547,0.0639013677434558,0.0822883226720682
2016-11-06 15:00:00,"C07","ambient","HW","ambient_HW",1145.1,1102.49,26.460470199585,28.1406666666667,2.11118317111689,6.02626088963828,2.28868463974984,0.0879874098233236,0.03341631519808,14.6006639,1.6801964670817,2.47002587876316,0.0926583263530774,0.0650374459244497
2016-11-06 15:00:00,"C09","ambient","HW","ambient_HW",1117.7,773.816666666667,26.4706093470256,28.0653333333333,2.1023987900348,6.27233791771884,1.92656331546663,0.107641229152467,0.0330622562172639,17.16126117,1.5947239863077,2.44241084296253,0.0788795759328434,0.0795178960274709
2016-11-06 15:00:00,"C10","elevated","HW","elevated_HW",1117.7,179.446666666667,29.5744986534119,31.2513333333333,2.48586348314518,3.28927831671188,1.06324104164913,0.0559070645176631,0.0180716497023964,16.99675708,1.6768346799214,2.90495631903705,0.0366009304402063,0.0898687076298636
2016-11-06 15:00:00,"C12","elevated","HW","elevated_HW",1135.2,85.6586206896552,29.6532888412476,30.392,2.61549481295464,5.74738616228657,1.71346807858809,0.156105862270545,0.0465398364279443,27.16119256,0.738711158752398,2.79651999910895,0.061271440187592,0.0938020412885687
2016-11-06 15:30:00,"C03","ambient","HW","ambient_HW",984.4,164.166666666667,26.0702242851258,25.0666666666667,2.10908092354233,1.56972855409312,1.15762173963205,0.0193802627150034,0.0142922885489777,12.34625099,-1.0035576184591,1.91307360954816,0.0605110924040955,0.0259411703165167
2016-11-06 15:30:00,"C04","elevated","HW","elevated_HW",984.4,147.686666666667,28.7609391212464,29.9893333333333,2.45822187912871,4.98925232613897,1.83011422461418,0.118210148957842,0.0433608206119584,23.69295863,1.2283942120869,2.74964832094754,0.0665581198392498,0.0749608363065084
2016-11-06 15:30:00,"C07","ambient","HW","ambient_HW",935.6,940.81,25.8933801651001,27.41,2.09855790909195,5.59026624438531,1.80286801388813,0.0816215985457852,0.026323069926841,14.6006639,1.5166198348999,2.41185064505708,0.0747504003858191,0.0747857699160343
2016-11-06 15:30:00,"C09","ambient","HW","ambient_HW",843.1,809.88,25.9504338900248,28.0163333333333,2.01231006212012,5.98307423763072,1.89336625970402,0.102677099591479,0.0324925528732467,17.16126117,2.0658994433085,2.44647772297856,0.0773915185051785,0.0773091722865002
2016-11-06 15:30:00,"C10","elevated","HW","elevated_HW",843.1,286.916666666667,28.8177556991578,30.4053333333333,2.54337447529979,3.23455910257926,0.60484214113434,0.0549770153274424,0.0102803549446075,16.99675708,1.5875776341755,2.92454999924538,0.0206815455810435,0.156398325739447
2016-11-06 15:30:00,"C12","elevated","HW","elevated_HW",1019.6,255.53,29.2887210845947,30.2573333333333,2.5008342522192,5.66794766966895,1.67796013531426,0.153948218075881,0.0455753983432744,27.16119256,0.968612248738598,2.73525623685566,0.0613456287094759,0.0923936682841989
2016-11-06 16:00:00,"C03","ambient","HW","ambient_HW",431.1,246.62,25.6135950088501,24.7923333333333,2.10600596339066,2.33483721212402,1.17990631982592,0.028826486241675,0.014567419569258,12.34625099,-0.821261675516801,1.94862430859994,0.0605507339007625,0.0385600150767887
2016-11-06 16:00:00,"C04","elevated","HW","elevated_HW",431.1,154.13,27.5834865570068,27.8566666666667,2.29345861249702,3.80962665803788,1.33574914606716,0.0902613268046366,0.031647849257827,23.69295863,0.273180109659901,2.35305034543905,0.0567667049137415,0.0671102306154057
2016-11-06 16:00:00,"C07","ambient","HW","ambient_HW",471,795.33,25.8842687606812,26.681,2.15688316250536,5.27342972132908,1.35319447932674,0.0769955749613966,0.0197575377839853,14.6006639,0.796731239318802,2.31834350668321,0.0583690240650627,0.0903463747389523
2016-11-06 16:00:00,"C09","ambient","HW","ambient_HW",451.9,759.416666666667,25.675359249115,27.495,1.91747587242484,5.85464174819107,1.74181493927251,0.100473036097492,0.0298917410826632,17.16126117,1.819640750885,2.29211640371114,0.0759915568185086,0.077043318933099
2016-11-06 16:00:00,"C10","elevated","HW","elevated_HW",451.9,630.06,28.7467908859253,29.2376666666667,2.5187250786829,3.01993604582263,0.691920814467638,0.0513291193679831,0.0117604100021022,16.99675708,0.490875780741401,2.6329433089961,0.0262793662174009,0.114916623971813
2016-11-06 16:00:00,"C12","elevated","HW","elevated_HW",544.7,520.94,28.4967231750488,29.4733333333333,2.32926124472988,5.459636747114,1.46153740695475,0.148290244996016,0.0396970989439411,27.16119256,0.976610158284501,2.55643331109286,0.0571709577016093,0.0954966816475127
2016-11-06 16:30:00,"C03","ambient","HW","ambient_HW",421.6,169.728,25.7150955200195,24.3836666666667,2.08265697940393,1.08961913912014,1.10207718317515,0.013452711375085,0.0136065215138326,12.34625099,-1.3314288533528,1.82951473583179,0.0602387705105905,0.0180883362971124
2016-11-06 16:30:00,"C04","elevated","HW","elevated_HW",421.6,60.644,28.1996421813965,27.182,2.59205297814381,1.57666780257124,1.09889178802652,0.0373559250195733,0.026035997672559,23.69295863,-1.0176421813965,2.37037506218165,0.046359405545514,0.0340096639294333
2016-11-06 16:30:00,"C07","ambient","HW","ambient_HW",345.1,585.033333333333,25.2021579742431,25.4086666666667,1.98218386747266,3.41520923764026,1.18977638829679,0.0498643222269606,0.0173715251616773,14.6006639,0.206508692423601,2.02196691454031,0.0588425250552273,0.0580398144783025
2016-11-06 16:30:00,"C09","ambient","HW","ambient_HW",307.9,287.24,24.9516773223877,25.4106666666667,1.88744630167089,2.32339877135863,1.12658748518998,0.0398724531173425,0.0193336620641987,17.16126117,0.458989344279001,1.97530072861845,0.0570337199226331,0.040737282690141
2016-11-06 16:30:00,"C10","elevated","HW","elevated_HW",307.9,529.38,27.8544311523438,28.3463333333333,2.39028082837244,2.39941800255025,0.292394603900731,0.0407823249227255,0.00496976005400355,16.99675708,0.491902180989499,2.49968369244549,0.0116972641292337,0.205126427516811
2016-11-06 16:30:00,"C12","elevated","HW","elevated_HW",524.5,225.953333333333,28.3654894828796,29.0476666666667,2.33923076392696,4.78931637260634,1.41669276343047,0.130083544227121,0.0384790649458934,27.16119256,0.6821771837871,2.49569055704079,0.0567655617173261,0.0843701044738281
2016-11-06 17:00:00,"C03","ambient","HW","ambient_HW",187.4,66.6983333333333,24.9400978088379,23.886,2.1160678745178,0.261774028944979,0.670583625472632,0.00323192786401823,0.00827919374986926,12.34625099,-1.0540978088379,1.92221538284693,0.0348859774745665,0.00750370343315804
2016-11-06 17:00:00,"C04","elevated","HW","elevated_HW",187.4,43.9216666666667,28.3880939483643,27.3463333333333,2.66924149521721,0.514205096316356,0.935867232844727,0.0121830400743586,0.0221734636309627,23.69295863,-1.041760615031,2.4402600753928,0.038351126680384,0.0134078224246633
2016-11-06 17:00:00,"C07","ambient","HW","ambient_HW",183,142.437333333333,24.4441685676575,24.0963333333333,2.07360415474097,0.872716438410543,0.410309328361351,0.0127422393972374,0.00599078859843883,14.6006639,-0.347835234324201,2.01011868886028,0.0204121940975532,0.0427546609756742
2016-11-06 17:00:00,"C09","ambient","HW","ambient_HW",192.4,71.2536666666667,24.666862487793,24.187,1.98682124615649,0.422156446186706,0.912764173705224,0.00724473702760912,0.0156641843715746,17.16126117,-0.479862487793,1.89851611830453,0.0480777679422795,0.00878069977569533
2016-11-06 17:00:00,"C10","elevated","HW","elevated_HW",192.4,315.206666666667,27.0790233612061,26.8723333333333,2.43656586416831,1.37000686856569,0.270395300211269,0.0232856739429426,0.00459584323326461,16.99675708,-0.206690027872799,2.39316217750582,0.0112986617769916,0.121253905604605
2016-11-06 17:00:00,"C12","elevated","HW","elevated_HW",137.6,70.698,27.1845021247864,26.7936666666667,2.36000173033904,2.46724272426354,1.04538982577424,0.067013254725981,0.0283940343581189,27.16119256,-0.3908354581197,2.27787131691764,0.0458932784310589,0.0537604374455367
2016-11-06 17:30:00,"C03","ambient","HW","ambient_HW",94,44.3106666666667,24.8037614822387,23.925,2.17337840022523,-0.204949904446442,0.625784284814182,-0.00253036296067229,0.00772608984591354,12.34625099,-0.878761482238698,2.01218744464323,0.0310997012967217,-0.00659009237712666
2016-11-06 17:30:00,"C04","elevated","HW","elevated_HW",94,35.0326666666667,27.0956726074219,26.2983333333333,2.36954274873886,0.292600267260224,0.4845090600962,0.00693256602732342,0.0114794531167195,23.69295863,-0.7973392740886,2.20447542636429,0.0219784287137767,0.0133130657823967
2016-11-06 17:30:00,"C07","ambient","HW","ambient_HW",81.6,79.3963333333333,24.293643951416,24.139,2.08549000592777,0.460820141120447,0.413109308246423,0.00672827999885021,0.00603167016366752,14.6006639,-0.154643951416002,2.05734496424167,0.0200797297209072,0.0229495191183095
2016-11-06 17:30:00,"C09","ambient","HW","ambient_HW",78.2,49.2206666666667,24.0325021743774,23.7033333333333,1.92770787640156,0.14161198721205,0.751859304734216,0.00243024029734869,0.0129028538916385,17.16126117,-0.329168841044098,1.868884917551,0.0402303693327172,0.00352002702338814
2016-11-06 17:30:00,"C10","elevated","HW","elevated_HW",78.2,40.8893333333333,27.6968293190003,27.0066666666667,2.55778841474386,0.516190197186057,0.396572726246407,0.00877355938864871,0.00674045029256352,16.99675708,-0.690162652333601,2.41003471035845,0.0164550628479299,0.0313696885849936
2016-11-06 17:30:00,"C12","elevated","HW","elevated_HW",142.7,21.2363333333333,28.1019926071167,27.2273333333333,2.62209829003475,0.342454351777968,0.786286841076867,0.00930146859165137,0.0213564882978829,27.16119256,-0.874659273783401,2.43182569941046,0.0323331907080135,0.0105914184241982
2016-11-06 18:00:00,"C03","ambient","HW","ambient_HW",48.7,24.6136,23.0099425315857,22.297,1.77035394606799,-0.496159373311422,0.436809039580688,-0.00612570815394392,0.00539295403736401,12.34625099,-0.7129425315857,1.65086382977031,0.0264594227400005,-0.018751708160335
2016-11-06 18:00:00,"C04","elevated","HW","elevated_HW",48.7,18.7481333333333,26.1389646530152,25.105,2.24901515589092,0.00605003362147726,0.529531785583612,0.00014334319630377,0.0125461746891025,23.69295863,-1.0339646530152,2.04650643832546,0.0258749142278242,0.000233818499578694
2016-11-06 18:00:00,"C07","ambient","HW","ambient_HW",35.9,33.705,22.8999190330505,22.9256666666667,1.72090980352396,-0.0126427075206594,0.426125717966751,-0.00018459192329515,0.00622171838717872,14.6006639,0.0257476336161986,1.72528468826003,0.0246988639536646,-0.000511874049931094
2016-11-06 18:00:00,"C09","ambient","HW","ambient_HW",23.4,27.0648333333333,22.817403793335,22.561,1.7526370197205,-0.232024316779301,0.654784343825827,-0.00398182989804039,0.0112369251344221,17.16126117,-0.256403793335,1.70958370178995,0.0383008063975026,-0.00605794860743272
2016-11-06 18:00:00,"C10","elevated","HW","elevated_HW",23.4,21.186,25.7178773880005,25.7036666666667,2.07779444671238,-0.105378465743057,0.242907619993659,-0.00179109218369784,0.00412864180991316,16.99675708,-0.0142107213338001,2.07499863131065,0.0117063990466456,-0.00900178315493632
2016-11-06 18:00:00,"C12","elevated","HW","elevated_HW",60.6,12.006,26.280131816864,25.5276666666667,2.22681204179392,0.117851994470645,0.417745414953209,0.00320100071539726,0.0113464636566012,27.16119256,-0.752465150197299,2.07727685951053,0.0201102425533996,0.00586029701818403
2016-11-07 05:00:00,"C03","ambient","HW","ambient_HW",35.7,27.1083333333333,9.07348775863647,9.20766666666667,0.21141276556793,-0.0935714512957346,0.15375541045328,-0.0011552566231957,0.00189830288852666,12.34625099,0.134178908030201,0.221938881719134,0.0692782667292427,-0.00135066097512855
2016-11-07 05:00:00,"C04","elevated","HW","elevated_HW",35.7,24.095,12.1541333198548,11.8826666666667,0.224359005024876,0.35115577298282,0.0902397743203906,0.00831991920196762,0.00213804723975355,23.69295863,-0.271466653188101,0.199143351163045,0.0453139779929226,0.00774939187721867
2016-11-07 05:00:00,"C07","ambient","HW","ambient_HW",42.8,33.317,9.21229314804078,9.522,0.135444793127531,0.122489398307882,0.166175987739554,0.00178842653600661,0.00242627974523575,14.6006639,0.30970685195922,0.16007003052044,0.103814553667081,0.00117988657641094
2016-11-07 05:00:00,"C09","ambient","HW","ambient_HW",50.3,29.5473333333333,9.22479812304179,9.18933333333333,0.114972899932058,0.278029183513986,0.112701125986824,0.00477133143116537,0.00193409345721296,17.16126117,-0.0354647897084597,0.112179740210384,0.100464777129509,0.0027674294559533
2016-11-07 05:00:00,"C10","elevated","HW","elevated_HW",50.3,14.7787,12.2669923305512,11.98,0.226663753053327,0.23844194896328,0.0948883216693899,0.00405273988421063,0.00161279375314352,16.99675708,-0.2869923305512,0.199843054744008,0.0474814207533701,0.00502179473950042
2016-11-07 05:00:00,"C12","elevated","HW","elevated_HW",40.2,9.44206666666667,12.2597284317017,12.1306666666667,0.230733531011736,0.272195948343373,0.0956596801885451,0.00739316656700616,0.00259823099382909,27.16119256,-0.129061765034999,0.218622040796485,0.0437557347100216,0.00622080625882007
2016-11-07 05:30:00,"C03","ambient","HW","ambient_HW",86,55.7163333333333,9.71549248695374,10.03,0.220791818519139,0.266885601024906,0.172583469516374,0.00329503661587049,0.00213075883137416,12.34625099,0.314507513046259,0.246558330640588,0.0699970141215597,0.00381281408034665
2016-11-07 05:30:00,"C04","elevated","HW","elevated_HW",86,126.815333333333,13.3826386928558,14.229,0.221161954251787,2.34552019095919,0.184312747583012,0.0555723128502258,0.00436691430346594,23.69295863,0.8463613071442,0.308302335321919,0.0597831175656061,0.0392338219629515
2016-11-07 05:30:00,"C07","ambient","HW","ambient_HW",86.5,218.286666666667,10.8442280292511,11.155,0.137655828768767,1.94885450353713,0.400835110394105,0.0284545695961471,0.00585245872618372,14.6006639,0.310771970748899,0.164859568739923,0.243137303741495,0.00801544836414392
2016-11-07 05:30:00,"C09","ambient","HW","ambient_HW",85.1,178.113,10.7805027961731,10.935,0.124309276552362,2.49617590487757,0.290028068569235,0.042837526629865,0.00497724743134732,17.16126117,0.154497203826901,0.137721406200099,0.210590406075179,0.0118532270837944
2016-11-07 05:30:00,"C10","elevated","HW","elevated_HW",85.1,67.4533333333333,14.0549511909485,13.5046666666667,0.266145203129938,2.10192042273447,0.229993247186621,0.0357258308267087,0.00390913935247139,16.99675708,-0.5502845242818,0.209575384464083,0.109742490882099,0.0191532049786681
2016-11-07 05:30:00,"C12","elevated","HW","elevated_HW",69.8,39.0513333333333,12.9948456287384,14.3213333333333,0.22208933394258,1.76470901105228,0.144599799836534,0.0479316012615583,0.00392750300749756,27.16119256,1.3264877045949,0.357531055736909,0.0404439831215498,0.0436334128057726
2016-11-07 06:00:00,"C03","ambient","HW","ambient_HW",94.3,99.1693333333333,11.5999760627747,12.1903333333333,0.256546267252536,1.55358328735046,0.291856139456012,0.0191809291994981,0.00360332915069637,12.34625099,0.590357270558599,0.31099371468015,0.0938463144685029,0.016554547678821
2016-11-07 06:00:00,"C04","elevated","HW","elevated_HW",94.3,381.626666666667,15.7177577018738,17.6243333333333,0.206856222510606,6.66184152089698,0.479913849922281,0.157838735554229,0.0113705789921726,23.69295863,1.9065756314595,0.437686321900032,0.109647897571698,0.0607566735745282
2016-11-07 06:00:00,"C07","ambient","HW","ambient_HW",98.8,405.92,11.7526783943177,12.987,0.140214535090963,4.69672942399315,0.726781177829208,0.0685753677489646,0.0106114877063304,14.6006639,1.2343216056823,0.257243833248098,0.282526180959318,0.016624050231541
2016-11-07 06:00:00,"C09","ambient","HW","ambient_HW",101,382.13,12.1128872235616,13.243,0.179850163922099,5.09727803566177,0.45956699531714,0.0874757196260962,0.00788674923174961,17.16126117,1.1301127764384,0.288919168659431,0.159064210744308,0.0320454111695529
2016-11-07 06:00:00,"C10","elevated","HW","elevated_HW",101,120.74,15.7802939414978,16.9053333333333,0.246797433363208,5.42691859578821,0.239561441459117,0.0922400170655469,0.00407176762621525,16.99675708,1.1250393918355,0.380497519427504,0.0629600534110079,0.0861962196944288
2016-11-07 06:00:00,"C12","elevated","HW","elevated_HW",94,153.831333333333,15.3147020339966,17.2506666666667,0.194763308655385,6.74150218796674,0.361549115278646,0.183107239071026,0.00982010513998094,27.16119256,1.9359646326701,0.424124718713614,0.0852459428385212,0.0790829682151204
2016-11-07 06:30:00,"C03","ambient","HW","ambient_HW",116.6,654.873333333333,15.175345659256,17.3573333333333,0.396816643189223,3.97557189826194,0.447397033032226,0.0490834084847327,0.00552367606199719,12.34625099,2.1819876740773,0.65511814232081,0.0682925726109928,0.0582138254024715
2016-11-07 06:30:00,"C04","elevated","HW","elevated_HW",116.6,384.956666666667,17.2750687599182,19.4023333333333,0.450363073820246,9.33878662200007,0.546936144872851,0.221263485089445,0.0129585354537242,23.69295863,2.1272645734151,0.732859260069468,0.0746304474369345,0.125133734859244
2016-11-07 06:30:00,"C07","ambient","HW","ambient_HW",130,587.693333333333,14.8092195987701,15.932,0.437793333023444,6.54678150215152,0.431984045987885,0.0955873563396515,0.00630725386563126,14.6006639,1.1227804012299,0.564136193329162,0.0765744249519958,0.0854956665525816
2016-11-07 06:30:00,"C09","ambient","HW","ambient_HW",179.5,576.886666666667,15.1715030670166,16.4,0.446786126370844,7.10887943030812,0.412050065685207,0.121997336529558,0.00707129879233949,17.16126117,1.2284969329834,0.588296748966875,0.0700411937357838,0.101495692051237
2016-11-07 06:30:00,"C10","elevated","HW","elevated_HW",179.5,246.213333333333,18.1192426681518,18.8663333333333,0.572948525334325,7.0640655771502,0.466931793066628,0.120066206612012,0.0079363262596823,16.99675708,0.747090665181503,0.672962001323883,0.0693845703246331,0.101810323881797
2016-11-07 06:30:00,"C12","elevated","HW","elevated_HW",119.8,344.696666666667,16.4989371299744,19.1303333333333,0.403702363255444,9.2153747788142,0.395855632754215,0.25030056887994,0.0107519110671979,27.16119256,2.6313962033589,0.743284483837573,0.0532576209193033,0.173033917395173
2016-11-07 07:00:00,"C03","ambient","HW","ambient_HW",587.8,865.313333333333,16.9627122879028,19.524,0.631995232690637,8.73235627831036,0.289912112983175,0.107811862346122,0.00357932771193152,12.34625099,2.5612877120972,0.970422957115232,0.0298748201346137,0.292298204272461
2016-11-07 07:00:00,"C04","elevated","HW","elevated_HW",587.8,570.023333333333,19.8445405960083,21.5636666666667,0.781113256313425,10.1741395042839,0.723097086518124,0.241055466370848,0.0171323093563474,23.69295863,1.7191260706584,1.04076015775317,0.0694777832463504,0.146437307422561
2016-11-07 07:00:00,"C07","ambient","HW","ambient_HW",690.2,797.64,17.1523489952088,18.4143333333333,0.688527581798518,7.37263063162833,0.587800279856528,0.10764530191125,0.00858227432651111,14.6006639,1.2619843381245,0.851011844897325,0.0690707518797752,0.106740268941348
2016-11-07 07:00:00,"C09","ambient","HW","ambient_HW",785.4,763.98,17.0275363922119,18.8323333333333,0.633788038773512,8.39085100804447,0.522655608321634,0.143997585587609,0.00896942939637278,17.16126117,1.8047969411214,0.868091983801365,0.0602073994547134,0.139365777031374
2016-11-07 07:00:00,"C10","elevated","HW","elevated_HW",785.4,463.973333333333,20.003119468689,21.481,0.80162167936035,6.86074434564085,0.53304769568071,0.116610405030841,0.0090600821955388,16.99675708,1.477880531311,1.02527193772198,0.0519908597971647,0.131960586387821
2016-11-07 07:00:00,"C12","elevated","HW","elevated_HW",504.9,134.498333333333,19.5082144737244,21.628,0.723122066428157,10.1788196993324,0.388474248695019,0.276468881887089,0.0105514238734068,27.16119256,2.1197855262756,1.04099118544917,0.0373177270014442,0.272760977616307
2016-11-07 07:30:00,"C03","ambient","HW","ambient_HW",923,1064.47666666667,18.548038482666,20.8313333333333,0.825537129247961,10.4357619320676,0.824345980558046,0.128842536085194,0.0101775823785673,12.34625099,2.2832948506673,1.15203134810083,0.0715558636418193,0.145840765535372
2016-11-07 07:30:00,"C04","elevated","HW","elevated_HW",1023.4,197.216666666667,22.3175468444824,23.2876666666667,1.11233829675666,10.1765345573017,0.950075129310615,0.241112212262914,0.0225100907341483,23.69295863,0.970119822184298,1.27623057064657,0.0744438466811905,0.13670081559438
2016-11-07 07:30:00,"C07","ambient","HW","ambient_HW",1056.2,937.78,19.3987770080566,20.4803333333333,0.968014457794871,7.69926959221539,0.687700958997056,0.112414447591427,0.0100408905660237,14.6006639,1.0815563252767,1.12471694630429,0.0611443582544722,0.125919542080602
2016-11-07 07:30:00,"C09","ambient","HW","ambient_HW",1039.5,989.9,19.1254965464274,20.6603333333333,0.868797742448669,9.72387049578618,0.760362416991233,0.166873881161444,0.013048778021839,17.16126117,1.5348367869059,1.09063927575447,0.0697171314012363,0.139476055602795
2016-11-07 07:30:00,"C10","elevated","HW","elevated_HW",1039.5,291.72,22.1025161743164,23.275,1.14972490180965,6.85624895334505,0.499276031943109,0.11653399794001,0.00848607343080335,16.99675708,1.1724838256836,1.34662019396297,0.0370762323468348,0.184923022630976
2016-11-07 07:30:00,"C12","elevated","HW","elevated_HW",991.2,85.4833333333333,21.9020481109619,23.5476666666667,1.0557516279171,10.0395287031922,0.446032191748936,0.27268557231905,0.0121147662480517,27.16119256,1.6456185557048,1.33266711738385,0.0334691376361517,0.299963769976195
2016-11-07 08:00:00,"C03","ambient","HW","ambient_HW",1118.4,1171.33333333333,20.4087924957275,22.4013333333333,1.07351501785342,11.3175230271342,0.968312697068392,0.139728979878103,0.0119550315948102,12.34625099,1.9925408376058,1.3860526775946,0.0698611757490223,0.162000179724897
2016-11-07 08:00:00,"C04","elevated","HW","elevated_HW",1118.4,128.74,23.4632911682129,25.053,1.27151277889212,9.95578475421147,1.06420327130679,0.235881996310717,0.0252141240809824,23.69295863,1.5897088317871,1.56154346306752,0.0681507301254525,0.146084784944853
2016-11-07 08:00:00,"C07","ambient","HW","ambient_HW",1148.2,769.476666666667,20.953143119812,22.8243333333333,1.13526657410776,7.71787145351665,0.761377957150517,0.112686047116201,0.0111166236532233,14.6006639,1.8711902135213,1.43645387617921,0.0530039961447066,0.145609237319504
2016-11-07 08:00:00,"C09","ambient","HW","ambient_HW",1175.2,753.816666666667,18.1647669474284,23.053,0.882834862180148,9.73750318103055,0.730826852665864,0.167107835233371,0.012541910488648,17.16126117,4.8882330525716,1.61892625113397,0.0451426896162786,0.215704984877976
2016-11-07 08:00:00,"C10","elevated","HW","elevated_HW",1175.2,334.54,24.2118234634399,25.3023333333333,1.42639308310115,6.62347922002795,0.760472677011985,0.112577667327243,0.01292556935715,16.99675708,1.0905098698934,1.63058255790488,0.0466380971221175,0.142018642027461
2016-11-07 08:00:00,"C12","elevated","HW","elevated_HW",1131.5,347.54,23.6095781326294,25.093,1.31378054118351,9.50582180242803,0.63775410773277,0.258189456416794,0.0173221621260608,27.16119256,1.4834218673706,1.58573521854799,0.0402181965988459,0.236356241858463
2016-11-07 08:30:00,"C03","ambient","HW","ambient_HW",1376.8,1002.04666666667,22.0223875045776,23.3786666666667,1.33149048833662,11.6833101594349,1.17174223606452,0.1442450796224,0.0144666237420364,12.34625099,1.3562791620891,1.55940339528093,0.0751404184196627,0.155486360139533
2016-11-07 08:30:00,"C07","ambient","HW","ambient_HW",1402.8,1302.73333333333,22.1263332366943,23.9736666666667,1.39077638983182,7.39404294637198,0.832554324691653,0.107957935922143,0.0121558458733143,14.6006639,1.8473334299724,1.7070599623269,0.0487712407920807,0.151606619521819
2016-11-07 08:30:00,"C12","elevated","HW","elevated_HW",1346.8,120.679310344828,21.8580055236816,23.7753333333333,1.18759976944884,9.48363557785921,1.19559256989727,0.257586852099101,0.0324737200142851,27.16119256,1.9173278096517,1.51184319025132,0.0790817842489683,0.119921871615876
2016-11-07 09:00:00,"C03","ambient","HW","ambient_HW",1488.5,1518.76666666667,22.0395631790161,23.8926666666667,1.3551243795504,11.6113439432876,1.66884107519709,0.143356566655045,0.0206039307768047,12.34625099,1.8531034876506,1.67099067488061,0.0998713577690269,0.116263002753414
2016-11-07 09:00:00,"C04","elevated","HW","elevated_HW",1453,132.343333333333,22.0527191162109,24.4473333333333,1.28834784523441,3.36214317831367,1.48810727093992,0.0796591192319226,0.0352576640073817,23.69295863,2.3946142171224,1.7027860578916,0.0873924979619873,0.0384717596672438
2016-11-07 09:00:00,"C07","ambient","HW","ambient_HW",1511.7,1440.83333333333,21.9398922920227,24.1733333333333,1.3966451976594,7.06500309420841,1.20694068387641,0.103153735630997,0.0176221352725156,14.6006639,2.2334410413106,1.77922797516189,0.0678350779509629,0.104149701122413
2016-11-07 09:00:00,"C09","ambient","HW","ambient_HW",1534.3,1463.93333333333,22.0238478978475,24.2,1.21119200103948,NA,NA,NA,NA,17.16126117,2.1761521021525,1.58504441125328,NA,NA
2016-11-07 09:00:00,"C10","elevated","HW","elevated_HW",1499.8,221.233333333333,22.046760559082,24.5583333333333,1.36615696252905,6.74563763123483,0.640643244785211,0.114653964167805,0.0108888576065572,16.99675708,2.5115727742513,1.80206947286375,0.0355504188063924,0.189748471543235
2016-11-07 09:00:00,"C12","elevated","HW","elevated_HW",1499.8,195.79,22.0817184448242,24.0863333333333,1.24226420638266,8.9716332191292,1.43509510384943,0.243680257442461,0.0389788944575677,27.16119256,2.0046148885091,1.5861151439113,0.0904786206322032,0.0991574932999809
2016-11-07 09:30:00,"C03","ambient","HW","ambient_HW",1615.4,1623.76666666667,22.1457986831666,24.2543333333333,1.33957665644997,11.1269666678824,2.10111376914275,0.13737632323904,0.0259408779523813,12.34625099,2.1085346501667,1.70349445077735,0.123341392053491,0.0902127540692652
2016-11-07 09:30:00,"C07","ambient","HW","ambient_HW",1634.4,1562.6,21.9489641189575,24.2953333333333,1.3741983547796,6.95598612566041,1.61263025773513,0.101562015513831,0.023545472388161,14.6006639,2.3463692143758,1.77754192750905,0.090722487766856,0.0766732295033213
2016-11-07 09:30:00,"C09","ambient","HW","ambient_HW",1680,1600.6,22.0523430506388,24.4093333333333,1.14698144376544,8.73384262436279,2.07166112912864,0.149883754294368,0.0355523176927137,17.16126117,2.3569902826945,1.55448751352735,0.13326971822551,0.0655350873450783
2016-11-07 09:30:00,"C10","elevated","HW","elevated_HW",1680,266.023333333333,22.1628398895264,24.8,1.32374222784743,6.05746993006498,0.903643566037834,0.102957344920719,0.01535901017885,16.99675708,2.6371601104736,1.78582205524067,0.0506009858813202,0.119710512049552
2016-11-07 09:30:00,"C12","elevated","HW","elevated_HW",1597.3,998.143333333333,22.0414142608643,24.1443333333333,1.23011442224283,8.76679520880703,1.57313376934162,0.238116612800493,0.0427281892317263,27.16119256,2.102919072469,1.59101071710806,0.0988763779166154,0.0886642026490924
2016-11-07 10:00:00,"C03","ambient","HW","ambient_HW",1718.3,1532.07,22.0820941925049,24.5286666666667,1.2768374837582,11.0010850443929,2.14750458147243,0.13582215712041,0.0265136305650335,12.34625099,2.4465724741618,1.70151852239545,0.126211061073206,0.0871641910847418
2016-11-07 10:00:00,"C04","elevated","HW","elevated_HW",1742.4,1179.45,22.1454696655273,24.7956666666667,1.21732049996374,7.79192108144938,1.78820147552728,0.184613663831005,0.0423677835817727,23.69295863,2.6501970011394,1.68142211372645,0.106350538685624,0.0732663997545193
2016-11-07 10:00:00,"C07","ambient","HW","ambient_HW",1731.2,1388.51333333333,22.0405321121216,24.397,1.34079506619025,6.76126424073451,1.75158303430878,0.0987189467180533,0.0255742751768846,14.6006639,2.3564678878784,1.74795089773653,0.100207793970469,0.0674724387478987
2016-11-07 10:00:00,"C09","ambient","HW","ambient_HW",1744,1469.14666666667,19.420327595302,24.731,0.950005204235948,7.55846651144509,2.13519121607297,0.129712817847608,0.0366425741069181,17.16126117,5.310672404698,1.81552814309617,0.117607167049014,0.0642687576029701
2016-11-07 10:00:00,"C10","elevated","HW","elevated_HW",1744,169.933333333333,22.0622062683105,24.9633333333333,1.2715554760058,5.75439461490898,1.00483085978884,0.0978060474120682,0.0170788660303185,16.99675708,2.9011270650228,1.78080112198745,0.0564257764318683,0.101981664742481
2016-11-07 10:00:00,"C12","elevated","HW","elevated_HW",1702.7,420.8,22.102279663086,24.3293333333333,1.19002627853239,8.56753317585725,1.62691433712498,0.232704418353647,0.0441889335892764,27.16119256,2.2270536702473,1.57473897232448,0.103313270689141,0.0829277121778103
2016-11-07 10:30:00,"C03","ambient","HW","ambient_HW",1795.4,1658.6,22.163622379303,24.9056666666667,1.23621240013995,7.93016469860158,2.29419255953632,0.0979078037609727,0.0283246771594259,12.34625099,2.7420442873637,1.71804658271105,0.133534945013896,0.0593864377431417
2016-11-07 10:30:00,"C04","elevated","HW","elevated_HW",1795.4,935.44,22.0025100708008,24.9743333333333,1.18471991920768,7.54862814149465,1.82041337645011,0.178849334269687,0.043130978817731,23.69295863,2.9718232625325,1.70572714350946,0.106723597814401,0.0707306377978576
2016-11-07 10:30:00,"C07","ambient","HW","ambient_HW",1793.8,1516.47666666667,22.089750289917,24.344,1.27684341102573,NA,NA,NA,NA,14.6006639,2.254249710083,1.66628075658654,NA,NA
2016-11-07 10:30:00,"C09","ambient","HW","ambient_HW",1814.6,1710.46666666667,19.3849497749692,25.1253333333333,0.912581111127309,7.16520034171853,1.73156924519469,0.122963874399605,0.0297159120507259,17.16126117,5.7403835583641,1.85757200427271,0.0932168035054257,0.0768659734325848
2016-11-07 10:30:00,"C10","elevated","HW","elevated_HW",1814.6,133.853333333333,21.9571027755738,25.2913333333333,1.2094122951326,5.76916656040541,0.965621551616881,0.0980571225812698,0.0164124349440448,16.99675708,3.3342305577595,1.79828474848608,0.0536968103872208,0.107439650861989
2016-11-07 11:00:00,"C03","ambient","HW","ambient_HW",1833.2,1387.1,21.9815196990967,25.1283333333333,1.19729606734347,NA,NA,NA,NA,12.34625099,3.1468136342366,1.75097723336608,NA,NA
2016-11-07 11:00:00,"C04","elevated","HW","elevated_HW",1833.2,973.55,22.1097793579102,25.112,1.19203732370926,7.23663680303818,1.73057977656283,0.171457336394719,0.0410025550520177,23.69295863,3.0022206420898,1.72179102693026,0.100510442294977,0.0719988554204166
2016-11-07 11:00:00,"C07","ambient","HW","ambient_HW",1849.8,1008.94,22.1601037979126,24.6386666666667,1.30090739116782,7.07139846499891,1.76831277029453,0.103247112290425,0.0258185404291483,14.6006639,2.4785628687541,1.73328834855283,0.102020692158402,0.0693133747222527
2016-11-07 11:00:00,"C09","ambient","HW","ambient_HW",1853.4,1351.25333333333,22.0432847340902,25.2476666666667,1.07192475241203,6.68680234678076,2.29590699575728,0.114753961465274,0.0394006595762208,17.16126117,3.2043819325765,1.638450947747,0.140126684836939,0.0477196927520407
2016-11-07 11:00:00,"C10","elevated","HW","elevated_HW",1853.4,121.686666666667,22.0045642852783,25.633,1.21487867003405,5.42911241581739,0.968664774473034,0.0922773048916602,0.0164641598636711,16.99675708,3.6284357147217,1.86243595457856,0.0520106354310707,0.104384658461106
2016-11-07 11:00:00,"C12","elevated","HW","elevated_HW",1835.8,561.66,21.9773459434509,24.892,1.1095050501416,8.03273390467283,1.53103986767955,0.21817863236806,0.041584868663081,27.16119256,2.9146540565491,1.61902644313389,0.0945654639658618,0.0849436312983422
2016-11-07 11:30:00,"C03","ambient","HW","ambient_HW",1860.8,1733.6,22.0651397705078,25.5843333333333,1.22478605083544,NA,NA,NA,NA,12.34625099,3.5191935628255,1.85299603529638,NA,NA
2016-11-07 11:30:00,"C04","elevated","HW","elevated_HW",1861.6,1082.96206896552,22.0364689826966,25.184,1.20620326361672,6.82080945112563,1.69525556352044,0.161605156148633,0.0401656199337671,23.69295863,3.1475310173034,1.76162693645758,0.0962323820348364,0.0708785266133855
2016-11-07 11:30:00,"C07","ambient","HW","ambient_HW",1855.4,1467.03666666667,27.3777885437012,29.187,2.21147737332332,NA,NA,NA,NA,14.6006639,1.8092114562988,2.61770789183272,NA,NA
2016-11-07 11:30:00,"C09","ambient","HW","ambient_HW",1846.2,1781.13333333333,23.1091124216716,29.4443333333333,1.48579602086449,6.09863707544584,0.921281760946029,0.104660303632771,0.0158103569107523,17.16126117,6.3352209116617,2.77400374870218,0.0332112658959835,0.183631575337916
2016-11-07 11:30:00,"C10","elevated","HW","elevated_HW",1846.2,137.39,30.3995628356934,32.117,2.74772195755321,3.97570366077984,0.315560865448746,0.0675740693443416,0.0053635113739869,16.99675708,1.7174371643066,3.19539578137587,0.00987548607555814,0.402583086074084
2016-11-07 12:00:00,"C03","ambient","HW","ambient_HW",1838.8,1462.09666666667,24.6870560646057,28.4733333333333,1.66750555967073,NA,NA,NA,NA,12.34625099,3.7862772687276,2.44765090389442,NA,NA
2016-11-07 12:00:00,"C04","elevated","HW","elevated_HW",1838.8,1086.57666666667,22.0337948799134,25.5186666666667,1.21160340935617,7.17091277151922,1.70220687974871,0.169900139634943,0.0403303171815877,23.69295863,3.4848717867533,1.8320873319206,0.0929107936118014,0.0771806212470924
2016-11-07 12:00:00,"C07","ambient","HW","ambient_HW",1823.2,1695.16666666667,27.1947164535522,29.239,2.18805173012117,6.93294444845196,1.67803394285408,0.101225591729218,0.0245004096124043,14.6006639,2.0442835464478,2.64557731637335,0.0634278927502444,0.109304347785151
2016-11-07 12:00:00,"C09","ambient","HW","ambient_HW",1834,793.94,27.0239384969076,29.6193333333333,1.94020028816054,NA,NA,NA,NA,17.16126117,2.5953948364257,2.52430022117087,NA,NA
2016-11-07 12:00:00,"C12","elevated","HW","elevated_HW",1834,858.526666666667,29.880298614502,31.7786666666667,2.59886612408208,5.81114602536498,0.890780912760095,0.157837656189217,0.0241946719002495,27.16119256,1.8983680521647,3.0833074996899,0.0288904338230839,0.201144297830577
2016-11-07 12:30:00,"C03","ambient","HW","ambient_HW",1778.2,1725.83333333333,27.206729888916,29.3163333333333,2.1453590773084,10.8564064404175,2.16430147119339,0.134035918762847,0.0267210091813799,12.34625099,2.1096034444173,2.6185871544628,0.0826514965333432,0.131351601553129
2016-11-07 12:30:00,"C04","elevated","HW","elevated_HW",1796.7,1437.15666666667,22.0966401100158,25.7793333333333,1.21538080411951,7.21220979375645,1.79211438641268,0.170878588274352,0.0424604920175033,23.69295863,3.6826932233175,1.87677694555743,0.095488938664493,0.0755292696162123
2016-11-07 12:30:00,"C07","ambient","HW","ambient_HW",1784.7,1711,26.9253263473511,28.5976666666667,2.17404874845614,5.81852573230131,1.76200680008595,0.0849543386108328,0.0257264690775694,14.6006639,1.6723403193156,2.53971615449574,0.0693780994764668,0.0838668942534951
2016-11-07 12:30:00,"C09","ambient","HW","ambient_HW",1774.1,1263.27666666667,23.7466713587443,29.747,1.4848816668904,6.61759007812755,2.12119576635477,0.113566191646747,0.0364023945391125,17.16126117,6.0003286412557,2.73436005050473,0.0775755835799029,0.0853050634328961
2016-11-07 12:30:00,"C10","elevated","HW","elevated_HW",1774.1,948.74,26.6458735466003,33.1296666666667,2.07567493017825,4.62779159025671,1.04626470911728,0.0786574494764601,0.0177831071022433,16.99675708,6.4837931200664,3.65963643931631,0.0285893073387569,0.161871413512109
2016-11-07 12:30:00,"C12","elevated","HW","elevated_HW",1806.8,627.553333333333,30.0638689994812,31.4003333333333,2.64593770610174,5.57989962436167,1.20795618447736,0.151556728162759,0.0328095305306323,27.16119256,1.3364643338521,2.98528614292056,0.0404636650105371,0.13789901688116
2016-11-07 13:00:00,"C03","ambient","HW","ambient_HW",1719.3,1677.56666666667,27.0100784301758,29.155,2.15145503529189,9.74030041707754,2.15750191879998,0.120256193667241,0.0266370602009112,12.34625099,2.1449215698242,2.62825836343608,0.0820886541755105,0.118655866817504
2016-11-07 13:00:00,"C04","elevated","HW","elevated_HW",1719.3,1508.16,21.8967571258544,25.789,1.2301408664786,2.31936986589389,1.87441670801874,0.0549527342802925,0.0444104775184687,23.69295863,3.8922428741456,1.92579404273088,0.0973321480089695,0.0238294326524074
2016-11-07 13:00:00,"C07","ambient","HW","ambient_HW",1709.2,1105.14,25.1418809890747,27.4113333333333,1.89965425601779,5.96192333525226,2.06142272667194,0.0870480388155853,0.0300981403879586,14.6006639,2.2694523442586,2.35961794453024,0.0873625635646001,0.0682434568308395
2016-11-07 13:00:00,"C09","ambient","HW","ambient_HW",1655.9,840.996666666667,25.1399593353271,28.548,1.64416582323942,6.42809046464652,2.00414002205269,0.110314139288186,0.0343935703396959,17.16126117,3.4080406646729,2.35577715422605,0.0850734127571212,0.0755593346536865
2016-11-07 13:00:00,"C10","elevated","HW","elevated_HW",1655.9,1372.93333333333,24.9274272918701,28.5206666666667,1.79824656413233,5.02027246830694,1.06113891371452,0.0853283516192251,0.0180359203445408,16.99675708,3.5932393747966,2.54401225016532,0.0417112344347227,0.120357801353579
2016-11-07 13:00:00,"C12","elevated","HW","elevated_HW",1702.1,480.36,24.2592144012451,27.5283333333333,1.46922762910436,6.27018864988695,2.11030052226891,0.170305801307106,0.0573182788448146,27.16119256,3.2691189320882,2.11916868886086,0.0995815261598303,0.0629653801431319
2016-11-07 13:30:00,"C03","ambient","HW","ambient_HW",1620.5,1595.76666666667,27.089035987854,29.4616666666667,2.16718870946978,9.12871114642333,2.47436169759869,0.112705359028953,0.0305490905585959,12.34625099,2.3726306788127,2.69984944136067,0.0916481363624357,0.0996060750250559
2016-11-07 13:30:00,"C04","elevated","HW","elevated_HW",1594.8,601.17,22.0178260803223,27.0296666666667,1.20219958747883,7.53252012649992,1.68085010278863,0.178467687736805,0.0398243119486023,23.69295863,5.0118405863444,2.131394728571,0.0788615116785787,0.0955157968211507
2016-11-07 13:30:00,"C07","ambient","HW","ambient_HW",1609.1,1551.86666666667,25.0953464508056,27.777,1.89058737473812,6.16725161175866,2.17403389624387,0.0900459679700216,0.0317423382262641,14.6006639,2.6816535491944,2.43868572062909,0.0891477683185455,0.0691801009501623
2016-11-07 13:30:00,"C09","ambient","HW","ambient_HW",1585.3,591.316666666667,23.4099267323812,29.09,1.47702570416052,6.38195477062636,1.98439528079058,0.109522392593846,0.0340547256781625,17.16126117,5.6800732676188,2.62957716981767,0.075464424606644,0.0845690509653005
2016-11-07 13:30:00,"C10","elevated","HW","elevated_HW",1585.3,884.59,25.0098562240601,29.173,1.78713205295513,4.83026296715629,1.25330957888474,0.0820988062852755,0.021302198458341,16.99675708,4.1631437759399,2.66797299016769,0.0469760969658829,0.102823846150189
2016-11-07 13:30:00,"C12","elevated","HW","elevated_HW",1639,108.556666666667,25.1661338806152,28.0273333333333,1.68052141145343,7.31488582977857,1.88979404499106,0.198681022577031,0.0513290599547434,27.16119256,2.8611994527181,2.27022293480198,0.0832426637939811,0.0878742401598575
2016-11-07 14:00:00,"C03","ambient","HW","ambient_HW",1493.9,867.893333333333,24.7968125343323,28.214,1.80402756893705,9.1916713194983,2.38092515136838,0.11348268112811,0.0293954995071977,12.34625099,3.4171874656677,2.5052467720939,0.0950375499088416,0.09671620668162
2016-11-07 14:00:00,"C04","elevated","HW","elevated_HW",1493.9,873.85,24.633171081543,29.0586666666667,1.65477920204424,6.90689221617241,1.64541975475497,0.163644711539642,0.0389848621783943,23.69295863,4.4254955851237,2.57961276831214,0.0637855330446197,0.108283052386516
2016-11-07 14:00:00,"C07","ambient","HW","ambient_HW",1470.5,1431.13333333333,24.8719863891601,27.477,1.91341598728928,5.79900988345455,2.02867611149358,0.084669394261098,0.0296200180658767,14.6006639,2.6050136108399,2.43869683706277,0.0831868923050301,0.0697106205409226
2016-11-07 14:00:00,"C09","ambient","HW","ambient_HW",1445.7,832.53,24.9083776473999,29.111,1.64330558401194,6.39973238382045,2.29053274641942,0.10982747885685,0.0393084306797411,17.16126117,4.2026223526001,2.52881133089593,0.0905774471363156,0.0706548107299723
2016-11-07 14:00:00,"C10","elevated","HW","elevated_HW",1445.7,705.34,24.9283418655396,29.2496666666667,1.83581700378897,4.85458112547682,1.11198975585159,0.0825121361148826,0.0189002197556579,16.99675708,4.3213248011271,2.75012560460946,0.0404341443164558,0.120061428467057
2016-11-07 14:00:00,"C12","elevated","HW","elevated_HW",1518.4,91.14,24.9365634918213,28.0953333333333,1.65739916994747,7.26932404502619,1.7716706386036,0.197443510167994,0.0481206873680105,27.16119256,3.158769841512,2.30583922832143,0.0768340921970226,0.0946106583310148
2016-11-07 14:30:00,"C03","ambient","HW","ambient_HW",1341.2,1229.11666666667,24.8027477264404,26.829,1.90765214468021,6.06118251831717,1.85366400061403,0.074832880667344,0.0228858010027084,12.34625099,2.0262522735596,2.30862731768454,0.0802929076691849,0.0754883923657351
2016-11-07 14:30:00,"C04","elevated","HW","elevated_HW",1341.2,1193.38666666667,25.2825536727905,28.985,1.81503117671726,6.83878767731744,1.59617974950833,0.162031113518036,0.0378182207711447,23.69295863,3.7024463272095,2.59983567880382,0.0613954090453413,0.111389235508911
2016-11-07 14:30:00,"C07","ambient","HW","ambient_HW",1311.5,1207.73333333333,25.0170083045959,27.5326666666667,1.96364523422414,6.06898150929159,1.99622604921658,0.0886111592324813,0.0291462256130362,14.6006639,2.5156583620708,2.4735186433764,0.0807039014871419,0.0752005962222102
2016-11-07 14:30:00,"C09","ambient","HW","ambient_HW",1286.9,261.976666666667,24.9064655303955,29.07,1.66969768684999,6.3129205528583,2.03412921948597,0.108337678353062,0.0349082227891269,17.16126117,4.1635344696045,2.5459770552538,0.0798958189858154,0.0790144044205754
2016-11-07 14:30:00,"C10","elevated","HW","elevated_HW",1286.9,741.446666666667,24.8717284202576,29.259,1.86146581089148,4.57438221563141,1.04706642627483,0.0777496633101592,0.0177967336940171,16.99675708,4.3872715797424,2.78865351852118,0.0375473833274952,0.121829587317252
2016-11-07 14:30:00,"C12","elevated","HW","elevated_HW",1369.1,84.9766666666667,25.013916015625,28.2506666666667,1.71344722619254,7.19003749139029,1.6695355505864,0.195289992817271,0.045346576575243,27.16119256,3.2367506510417,2.3819138969195,0.0700921873265692,0.102579727721877
2016-11-07 15:00:00,"C03","ambient","HW","ambient_HW",1172.4,114.766666666667,24.8104238510132,26.0703333333333,2.04711053185477,1.36248670675542,0.968137941015364,0.0168216028521409,0.0119528740127175,12.34625099,1.2599094823201,2.29157027564897,0.0422477962514672,0.032249888222468
2016-11-07 15:00:00,"C04","elevated","HW","elevated_HW",1172.4,602.6,24.4937200546265,28.7413333333333,1.74775830583756,6.33001856145211,1.57920042962512,0.149976867903617,0.0374159304475862,23.69295863,4.2476132787068,2.62494323465705,0.0601613173486948,0.10521741943853
2016-11-07 15:00:00,"C07","ambient","HW","ambient_HW",1143.6,1146.63333333333,24.9866127967835,27.214,2.01874102077482,5.8748281732148,1.8071529338605,0.0857763916273603,0.0263856326031961,14.6006639,2.2273872032165,2.46608336690811,0.0732802855779463,0.0801692860075702
2016-11-07 15:00:00,"C09","ambient","HW","ambient_HW",1111.6,569.43,23.2211899757386,28.879,1.59115372568965,6.06735075273952,1.76387958536639,0.104123390877759,0.030270398236904,17.16126117,5.6578100242614,2.72738892488204,0.064672829359776,0.0938160710270885
2016-11-07 15:00:00,"C10","elevated","HW","elevated_HW",1111.6,273.786666666667,24.893729686737,29.0153333333333,1.94338500414981,4.03193212456376,0.843096034248596,0.0685297708842585,0.0143298984892348,16.99675708,4.1216036465963,2.80931452886875,0.0300107384055744,0.134349647452021
2016-11-07 15:00:00,"C12","elevated","HW","elevated_HW",1202.1,88.9933333333333,24.9250574111938,27.946,1.75356233627867,6.96344717875567,1.50063723929584,0.189135529703572,0.0407590970192211,27.16119256,3.0209425888062,2.37109827148395,0.0632886986314854,0.110026708232731
2016-11-07 15:30:00,"C03","ambient","HW","ambient_HW",987.8,181.633333333333,25.0080318450928,26.446,2.12783012370167,1.51110106720081,0.922743593732242,0.018656433046918,0.0113924240076329,12.34625099,1.4379681549072,2.41102920496595,0.0382717717326561,0.0394834364543264
2016-11-07 15:30:00,"C04","elevated","HW","elevated_HW",987.8,139.37,24.8021965026856,28.6866666666667,1.86774630429549,6.05023369528789,1.47574105027218,0.143347936644288,0.0349646716526914,23.69295863,3.8844701639811,2.67496349191769,0.0551686426648842,0.109667981719967
2016-11-07 15:30:00,"C07","ambient","HW","ambient_HW",953.6,966.266666666667,24.9735307693482,27.006,2.07717970001799,5.34520841377136,1.68027439592368,0.0780435915249277,0.0245331217146572,14.6006639,2.0324692306518,2.48301942111642,0.0676706102914084,0.0789886243193819
2016-11-07 15:30:00,"C09","ambient","HW","ambient_HW",840.2,768.246666666667,24.9027752876281,28.9613333333333,1.80781011291004,5.78897573556971,1.70260515450907,0.0993461245049047,0.0292188517259184,17.16126117,4.0585580457052,2.65947147222167,0.0640204330932999,0.0904238765010097
2016-11-07 15:30:00,"C10","elevated","HW","elevated_HW",840.2,705.046666666667,24.7057905197143,28.921,1.98921929329679,3.63620173995731,0.74090600926967,0.0618036376679277,0.0125929994586688,16.99675708,4.2152094802857,2.86849090681538,0.025829121769545,0.140779147367091
2016-11-07 15:30:00,"C12","elevated","HW","elevated_HW",1017.8,211.947857142857,24.8491110801696,28.0603333333333,1.82967426070419,6.54869097393625,1.37805224308008,0.177870256559017,0.0374295423320379,27.16119256,3.2112222531637,2.48682843900986,0.0554140455152893,0.1181774568711
2016-11-07 16:00:00,"C03","ambient","HW","ambient_HW",365,171.462666666667,25.0144910812378,26.3773333333333,2.18273833019257,1.65223176134586,0.736431424603932,0.0203988680192258,0.00909216720508341,12.34625099,1.3628422520955,2.4507044119383,0.030049785727585,0.0549831461802787
2016-11-07 16:00:00,"C04","elevated","HW","elevated_HW",365,114.926666666667,24.7510461807251,27.4383333333333,1.95752280053889,3.75072652456576,1.04127438735065,0.0888658083789801,0.0246708709819774,23.69295863,2.6872871526082,2.4971880989433,0.0416978756142268,0.0899500626666473
2016-11-07 16:00:00,"C07","ambient","HW","ambient_HW",356.9,779.62,24.8184080123902,26.7423333333333,2.12272179046705,4.58180985158758,1.45069075124563,0.0668974656967391,0.021181048081776,14.6006639,1.9239253209431,2.50273400465925,0.0579642402486613,0.0790454568529155
2016-11-07 16:00:00,"C09","ambient","HW","ambient_HW",335.3,722.353333333333,21.9477569035122,28.9443333333333,1.5947918602325,5.01933536641887,1.38769304702982,0.0861381251229318,0.0238145628038719,17.16126117,6.9965764298211,2.95883891902448,0.0468999186845675,0.107022261598728
2016-11-07 16:00:00,"C10","elevated","HW","elevated_HW",335.3,411.923333333333,24.8840684890747,27.8626666666667,2.07775397342582,3.1761322297677,0.714206315087057,0.0539839479633204,0.0121391912425367,16.99675708,2.978598177592,2.6846734594024,0.026603098137903,0.11938956182109
2016-11-07 16:00:00,"C12","elevated","HW","elevated_HW",473.6,392.243333333333,24.7915711402893,27.9766666666667,1.92244066908096,5.98529749371931,1.1507261096628,0.162567817755795,0.0312550934483709,27.16119256,3.1850955263774,2.57187272825566,0.0447427315131284,0.133771392387233
2016-11-07 16:30:00,"C03","ambient","HW","ambient_HW",363.9,141.554482758621,24.9088506698609,25.7276666666667,2.13275084754662,0.81430962567677,0.79089940460546,0.0100536710221783,0.00976464255710057,12.34625099,0.8188159968058,2.29060713602592,0.0345279376880677,0.0235840794499054
2016-11-07 16:30:00,"C04","elevated","HW","elevated_HW",363.9,64.753,25.0520420074463,26.4063333333333,2.01242768705917,1.54556523909252,0.724240321322519,0.0366190132697852,0.0171593959712724,23.69295863,1.354291325887,2.27917124366861,0.0317764767932385,0.0486386596333232
2016-11-07 16:30:00,"C07","ambient","HW","ambient_HW",316.4,581.726666666667,24.9148936271667,25.7996666666667,2.09235463360856,3.16526203254255,1.23618806970342,0.0462149270925847,0.0180491665229294,14.6006639,0.884773039500001,2.26327451682654,0.0546194489670987,0.0579511894096408
2016-11-07 16:30:00,"C09","ambient","HW","ambient_HW",268.4,277.013333333333,24.8097410202027,27.2003333333333,1.87281918735618,2.22254365860095,1.00726859137312,0.0381416521869782,0.0172859993648922,17.16126117,2.3905923131306,2.35061623353165,0.042851256491995,0.0518664758177194
2016-11-07 16:30:00,"C10","elevated","HW","elevated_HW",268.4,239.536666666667,24.8939552307129,27.222,2.02488049762597,2.57142131930801,0.606340406707264,0.0437058235146113,0.0103058206005918,16.99675708,2.3280447692871,2.49143779248432,0.0243369675348247,0.105659068477963
2016-11-07 16:30:00,"C12","elevated","HW","elevated_HW",436.5,341.29,24.9043560028077,27.809,1.90771338793435,5.11452505896479,1.07938850274478,0.138916599979488,0.0293174789701011,27.16119256,2.9046439971923,2.4990312920893,0.0431922763897191,0.118412954501796
2016-11-07 17:00:00,"C03","ambient","HW","ambient_HW",204.8,73.0466666666667,24.9105463027954,25.8903333333333,2.15792429685707,-0.158020759632355,0.544668954328138,-0.00195096396005151,0.00672461961659603,12.34625099,0.979787030537899,2.34762688260713,0.0232008313741604,-0.00681099556666527
2016-11-07 17:00:00,"C04","elevated","HW","elevated_HW",204.8,42.922,24.9003820419312,26.2563333333333,2.00588276125324,0.644682279387994,0.488844052998823,0.0152744305750338,0.0115821619242227,23.69295863,1.3559512914021,2.2708739738518,0.021526692305591,0.0299480417258788
2016-11-07 17:00:00,"C07","ambient","HW","ambient_HW",199.9,184.821666666667,24.906141281128,25.362,2.14154762917254,0.719854439253568,0.753235558077125,0.0105103527244643,0.010997739221013,14.6006639,0.455858718871998,2.22858921907499,0.0337987616394271,0.0212982489398026
2016-11-07 17:00:00,"C09","ambient","HW","ambient_HW",249.2,77.205,24.9154262542725,26.0913333333333,1.92144772898144,0.300961175111635,0.618672965879057,0.00516487332812087,0.010617208346269,17.16126117,1.1759070790608,2.15035132179558,0.0287707854808792,0.0104606520149285
2016-11-07 17:00:00,"C10","elevated","HW","elevated_HW",249.2,214.223333333333,24.8035173416138,26.676,2.03396948222131,1.52595019753345,0.417242781545108,0.025936204823654,0.00709177420130572,16.99675708,1.8724826583862,2.40303710508836,0.0173631435262322,0.0878844430000851
2016-11-07 17:00:00,"C12","elevated","HW","elevated_HW",174.8,55.1003333333333,24.7746210098267,26.3326666666667,1.90922437731865,2.74888189329764,0.703025891821607,0.0746629104285546,0.0190950216224324,27.16119256,1.55804565684,2.21333750505212,0.0317631581363843,0.0865430912598339
2016-11-07 17:30:00,"C03","ambient","HW","ambient_HW",88.9,42.018,24.8840141296387,25.7893333333333,2.16446696207107,-0.324634460204725,0.403113593798663,-0.0040080185256907,0.0049769416065192,12.34625099,0.905319203694599,2.33916942182514,0.0172331935445759,-0.0188377423699801
2016-11-07 17:30:00,"C04","elevated","HW","elevated_HW",88.9,30.6316666666667,24.9645762443543,26.0913333333333,2.00328027071308,0.330573861219905,0.371867210003034,0.00783227281804258,0.00881063442245541,23.69295863,1.126757088979,2.22289373600417,0.0167289692700963,0.0197605635997442
2016-11-07 17:30:00,"C07","ambient","HW","ambient_HW",64.4,67.9366666666667,24.9154796600342,25.4233333333333,2.13480751253463,0.286703247735734,0.605130666019828,0.00418605775922789,0.00883530947013865,14.6006639,0.507853673299099,2.2319559380531,0.0271121242002508,0.0105747246367764
2016-11-07 17:30:00,"C09","ambient","HW","ambient_HW",51.2,43.7716666666667,24.7502136230469,25.7466666666667,1.88715795200924,-0.033579749699637,0.452573649897229,-0.0005762708546187,0.00776673460454649,17.16126117,0.996453043619802,2.0785701560308,0.0217733160742313,-0.00154224324788903
2016-11-07 17:30:00,"C10","elevated","HW","elevated_HW",51.2,43.4483333333333,24.8849277496338,26.2543333333333,2.05853774742657,0.476945971170713,0.30607435154873,0.00810653481227329,0.00520227140169229,16.99675708,1.3694055836995,2.32603815155633,0.0131586126970419,0.0362459160514642
2016-11-07 17:30:00,"C12","elevated","HW","elevated_HW",154.4,17.0093333333333,24.6768226623535,25.8763333333333,2.00463157931072,0.399656810326957,0.395981024182095,0.0108551555832059,0.0107553168479159,27.16119256,1.1995106709798,2.23539694177979,0.0177141257009514,0.022561475348766
2016-11-07 18:00:00,"C03","ambient","HW","ambient_HW",23.7,16.0859333333333,24.5632886886597,25.0773333333333,2.08827476702881,-0.700538547851535,0.361842770877614,-0.00864902473994518,0.00446740166817208,12.34625099,0.5140446446736,2.18483519755148,0.0165615590266546,-0.042299070197683
2016-11-07 18:00:00,"C04","elevated","HW","elevated_HW",23.7,11.4513666666667,24.482355594635,25.0106666666667,1.89226214886017,-0.258362350285259,0.308508149831368,-0.0061213684768582,0.00730947083097246,23.69295863,0.528311072031702,1.99112108852527,0.015494193276807,-0.0166747855580192
2016-11-07 18:00:00,"C07","ambient","HW","ambient_HW",16.9,19.9443666666667,24.558443069458,24.9016666666667,2.03397665175347,-0.697468943080552,0.41280584165071,-0.0101835096186074,0.00602723934989863,14.6006639,0.343223597208699,2.09814539227606,0.0196747967595754,-0.0354498677472288
2016-11-07 18:00:00,"C09","ambient","HW","ambient_HW",11.4,16.9088333333333,23.0091676712036,25.3276666666667,1.69707961929044,-0.69652112383565,0.166819127044151,-0.0119531809165655,0.00286282660735609,17.16126117,2.3184989954631,2.11820377786206,0.00787549945796645,-0.0884415175892223
2016-11-07 18:00:00,"C10","elevated","HW","elevated_HW",11.4,12.6591,24.5031604766845,25.5783333333333,1.97372960019396,-0.287887640928472,0.213813624087958,-0.00489315629919551,0.00363413822901746,16.99675708,1.0751728566488,2.1780464055173,0.00981676164228354,-0.0293261313067294
2016-11-07 18:00:00,"C12","elevated","HW","elevated_HW",28.7,6.54766666666667,24.6857423782348,25.556,2.03276528440493,-0.201596107122055,0.290848321272352,-0.00547559068488853,0.0078997872598311,27.16119256,0.870257621765202,2.19882672613292,0.0132274325127868,-0.0152407586980447
2016-11-08 05:00:00,"C03","ambient","HW","ambient_HW",41.8,32.244,14.2031998634339,14.62,0.37595676099553,0.360438569698409,0.204790554501907,0.00445006504797316,0.00252839558626182,12.34625099,0.416800136566099,0.420374286030345,0.0487162420032333,0.00739873510100566
2016-11-08 05:00:00,"C04","elevated","HW","elevated_HW",41.8,23.0053333333333,17.1973552703857,17.0716666666667,0.50695275503371,0.183969088733123,0.135945235433394,0.00435877200855269,0.00322094483906903,23.69295863,-0.125688603718999,0.491344100950928,0.0276680304434898,0.00664915737709875
2016-11-08 05:00:00,"C07","ambient","HW","ambient_HW",57,38.1093333333333,14.3653140068054,14.6786666666667,0.344290785325059,0.296535217476107,0.053680318132738,0.00432961104488204,0.000783768283101182,14.6006639,0.3133526598613,0.377893903877593,0.0142051294244021,0.0208752210991268
2016-11-08 05:00:00,"C09","ambient","HW","ambient_HW",71.2,31.7163333333333,12.8174015680949,14.4813333333333,0.330160457187321,0.656274767113857,-0.187100117743361,0.0112625026777218,-0.00321087398553156,17.16126117,1.6639317652384,0.499992280499552,-0.037420601285369,-0.0175377932093906
2016-11-08 05:00:00,"C10","elevated","HW","elevated_HW",71.2,16.5198,17.2969713211059,17.1373333333333,0.374979266262627,0.417139311147584,0.161617104391705,0.00709001554009402,0.00274696666331881,16.99675708,-0.159637987772602,0.355063379999397,0.0455178183658308,0.00916430809128412
2016-11-08 05:00:00,"C12","elevated","HW","elevated_HW",30.4,11.6351,17.0993189811707,17.2746666666667,0.377614064736431,0.120570380684657,0.161552015347801,0.00327483532680846,0.0043879453973177,27.16119256,0.175347685496,0.399453246668885,0.0404432850890595,0.00298122124400011
2016-11-08 05:30:00,"C03","ambient","HW","ambient_HW",123,86.4326666666667,15.0442752838135,15.4443333333333,0.392432141382096,0.868166509447594,0.258293460470306,0.0107186016267522,0.00318895589204204,12.34625099,0.400058049519801,0.437124232412957,0.059089256855999,0.0146924594357875
2016-11-08 05:30:00,"C04","elevated","HW","elevated_HW",123,64.6846666666667,18.2154707908631,18.288,0.516303945079146,1.78019153556482,0.1767785367749,0.0421780044056135,0.00418840655847963,23.69295863,0.0725292091368992,0.525885044477163,0.0336154333787252,0.0529575661128166
2016-11-08 05:30:00,"C07","ambient","HW","ambient_HW",135.6,119.296666666667,15.2484896183014,15.696,0.34097901325594,1.51783898650372,0.359317696770201,0.0221614568962575,0.00524627692386383,14.6006639,0.447510381698599,0.391619113483244,0.0917518283452155,0.0165428745549665
2016-11-08 05:30:00,"C09","ambient","HW","ambient_HW",153.1,96.869,15.2920018037161,15.4753333333333,0.336558621671866,1.96872518233976,0.475103555649983,0.0337858070260885,0.00815337620130498,17.16126117,0.183331529617199,0.357200661893304,0.133007467884227,0.0148016138766989
2016-11-08 05:30:00,"C10","elevated","HW","elevated_HW",153.1,48.3696666666667,18.2665967941284,18.281,0.455816773301479,1.31459387123927,0.0872683182869267,0.0223438326883107,0.00148327840670301,16.99675708,0.0144032058715986,0.457721745980965,0.0190658012325584,0.0689503606590819
2016-11-08 05:30:00,"C12","elevated","HW","elevated_HW",105.7,34.5236666666667,17.9067969322205,18.297,0.421581947570149,1.6183324912215,0.110891106058683,0.0439558404201718,0.00301193468485127,27.16119256,0.390203067779499,0.472704857486285,0.0234588463186885,0.0689860221272799
2016-11-08 06:00:00,"C03","ambient","HW","ambient_HW",221.6,176.286666666667,16.4173307418823,17.13,0.394122997422105,2.70054082380764,0.420686947356408,0.0333415548194705,0.00519390664027913,12.34625099,0.7126692581177,0.480871341787274,0.087484304178499,0.0308688609821664
2016-11-08 06:00:00,"C04","elevated","HW","elevated_HW",221.6,214.536666666667,19.8760194778443,20.883,0.473304658467117,4.91453555426698,0.375752012520096,0.116439887572912,0.00890267688777787,23.69295863,1.0069805221557,0.622719818432152,0.0603404615363203,0.0814467677100682
2016-11-08 06:00:00,"C07","ambient","HW","ambient_HW",230.4,295.843333333333,16.5372266769409,17.2723333333333,0.384010162646269,4.03270003281642,0.497526621314156,0.0588800977886716,0.00726421897911057,14.6006639,0.7351066563924,0.47414578385089,0.104931149502875,0.0384318674856976
2016-11-08 06:00:00,"C09","ambient","HW","ambient_HW",228.7,271.94,16.6613281567891,17.401,0.41139742653062,4.52320864360341,0.436146219889182,0.0776239648592795,0.0074848191878265,17.16126117,0.7396718432109,0.502732840381897,0.0867550684689441,0.0521376874392369
2016-11-08 06:00:00,"C10","elevated","HW","elevated_HW",228.7,109.584,20.4165873527527,20.6653333333333,0.600413021230767,4.3694260918672,0.329358909093649,0.0742660738624805,0.00559803336999855,16.99675708,0.248745980580601,0.637641666502233,0.0516526642464158,0.0845924630532566
2016-11-08 06:00:00,"C12","elevated","HW","elevated_HW",211.6,124.521333333333,19.6657810211181,20.747,0.503195962273608,4.82321225921738,0.235837948053404,0.131004196930356,0.0064056399200338,27.16119256,1.0812189788819,0.66213277782867,0.0356179237685207,0.135415311980654
2016-11-08 06:30:00,"C03","ambient","HW","ambient_HW",216.5,167.273333333333,18.064688205719,18.4033333333333,0.509167481075184,2.7855062836936,0.27854086685537,0.0343905597127034,0.00343893545316857,12.34625099,0.338645127614299,0.55385935460591,0.0502909022911712,0.0553878764705044
2016-11-08 06:30:00,"C04","elevated","HW","elevated_HW",216.5,104.3,20.90935754776,20.861,0.555170339470969,4.11983166787625,0.259316697245385,0.0976110012695558,0.00614397977990315,23.69295863,-0.0483575477599985,0.547797288843581,0.0473380760596335,0.0870299769404727
2016-11-08 06:30:00,"C07","ambient","HW","ambient_HW",204.9,179.356666666667,18.3034129142761,18.4243333333333,0.542029545730789,3.23687540144675,0.506106469891649,0.0472605298227015,0.00738949046450343,14.6006639,0.1209204190572,0.558101997563791,0.090683508050659,0.0356942014157472
2016-11-08 06:30:00,"C09","ambient","HW","ambient_HW",198.1,167.733333333333,18.2933637301127,18.3983333333333,0.534325005365355,3.28645975249703,0.460166823777696,0.0563997941372952,0.0078970430446184,17.16126117,0.104969603220603,0.548263482529879,0.0839316931440201,0.0391563619103659
2016-11-08 06:30:00,"C10","elevated","HW","elevated_HW",198.1,81.689,21.1072487831116,20.9803333333333,0.631465701525825,2.74884201647441,0.25142178560181,0.0467214000053129,0.0042733550144938,16.99675708,-0.126915449778302,0.61194899950475,0.0410854149292319,0.0669055435173086
2016-11-08 06:30:00,"C12","elevated","HW","elevated_HW",212.4,61.6646666666667,20.4060611724854,21.078,0.565443072022924,4.37779300605783,0.210898003434422,0.118906078825358,0.00572824128180188,27.16119256,0.671938827514598,0.667110486356918,0.0316136543717268,0.138477916996937
2016-11-08 07:00:00,"C03","ambient","HW","ambient_HW",169.5,111.99,18.3376989364624,18.066,0.607419236958479,1.95235115077247,0.0375912117804091,0.0241042173280522,0.000464110535659175,12.34625099,-0.2716989364624,0.571626025514013,0.00657618969440845,0.296881817815034
2016-11-08 07:00:00,"C04","elevated","HW","elevated_HW",169.5,73.3546666666667,20.9673438072205,20.6503333333333,0.753220846566894,2.42756046753839,-0.0401733157849573,0.0575160897292105,-0.000951824708922919,23.69295863,-0.317010473887201,0.705084361586327,-0.00569766087203718,-0.426062646068021
2016-11-08 07:00:00,"C07","ambient","HW","ambient_HW",155.3,125.573333333333,18.2848958969116,18.4236666666667,0.599583461448267,1.68515499172746,0.172769698527644,0.02460438165362,0.00252255230030646,14.6006639,0.138770769755101,0.618018820147101,0.0279554105628242,0.0602801016976808
2016-11-08 07:00:00,"C09","ambient","HW","ambient_HW",153.4,110.793333333333,18.0572814941406,18.4066666666667,0.596869647761576,2.02663717309362,0.144472117991674,0.0347796498242901,0.00247932374863818,17.16126117,0.349385172526098,0.64297377929993,0.0224693638594369,0.090195574105782
2016-11-08 07:00:00,"C10","elevated","HW","elevated_HW",153.4,62.687,21.0920033454895,21.1776666666667,0.811016687894805,1.49362288252487,-0.105124963896222,0.0253867453034047,-0.00178678347438786,16.99675708,0.0856633211772007,0.82425439923929,-0.0127539463536067,-0.117110644902665
2016-11-08 07:00:00,"C12","elevated","HW","elevated_HW",174.6,42.263,21.299087524414,21.2136666666667,0.733197194875503,2.76375582988677,0.0273509300065626,0.0750669042843772,0.00074288387660333,27.16119256,-0.0854208577472981,0.719910461065045,0.00379921274738796,0.727454873851672
2016-11-08 07:30:00,"C03","ambient","HW","ambient_HW",146.4,104.96,18.2056384086609,17.971,0.635602325615277,1.18386243743038,0.100919349567458,0.0146162627901486,0.00124597561950739,12.34625099,-0.234638408660899,0.604884222936862,0.016684077008567,0.0709576224577774
2016-11-08 07:30:00,"C04","elevated","HW","elevated_HW",146.4,67.9823333333333,21.2431392669678,20.9083333333333,0.808297395916746,1.78651573891584,0.145479165220457,0.0423278434939769,0.00344683184309523,23.69295863,-0.334805933634499,0.756722822038941,0.019224894635591,0.0929272057287883
2016-11-08 07:30:00,"C07","ambient","HW","ambient_HW",147.1,113.836666666667,18.1646656990051,18.3276666666667,0.624951690660065,1.51279899483716,0.110263153549049,0.0220878696718752,0.00160991524552376,14.6006639,0.163000967661603,0.646477546767167,0.0170559912096624,0.0886960468166837
2016-11-08 07:30:00,"C09","ambient","HW","ambient_HW",152.9,99.4533333333333,16.0744543075561,18.4433333333333,0.601391052750233,1.55523127524277,0.0102199196074329,0.0266897300941933,0.00017538670951956,17.16126117,2.3688790257772,0.897790532137652,0.00113834121007036,1.36622592723902
2016-11-08 07:30:00,"C10","elevated","HW","elevated_HW",152.9,53.656,21.4568767547607,21.3896666666667,0.855578625044202,1.26613383997787,0.132713872265147,0.0215201693088715,0.00225570544803686,16.99675708,-0.0672100880940008,0.845030416188814,0.0157052183829905,0.0806186713932708
2016-11-08 07:30:00,"C12","elevated","HW","elevated_HW",148.9,36.1006666666667,21.3564190864563,21.3153333333333,0.809977010889268,1.68889557174323,0.137964592599593,0.0458724178378491,0.0037472828660595,27.16119256,-0.0410857531229993,0.803559021700203,0.0171691921655838,0.0983677947951842
2016-11-08 08:00:00,"C03","ambient","HW","ambient_HW",193.6,158.146666666667,18.8432645797729,18.8863333333333,0.721571488421165,2.19912440276452,0.126031588937681,0.0271509418347647,0.00155601762969312,12.34625099,0.0430687535604015,0.72745564381224,0.0173249860674956,0.126933689539319
2016-11-08 08:00:00,"C04","elevated","HW","elevated_HW",193.6,96.0113333333333,21.8877091407776,21.7783333333333,0.799703649606029,2.29408062107278,0.292339839445643,0.0543535572489622,0.00692639572188647,23.69295863,-0.109375807444298,0.782157005004817,0.0373761070443705,0.0613782654878796
2016-11-08 08:00:00,"C07","ambient","HW","ambient_HW",207.2,162.69,18.9610137939453,19.054,0.721135564250926,1.93645377234191,0.21819041476483,0.0282735106878513,0.00318572491218288,14.6006639,0.0929862060547002,0.733939196957415,0.0297286772077783,0.0651375693175898
2016-11-08 08:00:00,"C09","ambient","HW","ambient_HW",213.4,145.836666666667,18.9013662338257,19.1633333333333,0.684945203480553,2.78575061226824,0.368353033346996,0.0478069938116227,0.00632140260802952,17.16126117,0.261967099507597,0.721065753994216,0.051084527493723,0.054532179290697
2016-11-08 08:00:00,"C10","elevated","HW","elevated_HW",213.4,67.6286666666667,21.8970384597779,21.8696666666667,0.832107618938376,1.8685022397703,0.178437594692592,0.0317584786728117,0.00303286045092948,16.99675708,-0.0273717931112003,0.827704668828168,0.0215581234965386,0.0866727681595438
2016-11-08 08:00:00,"C12","elevated","HW","elevated_HW",179.5,47.466,21.6758193969726,21.8393333333333,0.846217205996653,2.15131338952759,0.0770503096083978,0.058432237229865,0.00209277829608131,27.16119256,0.163513936360701,0.872343405718962,0.00883256629250209,0.243566062034975
2016-11-08 08:30:00,"C03","ambient","HW","ambient_HW",284.1,226.456666666667,19.3829908370971,19.4153333333333,0.694460824484471,3.45907779544358,0.244855621034677,0.0427066426564823,0.00302304895360645,12.34625099,0.0323424962362004,0.699010475344978,0.0350288915075035,0.0987492794256025
2016-11-08 08:30:00,"C04","elevated","HW","elevated_HW",284.1,137.026666666667,22.5131735801697,22.53,0.757432171761358,3.7222342009945,0.251940817902879,0.0881907409353337,0.00596922337578128,23.69295863,0.0168264198303021,0.760232470003385,0.0331399707120846,0.112318572437277
2016-11-08 08:30:00,"C07","ambient","HW","ambient_HW",302.5,238.296666666667,19.5136914253235,19.7086666666667,0.760538960371608,3.22130379920111,0.182819150994048,0.0470331740919286,0.00266928097814745,14.6006639,0.194975241343201,0.788285085064024,0.0231920093958393,0.138897141003186
2016-11-08 08:30:00,"C09","ambient","HW","ambient_HW",316.9,213.923333333333,19.6548268000285,19.785,0.732180270375995,3.85442525554462,0.254014601727335,0.0661467984706453,0.00435921092123633,17.16126117,0.130173199971502,0.75081456347632,0.033831869290232,0.113928829130865
2016-11-08 08:30:00,"C10","elevated","HW","elevated_HW",316.9,102.554333333333,22.7903194427491,22.7716666666667,0.828989855888185,2.87055971483133,0.229750186010305,0.0487902061566221,0.00390500810070196,16.99675708,-0.0186527760824013,0.825842555668173,0.0278200952994507,0.103182957640264
2016-11-08 08:30:00,"C12","elevated","HW","elevated_HW",271.4,73.208,22.3110208511353,22.664,0.819505426817078,3.50844233085915,0.178898649064533,0.0952934777341205,0.00485910065596565,27.16119256,0.352979148864701,0.878143573822331,0.0203723689835631,0.172215726786111
2016-11-08 09:00:00,"C03","ambient","HW","ambient_HW",247.5,172.463333333333,19.4083075523377,19.173,0.722441763999852,3.02027951863226,0.057887462940056,0.0372891289969902,0.000714693146632255,12.34625099,-0.235307552337702,0.689535996291211,0.00839513285041154,0.359765541826322
2016-11-08 09:00:00,"C04","elevated","HW","elevated_HW",247.5,106.893333333333,22.4849715232849,22.168,0.821935928933845,3.48858239703655,0.123786326896183,0.0826548384103332,0.00293286432211093,23.69295863,-0.316971523284902,0.769728818937901,0.0160818100934544,0.216927222542969
2016-11-08 09:00:00,"C07","ambient","HW","ambient_HW",207.7,184.94,19.4507756233215,19.6166666666667,0.714239367421476,2.76477922499531,0.295841402386671,0.040367612221859,0.00431948088395244,14.6006639,0.165891043345198,0.737747253034855,0.0401006443832457,0.0689460049213187
2016-11-08 09:00:00,"C09","ambient","HW","ambient_HW",180,168.35,19.3619146347046,19.7136666666667,0.700351390698537,2.8913283938198,0.225520951084057,0.0496188416945781,0.00387022394086029,17.16126117,0.3517520319621,0.750208592152322,0.0300610994652894,0.0961817247289416
2016-11-08 09:00:00,"C10","elevated","HW","elevated_HW",180,90.7743333333333,22.2881288528443,22.6766666666667,0.813202147201825,2.34079633642369,0.00603306848403663,0.0397859467039475,0.000102542599470174,16.99675708,0.388537813822403,0.877730051388151,0.00068734897187298,3.40554279152434
2016-11-08 09:00:00,"C12","elevated","HW","elevated_HW",253.7,59.714,22.6245613098144,22.6296666666667,0.772355723630591,3.94030092291697,0.134939161623367,0.107023272111693,0.00366510855273723,27.16119256,0.00510535685230096,0.773210148197993,0.0174518094385918,0.225781798545407
2016-11-08 09:30:00,"C03","ambient","HW","ambient_HW",195.6,142.33,19.3134765625,19.2016666666667,0.636884933738272,1.55723618823213,0.317579621645576,0.0192260288306247,0.00392091771814551,12.34625099,-0.1118098958333,0.621277547496265,0.0511171895597089,0.0304640415806342
2016-11-08 09:30:00,"C04","elevated","HW","elevated_HW",195.6,95.8926666666667,22.2792177200318,22.0673333333333,0.696977895335822,2.23591277978129,0.277802730059992,0.0529753889916465,0.00658196859061244,23.69295863,-0.2118843866985,0.662363142021815,0.0419411516788237,0.0533107149012842
2016-11-08 09:30:00,"C07","ambient","HW","ambient_HW",219.4,164.383333333333,19.4412937164306,19.5583333333333,0.641185262715928,1.82652017310141,0.515292650190375,0.0266684071540235,0.00752361479556993,14.6006639,0.117039616902701,0.657739937817229,0.0783429164876959,0.0233144265619505
2016-11-08 09:30:00,"C09","ambient","HW","ambient_HW",252.9,138.06,19.5032019615173,19.6036666666667,0.658842157629084,2.41547254063842,0.328719602011449,0.0414525551188593,0.00564124294181693,17.16126117,0.100464705149403,0.673093955244844,0.0488371050504939,0.0494597814129441
2016-11-08 09:30:00,"C10","elevated","HW","elevated_HW",252.9,75.2506666666667,22.340781211853,22.2683333333333,0.756432707205948,1.8718979339179,0.201920263423211,0.0318161944613564,0.00343198966693393,16.99675708,-0.0724478785197,0.744514144960409,0.0271210781944174,0.0690200411834367
2016-11-08 09:30:00,"C12","elevated","HW","elevated_HW",179.4,52.2143333333333,22.1436252593994,22.356,0.778731978716466,2.21130360667767,0.0398515642112617,0.0600616430695947,0.00108241600935928,27.16119256,0.212374740600602,0.813568636926579,0.00489836535019456,0.451437050645853
2016-11-08 10:00:00,"C03","ambient","HW","ambient_HW",391.6,265.33,20.457215309143,20.671,0.73779305541131,3.51562033360932,0.268479631301579,0.0434047310242882,0.00331471691375195,12.34625099,0.213784690857,0.769829185822949,0.0348752211848884,0.100805678477895
2016-11-08 10:00:00,"C04","elevated","HW","elevated_HW",391.6,173.436666666667,23.4567546844482,23.6486666666667,0.79484152862802,4.10249093003778,0.3349301596527,0.0972001478853353,0.0079354864165907,23.69295863,0.1919119822185,0.828571849379651,0.0404225849458271,0.101490068869564
2016-11-08 10:00:00,"C07","ambient","HW","ambient_HW",408.5,307.25,20.6598792076111,20.904,0.744408745692365,3.851574295623,0.679404251128497,0.0562355417762706,0.00991975312295838,14.6006639,0.244120792388898,0.781423420510942,0.0869444443684912,0.0442992571129572
2016-11-08 10:00:00,"C09","ambient","HW","ambient_HW",398.8,263.64,20.8127609888713,20.995,0.767106562752427,4.52721746066934,0.474892402973026,0.0776927612159307,0.00814975255506899,17.16126117,0.182239011128701,0.794920544843625,0.0597408641723363,0.0757809168546597
2016-11-08 10:00:00,"C10","elevated","HW","elevated_HW",398.8,145.153333333333,24.0487880706787,23.9876666666667,0.909765658543269,3.66986808725906,0.172187775108042,0.0623758563947865,0.00292663378565705,16.99675708,-0.0611214040119989,0.898756676057369,0.0191584418447258,0.191553578156427
2016-11-08 10:00:00,"C12","elevated","HW","elevated_HW",371.5,100.183333333333,23.3320627212524,23.901,0.862534162629453,3.93826561735322,0.199675141618246,0.106967990785358,0.00542341497093846,27.16119256,0.568937278747601,0.962869892623092,0.0207374997544354,0.189910339432838
2016-11-08 10:30:00,"C03","ambient","HW","ambient_HW",374.4,606.243333333333,21.1940383911133,22.9456666666667,0.835678764331869,3.80639081981494,0.289230286547861,0.0469946564274671,0.00357090971162951,12.34625099,1.7516282755534,1.12034820281815,0.0258161066193817,0.147442481390949
2016-11-08 10:30:00,"C04","elevated","HW","elevated_HW",736.4,343.036666666667,25.2812032699585,25.7526666666667,1.11437963833564,5.70512344603199,0.567773190152065,0.135171253785879,0.013452226705496,23.69295863,0.471463396708199,1.2062097820851,0.0470708494148166,0.121202899819271
2016-11-08 10:30:00,"C07","ambient","HW","ambient_HW",995.7,571.766666666667,22.803915977478,23.129,0.927362465592116,5.73665433752903,1.03889977216982,0.0837589618927385,0.0151686263992382,14.6006639,0.325084022522002,0.982756640775967,0.105712821370459,0.0542664008316036
2016-11-08 10:30:00,"C09","ambient","HW","ambient_HW",1170.4,575.07,22.8161945343018,23.038,0.928187633996706,7.0510173149302,0.86192271410972,0.121004349655709,0.0147916808051922,17.16126117,0.2218054656982,0.96590425504779,0.0892347983358945,0.0790164537425075
2016-11-08 10:30:00,"C10","elevated","HW","elevated_HW",1170.4,217.653333333333,26.3591899871826,25.933,1.16695154922027,5.33041208362814,0.543777810437796,0.0905997193217241,0.00924245934950551,16.99675708,-0.4261899871826,1.08119258903564,0.0502942598712054,0.105984501954664
2016-11-08 10:30:00,"C12","elevated","HW","elevated_HW",493.8,203.61,24.3468408584595,25.9286666666667,1.03529646433765,5.28509997580819,0.101805667104509,0.143549618141777,0.00276516332792482,27.16119256,1.5818258082072,1.33745403087565,0.0076119002787599,0.694320706033897
2016-11-08 11:00:00,"C03","ambient","HW","ambient_HW",1079.2,910.313333333333,24.5346002578735,25.453,1.18543808405861,10.7748276398941,1.27799250277664,0.133028726416122,0.0157784162026187,12.34625099,0.9183997421265,1.35953156919593,0.0940024146355414,0.114622881568196
2016-11-08 11:00:00,"C04","elevated","HW","elevated_HW",1079.8,527.266666666667,27.0166063308716,28.1796666666667,1.49405820799392,9.65615346449681,0.837041077679593,0.228782844559254,0.0198319796250732,23.69295863,1.1630603357951,1.74622572902224,0.0479342998884957,0.201445592967016
2016-11-08 11:00:00,"C07","ambient","HW","ambient_HW",1262.3,887.386666666667,24.8199558258057,25.7306666666667,1.24721307593806,3.65206224386917,1.62199074292362,0.0533225333646137,0.0236821416863391,14.6006639,0.910710840861,1.42239659007004,0.114032243485887,0.0320265753985729
2016-11-08 11:00:00,"C09","ambient","HW","ambient_HW",1314.8,878.98,23.6359737714131,25.8856666666667,1.20583782901838,9.54835671109101,1.26627481913918,0.163861843263355,0.0217308728842419,17.16126117,2.2496928952536,1.62731414983987,0.0778137902422702,0.122707770452545
2016-11-08 11:00:00,"C10","elevated","HW","elevated_HW",1314.8,340.093333333333,28.2786026000977,28.8933333333333,1.62986540722524,6.83621574106697,0.645455009220606,0.116193498297388,0.0109706419977918,16.99675708,0.6147307332356,1.76999720389037,0.0364664423086052,0.187465936030008
2016-11-08 11:00:00,"C12","elevated","HW","elevated_HW",1563.3,342.04,27.5927734375,28.7163333333333,1.44322613431539,9.62601446960588,0.62912263564509,0.261454032594311,0.017087721050611,27.16119256,1.1235598958333,1.69382648591341,0.037142094593345,0.259167248777904
2016-11-08 11:30:00,"C03","ambient","HW","ambient_HW",1224.2,787.716666666667,26.8643746376037,26.7076666666667,1.50824904046784,9.60076432505516,1.63966318728546,0.118533446052969,0.0202436932492897,12.34625099,-0.156707970936999,1.47566007753976,0.111113881322799,0.086404724691092
2016-11-08 11:30:00,"C04","elevated","HW","elevated_HW",1224.2,531.893333333333,30.0587649345398,29.7786666666667,1.89578150425349,8.49026879647139,1.52815348694779,0.201159587352376,0.0362064773465443,23.69295863,-0.280098267873097,1.82750095454098,0.0836198461702924,0.101534135558931
2016-11-08 11:30:00,"C07","ambient","HW","ambient_HW",957.2,838.026666666667,27.3203010559082,27.447,1.56238114080792,7.41692218067262,2.04518922519321,0.108291987932456,0.0298611204889474,14.6006639,0.1266989440918,1.58954864885646,0.128664777052564,0.0576453194928597
2016-11-08 11:30:00,"C09","ambient","HW","ambient_HW",776,767.71,27.1961580912272,27.918,1.51738137039568,8.86747443777164,1.54590896074375,0.152177044744898,0.0265297474203667,17.16126117,0.721841908772799,1.67354719701607,0.0923731917151847,0.095996189729081
2016-11-08 11:30:00,"C10","elevated","HW","elevated_HW",1039.2,347.193333333333,30.0148406028747,31.07,1.87358024108038,5.56652348683821,1.16265784899177,0.0946128474859036,0.0197614130264684,16.99675708,1.0551593971253,2.13896648137238,0.0543560574285295,0.102408521702616
2016-11-08 11:30:00,"C12","elevated","HW","elevated_HW",1265.7,318.086666666667,29.6848802566528,30.8423333333333,1.86261177595924,5.67995227262599,0.981913353865886,0.154274277408404,0.0266699376815868,27.16119256,1.1574530766805,2.14970994157346,0.0456765508163015,0.124351602104747
2016-11-08 12:00:00,"C03","ambient","HW","ambient_HW",990.3,1067.65,27.3174548149109,27.9626666666667,1.57873818341568,9.04554200267654,1.74554099654277,0.111678531905632,0.0215508872566517,12.34625099,0.6452118517558,1.71891651625731,0.101548910609308,0.089075716798949
2016-11-08 12:00:00,"C04","elevated","HW","elevated_HW",990.3,793.446666666667,30.3070774078369,31.0003333333333,1.97566770298628,7.02515021712234,1.80964856847311,0.166446593463815,0.0428759286676721,23.69295863,0.693255925496402,2.15099028999599,0.0841309501437353,0.0835025660012169
2016-11-08 12:00:00,"C07","ambient","HW","ambient_HW",1623.3,1165.25,27.897412776947,28.6476666666667,1.71779844785044,6.79118116039051,1.87732476005923,0.0991557536068738,0.0274101878527729,14.6006639,0.750253889719701,1.88613089550841,0.0995331111181018,0.0682303716230911
2016-11-08 12:00:00,"C09","ambient","HW","ambient_HW",2111.2,736.363333333333,28.6784365971884,28.9873333333333,1.81765292530262,7.3606128722856,1.48982827947904,0.126317399872557,0.0255673322025916,17.16126117,0.308896736144899,1.88895092118029,0.0788706716926311,0.0933250942881637
2016-11-08 12:00:00,"C10","elevated","HW","elevated_HW",2037,322.08,31.7547988891602,32.0216666666667,2.22538164886183,NA,NA,NA,NA,16.99675708,0.266867777506498,2.29712725927564,NA,NA
2016-11-08 12:00:00,"C12","elevated","HW","elevated_HW",2037,500.02,31.5265798568726,31.7263333333333,2.24356257117222,7.80279344505019,1.07902805203383,0.211933175266914,0.0293076886989326,27.16119256,0.1997534764607,2.29657526117578,0.0469842234336966,0.166072627678126
2016-11-08 12:30:00,"C03","ambient","HW","ambient_HW",2139.4,1412.09333333333,30.0364942550659,30.131,2.01740262396662,10.6599924952771,2.42503108224677,0.131610942898208,0.02994004239997,12.34625099,0.0945057449341,2.04063159060924,0.118837280252178,0.0897024273246254
2016-11-08 12:30:00,"C04","elevated","HW","elevated_HW",1478.4,1197.25,32.8436765670777,33.49,2.59148216134963,6.94107976473618,2.5542293623169,0.164454715713425,0.0605172506129056,23.69295863,0.646323432922301,2.77649836335351,0.0919946287752121,0.0754509242240287
2016-11-08 12:30:00,"C07","ambient","HW","ambient_HW",1583.3,1409.50333333333,29.8147559165955,30.8466666666667,2.16789644236676,7.08734462386695,2.17710987166166,0.103479936796553,0.0317872495095041,14.6006639,1.0319107500712,2.42470772315182,0.0897885485691317,0.0789337252557338
2016-11-08 12:30:00,"C09","ambient","HW","ambient_HW",1255.6,1093.35333333333,27.861918926239,31.6536666666667,1.92943349466464,7.29342866614787,1.76131797036166,0.125164434164528,0.0302264376927907,17.16126117,3.7917477404277,2.84749280159293,0.0618550455817255,0.117911620589003
2016-11-08 12:30:00,"C10","elevated","HW","elevated_HW",1255.6,731.19,33.2156257629395,35.1156666666667,2.83715174561317,4.08000108236981,0.969795813871316,0.0693467872831768,0.0164833838655716,16.99675708,1.9000409037272,3.40827837203748,0.0284541257494636,0.143388734494741
2016-11-08 12:30:00,"C12","elevated","HW","elevated_HW",1970.2,564.39,32.9442901611328,34.3263333333333,2.56659386385482,6.87154049036573,1.89208336404213,0.186639234442661,0.051391240590321,27.16119256,1.3820431722005,2.97140298730887,0.063676430700359,0.107913405553477
2016-11-08 13:00:00,"C03","ambient","HW","ambient_HW",636.9,443.383333333333,28.9773163795472,27.4533333333333,2.03995182853636,5.02988092638783,1.42399364633076,0.0621001723669978,0.0175809829657648,12.34625099,-1.5239830462139,1.6989571585682,0.0838157477455663,0.0600111680880864
2016-11-08 13:00:00,"C04","elevated","HW","elevated_HW",636.9,335.866666666667,31.8107509613037,31.4336666666667,2.4756008908794,4.13218415051531,1.51981150531497,0.0979036681297009,0.0360088311208255,23.69295863,-0.377084294637001,2.37554640349096,0.0639773444577444,0.0645882411272091
2016-11-08 13:00:00,"C07","ambient","HW","ambient_HW",600.2,481.53,29.3340349197388,29.135,2.19469699018962,4.23872456499461,1.2016021936903,0.06188819273816,0.0175441897715748,14.6006639,-0.1990349197388,2.14781674835914,0.0559452846528123,0.0757655375479716
2016-11-08 13:00:00,"C09","ambient","HW","ambient_HW",580.8,404.966666666667,29.1920088132223,29.8153333333333,1.98428116646604,4.05820005349918,1.07563696576524,0.0696438309982074,0.0184592868936036,17.16126117,0.623324520110998,2.13310379486427,0.0504259084042219,0.0804784719189989
2016-11-08 13:00:00,"C10","elevated","HW","elevated_HW",580.8,290.14,31.6927256584167,32.8066666666667,2.54781494858401,2.41408595628726,0.566708704827847,0.0410316325692541,0.00963221019108034,16.99675708,1.11394100825,2.85269938001584,0.0198657001434445,0.121520305796214
2016-11-08 13:00:00,"C12","elevated","HW","elevated_HW",774.2,167.99,32.1925473213196,32.3703333333333,2.58946069336656,4.18172129881314,1.23396016781785,0.113580537429317,0.0335158297294706,27.16119256,0.177786012013698,2.63819155327304,0.0467729557501976,0.0894046833633232
2016-11-08 13:30:00,"C03","ambient","HW","ambient_HW",497.4,490.14,28.5852489471435,27.7433333333333,2.02327881194926,3.67857682368064,0.608518768529487,0.0454166327511581,0.00751292544839076,12.34625099,-0.841915613810201,1.83541331019722,0.0331543181663045,0.110953173738293
2016-11-08 13:30:00,"C04","elevated","HW","elevated_HW",497.4,374.443333333333,31.4520568847656,31.4756666666667,2.48540956301922,3.08071401422672,1.24430413501915,0.0729912296899349,0.0294812463941467,23.69295863,0.0236097819011007,2.4916251779461,0.0499394590339168,0.0616889744867767
2016-11-08 13:30:00,"C07","ambient","HW","ambient_HW",694.7,521.736666666667,28.9020185470581,28.8783333333333,2.08116924534363,3.03778654444402,0.857186455802058,0.0443537003353695,0.012515491340798,14.6006639,-0.0236852137248,2.075686545917,0.0412965270449044,0.0735603393752902
2016-11-08 13:30:00,"C09","ambient","HW","ambient_HW",1011.4,353.606666666667,29.2190613746643,29.1463333333333,1.93951251871804,3.89776234177002,0.857160440083361,0.0668905175257062,0.0147099541768627,17.16126117,-0.0727280413310005,1.92242702781449,0.0445874110008652,0.0874184496088905
2016-11-08 13:30:00,"C10","elevated","HW","elevated_HW",1011.4,202.953333333333,32.8239822387696,31.902,2.65127841538316,2.43173334155917,0.951412279823679,0.0413315808898179,0.016170923403092,16.99675708,-0.921982238769601,2.39753207658361,0.0396829843953289,0.0612789934681781
2016-11-08 13:30:00,"C12","elevated","HW","elevated_HW",373.1,127.416,31.586567401886,32.1613333333333,2.48989471846202,3.00725484252311,0.928345024974899,0.0816806278547625,0.0252149579854613,27.16119256,0.574765931447303,2.64431128110989,0.0351072519943736,0.0856590781586967
2016-11-08 14:00:00,"C03","ambient","HW","ambient_HW",506.5,380.313333333333,29.6163625717163,28.3946666666667,2.07950722249517,5.60102937759555,0.932671453443812,0.0691517144981582,0.0115149958554254,12.34625099,-1.2216959050496,1.7950174595768,0.0519589070550712,0.107797290109644
2016-11-08 14:00:00,"C04","elevated","HW","elevated_HW",506.5,360.536666666667,32.5552234649658,32.351,2.44564300876886,3.70587670954917,1.57195189493279,0.087803183567229,0.0372441912149926,23.69295863,-0.2042234649658,2.38919150084652,0.0657943029839101,0.0563251914144517
2016-11-08 14:00:00,"C07","ambient","HW","ambient_HW",570.7,517.91,28.7401924133301,29.1193333333333,1.91077834682439,4.05391803518611,1.19401741458914,0.0591898947099008,0.0174334469611629,14.6006639,0.379140920003202,1.99871935797051,0.0597391229452814,0.0678603540748218
2016-11-08 14:00:00,"C09","ambient","HW","ambient_HW",405.5,430.686666666667,28.9311378796896,29.8183333333333,1.79168247408551,3.43849854322982,1.00188024219321,0.0590089715330314,0.0171935284973404,17.16126117,0.887195453643699,2.00214457957719,0.0500403543486748,0.0687145122768477
2016-11-08 14:00:00,"C10","elevated","HW","elevated_HW",405.5,243.576666666667,31.8125944137573,33.3973333333333,2.35930968434268,1.86760056363827,0.441053065419639,0.0317431531026307,0.00749647181232695,16.99675708,1.584738919576,2.80073163016052,0.0157477803538913,0.11859452708056
2016-11-08 14:00:00,"C12","elevated","HW","elevated_HW",1044,123.902666666667,33.3783664703369,32.9156666666667,2.67017123605791,4.14606411306223,1.1111857851084,0.112612045740989,0.0301811310792639,27.16119256,-0.462699803670198,2.53784941458689,0.0437845436660504,0.094692413484647
2016-11-08 14:30:00,"C03","ambient","HW","ambient_HW",506,322.37,27.8346657752991,26.752,1.60988930159992,3.08289304594462,0.47086971974997,0.0380621713205578,0.00581347574362408,12.34625099,-1.0826657752991,1.37878297617805,0.0341511120956258,0.0902721128762155
2016-11-08 14:30:00,"C04","elevated","HW","elevated_HW",506,222.183333333333,30.5118899345398,30.091,1.87562277916323,2.94085996862693,0.821744657487915,0.069677673573301,0.0194695621742847,23.69295863,-0.420889934539797,1.77103711673095,0.0463990646906782,0.0633818803941918
2016-11-08 14:30:00,"C07","ambient","HW","ambient_HW",427.7,367.006666666667,27.4314956665039,27.515,1.66540684389077,3.15198224134118,0.705303760610375,0.0460210333245912,0.0102979031560781,14.6006639,0.0835043334961014,1.68339445921249,0.0418977118969683,0.0752304147083807
2016-11-08 14:30:00,"C09","ambient","HW","ambient_HW",403.6,292.22,27.2260335286458,27.9363333333333,1.45346829288561,3.42985284939862,0.800461736321355,0.0588606005231983,0.0137369329136025,17.16126117,0.710299804687502,1.60732598288381,0.0498008334865088,0.0688713944984029
2016-11-08 14:30:00,"C10","elevated","HW","elevated_HW",403.6,189.756666666667,30.0209937095642,30.7476666666667,1.77315274346471,2.31180603258266,0.537188619653882,0.039293205551886,0.00913046447439755,16.99675708,0.726672957102501,1.95447576533969,0.0274850488903616,0.084111403323476
2016-11-08 14:30:00,"C12","elevated","HW","elevated_HW",451.9,117.815666666667,30.7256112098694,30.5806666666667,1.85193731716218,3.01461206978917,0.708866492060071,0.0818804589212438,0.0192536592901753,27.16119256,-0.144944543202698,1.81528372451438,0.0390499007117856,0.0771989688793071
2016-11-08 15:00:00,"C03","ambient","HW","ambient_HW",183.3,122.924333333333,25.2016525268554,23.984,1.28950414420264,1.36726986630735,0.228359437153296,0.0168806569404943,0.00281938292702972,12.34625099,-1.2176525268554,1.06344955822505,0.0214734620356079,0.063672539809375
2016-11-08 15:00:00,"C04","elevated","HW","elevated_HW",183.3,75.092,28.0883712768555,27.3796666666667,1.46907202203524,1.52297828998572,0.776506674975834,0.0360838616190197,0.0183977405261213,23.69295863,-0.7087046101888,1.31435867271585,0.059078750047074,0.0257787832134602
2016-11-08 15:00:00,"C07","ambient","HW","ambient_HW",161.3,131.98,24.9903240203857,25.045,1.08528111761389,1.02090375162139,1.10325542489634,0.014905872551673,0.0161082616547632,14.6006639,0.0546759796143022,1.09565765198263,0.10069344406074,0.0101387310876522
2016-11-08 15:00:00,"C09","ambient","HW","ambient_HW",127.7,120.807333333333,24.581771214803,25.0096666666667,1.12294236568597,0.931632682051006,0.645451765573605,0.0159879917711849,0.0110767663216462,17.16126117,0.427895451863701,1.20321644883634,0.0536438615178374,0.0173669951358968
2016-11-08 15:00:00,"C10","elevated","HW","elevated_HW",127.7,64.9463333333333,27.3912630081176,28.0213333333333,1.25138916516064,0.911180137450994,0.217235794476131,0.0154871074523756,0.0036923040277916,16.99675708,0.630070325215698,1.38874076049123,0.0156426455286939,0.0582497465521151
2016-11-08 15:00:00,"C12","elevated","HW","elevated_HW",207.5,44.9023333333333,28.494074344635,28.0823333333333,1.50579255313571,2.04113254473029,0.318937149606371,0.0554395940879022,0.00866271333499618,27.16119256,-0.4117410113017,1.41334115570523,0.022566182858181,0.0904509441210308
2016-11-08 15:30:00,"C03","ambient","HW","ambient_HW",104,56.283,24.1207790374756,23.0773333333333,1.10211497336739,0.264903237106877,0.517862442677745,0.00327056185338498,0.00639365969559393,12.34625099,-1.0434457041423,0.918252230309992,0.0563965352420566,0.00469715446117213
2016-11-08 15:30:00,"C04","elevated","HW","elevated_HW",104,37.6186666666667,26.9142532348633,26.1546666666667,1.17760737154523,0.330577498940167,1.05845641240167,0.00783235900639825,0.025077963990691,23.69295863,-0.7595865681966,1.02166554922474,0.103601067218607,0.00319086962919621
2016-11-08 15:30:00,"C07","ambient","HW","ambient_HW",99,63.712,23.5673065185547,23.4583333333333,0.927347272434282,0.344614193739457,0.903798775448957,0.0050315960179593,0.0131960621535618,14.6006639,-0.108973185221402,0.908234503585217,0.0995116098189674,0.00346305515875367
2016-11-08 15:30:00,"C09","ambient","HW","ambient_HW",93.2,55.103,24.2669951121012,23.926,0.99997146216197,0.620590863223393,0.801149325506699,0.0106501218834924,0.0137487328111898,17.16126117,-0.340995112101201,0.93829900237683,0.0853831586175927,0.00726830528726216
2016-11-08 15:30:00,"C10","elevated","HW","elevated_HW",72.4,31.5163333333333,26.2987976074219,26.3906666666667,1.1171325364697,-0.116826878579564,0.218890744721495,-0.0019856780756315,0.00372043281509155,16.99675708,0.0918690592448002,1.13580872020648,0.0192717964589761,-0.00606206478094834
2016-11-08 15:30:00,"C12","elevated","HW","elevated_HW",103,21.8196666666667,26.8715591430664,26.5563333333333,1.19032638311422,0.414272238861151,0.292344510912518,0.01125212805197,0.00794042555475393,27.16119256,-0.3152258097331,1.12501389529659,0.0259858577867117,0.015942219120163
2016-11-08 16:00:00,"C03","ambient","HW","ambient_HW",22,13.2972333333333,22.802282333374,22.1206666666667,0.868285499334873,-0.835238347326881,0.356534292120513,-0.0103120622725705,0.00440186185706183,12.34625099,-0.681615666707298,0.755205911101406,0.0472102094117003,-0.0176919009200557
2016-11-08 16:00:00,"C04","elevated","HW","elevated_HW",22,8.8843,25.7978267669678,25.191,1.05039620745276,-0.636409159477115,0.454992658515056,-0.0150784158872444,0.0107801222351509,23.69295863,-0.606826766967799,0.932336823702726,0.0488013180374102,-0.0130408190817563
2016-11-08 16:00:00,"C07","ambient","HW","ambient_HW",14.9,15.5940666666667,22.6946597099304,22.747,0.784289603804014,-0.461534326025293,0.492988744732904,-0.00673870757260833,0.00719796296832802,14.6006639,0.0523402900696013,0.793092886192708,0.0621602782367053,-0.00742490765996539
2016-11-08 16:00:00,"C12","elevated","HW","elevated_HW",14.2,5.54993333333333,25.7449493408203,25.5233333333333,1.16185639416913,-0.497457946920325,0.271181875005444,-0.0135115510868052,0.00736562312580471,27.16119256,-0.221616007486997,1.11842827859801,0.0242466933458961,-0.020516527339367
2016-11-08 16:30:00,"C03","ambient","HW","ambient_HW",17,12.5741,17.7058556079865,17.1563333333333,0.356656028403026,2.15731567934607,0.571490993837855,0.0266347608418689,0.0070557712484467,12.34625099,-0.549522274653199,0.287278968477814,0.198932416412512,0.0108444652623763
2016-11-08 16:30:00,"C04","elevated","HW","elevated_HW",17,8.47176666666667,18.1503038406372,18.371,0.403467748738302,1.47793884465573,0.888304029607211,0.0350167439040983,0.0210465506243459,23.69295863,0.220696159362799,0.432636132459624,0.205323587874416,0.00719809574708822
2016-11-08 16:30:00,"C07","ambient","HW","ambient_HW",22.1,14.0411666666667,15.8576679229736,17.261,0.211649088745096,1.8702715197139,0.796222797541994,0.0273072058610849,0.0116253814564284,14.6006639,1.4033320770264,0.380464508606137,0.209276497421276,0.00893684452272258
2016-11-08 16:30:00,"C09","ambient","HW","ambient_HW",22.7,11.8129,14.5951501528422,17.592,0.159978109232103,1.32499708638367,1.2486510556387,0.0227386210489192,0.0214284268760118,17.16126117,2.9968498471578,0.511492084599239,0.244119331116734,0.0054276614650811
2016-11-08 16:30:00,"C10","elevated","HW","elevated_HW",22.7,6.35006666666667,16.5330924987793,19.0503333333333,0.187255578347917,1.33183444612996,0.160454391001015,0.0226368665516473,0.00272720430626359,16.99675708,2.517240834554,0.511674240091842,0.0313587002097691,0.0424709709656606
2016-11-08 16:30:00,"C12","elevated","HW","elevated_HW",15,4.4138,20.7063035964966,18.998,0.550850008492233,0.453905362355194,0.640093277437922,0.012328610950946,0.0173856967648529,27.16119256,-1.7083035964966,0.304467610986648,0.210233619058413,0.00215905222194304
2016-11-08 17:00:00,"C03","ambient","HW","ambient_HW",16.2,8.0976,15.1706943511963,16.206,0.146315417530523,-0.584076267409446,1.13451550249445,-0.00721115219473937,0.0140070131458425,12.34625099,1.0353056488037,0.264915400669492,0.428255775099262,-0.00136384913262189
2016-11-08 17:00:00,"C04","elevated","HW","elevated_HW",16.2,5.87936666666667,15.5079441070557,16.5536666666667,0.162245335357021,-0.360421641672797,0.921230168847836,-0.00853945504551026,0.0218266682792197,23.69295863,1.045722559611,0.284364680692591,0.323960826149053,-0.00111254698895899
2016-11-08 17:00:00,"C12","elevated","HW","elevated_HW",16,3.2501,15.3605074882507,16.4483333333333,0.131615328989253,-0.275696656024352,0.736526923383848,-0.00748824996242552,0.0200049495916531,27.16119256,1.0878258450826,0.257755257743383,0.285746614766292,-0.000964829124046982
2016-11-08 17:30:00,"C09","ambient","HW","ambient_HW",14.6,10.4643333333333,15.376838684082,16.488,0.112683223769689,-0.384498197533886,1.18556962024457,-0.00659847398727327,0.0203458698882348,17.16126117,1.111161315918,0.241732398912749,0.490447133101297,-0.000783974809073808
2016-11-08 17:30:00,"C10","elevated","HW","elevated_HW",14.6,6.05116666666667,15.299973487854,16.4713333333333,0.11313359478237,-0.170273413914832,0.284760787937948,-0.0028940958534927,0.00484000993849069,16.99675708,1.1713598454793,0.248819647025056,0.114444655533682,-0.00148782320258476
2016-11-08 18:00:00,"C03","ambient","HW","ambient_HW",15.8,8.32523333333333,15.1093068122864,16.179,0.121089244217628,-0.459356738493183,0.782105902155518,-0.00567133358738463,0.00965607576877241,12.34625099,1.0696931877136,0.24332531911445,0.321423970592904,-0.00142913030924808
2016-11-08 18:00:00,"C04","elevated","HW","elevated_HW",15.8,5.56013333333333,14.9611275196075,16.1023333333333,0.121047710507252,-0.264575874844966,0.592850158143776,-0.00626858525719784,0.0140463742706895,23.69295863,1.1412058137258,0.25063553922906,0.236538744651835,-0.00111853081504427
2016-11-08 18:00:00,"C07","ambient","HW","ambient_HW",14.4,9.18716666666667,14.7834978103637,15.6916666666667,0.121038675110487,NA,NA,NA,NA,14.6006639,0.908168856303,0.222463005147256,NA,NA
2016-11-08 18:00:00,"C09","ambient","HW","ambient_HW",10.8,7.95593333333333,14.0943601926167,16.137,0.10218657319679,-0.325830619325226,0.743212082507808,-0.00559166435542304,0.0127544566526161,17.16126117,2.0426398073833,0.328829672113671,0.226017341358079,-0.00144161778634947
2016-11-08 18:00:00,"C10","elevated","HW","elevated_HW",10.8,4.64086666666667,14.9322113990784,16.137,0.111093354434776,-0.00677822480590431,0.209470733579071,-0.000115207840459586,0.00356032317401288,16.99675708,1.2047886009216,0.247925671343159,0.0844893279684369,-0.0000802258103939054
2016-11-08 18:00:00,"C12","elevated","HW","elevated_HW",15.2,2.98363333333333,15.2329335212708,16.1923333333333,0.112060546878991,-0.257979520520431,0.487894200174965,-0.00700703143339189,0.0132517883198594,27.16119256,0.959399812062498,0.222113399955597,0.219659957603864,-0.00117444946878153
2016-11-09 05:30:00,"C03","ambient","HW","ambient_HW",29.6,20.1855,17.8124933242798,18.0183333333333,0.330256717606773,-0.351840887305201,0.186031756607816,-0.00434391590321432,0.00229679475919069,12.34625099,0.2058400090535,0.35694878821577,0.0521172119781404,-0.00675095374351135
2016-11-09 05:30:00,"C04","elevated","HW","elevated_HW",29.6,13.0059,20.8580799102783,20.782,0.284250830135204,-0.403467506156643,0.135387951083774,-0.00955933893191862,0.00320774112402833,23.69295863,-0.076079910278299,0.272691604467637,0.0496487419728545,-0.00812643966643181
2016-11-09 05:30:00,"C07","ambient","HW","ambient_HW",38,22.099,17.8934645652771,18.1326666666667,0.23078679101296,-0.124502350365715,0.211816625759882,-0.00181781697244984,0.00309266336115212,14.6006639,0.239202101389601,0.261972691694315,0.080854467841649,-0.00153983266094273
2016-11-09 05:30:00,"C09","ambient","HW","ambient_HW",34.1,19.0148333333333,17.6742568016052,17.9626666666667,0.184271154065639,-0.199681490287145,0.015588546157324,-0.00342678620563252,0.000267519111866438,17.16126117,0.288409865061499,0.221470841378454,0.00703864493415907,-0.0283693086034324
2016-11-09 05:30:00,"C10","elevated","HW","elevated_HW",34.1,9.7661,20.9745607376098,20.9113333333333,0.460287447958173,0.0748100635553926,0.0684957927119624,0.00127152847739037,0.00116420634972726,16.99675708,-0.0632274042764998,0.450617156558763,0.0152004404881176,0.00492157208298488
2016-11-09 05:30:00,"C12","elevated","HW","elevated_HW",22.4,7.3034,20.8306889533997,20.9156666666667,0.410570800616458,-0.366185638583303,0.215930157013455,-0.00994603864226767,0.00586492057415349,27.16119256,0.0849777132669978,0.423518941735873,0.0509847696843084,-0.00718225542354473
2016-11-09 06:00:00,"C03","ambient","HW","ambient_HW",42.7,25.237,17.9560632705688,18.148,0.29831599422,-0.265588424551828,0.17919071318808,-0.00327902134955555,0.00221233352009714,12.34625099,0.191936729431198,0.323393462496522,0.055409503891875,-0.00479319260952222
2016-11-09 06:00:00,"C04","elevated","HW","elevated_HW",42.7,16.8823333333333,21.028823852539,20.9263333333333,0.27674614471468,-0.254262014833154,0.130570537645976,-0.00602421939862236,0.00309360234674296,23.69295863,-0.102490519205698,0.261041507444662,0.0500190712672986,-0.00508330139666918
2016-11-09 06:00:00,"C07","ambient","HW","ambient_HW",38,28.294,18.1029896736145,18.3756666666667,0.212649504133219,-0.0733383864599271,0.173586024053753,-0.00107078913166971,0.00253447119494617,14.6006639,0.272676993052201,0.248645772820912,0.0698125779836921,-0.00105050391459629
2016-11-09 06:00:00,"C09","ambient","HW","ambient_HW",46.5,24.0123333333333,18.1608643531799,18.2786666666667,0.180011641148989,0.0000304257749561125,0.184141454852583,0.000000522144670321491,0.00316009959894894,17.16126117,0.117802313486802,0.19554596004549,0.0941678645827027,0.00000032310146450641
2016-11-09 06:00:00,"C10","elevated","HW","elevated_HW",46.5,13.2476666666667,20.9975094795227,21.0386666666667,0.44077093774648,0.239964375055247,0.0761416683440371,0.00407861619066804,0.00129416144050952,16.99675708,0.0411571871439982,0.447091218495466,0.0170304549036472,0.0140903091792256
2016-11-09 06:00:00,"C12","elevated","HW","elevated_HW",37.3,9.2685,21.0108489990235,21.0593333333333,0.356493769260694,0.0204536597108095,0.204094082628986,0.00055554578996201,0.00554343867864244,27.16119256,0.0484843343097978,0.363946054752677,0.056078113765426,0.000364735158467827
2016-11-09 06:30:00,"C03","ambient","HW","ambient_HW",77.8,54.4786666666667,18.205668926239,18.486,0.277637288509746,0.19291820711462,0.222997047406957,0.0023818166055779,0.00275317751731523,12.34625099,0.280331073761001,0.314861526912249,0.0708238474207444,0.00272391594272686
2016-11-09 06:30:00,"C04","elevated","HW","elevated_HW",77.8,37.043,21.1467714309693,21.1463333333333,0.271683093629014,0.339218073830791,0.127615636853328,0.00803707978982122,0.00302359200450701,23.69295863,-0.000438097635999668,0.27161535098507,0.0469839559474467,0.00721987042151621
2016-11-09 06:30:00,"C07","ambient","HW","ambient_HW",95.6,60.8936666666667,18.2911553382873,18.5956666666667,0.204311454684526,0.479964103935632,0.23649709229536,0.00700779456562883,0.00345301455793182,14.6006639,0.304511328379398,0.24496409058138,0.0965435757273952,0.00497147635479009
2016-11-09 06:30:00,"C09","ambient","HW","ambient_HW",107,50.677,17.0516818364461,18.465,0.168906280417508,0.515070852369836,-0.151429722042396,0.00883926541857326,-0.00259872500887007,17.16126117,1.4133181635539,0.350631950815228,-0.0431876563702533,-0.0119263441376413
2016-11-09 06:30:00,"C10","elevated","HW","elevated_HW",107,27.303,21.1694116592408,21.171,0.434473956639441,0.548305864314553,0.0852723457474001,0.00931942158129389,0.00144935334631033,16.99675708,0.00158834075919856,0.43471987279419,0.01961546988853,0.0279527264669388
2016-11-09 06:30:00,"C12","elevated","HW","elevated_HW",79.8,19.6983333333333,21.1189594268799,21.255,0.320642447992861,0.304283291431386,0.16431828692176,0.00826469707135846,0.00446308063221127,27.16119256,0.136040573120098,0.341724075805637,0.0480850775686111,0.00632801914475887
2016-11-09 07:00:00,"C03","ambient","HW","ambient_HW",101.8,74.5716666666667,18.4152965545654,18.575,0.259997310056554,0.573242757365006,0.202825338518464,0.00707739896062803,0.00250413253648067,12.34625099,0.159703445434598,0.28137846147628,0.0720827519826217,0.00795256481749209
2016-11-09 07:00:00,"C04","elevated","HW","elevated_HW",101.8,51.0573333333333,21.1358833312988,21.0993333333333,0.267878307550458,0.737826997564259,0.0898298297694128,0.0174813045293871,0.00212833444046664,23.69295863,-0.0365499979655013,0.262235400981894,0.034255416863269,0.0215389875566047
2016-11-09 07:00:00,"C07","ambient","HW","ambient_HW",117,85.5786666666667,18.1000061035156,18.51,0.198245779242837,0.970799342046946,0.20638826905604,0.0141743149075686,0.00301340574939001,14.6006639,0.409993896484401,0.252565880969454,0.081716607272461,0.0118800740076015
2016-11-09 07:00:00,"C09","ambient","HW","ambient_HW",136.2,71.242,18.3166332244873,18.603,0.178039599639409,1.12824040036501,0.673723725368204,0.0193620281732093,0.0115619488074691,17.16126117,0.2863667755127,0.216304355894671,0.311470253375884,0.00362230546299856
2016-11-09 07:00:00,"C10","elevated","HW","elevated_HW",136.2,40.0506666666667,21.0026187896729,21.2323333333333,0.394947909673503,1.10672126637403,0.0612435042781137,0.0188106725198294,0.00104094096494304,16.99675708,0.2297145436604,0.430413172896678,0.014229003230999,0.0777792546959964
2016-11-09 07:00:00,"C12","elevated","HW","elevated_HW",121.3,28.723,21.0814003944397,21.2213333333333,0.300443676380516,1.00784495446226,0.130361288284869,0.027374270878774,0.00354076805347499,27.16119256,0.139932938893597,0.322087024773115,0.040473933520513,0.0249010873616093
2016-11-09 07:30:00,"C03","ambient","HW","ambient_HW",213.9,174.223333333333,18.589301109314,19.1583333333333,0.246277280885901,1.9148616846723,0.338769879478358,0.0236413629700984,0.00418253795989186,12.34625099,0.569032224019299,0.324060881280739,0.104538961364138,0.0183172059458512
2016-11-09 07:30:00,"C04","elevated","HW","elevated_HW",213.9,110.671333333333,21.4894323348999,21.8376666666667,0.268286194589241,2.28200629023723,0.158915168778754,0.0540674806279905,0.00376517051955449,23.69295863,0.3482343317668,0.323648249353606,0.0491011983213693,0.0464755722518503
2016-11-09 07:30:00,"C07","ambient","HW","ambient_HW",288.2,187.673333333333,18.5868091583252,19.0756666666667,0.232657856526888,2.48399827599741,0.416765824868736,0.0362680239560177,0.00608505773391468,14.6006639,0.4888575083415,0.299325737305357,0.139234877902789,0.017840345130562
2016-11-09 07:30:00,"C09","ambient","HW","ambient_HW",328.9,159.39,18.6071009635925,19.0263333333333,0.243878734410128,2.87220150051169,0.265779675712803,0.049290600083147,0.00456111442858531,17.16126117,0.419232369740801,0.301005644916901,0.0882972396700988,0.0325287801888595
2016-11-09 07:30:00,"C10","elevated","HW","elevated_HW",328.9,88.493,21.8708090782165,21.8813333333333,0.410882410999368,2.46628963258719,0.164394847005144,0.041918925774007,0.0027941792797502,16.99675708,0.010524255116799,0.412574654609887,0.0398460848644686,0.0618954068128891
2016-11-09 07:30:00,"C12","elevated","HW","elevated_HW",271.8,59.707,21.8440608978271,21.9036666666667,0.307144504861173,2.71235158163442,0.207263473257116,0.073670703599193,0.00562952310779093,27.16119256,0.059605768839603,0.316727664725146,0.065439017913695,0.0414485374033522
2016-11-09 08:00:00,"C03","ambient","HW","ambient_HW",472.8,376.536666666667,19.4071226119995,20.5243333333333,0.292266641075181,3.98018978769845,0.498976192278517,0.0491404221067599,0.00616048530790507,12.34625099,1.1172107213338,0.454366406728182,0.109818020190261,0.0362435033959157
2016-11-09 08:00:00,"C04","elevated","HW","elevated_HW",472.8,223.42,22.7733845710755,23.451,0.330373504119767,4.81984793926876,0.190510181802526,0.114196457827986,0.00451374985604102,23.69295863,0.677615428924501,0.446737086192245,0.0426448100439424,0.113023083800872
2016-11-09 08:00:00,"C07","ambient","HW","ambient_HW",545.8,390.5,19.3647241592408,20.2573333333333,0.255772322471255,4.8330263785216,0.589030291194136,0.0705653937726281,0.00860023330864471,14.6006639,0.892609174092499,0.38419431090726,0.153315724484093,0.0315233574037152
2016-11-09 08:00:00,"C09","ambient","HW","ambient_HW",581.3,347.416666666667,19.4099035263062,20.1973333333333,0.321025507042673,5.9891180285434,0.358925306926614,0.102780818665789,0.00615961093269004,17.16126117,0.787429807027102,0.434267362391491,0.0826507672485513,0.0724629453291418
2016-11-09 08:00:00,"C10","elevated","HW","elevated_HW",581.3,191.633333333333,23.1297655105591,23.3996666666667,0.391208477037803,4.75170449281896,0.337369023686698,0.0807635669803884,0.00573417934191957,16.99675708,0.269901156107601,0.437930752577212,0.0770370707472105,0.061680752483583
2016-11-09 08:00:00,"C12","elevated","HW","elevated_HW",453.1,124.756666666667,22.4772167205811,23.393,0.320516840614592,5.08836583917278,0.202638325493717,0.138206084373498,0.0055038985787708,27.16119256,0.9157832794189,0.476318297484604,0.0425426288605398,0.119606286105475
2016-11-09 08:30:00,"C03","ambient","HW","ambient_HW",1112,611.826666666667,21.0915966033936,22.2503333333333,0.425792992456418,7.40573423205932,1.01216678349588,0.0914330535942393,0.0124964651527811,12.34625099,1.1587367299397,0.610104070484984,0.16590067702569,0.0446395660634498
2016-11-09 08:30:00,"C04","elevated","HW","elevated_HW",857.5,334.256666666667,23.5603055953979,24.7366666666667,0.465603625903504,8.16036081221906,0.597620933556585,0.193343091129779,0.0141594080551781,23.69295863,1.1763610712688,0.678967962180326,0.0880190181046958,0.0927113365717461
2016-11-09 08:30:00,"C07","ambient","HW","ambient_HW",872,677.023333333333,20.5470356941223,21.628,0.396901884141435,7.67345899674285,0.742858312051666,0.112037595761873,0.0108462245395877,14.6006639,1.0809643058777,0.563540607809257,0.131819837249972,0.058211716512679
2016-11-09 08:30:00,"C09","ambient","HW","ambient_HW",780.9,620.456666666667,19.1665709813436,21.98,0.35914223095455,8.72975562982234,0.430359717851219,0.149813616313659,0.00738551551509229,17.16126117,2.8134290186564,0.781292405362629,0.055083054039348,0.158483507896754
2016-11-09 08:30:00,"C10","elevated","HW","elevated_HW",780.9,364.773333333333,23.6159977912902,24.4853333333333,0.468710132897824,6.87205214718757,0.448271128448241,0.11680260098684,0.00761915547621222,16.99675708,0.8693355420431,0.625570320812874,0.0716579916812153,0.0959007081549153
2016-11-09 08:30:00,"C12","elevated","HW","elevated_HW",822,194.94,23.4265842437744,24.811,0.43949912087497,7.98014969043057,0.499892512350962,0.216750382399409,0.0135776767872667,27.16119256,1.3844157562256,0.69022179434542,0.0724249098545259,0.110185151855344
2016-11-09 09:00:00,"C03","ambient","HW","ambient_HW",455.4,353.923333333333,19.8834609985352,20.877,0.366212429139653,8.40676479836638,0.612793430212717,0.103792028214528,0.00756570149442925,12.34625099,0.9935390014648,0.513638481906115,0.119304423597437,0.0704648205395376
2016-11-09 09:00:00,"C04","elevated","HW","elevated_HW",531.4,230.51,23.3032417297363,23.5236666666667,0.517800345701362,6.83869987482766,0.636103063967214,0.162029033217278,0.0150711635789915,23.69295863,0.220424936930399,0.556258624941833,0.114353833890437,0.0598029785462186
2016-11-09 09:00:00,"C07","ambient","HW","ambient_HW",539.4,409.786666666667,20.5690712928772,20.8716666666667,0.464942399440423,5.2812905133368,0.526920237929687,0.0771103477434891,0.0076933852961194,14.6006639,0.302595373789501,0.51067130812714,0.103181876393671,0.0511842844685926
2016-11-09 09:00:00,"C09","ambient","HW","ambient_HW",563.5,361.196666666667,20.5906383196513,21.2843333333333,0.470618966624875,6.12275419942659,0.760266267153762,0.105074183896074,0.0130471279693667,17.16126117,0.693695013681999,0.576689879660335,0.131832774246282,0.0464433388012335
2016-11-09 09:00:00,"C10","elevated","HW","elevated_HW",563.5,227.41,23.3565788269043,23.7473333333333,0.564117744706158,4.92510334180771,0.268537257851883,0.0837107850946019,0.00456426253863777,16.99675708,0.390754506429001,0.63279454143879,0.0424367216002381,0.116057583057502
2016-11-09 09:00:00,"C12","elevated","HW","elevated_HW",569.4,134.303333333333,23.0300297737122,23.7793333333333,0.538375542090011,7.70246947281578,0.602977593377387,0.209208256538671,0.0163775905230886,27.16119256,0.749303559621101,0.669055123116276,0.0901237540143003,0.0854654753018122
2016-11-09 09:30:00,"C03","ambient","HW","ambient_HW",1595.7,1243.91666666667,22.4542198181152,25.3286666666667,0.532952407301534,9.78239785985938,1.31821781784589,0.120775939261863,0.0162750480386155,12.34625099,2.8744468485515,1.04766456918397,0.125824415239379,0.0777464202098497
2016-11-09 09:30:00,"C04","elevated","HW","elevated_HW",2041.2,766.053333333333,25.7600297927856,27.0183333333333,0.730043102934243,10.9504884779811,1.23799132749881,0.259449470487097,0.029331677306728,23.69295863,1.2583035405477,0.986469591927901,0.12549716054393,0.0872568624701903
2016-11-09 09:30:00,"C07","ambient","HW","ambient_HW",1783.2,1294.90666666667,22.2681131362915,24.4006666666667,0.538494917520256,7.17559102313943,0.897011847599478,0.104768392812716,0.013096968501118,14.6006639,2.1325535303752,0.909182955537263,0.098661313670295,0.0727295305140444
2016-11-09 09:30:00,"C09","ambient","HW","ambient_HW",1224,1257,22.1761983235677,24.443,0.533043938811665,9.77372015143797,1.00172110197573,0.167729364121319,0.0171907974505057,17.16126117,2.2668016764323,0.926574870177863,0.108110108984873,0.090405238170702
2016-11-09 09:30:00,"C10","elevated","HW","elevated_HW",1224,1093.76,25.6749496459961,27.0093333333333,0.719722599838545,7.23876764312875,0.644144998819181,0.123035575188823,0.0109483760692265,16.99675708,1.3343836873372,0.990999942063728,0.0649994991400068,0.111366514187081
2016-11-09 09:30:00,"C12","elevated","HW","elevated_HW",1229.7,712.6,25.0829262733459,27.3123333333333,0.635985212860783,8.67829633034088,0.872527205815128,0.23571287772113,0.0236988794509835,27.16119256,2.2294070599874,1.08598832869211,0.0803440684179308,0.108014150904065
2016-11-09 10:00:00,"C03","ambient","HW","ambient_HW",595.9,700.786666666667,21.1065874099732,22.7043333333333,0.616169922878831,9.12066408637627,0.58321969767292,0.11260600800588,0.00720057676978179,12.34625099,1.5977459233601,0.873548793550608,0.0667644099538364,0.136609671120926
2016-11-09 10:00:00,"C04","elevated","HW","elevated_HW",595.9,536.7,24.6354703903198,25.5906666666667,0.822518069724849,7.93092135976445,0.968598508113246,0.187906991674682,0.0229489643818068,23.69295863,0.9551962763469,1.00471608319077,0.0964051958874962,0.0822665343579587
2016-11-09 10:00:00,"C07","ambient","HW","ambient_HW",1211.3,743.68,22.2034387588501,22.882,0.741276792768055,6.77292122607759,0.626376589731984,0.0988891464431347,0.00914551406150488,14.6006639,0.6785612411499,0.854336887399247,0.07331728255803,0.092378235932529
2016-11-09 10:00:00,"C09","ambient","HW","ambient_HW",645,698.6,21.8515059153239,23.264,0.697798911942543,6.91443863908978,0.650310145198822,0.118660487329359,0.0111601422432576,17.16126117,1.4124940846761,0.933369092719548,0.0696734175441807,0.0992406987170574
2016-11-09 10:00:00,"C10","elevated","HW","elevated_HW",1320.2,523.89,27.1197700500488,25.896,0.966000871651948,6.7895260571792,1.03723727226257,0.115399925082205,0.0176296699509687,16.99675708,-1.2237700500488,0.715084829685469,0.145050940700113,0.0468078733195967
2016-11-09 10:00:00,"C12","elevated","HW","elevated_HW",537,189.616666666667,24.5893325805664,25.7313333333333,0.771031808347258,10.2826048844959,0.985926486124952,0.279287811286189,0.026778939139644,27.16119256,1.1420007527669,0.989406269821116,0.0996482957706754,0.103188968812469
2016-11-09 10:30:00,"C03","ambient","HW","ambient_HW",482.7,328.2,21.8493962287903,21.6436666666667,0.755971659415417,5.44038496821255,0.50738439599355,0.0671683582997752,0.00626429510134592,12.34625099,-0.205729562123601,0.723119624302999,0.0701660387771398,0.0775358715274238
2016-11-09 10:30:00,"C04","elevated","HW","elevated_HW",482.7,226.053333333333,24.809871673584,24.656,0.865432976000237,6.91340980024233,0.737715670997434,0.163799132389378,0.0174786668736449,23.69295863,-0.153871673584,0.8366612142277,0.088173762384623,0.078406655373118
2016-11-09 10:30:00,"C07","ambient","HW","ambient_HW",476.4,378.536666666667,22.2091751098632,22.2663333333333,0.768468621554521,4.61444214976163,0.586570312582294,0.067373918914663,0.00856431598773201,14.6006639,0.0571582234701005,0.777838447593618,0.0754103007375058,0.0611911384072575
2016-11-09 10:30:00,"C09","ambient","HW","ambient_HW",396.3,327.663333333333,22.2259723345439,22.597,0.764758567673863,4.99949317948312,0.45840656649445,0.0857976081707435,0.00786683480965424,17.16126117,0.371027665456101,0.826146356773142,0.0554873313591731,0.0901015251052727
2016-11-09 10:30:00,"C10","elevated","HW","elevated_HW",396.3,210.933333333333,25.1073231697083,25.32,0.855303715324129,4.22636673608447,0.51884882332312,0.0718345287442202,0.00881874741126691,16.99675708,0.212676830291699,0.896080064044419,0.0579020607802966,0.0729916462234562
2016-11-09 10:30:00,"C12","elevated","HW","elevated_HW",540.7,122.09,24.7865843772889,25.2276666666667,0.869646963527123,6.46329617091524,0.510176653684944,0.175550831870539,0.0138570063303532,27.16119256,0.4410822893778,0.953312181741571,0.0535162209668737,0.120772656479537
2016-11-09 11:00:00,"C03","ambient","HW","ambient_HW",632.5,413.116666666667,22.9052128791809,22.9253333333333,0.803244243623058,5.2257918185469,0.562871446254863,0.0645189374132686,0.00694935215056683,12.34625099,0.0201204541523978,0.806663440732245,0.0697777310626498,0.0748919711054367
2016-11-09 11:00:00,"C04","elevated","HW","elevated_HW",986.4,284.726666666667,26.5292119979858,25.744,1.07994156602471,6.88056391318331,0.342556599288524,0.163020916146123,0.00811617933537648,23.69295863,-0.785211997985801,0.92201028273702,0.0371532298177448,0.18519423336641
2016-11-09 11:00:00,"C07","ambient","HW","ambient_HW",699.4,364.653333333333,23.1512870788574,23.2586666666667,0.760431790294986,7.59124290851199,0.876351730541561,0.110837186290442,0.0127953170758207,14.6006639,0.107379587809298,0.778961440856444,0.112502581588382,0.0674761663362212
2016-11-09 11:00:00,"C09","ambient","HW","ambient_HW",878.2,393.806666666667,22.3972444534302,23.2823333333333,0.766250620460927,3.66744466910434,0.314490430509254,0.0629379757930238,0.00539705241343505,17.16126117,0.885088879903098,0.916070496936987,0.0343303743064314,0.106827983766471
2016-11-09 11:00:00,"C10","elevated","HW","elevated_HW",739.3,226.023333333333,25.7881307601928,26.021,0.911772124807125,4.71507648988498,0.442003638196196,0.0801410097121942,0.00751262846689696,16.99675708,0.232869239807201,0.958048906670173,0.046135811556055,0.102199925195987
2016-11-09 11:00:00,"C12","elevated","HW","elevated_HW",617.2,149.855,25.6420693397522,26.1503333333333,0.818623113605818,4.65215091686819,0.42805735670991,0.126357966871237,0.0116265482923225,27.16119256,0.5082639935811,0.919585784979949,0.0465489314538766,0.0999410893347318
2016-11-09 11:30:00,"C03","ambient","HW","ambient_HW",522.9,431.14,22.2875308990479,22.436,0.749967990293395,5.92876107371755,0.430316303106192,0.0731979722758588,0.00531279308323796,12.34625099,0.148469100952099,0.774467516748254,0.0555628601329795,0.106703669673018
2016-11-09 11:30:00,"C04","elevated","HW","elevated_HW",522.9,300.876666666667,25.2914805412292,25.279,0.892989875344848,6.33619201429362,0.356220636726691,0.150123135266395,0.00843992080911774,23.69295863,-0.0124805412291984,0.890588079809956,0.0399983611730695,0.158411290574568
2016-11-09 11:30:00,"C07","ambient","HW","ambient_HW",600.1,365.193333333333,22.5371255874634,22.797,0.777307441288002,5.27946773387116,0.517515211686892,0.0770837339531475,0.00755606566897766,14.6006639,0.2598744125366,0.820892270103824,0.0630430119193884,0.083743900761307
2016-11-09 11:30:00,"C09","ambient","HW","ambient_HW",816,375.483333333333,22.7646183967591,22.964,0.803872111282279,6.71520279368611,0.494509613809906,0.115241348951961,0.00848640863366763,17.16126117,0.199381603240898,0.837663041046326,0.0590344314573332,0.113750613462577
2016-11-09 11:30:00,"C10","elevated","HW","elevated_HW",816,224.036666666667,25.5903038978577,25.558,0.937734749845594,4.59997101032641,-0.139048419804149,0.0781845898375601,-0.00236337221376898,16.99675708,-0.0323038978577017,0.931424129536467,-0.0149285825216218,-0.308131800434773
2016-11-09 12:00:00,"C03","ambient","HW","ambient_HW",1457,1044.03,24.2898836135864,26.259,0.929542579391749,9.76541603663927,0.994441181174716,0.120566277410119,0.0122776204175751,12.34625099,1.9691163864136,1.30841275632334,0.0760036293110675,0.128486180530556
2016-11-09 12:00:00,"C04","elevated","HW","elevated_HW",1074,889.24,27.2656707763672,28.399,1.24424972237908,8.83299009301035,1.14254113236425,0.209279668852894,0.0270701797821795,23.69295863,1.1333292236328,1.49292062427956,0.0765306014119541,0.115417753552772
2016-11-09 12:00:00,"C07","ambient","HW","ambient_HW",1822.4,1105.64666666667,24.4679665565491,26.096,0.956336350651783,8.77833445877636,1.0747778389186,0.128169511034382,0.0156924699932188,14.6006639,1.6280334434509,1.26966629964299,0.0846504187140207,0.103701016393465
2016-11-09 12:00:00,"C09","ambient","HW","ambient_HW",1400.1,933.286666666667,24.5766890843709,25.9463333333333,0.959083634547796,9.30928541498372,1.18284661173276,0.159759078312607,0.0202991396279955,17.16126117,1.3696442489624,1.22238444395132,0.0967655157578119,0.0962045760008485
2016-11-09 12:00:00,"C10","elevated","HW","elevated_HW",1179.6,387.32,28.1102390289307,29.002,1.35873637169427,7.55192135961444,0.688701613497656,0.12835817283663,0.0117056940252237,16.99675708,0.891760971069299,1.56171963716758,0.0440989276888854,0.171249546313068
2016-11-09 12:00:00,"C12","elevated","HW","elevated_HW",1389.1,557.9,26.9026594161987,28.6236666666667,1.09935357046139,9.09490449175079,0.258209142408974,0.247028452215252,0.00701326823772259,27.16119256,1.721007250468,1.47569992262112,0.0174974016363941,0.519786004845064
2016-11-09 12:30:00,"C03","ambient","HW","ambient_HW",1045,815.213333333333,24.2542304992675,24.885,1.0452537646162,8.78329146499111,1.00843554108838,0.108440720945105,0.0124503982975136,12.34625099,0.630769500732502,1.16220056159374,0.086769493529198,0.10122557027529
2016-11-09 12:30:00,"C04","elevated","HW","elevated_HW",1045,683.423333333333,27.2538318634033,27.622,1.26026258191982,8.49587612462444,1.41859618814603,0.201292441546331,0.0336107407984195,23.69295863,0.368168136596701,1.33942737259405,0.105910646383063,0.0802173947073851
2016-11-09 12:30:00,"C07","ambient","HW","ambient_HW",1156.6,676.136666666667,24.3806452751159,25.1943333333333,1.05723152917204,7.62762125659759,1.18587853763677,0.111368334324077,0.017314613954258,14.6006639,0.813688058217402,1.20982257985865,0.0980208633381042,0.077816303558637
2016-11-09 12:30:00,"C09","ambient","HW","ambient_HW",1368.3,736.633333333333,24.5151891708374,25.5803333333333,1.04679017687504,8.37491848566421,1.14210122431799,0.143724163409944,0.0195998973930979,17.16126117,1.0651441624959,1.24927475268906,0.0914211402943685,0.0916081166642384
2016-11-09 12:30:00,"C10","elevated","HW","elevated_HW",1368.3,512.9,27.7214779853821,28.3533333333333,1.2947637871329,6.2145841171654,0.92111547645255,0.105627776592687,0.0156559759958925,16.99675708,0.631855347951198,1.43484617120462,0.0641961134885443,0.0968062360702628
2016-11-09 12:30:00,"C12","elevated","HW","elevated_HW",1184.1,338.64,27.4755883216857,28.0913333333333,1.31536271402314,8.81073852671031,0.966801316138361,0.23931016571979,0.0262594767148955,27.16119256,0.615745011647601,1.45012015149064,0.0666704283189599,0.132153621161073
2016-11-09 13:00:00,"C03","ambient","HW","ambient_HW",790.4,518.78,24.3479990959167,24.0126666666667,1.0074814821131,8.27273377929941,1.24684955491145,0.102137247612682,0.0153939175517065,12.34625099,-0.335332429249998,0.946565865301358,0.131723485984199,0.0628037871719532
2016-11-09 13:00:00,"C04","elevated","HW","elevated_HW",790.4,426.106666666667,27.2381439208985,26.9786666666667,1.19444994522554,7.15221351249228,1.72015148592317,0.169457098864406,0.0407554779933108,23.69295863,-0.2594772542318,1.13958920643649,0.150944873486658,0.0473829507904717
2016-11-09 13:00:00,"C07","ambient","HW","ambient_HW",616.9,389.566666666667,23.9604368209839,24.4556666666667,0.973814872632495,6.04478958582053,1.23423163532976,0.0882579410887858,0.0180206012821972,14.6006639,0.4952298456828,1.06390905776906,0.11600912938159,0.0521061542142718
2016-11-09 13:00:00,"C09","ambient","HW","ambient_HW",516.3,513.99,23.9075129826864,24.9076666666667,0.937646740006995,5.73692445635992,1.18227813327189,0.0984528589081528,0.020289383820659,17.16126117,1.0001536839803,1.12152418661229,0.105417087512229,0.0544212005069331
2016-11-09 13:00:00,"C10","elevated","HW","elevated_HW",516.3,402.586666666667,26.5257606506348,27.6726666666667,1.08579749841977,4.75425706261745,0.817048851803117,0.0808069523891832,0.0138871808565905,16.99675708,1.1469060160319,1.32819922363497,0.0615155345119873,0.077285471065703
2016-11-09 13:00:00,"C12","elevated","HW","elevated_HW",1017.3,263.653333333333,27.5926876068116,27.3953333333333,1.25074157085323,8.55686977798119,1.39067658988349,0.232414787750592,0.0377724346465095,27.16119256,-0.1973542734783,1.20818438549451,0.115104665031264,0.0743399042571998
2016-11-09 13:30:00,"C03","ambient","HW","ambient_HW",564.8,289.476666666667,23.1822462081909,22.701,0.840806700901915,3.97956770728123,0.88102073515677,0.0491327417457929,0.0108773031236398,12.34625099,-0.4812462081909,0.758909340263767,0.116090379761377,0.0342799094590025
2016-11-09 13:30:00,"C04","elevated","HW","elevated_HW",564.8,209.446666666667,26.1093983650208,25.6836666666667,0.976917755770472,4.31956942126016,0.972331864889088,0.10234337959733,0.0230374186494479,23.69295863,-0.425731698354102,0.892348645154331,0.108963225323318,0.0396424519230506
2016-11-09 13:30:00,"C07","ambient","HW","ambient_HW",321.8,260.396666666667,23.1813802719116,23.3233333333333,0.779799190262643,3.86975804097824,1.11836791297003,0.0565010365306457,0.0163289140138198,14.6006639,0.141953061421699,0.804356350156574,0.139038861662786,0.0278322045699976
2016-11-09 13:30:00,"C09","ambient","HW","ambient_HW",361,280.433333333333,22.6783356666565,23.3936666666667,0.794043182761623,4.07628664384292,0.772806693821317,0.0699542196987711,0.0132623375065919,17.16126117,0.715331000010199,0.916389842288606,0.0843316521155775,0.0483363783536023
2016-11-09 13:30:00,"C10","elevated","HW","elevated_HW",361,179.75,25.5664939880371,26.1356666666667,0.868406663042192,3.4036144125352,0.577754644364186,0.0578504073638478,0.00981995534209986,16.99675708,0.569172678629602,0.981205455745209,0.0588821271815485,0.0578038629963384
2016-11-09 13:30:00,"C12","elevated","HW","elevated_HW",512.9,125.584333333333,26.0750823020935,26.1686666666667,0.943308969075896,4.3548814612387,0.740245758015618,0.118283773944678,0.0201059575751854,27.16119256,0.0935843645732,0.962116399908951,0.0769393140045914,0.0566015114324885
2016-11-09 14:00:00,"C03","ambient","HW","ambient_HW",296.6,199.646666666667,22.1599969863892,21.7886666666667,0.702809623810733,2.78607346815321,0.77287226442926,0.0343975623143992,0.0095420749598533,12.34625099,-0.3713303197225,0.642786671589123,0.120237755166661,0.023171369627547
2016-11-09 14:00:00,"C04","elevated","HW","elevated_HW",296.6,148.193333333333,25.1885480880737,24.918,0.780911207005355,3.23550732236516,0.615047099547899,0.0766587411358597,0.0145722854850899,23.69295863,-0.270548088073699,0.729470292287206,0.0843142080014608,0.0383744021210411
2016-11-09 14:00:00,"C07","ambient","HW","ambient_HW",306.6,184.596666666667,22.0668954849244,22.3076666666667,0.681068840831934,2.77827002663882,0.793498731557029,0.0405645868823974,0.0115856082845405,14.6006639,0.2407711817423,0.720432147910202,0.110142049304542,0.0252244264945254
2016-11-09 14:00:00,"C09","ambient","HW","ambient_HW",336.3,193.58,22.1302925745646,22.4586666666667,0.705307279424463,2.88132410374343,0.75262947076264,0.0494471554597571,0.0129160709119965,17.16126117,0.328374092102102,0.759300405926028,0.0991214366393954,0.0290686273467334
2016-11-09 14:00:00,"C10","elevated","HW","elevated_HW",336.3,119.603333333333,24.915253162384,25.204,0.761756317553088,2.58660665146583,0.280274566625902,0.0439639249164769,0.00476375872464273,16.99675708,0.288746837615999,0.816675686966402,0.0343189556269272,0.0753696202059348
2016-11-09 14:00:00,"C12","elevated","HW","elevated_HW",321.7,86.2173333333333,25.3002119064331,25.215,0.784344013692317,3.95356749041389,0.490094219599857,0.107383607906088,0.0133115434710946,27.16119256,-0.0852119064330985,0.767969089898733,0.0638169199836522,0.0619517126716028
2016-11-09 14:30:00,"C03","ambient","HW","ambient_HW",261.7,161.926666666667,21.2573275566101,20.8616666666667,0.572048828976173,2.4972871242335,0.604094278165461,0.0308321336298821,0.00745829957985365,12.34625099,-0.3956608899434,0.511152901939655,0.118182695603043,0.0211307341695903
2016-11-09 14:30:00,"C04","elevated","HW","elevated_HW",261.7,119.808,24.0521721839905,23.774,0.604695458849901,2.71773343362411,0.341852044579704,0.0643911458102238,0.00809948634980784,23.69295863,-0.278172183990499,0.554867656062651,0.0616096542742266,0.0441121357624795
2016-11-09 14:30:00,"C07","ambient","HW","ambient_HW",221.1,149.53,20.8716197013855,21.2653333333333,0.534253871842664,2.26004500932536,0.693630356562974,0.032998157580032,0.0101274637070131,14.6006639,0.393713631947797,0.594879363646711,0.116600171219742,0.0193828618404525
2016-11-09 14:30:00,"C09","ambient","HW","ambient_HW",258.5,160.373333333333,19.3626578648885,21.311,0.490934764119188,2.56217977807174,0.652566069151924,0.0439702363359818,0.0111988567433964,17.16126117,1.9483421351115,0.779444890939829,0.0837218996156458,0.0306034596662798
2016-11-09 14:30:00,"C10","elevated","HW","elevated_HW",258.5,100.849333333333,23.6709442138672,24.1453333333333,0.557351319548677,2.27196695106012,0.167658450495144,0.0386160703609571,0.00284964995547518,16.99675708,0.4743891194661,0.642305757680271,0.0261025918716116,0.0870398986520201
2016-11-09 14:30:00,"C12","elevated","HW","elevated_HW",319.4,72.2553333333333,24.3059134483337,24.091,0.648216083620522,3.0688099601455,0.252122257896006,0.0833525382575578,0.0068479411953754,27.16119256,-0.2149134483337,0.609138593204755,0.0413899662094235,0.0741438140977946
2016-11-09 15:00:00,"C03","ambient","HW","ambient_HW",66.6,35.4003333333333,20.0403776168823,19.6666666666667,0.486022698418793,-0.0796724945480968,0.491702965865783,-0.00098365661469021,0.00607068822910635,12.34625099,-0.3737109502156,0.432135350217022,0.113784481093446,-0.000700205280917576
2016-11-09 15:00:00,"C04","elevated","HW","elevated_HW",66.6,26.4456666666667,23.0192251205444,22.5883333333333,0.523051456104572,0.422792973799525,0.180120280662534,0.0100172164372868,0.00426758235816142,23.69295863,-0.430891787211102,0.450257425869456,0.0400038445373151,0.0105688085405179
2016-11-09 15:00:00,"C07","ambient","HW","ambient_HW",48.8,33.747,20.0046100616455,20.101,0.482939706345715,0.170414327253566,0.498774109064537,0.00248816231597392,0.00728243312847325,14.6006639,0.0963899383544984,0.496989657182568,0.100359052116313,0.00169804640099691
2016-11-09 15:00:00,"C09","ambient","HW","ambient_HW",35.7,37.4966666666667,19.9327494303385,20.1346666666667,0.476050624329223,-0.0433884452899859,0.519213048620465,-0.000744600441381705,0.0089103507302477,17.16126117,0.2019172363282,0.505452026747074,0.102722517893924,-0.000422384947132923
2016-11-09 15:00:00,"C10","elevated","HW","elevated_HW",35.7,25.2393333333333,22.8117780685425,22.9703333333333,0.484150687024619,0.299733950316408,0.0837880638493721,0.00509450514215678,0.00142412536745131,16.99675708,0.158555264790802,0.511060504892191,0.0163949401386529,0.0182821009275753
2016-11-09 15:00:00,"C12","elevated","HW","elevated_HW",93.4,17.0816666666667,23.1729464530945,22.9166666666667,0.597475756509426,1.14410971345993,0.195545137324077,0.0310753842370516,0.0053112391290309,27.16119256,-0.2562797864278,0.553624434038122,0.0353209008312325,0.0323918610945577
2016-11-09 15:30:00,"C03","ambient","HW","ambient_HW",26.6,23.953,19.2255825996399,18.9343333333333,0.342266766508847,-0.32334601175656,0.465974944953153,-0.00399211101776198,0.00575304362544306,12.34625099,-0.2912492663066,0.302003978675311,0.154294306650221,-0.00209564447824748
2016-11-09 15:30:00,"C04","elevated","HW","elevated_HW",26.6,17.3786666666667,21.9335484504699,21.4593333333333,0.482369549617107,-0.297927452691372,0.148833344770873,-0.00705878281135795,0.00352630228042082,23.69295863,-0.474215117136598,0.406845532295183,0.036582273358452,-0.00814403877452133
2016-11-09 15:30:00,"C07","ambient","HW","ambient_HW",45.9,21.6226666666667,19.1081104278565,19.418,0.311211082828739,-0.038339544311604,0.442602679775525,-0.000559782800572887,0.00646229296864177,14.6006639,0.309889572143501,0.354481465441228,0.124859188117102,-0.000307062258611247
2016-11-09 15:30:00,"C09","ambient","HW","ambient_HW",36.7,23.4733333333333,18.9832105636597,19.179,0.315845599605249,0.0721086097493912,0.404468098547019,0.00123747468451491,0.00694118267409869,17.16126117,0.195789436340299,0.342913424895642,0.117950499800382,0.000611346368785437
2016-11-09 15:30:00,"C10","elevated","HW","elevated_HW",36.7,14.3968666666667,21.664092540741,21.807,0.41529045397016,-0.0388920787706239,0.0375902072546028,-0.00066103921520052,0.000638911621293337,16.99675708,0.142907459259,0.438097251228989,0.00858033396675087,-0.0045326998833999
2016-11-09 15:30:00,"C12","elevated","HW","elevated_HW",39.2,10.4578333333333,22.2736983299256,21.7833333333333,0.594809239157815,-0.0687498146546613,0.216863671569701,-0.00186732695429957,0.00589027594277325,27.16119256,-0.490364996592302,0.51531474862268,0.0420837307974066,-0.00163364353283284
2016-11-09 16:00:00,"C03","ambient","HW","ambient_HW",49.3,29.986,18.4520311355591,18.426,0.184477922241701,-0.158382312765179,0.333176175608543,-0.00195542778577559,0.00411347668795138,12.34625099,-0.0260311355591014,0.181003607364805,0.184071566561124,-0.000860438772397719
2016-11-09 16:00:00,"C04","elevated","HW","elevated_HW",49.3,25.3316666666667,21.2231693267822,20.811,0.393959238952709,0.0500488981457357,0.216113255903983,0.001185806473244,0.00512036243152767,23.69295863,-0.412169326782202,0.330667011829498,0.0653567632006235,0.000765779939133494
2016-11-09 16:00:00,"C07","ambient","HW","ambient_HW",53.1,29.9923333333333,18.3674383163452,18.7703333333333,0.150462975641105,-0.00260558644232472,0.380301208875167,-0.00003804329190678,0.00555265013155,14.6006639,0.402895016988101,0.204622372690735,0.185855145688273,-0.0000140194474179099
2016-11-09 16:00:00,"C09","ambient","HW","ambient_HW",58.1,31.321,18.470357577006,18.6053333333333,0.15600489496474,0.127797471456261,0.416081821452367,0.00219316578452652,0.00714048880603338,17.16126117,0.1349757563273,0.174117911075808,0.238965548622515,0.000534794543367998
2016-11-09 16:00:00,"C10","elevated","HW","elevated_HW",58.1,20.3546666666667,21.0578155517578,20.9913333333333,0.377754207125355,0.211457218402222,0.0678683652665943,0.00359408697399508,0.00115354211785301,16.99675708,-0.0664822184244969,0.367541335087279,0.018465505451374,0.0114514719870009
2016-11-09 16:00:00,"C12","elevated","HW","elevated_HW",42.5,14.3703333333333,21.2893652915955,21.0656666666667,0.421806503101004,-0.0698482626428657,0.237627007018731,-0.00189716211162433,0.00645423289509223,27.16119256,-0.223698624928801,0.387158394585891,0.0613772064203592,-0.00113801632098552
2016-11-09 16:30:00,"C03","ambient","HW","ambient_HW",35.8,26.8106666666667,18.0495223999024,18.1456666666667,0.147951967422906,-0.0405368812273255,0.193105690998966,-0.00050047850998438,0.00238413132867062,12.34625099,0.0961442667642984,0.160545239049485,0.120281169433772,-0.000337017684631387
2016-11-09 16:30:00,"C04","elevated","HW","elevated_HW",35.8,20.264,21.0073699951172,20.6273333333333,0.364389562548204,0.047177304607857,0.183723571977167,0.00111776992634887,0.00435295499021084,23.69295863,-0.380036661783901,0.30665611398995,0.0599119220506355,0.000787444351526302
2016-11-09 16:30:00,"C07","ambient","HW","ambient_HW",33.9,24.2043333333333,17.7374763488769,18.198,0.138592851979131,0.00245784461161961,0.315019607813601,0.000035886163092684,0.00459949541559621,14.6006639,0.460523651123101,0.198484533353599,0.158712420807316,0.000015486151613827
2016-11-09 16:30:00,"C09","ambient","HW","ambient_HW",33.3,26.3476666666667,18.0714346567789,18.3646666666667,0.11017826052726,-0.0270558074471912,0.272609290349792,-0.00046431177776648,0.00467831922906113,17.16126117,0.293232009887799,0.148842736522893,0.183152565397682,-0.000147722787220831
2016-11-09 16:30:00,"C10","elevated","HW","elevated_HW",33.3,17.2393333333333,20.8492341041565,20.822,0.368860250253997,0.127102966677865,0.0760794429573072,0.00216033824877101,0.00129310381072707,16.99675708,-0.0272341041565021,0.364718954739706,0.0208597447345735,0.00609321774044537
2016-11-09 16:30:00,"C12","elevated","HW","elevated_HW",47.2,11.81,21.0440754890442,20.8626666666667,0.355726352546765,0.311670059818723,0.213312896573162,0.00846533050992306,0.00579383265935502,27.16119256,-0.181408822377499,0.327965190137366,0.0650413223683334,0.00479187766284508
2016-11-09 17:00:00,"C03","ambient","HW","ambient_HW",45.7,32.59,17.5786075592041,17.84,0.164089404151382,-0.117791913595189,0.238077182129244,-0.0014542885298386,0.00293936064555959,12.34625099,0.261392440795898,0.197601478888552,0.120483502182451,-0.000977660106666006
2016-11-09 17:00:00,"C04","elevated","HW","elevated_HW",45.7,23.5473333333333,20.8986945152283,20.593,0.340287931727335,-0.0175548760218172,0.177105329753702,-0.000415926951339695,0.00419614925100696,23.69295863,-0.3056945152283,0.294027136209614,0.0602343484471591,-0.000291442946995888
2016-11-09 17:00:00,"C07","ambient","HW","ambient_HW",41.2,28.9376666666667,17.7372994422912,18.1113333333333,0.147718597387744,-0.074901794236648,0.413866918041454,-0.00109361592315626,0.00604273176965212,14.6006639,0.374033891042099,0.196245372450177,0.210892574369634,-0.000355165630940455
2016-11-09 17:00:00,"C09","ambient","HW","ambient_HW",55,30.5776666666667,16.3813025156657,17.907,0.103593860746985,0.0939766310137031,0.334375980724144,0.00161275750870288,0.00573831353418191,17.16126117,1.5256974843343,0.293212240759015,0.114038888642088,0.000824075296880959
2016-11-09 17:00:00,"C10","elevated","HW","elevated_HW",55,17.5943333333333,20.959267616272,20.811,0.367667699112595,0.0537118949705967,0.107687128000634,0.000912928031121706,0.00183033195526965,16.99675708,-0.148267616272001,0.345061420543388,0.0312081042937379,0.00172108803742284
2016-11-09 17:00:00,"C12","elevated","HW","elevated_HW",37,13.2540333333333,20.8467931747437,20.8436666666667,0.306385194989133,-0.157752444804041,0.182260510784378,-0.00428474453013332,0.00495041282949845,27.16119256,-0.0031265080769991,0.305909522944301,0.0595798748042125,-0.00264774716835906
2016-11-09 17:30:00,"C03","ambient","HW","ambient_HW",48.3,30.545,17.6404485702515,17.817,0.193241661012068,-0.266571537828765,0.234060110999381,-0.00329115911282421,0.00288976487714562,12.34625099,0.1765514297485,0.215900837339958,0.108410932483244,-0.00245889904018643
2016-11-09 17:30:00,"C04","elevated","HW","elevated_HW",48.3,23.6653333333333,20.8022685050964,20.5256666666667,0.321523164132873,0.073502691988383,0.129763265781399,0.00174149624047439,0.00307447568785238,23.69295863,-0.276601838429698,0.279849534100645,0.0463689411520446,0.00158517080964533
2016-11-09 17:30:00,"C07","ambient","HW","ambient_HW",51.1,29.0356666666667,17.807918548584,18.2103333333333,0.156328241322356,0.173499991784693,0.277846570445509,0.00253321506670106,0.00405674439084255,14.6006639,0.4024147847493,0.208782138104715,0.133079665227949,0.00130373029934746
2016-11-09 17:30:00,"C09","ambient","HW","ambient_HW",46.3,31.7146666666667,17.4866450627645,17.7643333333333,0.133408439222507,0.0450439985575314,0.32107702202498,0.0007730118233869,0.00551008663065653,17.16126117,0.277688270568802,0.168845099070586,0.19016069983219,0.000236873331857114
2016-11-09 17:30:00,"C10","elevated","HW","elevated_HW",46.3,20.453,20.7242770195008,20.8006666666667,0.342165675761967,0.0815763485127723,0.0747381279781311,0.00138653337914501,0.00127030580585824,16.99675708,0.0763896471659002,0.353735996476384,0.0211282223812698,0.00386101334228145
2016-11-09 17:30:00,"C12","elevated","HW","elevated_HW",57.9,13.8976666666667,20.8215088844299,20.7333333333333,0.297034402421011,0.22040831660778,0.144045161799216,0.00598655272920935,0.00391243837696485,27.16119256,-0.0881755510966009,0.283668163031647,0.0507794601479991,0.00434050137526846
2016-11-09 18:00:00,"C03","ambient","HW","ambient_HW",32.7,12.8890666666667,17.40034866333,17.5376666666667,0.193914387695669,-0.5589712069259,0.182259828945245,-0.00690119881689039,0.00225022559355246,12.34625099,0.137318003336699,0.211286679166931,0.0862618645263703,-0.00647993420957209
2016-11-09 18:00:00,"C04","elevated","HW","elevated_HW",32.7,9.4319,20.4500341415405,20.2583333333333,0.289757681421847,-0.208452848761865,0.125630138094337,-0.00493886472202051,0.00297654966455032,23.69295863,-0.191700808207198,0.261355048310456,0.0480687627449631,-0.00433655531905089
2016-11-09 18:00:00,"C07","ambient","HW","ambient_HW",28,11.8437333333333,17.3438682556152,17.6983333333333,0.165612903114498,-0.398819852141071,0.271519170043263,-0.00582303461775948,0.00396436014420863,14.6006639,0.3544650777181,0.21058688435399,0.128934511223808,-0.00309319706846205
2016-11-09 18:00:00,"C09","ambient","HW","ambient_HW",22.8,13.2068,17.4819590250651,17.67,0.140632839490536,-0.365704541525602,0.274497088145553,-0.00627595114817597,0.00471071622007035,17.16126117,0.188040974934903,0.164563558742834,0.16680308219058,-0.00219243275797367
2016-11-09 18:00:00,"C10","elevated","HW","elevated_HW",22.8,8.65063333333333,20.4387879371643,20.5106666666667,0.316027335337858,-0.218053364886002,0.0702827439652641,-0.00370620007344399,0.00119457872609343,16.99675708,0.0718787295024015,0.326746592155521,0.0215098628884282,-0.0101373665660747
2016-11-09 18:00:00,"C12","elevated","HW","elevated_HW",37.8,5.83073333333333,20.5041856765747,20.4986666666667,0.282867503403444,-0.147303890430182,0.124817178055394,-0.00400094933281131,0.00339018340795836,27.16119256,-0.00551900990799936,0.282043266814343,0.0442546207414183,-0.00332855389928399
2016-11-09 18:30:00,"C03","ambient","HW","ambient_HW",10.3,0.774833333333333,17.2342038154602,17.3593333333333,0.20306395693782,-0.64521433477088,0.148893690178941,-0.00796597811942717,0.0018382788697765,12.34625099,0.125129517873098,0.21874380381067,0.0680676149838802,-0.00947902074905489
2016-11-09 18:30:00,"C04","elevated","HW","elevated_HW",10.3,0.5444,20.1957964897156,20.004,0.266823186936023,-0.700125540219352,0.0927996983092751,-0.0165880454602235,0.00219869941291814,23.69295863,-0.1917964897156,0.238795059600333,0.0388616491750677,-0.0180158473734699
2016-11-09 18:30:00,"C12","elevated","HW","elevated_HW",13.2,0.355266666666667,20.2330551147461,20.174,0.272129413798691,-0.594291993696311,0.117793975309553,-0.0161416792776518,0.00319942484579067,27.16119256,-0.0590551147461014,0.26345083740802,0.0447119380862393,-0.0132915731040344
2016-11-09 19:30:00,"C03","ambient","HW","ambient_HW",12.6,0.0009,17.1479129791259,17.342,0.18625068248052,-0.759095298498323,0.144367894917308,-0.00937198108058926,0.00178240226554703,12.34625099,0.1940870208741,0.210501747552615,0.0685827536330657,-0.0110683117589543
2016-11-09 19:30:00,"C04","elevated","HW","elevated_HW",12.6,0.0011,20.1438884735107,19.9683333333333,0.279832637591867,-0.737636509599067,0.105864062554711,-0.0174767913059083,0.00250823285451251,23.69295863,-0.175555140177398,0.254238794996888,0.041639617807348,-0.0177147761781065
2016-11-09 19:30:00,"C07","ambient","HW","ambient_HW",11.6,0.0009,17.2767896652222,17.556,0.157899835723423,-0.575874294843339,0.222351649877898,-0.0084081470276571,0.00324648170747766,14.6006639,0.279210334777801,0.193120508617388,0.115136218038045,-0.00500167805280046
2016-11-09 19:30:00,"C09","ambient","HW","ambient_HW",12,0.00136666666666667,17.1400887171427,17.3356666666667,0.115990342509176,-0.66991123220807,0.20892401889463,-0.0114965216166392,0.00358539965293676,17.16126117,0.195577949524001,0.140418099198599,0.148787100870195,-0.00450248192410519
2016-11-09 19:30:00,"C10","elevated","HW","elevated_HW",12,0.000666666666666667,20.1415491104126,20.1906666666667,0.304175355885749,-0.481447315810024,0.0652780485963379,-0.00818304307364102,0.00110951513464839,16.99675708,0.0491175562540995,0.311378916167566,0.0209641838952285,-0.0229652305196389
2016-11-09 20:00:00,"C03","ambient","HW","ambient_HW",17,0.0007,17.0942559242249,17.2856666666667,0.176538519457965,-0.696757704685372,0.0903082289325664,-0.0086023455012619,0.00111496806086384,12.34625099,0.1914107424418,0.200382266756176,0.0450679745241394,-0.0154601512946222
2016-11-09 20:00:00,"C04","elevated","HW","elevated_HW",17,0.0011,20.0717597007752,19.8886666666667,0.269712744039466,-0.747097858510172,0.110768664838629,-0.0177009586542431,0.00262443739352198,23.69295863,-0.183093034108499,0.243129646654434,0.0455595055407073,-0.016398287243101
2016-11-09 20:00:00,"C07","ambient","HW","ambient_HW",17,0.0015,17.0497288703918,17.3936666666667,0.152840638298057,-0.591949442953274,0.144491939819012,-0.00864285486235298,0.00210967824955643,14.6006639,0.343937796274901,0.195760399896166,0.0738106071992355,-0.00801984247813375
2016-11-09 20:00:00,"C09","ambient","HW","ambient_HW",17.4,0.0012,17.0851058959961,17.2873333333333,0.111541989640622,-0.566936962989883,0.205232960549766,-0.009729353288796,0.00352205643668684,17.16126117,0.2022274373372,0.136727934024181,0.150103168028173,-0.0037769819947003
2016-11-09 20:00:00,"C10","elevated","HW","elevated_HW",17.4,0.0005,20.0780596733093,20.0883333333333,0.298317863932885,-0.366862319473293,0.0757176691389861,-0.00623546972589292,0.00128695482901916,16.99675708,0.0102736600239979,0.299817837723399,0.0252545578054767,-0.0145265786199486
2016-11-09 20:00:00,"C12","elevated","HW","elevated_HW",15.2,0.000733333333333333,20.0485343933106,20.0726666666667,0.283879182881214,-0.586492225006568,0.139228327969667,-0.0159298282583463,0.00378160742579097,27.16119256,0.0241322733560985,0.28739822580968,0.0484443936901219,-0.0121065035669165
2016-11-09 20:30:00,"C03","ambient","HW","ambient_HW",18.8,0.0006,17.0755786895752,17.2416666666667,0.180900417695441,-1.0102109524896,0.108358870799103,-0.0124723179722836,0.00133782581587871,12.34625099,0.1660879770915,0.201553745847187,0.0537617747284429,-0.0187905060350462
2016-11-09 20:30:00,"C04","elevated","HW","elevated_HW",18.8,0.0008,20.03511095047,19.8626666666667,0.259884832540398,-0.717443403195367,0.115721963453179,-0.0169983568712742,0.00274179569267855,23.69295863,-0.172444283803298,0.234890358582499,0.0492663743848536,-0.0145625370682024
2016-11-09 20:30:00,"C07","ambient","HW","ambient_HW",20.2,0.00133333333333333,16.9108757972717,17.2623333333333,0.167534256703443,-0.77009688503875,0.170283042214287,-0.0112439257888877,0.00248624546724032,14.6006639,0.351457536061599,0.211064527646378,0.080678190747231,-0.00954529195444533
2016-11-09 20:30:00,"C09","ambient","HW","ambient_HW",20.8,0.00163333333333333,16.9318571090698,17.21,0.111551870576009,-0.555825553156356,0.172588642013299,-0.00953866748267595,0.00296183876056587,17.16126117,0.278142890930202,0.145971473594405,0.118234500045435,-0.00470104371349111
2016-11-09 20:30:00,"C10","elevated","HW","elevated_HW",20.8,0.001,19.956563949585,20.074,0.278907584261153,-0.55687438616224,0.0661903345496146,-0.00946505866567371,0.00112502103738373,16.99675708,0.117436050415002,0.295990450347692,0.0223623209707822,-0.024902351902105
2016-11-09 20:30:00,"C12","elevated","HW","elevated_HW",18.7,0.000866666666666667,20.0695085525513,20.0546666666667,0.271988461403776,-0.700284505346786,0.148450558694748,-0.0190205622965084,0.00403209421034764,27.16119256,-0.0148418858846,0.269823997105771,0.0550175522885591,-0.0127283835106639
2016-11-09 21:00:00,"C03","ambient","HW","ambient_HW",21.5,0.000733333333333333,16.7937078475953,16.9763333333333,0.175948629688135,-0.517763394391525,0.0746276828013761,-0.00639243682059212,0.000921372102667896,12.34625099,0.182625485738001,0.198315517931473,0.0376307832991483,-0.0137590384519911
2016-11-09 21:00:00,"C04","elevated","HW","elevated_HW",21.5,0.00146666666666667,19.8650422096253,19.6836666666667,0.262096969904787,-0.680273751293721,0.0896607267692422,-0.016117697846477,0.00212432789007939,23.69295863,-0.181375542958602,0.236056045832488,0.0379828131294159,-0.0179100412856699
2016-11-09 21:00:00,"C07","ambient","HW","ambient_HW",22.2,0.0009,16.8204598426818,17.1443333333333,0.157645043232664,-0.497653393842806,0.173414416259846,-0.00726606994219313,0.00253196560722471,14.6006639,0.323873490651501,0.197527004173759,0.0877927638224584,-0.00566850127704375
2016-11-09 21:00:00,"C09","ambient","HW","ambient_HW",21,0.00126666666666667,16.7288244565328,16.8836666666667,0.116730921424108,-0.382228794051803,0.166694999577685,-0.00655952816141714,0.00286069642348569,17.16126117,0.1548422101339,0.135612042130342,0.122920499506576,-0.00310956102184854
2016-11-09 21:00:00,"C10","elevated","HW","elevated_HW",21,0.00103333333333333,19.8772406578064,19.8753333333333,0.257444606373736,-0.342960667253237,0.0848083305302461,-0.00582921914929799,0.00144146659238294,16.99675708,-0.00190732447309827,0.257169242919421,0.0329776335488218,-0.0103997961753532
2016-11-09 21:00:00,"C12","elevated","HW","elevated_HW",21,0.00126666666666667,19.8587698936462,19.8633333333333,0.271149928989634,-0.46257937888168,0.121157763124398,-0.0125642075840905,0.00329078933436064,27.16119256,0.00456343968710016,0.271808214987686,0.0445747245460873,-0.0103776160950452
2016-11-09 21:30:00,"C03","ambient","HW","ambient_HW",22.2,0.0007,17.0506553649902,17.2673333333333,0.19216550578871,-0.883528588178455,0.154731891281427,-0.0109082657064915,0.00191035876591789,12.34625099,0.216677968343102,0.219110400496402,0.0706182321472996,-0.012511338238198
2016-11-09 21:30:00,"C04","elevated","HW","elevated_HW",22.2,0.0011,20.1017937660217,19.916,0.274569346953915,-0.746510965895478,0.124695671693529,-0.0176870534318029,0.00295440939077485,23.69295863,-0.1857937660217,0.24755211064313,0.050371483955267,-0.0148201106514636
2016-11-09 21:30:00,"C07","ambient","HW","ambient_HW",23.2,0.0012,17.1427211761474,17.4326666666667,0.168242503352159,-0.670433984512772,0.147915345887829,-0.00978878127500878,0.00215966225096044,14.6006639,0.289945490519301,0.204557245921756,0.0723100006657342,-0.00927166337076903
2016-11-09 21:30:00,"C09","ambient","HW","ambient_HW",23.2,0.000933333333333333,17.1344572703044,17.22,0.119311155079393,-0.769973989495735,0.179976147614617,-0.0132137247278431,0.00308861767358491,17.16126117,0.0855427296956002,0.129959517214405,0.138486315948446,-0.00555992831654479
2016-11-09 21:30:00,"C10","elevated","HW","elevated_HW",23.2,0.00126666666666667,20.1436543464661,20.1186666666667,0.263870034380063,-0.391318401621699,0.107069374050724,-0.0066511438132979,0.00181983214144781,16.99675708,-0.0249876797993984,0.26021228670546,0.0411469325320208,-0.00951026911464597
2016-11-09 21:30:00,"C12","elevated","HW","elevated_HW",22.8,0.00116666666666667,20.0425972938538,20.1033333333333,0.28930790739312,-0.669811053658014,0.139388693070018,-0.0181928670072218,0.00378596313316149,27.16119256,0.0607360394795009,0.2981705688794,0.0467479716706702,-0.0143281308198074
2016-11-09 22:00:00,"C03","ambient","HW","ambient_HW",24,0.0002,17.0871667861938,17.2906666666667,0.179611589278062,-1.04306011605277,0.126115088706223,-0.012877881990446,0.00155704853879314,12.34625099,0.203499880472897,0.204959805017097,0.0615316201611837,-0.0169516114368588
2016-11-09 22:00:00,"C04","elevated","HW","elevated_HW",24,0.00113333333333333,19.9906239509583,19.878,0.25304536702205,-0.888957904031682,0.0981420072238296,-0.0210620428440342,0.00232527451701935,23.69295863,-0.112623950958302,0.236734332434392,0.0414566008295515,-0.021443096786604
2016-11-09 22:00:00,"C07","ambient","HW","ambient_HW",25,0.000766666666666667,17.1580486297607,17.497,0.155222924312781,-0.742460109427658,0.152080660401216,-0.0108404105169105,0.00222047860820819,14.6006639,0.3389513702393,0.197769553333827,0.076897913676586,-0.0096551398331854
2016-11-09 22:00:00,"C09","ambient","HW","ambient_HW",25,0.000766666666666667,17.2769363721211,17.4226666666667,0.109238220202532,-0.687140467900702,0.120811448808591,-0.0117921970301199,0.00207327682533031,17.16126117,0.145730294545601,0.127553341098456,0.0947144526111148,-0.00725486395114388
2016-11-09 22:00:00,"C10","elevated","HW","elevated_HW",25,0.000866666666666667,19.9943790435791,20.083,0.234393960414174,-0.475717807321723,0.0678663454226793,-0.00808566000967758,0.00115350778705665,16.99675708,0.0886209564208968,0.247301603690028,0.0274427437630951,-0.0173349214432948
2016-11-09 22:00:00,"C12","elevated","HW","elevated_HW",23.4,0.0009,20.0536231994629,20.052,0.264892199129421,-0.726033361482313,0.142919510760625,-0.0197199319362052,0.00388186435235034,27.16119256,-0.00162319946290168,0.264655599136422,0.0540020733462564,-0.0134445460422798
2016-11-09 22:30:00,"C03","ambient","HW","ambient_HW",27,0.000166666666666667,17.0979237556458,17.3166666666667,0.172332611571734,-0.69590818970904,0.100291557694695,-0.00859185717614434,0.00123822474347677,12.34625099,0.218742911020897,0.199607359862603,0.050244418724705,-0.0138504575706608
2016-11-09 22:30:00,"C04","elevated","HW","elevated_HW",27,0.0012,20.0354709625244,19.916,0.248179078508786,-0.690154176601534,0.119998248419032,-0.0163517943545419,0.00284311353546458,23.69295863,-0.119470962524399,0.230837456581185,0.05198387220006,-0.0132763133524466
2016-11-09 22:30:00,"C07","ambient","HW","ambient_HW",26.8,0.000666666666666667,16.9506120681762,17.3206666666667,0.156590676497495,-0.574709159360775,0.103999269638695,-0.00839113527607821,0.00151845838184006,14.6006639,0.370054598490501,0.202549440861469,0.0513451279827645,-0.0111930611908046
2016-11-09 22:30:00,"C09","ambient","HW","ambient_HW",27,0.000866666666666667,16.9795784950256,17.2616666666667,0.100676564065093,-0.569592493474265,0.122565681336448,-0.00977492554098339,0.00210338166789378,17.16126117,0.282088171641099,0.135680939110755,0.0903337507388555,-0.00630542282165269
2016-11-09 22:30:00,"C10","elevated","HW","elevated_HW",27,0.000766666666666667,20.034761428833,20.1143333333333,0.229219248535798,-0.418752370866069,0.0881391753045808,-0.00711743232428464,0.0014980801518835,16.99675708,0.0795719045002983,0.240831457025718,0.0365978665715453,-0.0114419885663949
2016-11-09 22:30:00,"C12","elevated","HW","elevated_HW",26.6,0.0009,20.0480270385742,20.0903333333333,0.256255391093791,-0.566301566886355,0.140211408758757,-0.01538142590523,0.00380830907240547,27.16119256,0.0423062947591006,0.26242749816173,0.0534286268553866,-0.0105992161920826
2016-11-09 23:00:00,"C03","ambient","HW","ambient_HW",27.6,0.0003,17.0513944625854,17.2966666666667,0.182421932627306,-0.667158528872762,0.0492001661789273,-0.00823690664758227,0.000607437600394745,12.34625099,0.245272204081299,0.212948179407195,0.0231042905912089,-0.0288759581792402
2016-11-09 23:00:00,"C04","elevated","HW","elevated_HW",27.6,0.00103333333333333,20.0393223762512,19.9433333333333,0.242170400129044,-0.763033864582165,0.100820310258939,-0.0180785297868342,0.00238873144002879,23.69295863,-0.0959890429178998,0.228225472114696,0.0441757483618091,-0.0172726867767525
2016-11-09 23:00:00,"C07","ambient","HW","ambient_HW",27.8,0.000666666666666667,16.9641566276551,17.312,0.169899367162465,-0.41089497347539,0.162273365970344,-0.00599933940591359,0.00236929887645469,14.6006639,0.347843372344901,0.213105397062351,0.0761469996571066,-0.0053960756868382
2016-11-09 23:00:00,"C09","ambient","HW","ambient_HW",28,0.00106666666666667,15.8158254623413,17.1666666666667,0.108189848107799,-0.60692990598785,0.133375708270469,-0.010415682628541,0.00228889536336324,17.16126117,1.3508412043254,0.270071601094601,0.0493853140166891,-0.0122896840502572
2016-11-09 23:00:00,"C10","elevated","HW","elevated_HW",28,0.000766666666666667,20.0721468925477,20.12,0.228901032974598,-0.379436020211691,0.0857593702927706,-0.00644918186294008,0.00145763118419999,16.99675708,0.0478531074523012,0.235892558602023,0.0363552673306054,-0.0104368925900392
2016-11-09 23:00:00,"C12","elevated","HW","elevated_HW",27.4,0.000633333333333333,20.0083522796631,20.1063333333333,0.248244764792262,-0.64292087353547,0.122358211831316,-0.0174624976469403,0.00332339495284764,27.16119256,0.0979810536701997,0.262530155026839,0.0466072980526016,-0.0137944249162408
2016-11-09 23:30:00,"C03","ambient","HW","ambient_HW",28.6,0.000233333333333333,17.0315055847168,17.2676666666667,0.187570068176587,-0.781693243336597,0.111156247534026,-0.00965098097942077,0.00137236293116165,12.34625099,0.236161081949898,0.216922460973367,0.0512423872729681,-0.0152548170555076
2016-11-09 23:30:00,"C04","elevated","HW","elevated_HW",28.6,0.000833333333333333,20.0984234809875,19.9766666666667,0.254223071944023,-0.704518537687606,0.100924538509685,-0.0166921285675006,0.00239120091566181,23.69295863,-0.121756814320801,0.236490278628706,0.0426759776743882,-0.0165085506198121
2016-11-09 23:30:00,"C07","ambient","HW","ambient_HW",27.8,0.000533333333333333,17.1619930267334,17.474,0.168395480251279,-0.633147024526854,0.143468797178892,-0.00924436690440165,0.00209473968774627,14.6006639,0.312006973266602,0.207539164006675,0.0691285415288065,-0.00915898137765594
2016-11-09 23:30:00,"C09","ambient","HW","ambient_HW",30.6,0.000466666666666667,17.1401534080506,17.284,0.121728967905395,-0.447022316968447,0.197068096302913,-0.00767146673031405,0.003381937068929,17.16126117,0.143846591949398,0.139669707936169,0.141095803245308,-0.00316821837848188
2016-11-09 23:30:00,"C10","elevated","HW","elevated_HW",30.6,0.000766666666666667,20.0922093391419,20.1966666666667,0.233657998102019,-0.391879237627868,0.0762649337153308,-0.00666067620665647,0.00129625655208178,16.99675708,0.104457327524802,0.248959699539459,0.0306334454357112,-0.0127925289517395
2016-11-09 23:30:00,"C12","elevated","HW","elevated_HW",28,0.000933333333333333,20.1190004348755,20.1623333333333,0.265655811051715,-0.60422402103557,0.116617015663945,-0.0164114449847246,0.00316745721822095,27.16119256,0.0433328984578019,0.272002239386311,0.0428735498380658,-0.0140931652106657
2016-11-10 00:00:00,"C03","ambient","HW","ambient_HW",33,0.000266666666666667,16.9927368164062,17.2123333333333,0.191739942395671,-0.718701329933908,0.100219196159568,-0.00887326700621083,0.00123733134980208,12.34625099,0.219596516927101,0.218962247161923,0.0457700802117983,-0.0157024267077567
2016-11-10 00:00:00,"C04","elevated","HW","elevated_HW",33,0.000566666666666667,19.99116897583,19.8546666666667,0.241272442728132,-0.75281499746511,0.0997163498877135,-0.0178364145909844,0.0023625753526242,23.69295863,-0.136502309163301,0.221515381291819,0.0450155421741795,-0.0167234461944772
2016-11-10 00:00:00,"C07","ambient","HW","ambient_HW",32.2,0.000933333333333333,17.033459186554,17.3693333333333,0.159602844391063,-0.643925478678323,0.11849777304025,-0.00940173949082881,0.00173014615705916,14.6006639,0.3358741467793,0.201469104759238,0.0588168459783739,-0.0109479770288105
2016-11-10 00:00:00,"C09","ambient","HW","ambient_HW",32,0.000933333333333333,17.1206038792928,17.3163333333333,0.108280756610371,-0.664468280889396,0.153580084878245,-0.0114031137075238,0.00263562794710633,17.16126117,0.195729454040499,0.132701108886107,0.115733836866471,-0.00574134841529562
2016-11-10 00:00:00,"C10","elevated","HW","elevated_HW",32,0.000833333333333333,19.9787812232972,20.0503333333333,0.218190927536532,-0.418667575771375,0.0849462089352235,-0.00711599108265855,0.00144381007813892,16.99675708,0.0715521100360981,0.228598855490584,0.0371595075368706,-0.0112667686824418
2016-11-10 00:00:00,"C12","elevated","HW","elevated_HW",32.6,0.000833333333333333,20.0222311019897,20.044,0.255431920248584,-0.563483225848882,0.13447732788384,-0.0153048764016115,0.00365256459760724,27.16119256,0.0217688980103006,0.258601599504593,0.0520017386363658,-0.0108358535815344
2016-11-10 00:30:00,"C03","ambient","HW","ambient_HW",33,0.0001,16.9596710205078,17.114,0.181793388441595,-0.510446290017682,0.111592623861459,-0.00630209801347263,0.00137775054282623,12.34625099,0.154328979492202,0.200855001328768,0.0555587977014321,-0.00918749705061607
2016-11-10 00:30:00,"C04","elevated","HW","elevated_HW",33,0.0004,19.9632091522217,19.7583333333333,0.248018704729136,-0.754671656073246,0.0840933797164128,-0.017880404326577,0.00199242096667785,23.69295863,-0.2048758188884,0.218465247548686,0.0384927949227586,-0.0196055302709924
2016-11-10 00:30:00,"C07","ambient","HW","ambient_HW",33,0.000633333333333333,16.8016052246094,17.1773333333333,0.157226601120086,-0.546172283773233,0.12487154848926,-0.0079744779468684,0.00182320751016423,14.6006639,0.375728108723901,0.203512359518964,0.0613582137145946,-0.00890137197138321
2016-11-10 00:30:00,"C09","ambient","HW","ambient_HW",33.2,0.0005,16.7737870216369,17.0656666666667,0.105155016986199,-0.557534064264297,0.0857831736468252,-0.00956798768801116,0.00147214744694463,17.16126117,0.291879645029802,0.140972041963901,0.0608511960611251,-0.00916225317418992
2016-11-10 00:30:00,"C10","elevated","HW","elevated_HW",33.2,0.000933333333333333,19.8660826683045,19.994,0.228320212977066,-0.394870455069728,0.0169997680508257,-0.00671151720288922,0.00028894092797623,16.99675708,0.1279173316955,0.246841860364811,0.00688690646947059,-0.0573364044974583
2016-11-10 00:30:00,"C12","elevated","HW","elevated_HW",32.2,0.000566666666666667,19.9671688079833,19.949,0.250933246604073,-0.585457919863565,0.116550308981377,-0.0159017352971913,0.00316564538517067,27.16119256,-0.0181688079832973,0.248298510732225,0.0469395924436572,-0.0124725820865681
2016-11-10 01:00:00,"C03","ambient","HW","ambient_HW",35.1,-0.0000333333333333333,16.4572658538818,16.514,0.171108617694778,-0.797810504045911,0.0187767878208156,-0.00984996872540923,0.000231822935221764,12.34625099,0.0567341461181989,0.177904008165541,0.0105544490056366,-0.075589971927463
2016-11-10 01:00:00,"C04","elevated","HW","elevated_HW",35.1,0.0004,19.5050358772278,19.2093333333333,0.271580460010573,-0.702565678533589,0.035416453455967,-0.0166458595563542,0.000839120566553545,23.69295863,-0.2957025438945,0.230078438072908,0.0153932083999736,-0.0456412763524199
2016-11-10 01:00:00,"C07","ambient","HW","ambient_HW",34.7,0.0002,16.4000334739685,16.7216666666667,0.1511352720099,-0.616751418729635,0.0491959881718475,-0.00900498017471956,0.000718294088525521,14.6006639,0.321633192698201,0.189821796815775,0.0259169331431379,-0.0237972377103166
2016-11-10 01:00:00,"C09","ambient","HW","ambient_HW",35.5,-0.0000333333333333333,16.2003993988037,16.3356666666667,0.120263348070371,-0.64558907819745,0.076987302950309,-0.011079122779446,0.00132119921270416,17.16126117,0.135267267863,0.136269234196967,0.0564964670154598,-0.0114270699090049
2016-11-10 01:00:00,"C10","elevated","HW","elevated_HW",35.5,0.000533333333333333,19.4556303024292,19.4553333333333,0.255462013424246,-0.599181972536003,0.017804244942698,-0.0101841504339097,0.000302614426283857,16.99675708,-0.000296969095899158,0.25542011002951,0.00697057288897142,-0.0859587844614617
2016-11-10 01:00:00,"C12","elevated","HW","elevated_HW",35.2,0.000533333333333333,19.5658631324768,19.4103333333333,0.272556895977353,-0.664330808961413,0.0768485413569521,-0.0180440170257415,0.0020872980297513,27.16119256,-0.155529799143501,0.250571988985593,0.0306692466576424,-0.0216611388071337
2016-11-10 01:30:00,"C03","ambient","HW","ambient_HW",33.4,0.0000666666666666667,16.363471031189,16.3983333333333,0.174311788756267,-0.570467741673723,0.0837818281199625,-0.00704313792040226,0.0010343914783701,12.34625099,0.0348623021443011,0.178463088093068,0.0469463063848085,-0.0121514936020254
2016-11-10 01:30:00,"C04","elevated","HW","elevated_HW",33.4,0.000633333333333333,19.3313455581665,18.987,0.282492000125022,-0.860327134458285,0.0705357903714788,-0.0203836952049866,0.0016712015632058,23.69295863,-0.344345558166502,0.234682375915357,0.0300558531915149,-0.0286242792369363
2016-11-10 01:30:00,"C07","ambient","HW","ambient_HW",33.8,0.000266666666666667,16.2557945251465,16.6013333333333,0.15225115646864,-0.715220698052739,0.0550549279954065,-0.0104426970265914,0.00080383849969963,14.6006639,0.345538808186802,0.193507195296864,0.0284511012166474,-0.0251385945523348
2016-11-10 01:30:00,"C09","ambient","HW","ambient_HW",32.8,-0.0000666666666666667,16.2439684867859,16.3646666666667,0.130431394009439,-0.500305596426388,0.0618019855306543,-0.00858587500508587,0.00106060001451612,17.16126117,0.120698179880801,0.144742369790087,0.0426979229511598,-0.0117173286625362
2016-11-10 01:30:00,"C10","elevated","HW","elevated_HW",32.8,0.000433333333333333,19.1854815483094,19.2773333333333,0.259651550829662,-0.457679401677198,0.0217249964627823,-0.00777906561082707,0.000369254487441769,16.99675708,0.0918517850238985,0.272454703865601,0.0079738012060526,-0.0573978946615563
2016-11-10 01:30:00,"C12","elevated","HW","elevated_HW",33.7,0.000633333333333333,19.3489437103271,19.1963333333333,0.285798482906765,-0.647013404219942,0.0965400479629597,-0.017573655660919,0.00262214283247358,27.16119256,-0.152610376993799,0.26447826175935,0.0365020729192489,-0.0177253879704664
2016-11-10 02:00:00,"C03","ambient","HW","ambient_HW",31,-0.0000333333333333333,15.7502808570862,15.7656666666667,0.160058589858027,-1.0116864392701,-0.0000678306915634516,-0.0124905347024081,-0.000000837454742867649,12.34625099,0.0153858095805006,0.161827818729414,-0.0000419153468767127,24.1364205393746
2016-11-10 02:00:00,"C04","elevated","HW","elevated_HW",31,0.0003,18.7233209609985,18.3616666666667,0.277596414530144,-0.890407557464652,0.0271602125190076,-0.0210963894228493,0.000643505791594856,23.69295863,-0.3616542943318,0.229051391041552,0.0118576937671077,-0.0750911243748401
2016-11-10 02:00:00,"C07","ambient","HW","ambient_HW",31.6,0.000133333333333333,15.6581084728241,16.006,0.142461643908239,-0.473168688559844,-0.00119854748093951,-0.00690857698966606,-0.0000174995889373895,14.6006639,0.3478915271759,0.182633406814597,-0.000656258623131435,0.721009479924317
2016-11-10 02:00:00,"C09","ambient","HW","ambient_HW",31,-0.0000333333333333333,15.5939876238505,15.7826666666667,0.119808677131778,-0.683092546160982,-0.00725848449249129,-0.0117227295879489,-0.000124564748074038,17.16126117,0.188679042816199,0.141420366439957,-0.00513255952817309,0.133090038685655
2016-11-10 02:00:00,"C10","elevated","HW","elevated_HW",31,0.000233333333333333,18.5926423072815,18.638,0.259599118435678,-0.540949828370216,-0.00489610405868665,-0.00919439282527625,-0.000083217891323899,16.99675708,0.0453576927185004,0.265711809849286,-0.00184263697630292,0.293573739877717
2016-11-10 02:00:00,"C12","elevated","HW","elevated_HW",32,0.0004,18.8180847167969,18.568,0.276452654213069,-0.780028108597892,0.0635012004339061,-0.0211864936598399,0.00172476833277648,27.16119256,-0.250084716796898,0.242605403474397,0.0261746851160335,-0.0298008593089083
2016-11-10 02:30:00,"C03","ambient","HW","ambient_HW",28.4,0,15.089409828186,15.082,0.150019790837488,-1.15164779573541,0.00475060499770684,-0.0142185327382297,0.000058652161656037,12.34625099,-0.00740982818599889,0.149199405547753,0.00318406429319611,-0.361691124829457
2016-11-10 02:30:00,"C04","elevated","HW","elevated_HW",28.4,0.0000333333333333333,17.961953163147,17.5906666666667,0.263183931309275,-0.906079145428314,0.0296898364802038,-0.0214676957081388,0.000703440067456932,23.69295863,-0.371286496480302,0.215405775153551,0.0137832128498131,-0.0657378765967907
2016-11-10 02:30:00,"C07","ambient","HW","ambient_HW",28,0.0000333333333333333,14.9324793815613,15.2783333333333,0.130250427071357,-1.22735027575222,-0.00994904665576002,-0.0179201288638305,-0.000145262686346171,14.6006639,0.345853951772,0.168585109236442,-0.00590149788484961,0.20797267061691
2016-11-10 02:30:00,"C09","ambient","HW","ambient_HW",27.2,-0.0000333333333333333,15.0043473243714,15.2213333333333,0.109225879575852,-0.717875974901728,0.0166417925739449,-0.0123196570929569,0.000285594148698435,17.16126117,0.2169860089619,0.133286659896709,0.0124857150646896,-0.057495783876402
2016-11-10 02:30:00,"C10","elevated","HW","elevated_HW",27.2,0.0002,17.7187757492066,17.883,0.235764352804854,-0.83004107905796,-0.0193490608002599,-0.0141080065871692,-0.000328871286148168,16.99675708,0.164224250793399,0.256925643343175,-0.00753099634138715,0.110216635546137
2016-11-10 02:30:00,"C12","elevated","HW","elevated_HW",29.4,0.000333333333333333,18.1116714477539,17.8156666666667,0.259519493384219,-0.824392044295273,0.0502189732058776,-0.022391471060036,0.00136400720141032,27.16119256,-0.296004781087198,0.221032857465076,0.0227201393411893,-0.0362846385717685
2016-11-10 03:00:00,"C03","ambient","HW","ambient_HW",26.2,0,14.7602155208588,14.9156666666667,0.140353623607183,-0.0448051443615802,0.0668469369339189,-0.000553175557931252,0.000825309061298864,12.34625099,0.1554511458079,0.15732501509806,0.0424897063523265,-0.00105449409299405
2016-11-10 03:00:00,"C04","elevated","HW","elevated_HW",26.2,0,17.8147888183594,17.525,0.260394181861506,-0.509674929955491,0.0774806328340645,-0.0120757070301836,0.00183574542836371,23.69295863,-0.289788818359401,0.223322345203467,0.0346945276629048,-0.0146903550585135
2016-11-10 03:00:00,"C07","ambient","HW","ambient_HW",26.2,0,14.7883155345917,15.079,0.131414663254307,-0.48451150370709,0.0503540372579326,-0.00707418962131083,0.000735202374011151,14.6006639,0.290684465408301,0.163322805155445,0.0308309897139027,-0.0157150810986975
2016-11-10 03:00:00,"C09","ambient","HW","ambient_HW",26,-0.0000333333333333333,14.6490012804667,14.7813333333333,0.101478398357698,-0.595043754333068,0.0454516037815327,-0.0102117012756871,0.000780006843090243,17.16126117,0.1323320528666,0.115825596679683,0.0392414156149176,-0.0151636668812443
2016-11-10 03:00:00,"C10","elevated","HW","elevated_HW",26,0.000266666666666667,17.8566694259643,17.7243333333333,0.254890909559502,-0.483995934583006,0.0596767002292477,-0.00822636132781492,0.0010143103771325,16.99675708,-0.132336092631,0.237848402781935,0.0250902253415427,-0.0192902187204209
2016-11-10 03:00:00,"C12","elevated","HW","elevated_HW",26.4,0.000766666666666667,17.7067966461181,17.7066666666667,0.259319449209389,-0.434539644237977,0.0892828180226128,-0.0118026149521016,0.00242502781261162,27.16119256,-0.000129979451401141,0.259302787559378,0.0344318774444983,-0.0126202715764897
2016-11-10 03:30:00,"C03","ambient","HW","ambient_HW",23.4,0,14.51438331604,14.5726666666667,0.134054836733892,-1.23276949543583,0.0300537190593935,-0.0152200816034665,0.000371050758690218,12.34625099,0.0582833506267004,0.140312569136307,0.021419121069758,-0.0575546256739917
2016-11-10 03:30:00,"C04","elevated","HW","elevated_HW",23.4,0.0000333333333333333,17.5192041397095,17.1926666666667,0.253335244574016,-0.736627015805185,0.0421593469096242,-0.0174528734112126,0.000998879662197546,23.69295863,-0.326537473042801,0.212282258246497,0.019860042595114,-0.0370909081527555
2016-11-10 03:30:00,"C07","ambient","HW","ambient_HW",23,0,14.5144979953765,14.875,0.11940534188865,-0.901660348571427,0.0093044766374993,-0.0131648397014482,0.000135851536149529,14.6006639,0.3605020046235,0.158445590126052,0.00587234812284589,-0.153543408822033
2016-11-10 03:30:00,"C09","ambient","HW","ambient_HW",21.3,0.000133333333333333,13.5619255701701,14.571,0.0951603176637099,-0.476117907017854,-0.00735370579282257,-0.00817078375004717,-0.00012619886567797,17.16126117,1.0090744298299,0.200613788733838,-0.00366560336616693,0.129888004635843
2016-11-10 03:30:00,"C10","elevated","HW","elevated_HW",21.3,0.000233333333333333,17.3362002372741,17.487,0.233188430802762,-0.516929147738079,0.00515377801037728,-0.00878611915167556,0.0000875975128866284,16.99675708,0.150799762725899,0.252205727489422,0.00204348174868211,-0.252964895855546
2016-11-10 03:30:00,"C12","elevated","HW","elevated_HW",24,0.000533333333333333,17.6793251037598,17.398,0.260673747139224,-0.862849854926344,0.0866132231249755,-0.0234360310600225,0.00235251843153971,27.16119256,-0.281325103759801,0.224945103007911,0.0385041603337012,-0.0224092629847878
2016-11-10 04:00:00,"C03","ambient","HW","ambient_HW",18.5,0.0137666666666667,13.9797677993775,14.0826666666667,0.128593557546185,-0.976200385608105,0.0144833986582802,-0.0120524149772524,0.000178815675023356,12.34625099,0.1028988672892,0.139324185705827,0.0103954662178043,-0.0939063592872986
2016-11-10 04:00:00,"C04","elevated","HW","elevated_HW",18.5,0.0086,16.8416442871094,16.6363333333333,0.228105551930139,-0.632767930951482,0.0418044936923116,-0.0149921444104241,0.000990472139600034,23.69295863,-0.205310953776099,0.203163988424004,0.0205767242593532,-0.0307516358277415
2016-11-10 04:00:00,"C07","ambient","HW","ambient_HW",18,0.0112333333333333,13.9548511505126,14.2983333333333,0.109688972924877,-0.742374266723088,0.00579496065311828,-0.0108391571564328,0.0000846102728099045,14.6006639,0.343482182820701,0.145704089254909,0.00397721208975817,-0.186656947120018
2016-11-10 04:00:00,"C09","ambient","HW","ambient_HW",17.8,0.0111666666666667,14.0527724424997,14.173,0.0898478252933307,-0.715338331523479,0.0228039055429011,-0.0122761079321865,0.000391343778717737,17.16126117,0.1202275575003,0.102444047621981,0.0222598638693462,-0.0321357909339492
2016-11-10 04:00:00,"C10","elevated","HW","elevated_HW",17.8,0.0049,16.868435382843,16.8523333333333,0.213635498753718,-0.45315464679587,0.0343709989289529,-0.00770215945126261,0.000584195519392353,16.99675708,-0.0161020495097013,0.211666125572612,0.0162383087213272,-0.0279065175180899
2016-11-10 04:00:00,"C12","elevated","HW","elevated_HW",19.4,0.00473333333333333,16.8814158439636,16.802,0.229689326526911,-0.653900313422661,0.0600500789270136,-0.0177607123279173,0.00163103175697982,27.16119256,-0.0794158439636021,0.219986403195597,0.0272971774867473,-0.0239548690973683
2016-11-10 04:30:00,"C03","ambient","HW","ambient_HW",21.9,3.3321,14.2161409854889,14.501,0.126716640020224,-0.539221355756599,0.135854987994737,-0.00665736219733905,0.00167729978002647,12.34625099,0.284859014511099,0.156981778303738,0.0865418836903967,-0.00623075593877367
2016-11-10 04:30:00,"C04","elevated","HW","elevated_HW",21.9,2.12676666666667,17.2167096138,17.1066666666667,0.223166975190087,-0.47823352773472,0.112147128908412,-0.0113307671880977,0.00265709728570029,23.69295863,-0.110042947133298,0.209480636634469,0.0535357972508466,-0.00893296732827038
2016-11-10 04:30:00,"C07","ambient","HW","ambient_HW",24.3,2.84206666666667,14.2995738983154,14.6166666666667,0.107722481882283,-0.254193948375677,0.112034352320962,-0.00371140040564721,0.00163577592349255,14.6006639,0.3170927683513,0.141603559241052,0.0791183166026536,-0.00321283312500549
2016-11-10 04:30:00,"C09","ambient","HW","ambient_HW",28.5,2.8491,14.3067135810852,14.4756666666667,0.0856458038048502,-0.545715921690634,0.0844842984952023,-0.00936517345676024,0.00144985711124041,17.16126117,0.168953085581501,0.103629608788131,0.0815252508266523,-0.00669382695738028
2016-11-10 04:30:00,"C10","elevated","HW","elevated_HW",28.5,1.4412,17.3272495269775,17.2766666666667,0.211199832226696,-0.258840927594976,0.0935984898058283,-0.00439945636869367,0.00159087079428452,16.99675708,-0.0505828603108007,0.204859531512865,0.0456891066354656,-0.00566526567613065
2016-11-10 04:30:00,"C12","elevated","HW","elevated_HW",19.8,1.19023333333333,17.1228818893433,17.269,0.222864378192633,-0.451219165833899,0.121625778384102,-0.0122556506499771,0.00330350118695047,27.16119256,0.146118110656698,0.241072105417365,0.0504520330850941,-0.00894352790645439
2016-11-10 05:00:00,"C03","ambient","HW","ambient_HW",57.6,27.5156666666667,14.6729664802552,15.0076666666667,0.123906280286433,-0.17858865603083,0.128577557460157,-0.0022049003713234,0.00158745079608425,12.34625099,0.334700186411499,0.160452482125691,0.0801343523993821,-0.00222861545246863
2016-11-10 05:00:00,"C04","elevated","HW","elevated_HW",57.6,18.4659666666667,17.6044883728027,17.5336666666667,0.232019827289987,0.186159266119233,0.0884952808476718,0.00441066379075414,0.00209671502807412,23.69295863,-0.0708217061359981,0.223010294386583,0.0396821505890967,0.00469125950473014
2016-11-10 05:00:00,"C07","ambient","HW","ambient_HW",62.6,24.101,14.6395742893219,15.0126666666667,0.112707512949548,0.288295968047298,0.113386553333688,0.00420931253318373,0.00165551895600461,14.6006639,0.3730923773448,0.153413177794247,0.0739092657905557,0.00390067422485662
2016-11-10 05:00:00,"C09","ambient","HW","ambient_HW",70.8,24.4516666666667,14.6768663724263,14.89,0.0893391961335191,0.308946534304685,0.105047638647417,0.00530191216276906,0.00180274996212012,17.16126117,0.213133627573701,0.112536399993674,0.0933454763554918,0.00330971083299324
2016-11-10 05:00:00,"C10","elevated","HW","elevated_HW",70.8,14.6571333333333,17.6311693191528,17.693,0.219711781227095,0.500215232573831,0.0597909826785247,0.0085020367957731,0.00101625280816137,16.99675708,0.0618306808472013,0.227618114534666,0.0262681126239707,0.0190426788454289
2016-11-10 05:00:00,"C12","elevated","HW","elevated_HW",52.5,10.3258333333333,17.5247793197632,17.6756666666667,0.230188132381087,-0.0961991047587201,0.097644501105734,-0.00261288240845121,0.00265214109695797,27.16119256,0.150887346903499,0.24941631621567,0.0391492034632173,-0.0024572429640645
2016-11-10 05:30:00,"C03","ambient","HW","ambient_HW",102.8,61.379,15.0680794715881,15.543,0.115627405937647,0.451261682552632,0.127393312670058,0.0055713899949645,0.00157282981267208,12.34625099,0.4749205284119,0.168866713128325,0.0754401565057109,0.00598171721075991
2016-11-10 05:30:00,"C04","elevated","HW","elevated_HW",102.8,42.1076666666667,17.940007686615,18.0726666666667,0.225525204535039,0.885070525943959,0.110173835333373,0.0209699393558226,0.00261034412266203,23.69295863,0.132658980051698,0.242814086963762,0.045373741165938,0.0195062276814939
2016-11-10 05:30:00,"C07","ambient","HW","ambient_HW",120.7,52.78,15.1162850856781,15.5106666666667,0.120826019677396,0.940454684675239,0.156877452509214,0.0137312627641237,0.00229051495757525,14.6006639,0.394381580988599,0.16505623574235,0.0950448505042227,0.00989485153257678
2016-11-10 05:30:00,"C09","ambient","HW","ambient_HW",137,54.697,15.1262173652649,15.4243333333333,0.0971730415506801,1.05237086014799,0.141333570376186,0.0180600111786971,0.0024254623133143,17.16126117,0.2981159680684,0.130534762794446,0.108272744631823,0.00971962855219507
2016-11-10 05:30:00,"C10","elevated","HW","elevated_HW",137,31.6386666666667,18.2017741203308,18.2126666666667,0.216069197080621,1.11549676575567,0.127475575571262,0.0189598275510749,0.00216667139161792,16.99675708,0.0108925463358993,0.217504577966836,0.0586082264395827,0.019033109062012
2016-11-10 05:30:00,"C12","elevated","HW","elevated_HW",93.7,22.991,17.87242603302,18.192,0.227749548224961,0.736106256513416,0.123291155094578,0.0199935237777817,0.00334873480446866,27.16119256,0.319573966979998,0.269458129865756,0.0457552181320347,0.01608791929238
2016-11-10 06:00:00,"C03","ambient","HW","ambient_HW",136.7,67.2513333333333,15.5300343036652,16.055,0.140479019356625,1.23983158396172,0.175952794112697,0.0153072719209207,0.00217235735850716,12.34625099,0.5249656963348,0.200964474739559,0.0875541780907914,0.0141607357980797
2016-11-10 06:00:00,"C04","elevated","HW","elevated_HW",136.7,46.176,18.6458535194397,18.8246666666667,0.21401856454488,1.4321202247278,0.108383508133236,0.033931165237662,0.00256792597437502,23.69295863,0.178813147227,0.238275712705243,0.04548659487898,0.0314844456600466
2016-11-10 06:00:00,"C07","ambient","HW","ambient_HW",116.7,59.4823333333333,15.7023196220398,16.154,0.131052512590313,1.46169304047399,0.224535976952809,0.0213416888089299,0.00327837433294611,14.6006639,0.4516803779602,0.183491647220611,0.122368500339882,0.0119450106556352
2016-11-10 06:00:00,"C09","ambient","HW","ambient_HW",107.3,62.7303333333333,15.7018706003825,16.1056666666667,0.107558805139929,1.30113763934733,0.205300549941278,0.0223291628469568,0.0035232163558869,17.16126117,0.403796066284199,0.154374326651751,0.132988790554799,0.00978381436449856
2016-11-10 06:00:00,"C10","elevated","HW","elevated_HW",107.3,38.065,18.7374362945556,18.9376666666667,0.19909821569099,1.36311152098451,0.104979834657151,0.023168475395123,0.00178431674796615,16.99675708,0.200230372111101,0.226413476553773,0.0463664249385872,0.0293986763652787
2016-11-10 06:00:00,"C12","elevated","HW","elevated_HW",126.7,26.8743333333333,18.5484013557434,18.902,0.208200688521049,1.64565421535963,0.145365728893162,0.0446979310305586,0.00394830655409193,27.16119256,0.3535986442566,0.256142632811182,0.0567518680111012,0.0289973576735434
2016-11-10 06:30:00,"C03","ambient","HW","ambient_HW",260.6,138.071,16.2115387916565,16.9653333333333,0.166247754496164,1.79459229362109,0.283110892956866,0.0221564868817657,0.00349535814244849,12.34625099,0.7537945416768,0.257059676150521,0.110134307020246,0.0162945801555839
2016-11-10 06:30:00,"C04","elevated","HW","elevated_HW",260.6,92.8366666666667,19.3726186752319,19.7393333333333,0.216404143839653,2.30869013436062,0.146733499002856,0.0546996998428952,0.00347655072150981,23.69295863,0.366714658101397,0.268433707813052,0.0546628440214547,0.0422350899535063
2016-11-10 06:30:00,"C07","ambient","HW","ambient_HW",225.7,119.152333333333,16.3572702407837,16.8886666666667,0.141824812391042,2.451117755157,0.305742592145225,0.0357879465223698,0.0044640448278272,14.6006639,0.531396425883003,0.20596521551424,0.148443799785254,0.0165120925138195
2016-11-10 06:30:00,"C09","ambient","HW","ambient_HW",268.2,126.406666666667,16.3517252604167,16.9173333333333,0.126345545837941,2.75956128525551,0.242179370379052,0.0473575519308908,0.00415610342506108,17.16126117,0.5656080729166,0.194659681505091,0.124411675035397,0.0221808868377536
2016-11-10 06:30:00,"C10","elevated","HW","elevated_HW",268.2,71.2853333333333,19.5989537239075,19.777,0.214417374939099,2.31495353158789,0.155200908120444,0.0393467028278874,0.00263791213391858,16.99675708,0.178046276092502,0.239860501165139,0.0647046543163818,0.035777233586144
2016-11-10 06:30:00,"C12","elevated","HW","elevated_HW",190.2,53.347,19.1604018211365,19.8406666666667,0.210189326259381,1.85812300327716,0.143949543897806,0.0504688366921764,0.00390984128073248,27.16119256,0.6802648455302,0.30641774201094,0.0469782013773427,0.0395528766278677
2016-11-10 07:00:00,"C03","ambient","HW","ambient_HW",345,244.073333333333,16.7101850509644,17.7423333333333,0.16590626985508,3.16411476730835,0.29883898742009,0.0390649550783543,0.00368954114428588,12.34625099,1.0321482823689,0.294753297810669,0.101386138726782,0.0312085538224815
2016-11-10 07:00:00,"C04","elevated","HW","elevated_HW",345,156.913333333333,20.0525760650635,20.8733333333333,0.205299583716555,2.75552085816818,0.171107030594493,0.0652864416966809,0.00405403179717746,23.69295863,0.820757268269798,0.327629491124625,0.0522257718641715,0.0527617067170347
2016-11-10 07:00:00,"C07","ambient","HW","ambient_HW",390.6,211.06,16.6999225616455,17.7123333333333,0.138812021548384,3.33126985037372,0.300112407893429,0.04863875144551,0.00438184039987166,14.6006639,1.0124107716878,0.265053406558667,0.113227146102347,0.0294211235118703
2016-11-10 07:00:00,"C09","ambient","HW","ambient_HW",467.6,218.953333333333,16.7797412872314,17.6236666666667,0.132422321895926,4.40794537584871,0.314693506194708,0.0756459018180335,0.00540053744831039,17.16126117,0.843925379435301,0.237625174038052,0.132432730441395,0.0332844105921334
2016-11-10 07:00:00,"C10","elevated","HW","elevated_HW",410.1,124.408333333333,20.6965408325195,21.041,0.167589899448837,2.22913789805917,0.276290292366301,0.0378881153511336,0.0046960389829122,16.99675708,0.344459167480501,0.220063633709492,0.125550181876499,0.0177549555463959
2016-11-10 07:00:00,"C12","elevated","HW","elevated_HW",371.2,91.5866666666667,20.0130157470703,20.6986666666667,0.2020521738373,4.11236742375431,0.1799852620906,0.111696803474062,0.00488861436160485,27.16119256,0.685650919596402,0.303652744346346,0.0592733856162055,0.0693796613944384
2016-11-10 07:30:00,"C03","ambient","HW","ambient_HW",548.2,520.816666666667,17.1862134933472,19.0486666666667,0.213491482745975,6.86873680754711,0.342841917291196,0.0848031486102279,0.00423281236076993,12.34625099,1.8624531733195,0.457799185528004,0.0748891496815963,0.0917187180886775
2016-11-10 07:30:00,"C04","elevated","HW","elevated_HW",548.2,233.366666666667,20.5168967247009,21.7983333333333,0.214306747191882,6.86714053643905,0.528927076679365,0.162702876636246,0.012531847346051,23.69295863,1.2814366086324,0.412605234361675,0.128192042327734,0.0535691639804178
2016-11-10 07:30:00,"C07","ambient","HW","ambient_HW",632.7,414.25,17.1874618530274,18.666,0.158904021561397,6.24191786056269,0.384993127374994,0.0911361447734828,0.00562115525661218,14.6006639,1.4785381469726,0.350795988182018,0.109748440787536,0.0568747748557679
2016-11-10 07:30:00,"C09","ambient","HW","ambient_HW",845.2,394.41,17.4816511472066,18.8153333333333,0.16037813022,8.209946648,0.47392912136006,0.140893038618094,0.00813322142772861,17.16126117,1.3336821861267,0.335591910331355,0.141221855107328,0.0581350998523599
2016-11-10 07:30:00,"C10","elevated","HW","elevated_HW",882.4,202.773333333333,20.5257654190063,21.4293333333333,0.18060506013341,6.73510286457215,0.276599324128279,0.114474907297945,0.00470129152070054,16.99675708,0.903567914326999,0.319070111751147,0.0866891990008791,0.0776925261993002
2016-11-10 07:30:00,"C12","elevated","HW","elevated_HW",808,153.933333333333,20.8873844146729,21.7306666666667,0.248673882115731,8.55877921284495,0.680706376431665,0.232466650278607,0.0184887969670803,27.16119256,0.843282251993799,0.380222447954318,0.179028455603823,0.0478068091688447
2016-11-10 08:00:00,"C03","ambient","HW","ambient_HW",994.9,884.303333333333,18.3632297515869,21.0783333333333,0.253492698047099,9.9065618909467,0.633924610821562,0.122308899553597,0.00782659235394108,12.34625099,2.7151035817464,0.642477260532191,0.0986688011800535,0.100402171430754
2016-11-10 08:00:00,"C04","elevated","HW","elevated_HW",994.9,275.346666666667,21.3152341842652,22.9563333333333,0.254770355549039,10.0224667193163,0.783651810241801,0.237461889351313,0.0185670299203836,23.69295863,1.6410991490681,0.522406307286254,0.150008106585206,0.0668128339692327
2016-11-10 08:00:00,"C07","ambient","HW","ambient_HW",778.7,610.25,18.5532598495484,20.4183333333333,0.216790716742313,8.62072437892516,0.519804488493711,0.125868299231223,0.00758949063020809,14.6006639,1.8650734837849,0.4804906899728,0.108182010461667,0.0796872265743277
2016-11-10 08:00:00,"C09","ambient","HW","ambient_HW",870.3,778.75,18.7184727986654,20.7103333333333,0.214862724232557,10.9493613224184,0.655658316678709,0.187904849298718,0.0112519236108059,17.16126117,1.9918605346679,0.500029958088777,0.131123806898446,0.0835039920012279
2016-11-10 08:00:00,"C10","elevated","HW","elevated_HW",870.3,331.423333333333,20.9309148788452,22.9133333333333,0.274395187003428,7.90928168243389,0.396415406255421,0.134432139433623,0.0067377763628929,16.99675708,1.9824184544881,0.594069181715904,0.0667288286375029,0.118528705567427
2016-11-10 08:00:00,"C12","elevated","HW","elevated_HW",882.4,332.046666666667,21.2086715698242,23.4583333333333,0.236432467921304,9.90526403559436,0.903746647288001,0.269038783828421,0.0245468367124438,27.16119256,2.2496617635091,0.607287640395347,0.148816901114546,0.0665600745708997
2016-11-10 08:30:00,"C03","ambient","HW","ambient_HW",1349.1,1023.98,19.75945520401,23.074,0.334881735871241,12.4112185783012,0.876819939061056,0.153232019659457,0.0108254390406843,12.34625099,3.31454479599,0.855476958897259,0.102494863238784,0.121091127751315
2016-11-10 08:30:00,"C04","elevated","HW","elevated_HW",1349.1,684.256666666667,22.6658182144165,25.2746666666667,0.339136940974512,10.796559592168,1.12906408896464,0.255802439763567,0.0267508687504579,23.69295863,2.6088484522502,0.808161354804555,0.139707755419423,0.0772796009767331
2016-11-10 08:30:00,"C07","ambient","HW","ambient_HW",1518.5,1014.07666666667,20.1684498786926,23.1083333333333,0.286060010953847,9.36891060019757,0.786658716354996,0.136792314782632,0.0114857395215047,14.6006639,2.9398834546407,0.753214330256969,0.104440221694483,0.0897059623983205
2016-11-10 08:30:00,"C09","ambient","HW","ambient_HW",1492.9,1150,20.196407477061,22.086,0.27580243039486,10.963111084047,0.985834122502615,0.188140812549053,0.0169181568465651,17.16126117,1.889592522939,0.568010924426886,0.173559007425307,0.0631664771922891
2016-11-10 08:30:00,"C10","elevated","HW","elevated_HW",1492.9,686.64,23.241014957428,24.6463333333333,0.388561118142112,8.37156211763839,0.91059946964991,0.14228940769363,0.0154772379828163,16.99675708,1.4053183759053,0.640741372377335,0.142116540137142,0.0589063180792317
2016-11-10 08:30:00,"C12","elevated","HW","elevated_HW",1227.3,346.12,22.4724264144897,24.9023333333333,0.30337703028209,11.6457884311418,1.29987629965413,0.316313502091262,0.0353061904790861,27.16119256,2.4299069188436,0.733743399745666,0.177156796245758,0.0657371812876224
2016-11-10 09:00:00,"C03","ambient","HW","ambient_HW",1464.4,1490.43333333333,21.0496363639832,24.1716666666667,0.42817244751582,12.520401245551,1.10030299345026,0.154580016273081,0.0135846169221852,12.34625099,3.1220303026835,0.950720598693847,0.115733580923977,0.108182959047776
2016-11-10 09:00:00,"C04","elevated","HW","elevated_HW",1464.4,332.14,23.693956375122,25.7693333333333,0.458734410615127,10.4707464802008,1.33719290115461,0.248082963180615,0.0316820560873858,23.69295863,2.0753769582113,0.846933146583252,0.157886476228873,0.0663181972914664
2016-11-10 09:00:00,"C07","ambient","HW","ambient_HW",1560.3,1213.87,20.8262987136841,24.096,0.361249083133348,9.03808788527,0.968255263176793,0.131962083511489,0.0141371696670504,14.6006639,3.2697012863159,0.904234747994065,0.107080076863309,0.0844049439449638
2016-11-10 09:00:00,"C09","ambient","HW","ambient_HW",1600.5,1362.2,20.7522478103637,22.835,0.387513522402874,9.77370923394466,0.951819302754012,0.167729176763365,0.0163344196412089,17.16126117,2.0827521896363,0.721082238063343,0.131998716999378,0.074043971457622
2016-11-10 09:00:00,"C10","elevated","HW","elevated_HW",1600.5,1227.06,23.9844312667847,25.8326666666667,0.560452462421824,7.64525348807847,0.754696128283629,0.129944516351892,0.0128273867616534,16.99675708,1.848235399882,0.909339920830475,0.0829938410263992,0.0921183234024151
2016-11-10 09:00:00,"C12","elevated","HW","elevated_HW",1538.2,117.983333333333,23.3388419151307,25.669,0.414534785193207,11.0469428124316,1.26748164035349,0.300048140927761,0.0344263128999057,27.16119256,2.3301580848693,0.84528120506714,0.149947926530889,0.0736718610787588
2016-11-10 09:30:00,"C03","ambient","HW","ambient_HW",1664.9,1612.63333333333,21.9650530815125,25.0906666666667,0.516464725744842,11.9111397472658,1.04451832774416,0.147057920896709,0.0128958854379845,12.34625099,3.1256135851542,1.06562468597131,0.0980193440988177,0.121518255980755
2016-11-10 09:30:00,"C04","elevated","HW","elevated_HW",1664.9,693.743333333333,25.5157704353333,27.0473333333333,0.746108568937029,9.35405813135474,1.39520825887879,0.221625312328803,0.0330566115578494,23.69295863,1.531562898,1.05651743913738,0.132057286249618,0.0708333360241362
2016-11-10 09:30:00,"C07","ambient","HW","ambient_HW",1687.7,1510.72413793103,22.7779731750488,25.027,0.656828824114967,8.49256049312706,0.924168172734995,0.123997021410567,0.0134934688771808,14.6006639,2.2490268249512,1.05965840584739,0.0872137820674348,0.0973763583209877
2016-11-10 09:30:00,"C09","ambient","HW","ambient_HW",1708.5,589.816666666667,23.1299444834392,24.6066666666667,0.694715569439879,9.0134128803589,1.0651543599903,0.154681532472881,0.0182793921581577,17.16126117,1.4767221832275,0.958666685982673,0.111107893448751,0.08112306516293
2016-11-10 09:30:00,"C10","elevated","HW","elevated_HW",1708.5,1342.36666666667,26.0562591552735,27.22,0.847961904874629,7.07014741159856,1.04719217621421,0.120169578074731,0.0177988710351895,16.99675708,1.1637408447265,1.08817070095588,0.0962341823111327,0.0734681507319324
2016-11-10 09:30:00,"C12","elevated","HW","elevated_HW",1659.8,273.646666666667,25.5012440681457,27.0953333333333,0.763641970554656,10.1964404524208,1.33774659958893,0.276947482554776,0.0363347929879202,27.16119256,1.5940892651876,1.087008167315,0.123066839772996,0.0828528665498257
2016-11-10 10:00:00,"C03","ambient","HW","ambient_HW",1750.5,1638.71666666667,23.5434370040893,26.1263333333333,0.804230772602054,11.6880160289339,1.12699432569927,0.14430317946836,0.0139141548093891,12.34625099,2.582896329244,1.29008079744253,0.0873584296373869,0.133793797318121
2016-11-10 10:00:00,"C04","elevated","HW","elevated_HW",1750.5,1346.55,26.680004119873,27.879,0.987193118081781,8.52078843460482,1.46124700752835,0.201882687876074,0.0346212648975806,23.69295863,1.198995880127,1.24295656614907,0.117562193830762,0.0724789845864142
2016-11-10 10:00:00,"C07","ambient","HW","ambient_HW",1768.7,1074.51666666667,23.6971354484558,25.865,0.840240002004078,7.83292678659239,0.886380378570265,0.114365931364343,0.0129417419950592,14.6006639,2.1678645515442,1.24680120648717,0.0710923581047551,0.110179588853285
2016-11-10 10:00:00,"C09","ambient","HW","ambient_HW",1782.9,1413.97666666667,23.7660554250082,25.428,0.851542489976113,8.23273909164358,0.983158886705123,0.141284185696164,0.0168722464263531,17.16126117,1.6619445749918,1.16018470486475,0.0847415831791832,0.097151112627147
2016-11-10 10:00:00,"C10","elevated","HW","elevated_HW",1782.9,1224.86333333333,26.8887739181518,28.415,1.04160869274809,6.28452275404956,1.01543944265295,0.106816506614313,0.0172591775362227,16.99675708,1.5262260818482,1.37345372684639,0.0739332838671249,0.0850026189198399
2016-11-10 10:00:00,"C12","elevated","HW","elevated_HW",1742.9,683.42,26.5541114807129,28.205,0.936717760711313,9.24364417027597,1.33076469797239,0.251068399264987,0.0361451562136784,27.16119256,1.6508885192871,1.29072463936816,0.103102137929577,0.0896552133243812
2016-11-10 10:30:00,"C03","ambient","HW","ambient_HW",1845.7,1542.08666666667,24.5413722991944,27.0766666666667,0.967683536646317,10.9347903422116,1.24974650895953,0.135003666087973,0.0154296840734907,12.34625099,2.5352943674723,1.4693249166999,0.0850558303854577,0.128560150346627
2016-11-10 10:30:00,"C04","elevated","HW","elevated_HW",1845.7,252.233333333333,27.5970067977905,28.694,1.17187086909216,7.75274989631071,1.48266726623197,0.183685582562026,0.0351287742008893,23.69295863,1.0969932022095,1.41643198441279,0.104676206309097,0.0740641084509473
2016-11-10 10:30:00,"C07","ambient","HW","ambient_HW",1823.6,596.403333333333,24.8555593490601,26.7493333333333,1.00700520393958,7.34737564208502,1.09151517726175,0.10727656229713,0.0159368462449478,14.6006639,1.8937739842732,1.38148556270882,0.0790102485849726,0.09299269112137
2016-11-10 10:30:00,"C09","ambient","HW","ambient_HW",1838.7,1161.38666666667,24.9129883448282,26.3076666666667,1.01180169751771,7.57682293385589,1.14488286686935,0.130027837206746,0.0196476338874033,17.16126117,1.3946783218385,1.28481617671353,0.0891086902250783,0.0850290012648341
2016-11-10 10:30:00,"C10","elevated","HW","elevated_HW",1838.7,459.096666666667,27.9445018768311,29.4433333333333,1.23533069355665,6.163224748065,1.02182949843098,0.104754833872305,0.0173677877620097,16.99675708,1.4988314565022,1.57892799434088,0.0647166623236381,0.0952339710790965
2016-11-10 10:30:00,"C12","elevated","HW","elevated_HW",1813.8,226.923333333333,27.5515503883362,29.2273333333333,1.16023435903929,8.52109944030326,1.32090937044807,0.231443222720985,0.0358774737650484,27.16119256,1.6757829449971,1.53853817911911,0.0858548320981127,0.0992500856628031
2016-11-10 11:00:00,"C03","ambient","HW","ambient_HW",1871.9,1359.27,25.5224089622497,27.4123333333333,1.12176774419306,10.2109751212736,1.32535092687904,0.126067261699889,0.0163631151930778,12.34625099,1.8899243710836,1.50853640345895,0.0878567413978292,0.116223012131041
2016-11-10 11:00:00,"C04","elevated","HW","elevated_HW",1871.9,409.953333333333,28.4670991897583,29.2386666666667,1.32346124550413,6.96719361832647,1.62448979424573,0.165073430166209,0.0384889694899214,23.69295863,0.771567476908398,1.50173858014656,0.108173940239798,0.064407320310989
2016-11-10 11:00:00,"C07","ambient","HW","ambient_HW",1880.1,340.776666666667,25.4211030006409,27.3563333333333,1.13349041147741,7.09872459616299,1.18337961808196,0.103646091947239,0.017278128069725,14.6006639,1.9352303326924,1.52793627905433,0.0774495398992933,0.0916561235275687
2016-11-10 11:00:00,"C09","ambient","HW","ambient_HW",1874.3,686.256666666667,25.5000457763672,26.9683333333333,1.14151662421482,7.17474086780771,1.10881570416416,0.12312760185952,0.0190286758885586,17.16126117,1.4682875569661,1.43836994397294,0.0770883532995335,0.0930716581781119
2016-11-10 11:00:00,"C10","elevated","HW","elevated_HW",1874.3,228.076666666667,28.3587865829467,30.1706666666667,1.39110095390338,5.4821351322643,0.969941321718125,0.0931785191228299,0.0164858570270971,16.99675708,1.81188008372,1.81864019888255,0.0533333268622401,0.10279004620178
2016-11-10 11:00:00,"C12","elevated","HW","elevated_HW",1869.2,333.733333333333,28.1475596427917,29.731,1.30528544811392,7.82141474403678,1.29623971251669,0.212438951954406,0.0352074164355849,27.16119256,1.5834403572083,1.67281559917109,0.077488499817852,0.100936458473479
2016-11-10 11:30:00,"C03","ambient","HW","ambient_HW",1918.7,1761.03333333333,26.4126043319702,28.118,1.38590778197488,9.6100809819149,1.15896491188588,0.118648471836947,0.0143088716907463,12.34625099,1.7053956680298,1.74947877966173,0.0662462972034433,0.145065934061223
2016-11-10 11:30:00,"C04","elevated","HW","elevated_HW",1918.7,1170.74666666667,29.489550113678,29.937,1.67305096598636,6.57024808873488,1.25046306039471,0.155668616155232,0.0296271695582749,23.69295863,0.447449886322001,1.78101096131901,0.0702108570667428,0.0935788048063446
2016-11-10 11:30:00,"C07","ambient","HW","ambient_HW",1925.5,1366.06333333333,26.721962928772,28.629,1.443539386007,6.77112928874059,1.06922279510028,0.0988629829683473,0.0156113626654778,14.6006639,1.907037071228,1.85873235575545,0.0575243009995225,0.117709023336012
2016-11-10 11:30:00,"C09","ambient","HW","ambient_HW",1973,1542.39333333333,26.9705793062845,28.407,1.43614343885679,6.78952370162207,0.972106054315273,0.116516789463442,0.0166825658830426,17.16126117,1.4364206937155,1.7490428670741,0.0555793155568261,0.122159181587622
2016-11-10 11:30:00,"C10","elevated","HW","elevated_HW",1973,581.363333333333,30.0013928413391,31.457,1.78168255092313,5.19816201871899,0.92343380043896,0.0883518970946491,0.0156953799855222,16.99675708,1.4556071586609,2.15124039214947,0.042925644377488,0.121096889612334
2016-11-10 11:30:00,"C12","elevated","HW","elevated_HW",1894.2,649.426666666667,29.1582059860229,30.7636666666667,1.57443034027492,7.0643122076019,1.0173339523195,0.191875144174634,0.0276320033767758,27.16119256,1.6054606806438,1.96671380530327,0.051727605184661,0.136567548069995
2016-11-10 12:00:00,"C03","ambient","HW","ambient_HW",1913.7,1457.68333333333,27.6319961547851,29.0133333333333,1.61809158683982,9.88084341766411,1.58033458445638,0.12199137282737,0.0195112074278758,12.34625099,1.3813371785482,1.92884551618662,0.0819316306668636,0.120598642273335
2016-11-10 12:00:00,"C04","elevated","HW","elevated_HW",1913.7,974.886666666667,30.6206493377685,31.0313333333333,1.92192577886711,6.38504261390119,1.47691527188384,0.151280550501948,0.0349924924367589,23.69295863,0.410683995564799,2.02667815882623,0.0728736955817004,0.0876179335071976
2016-11-10 12:00:00,"C07","ambient","HW","ambient_HW",1638.4,1646.9,27.7943773269653,29.4476666666667,1.65699123485205,7.01007875249451,1.42834233355247,0.102351803777704,0.0208547463463413,14.6006639,1.6532893397014,2.0346183628651,0.0702019779051397,0.0998558582205029
2016-11-10 12:00:00,"C09","ambient","HW","ambient_HW",1844,980.156666666667,27.4023192723592,29.397,1.52374268269633,6.63442947919419,1.24838146087798,0.113855177006398,0.0214238002899131,17.16126117,1.9946807276408,1.97431779095647,0.0632310293001612,0.104923635636235
2016-11-10 12:00:00,"C10","elevated","HW","elevated_HW",1844,246.11,30.5633859634399,32.4323333333333,1.94536310884188,4.74311958682394,1.00325895398667,0.0806176514186364,0.0170521487292462,16.99675708,1.8689473698934,2.43836626565937,0.0411447192374676,0.115278939186556
2016-11-10 12:00:00,"C12","elevated","HW","elevated_HW",1965.4,802.01,30.5448431968689,31.7343333333333,1.91728783732332,6.95541628553469,1.16250648641468,0.188917401066368,0.0315750625297583,27.16119256,1.1894901364644,2.22548483513481,0.0522361001100356,0.133153437390676
2016-11-10 12:30:00,"C03","ambient","HW","ambient_HW",1388.3,1520.72666666667,27.3266038894653,28.8453333333333,1.69936734704009,8.43756881954963,1.22761047842432,0.104172342391558,0.0151563870845806,12.34625099,1.518729443868,2.03696045722902,0.0602667800480672,0.140003644011179
2016-11-10 12:30:00,"C04","elevated","HW","elevated_HW",1388.3,1357.58666666667,30.5030636787414,31.5346666666667,2.05892219104889,5.29613662128074,1.25243092295695,0.125481145866833,0.0296737940445518,23.69295863,1.0316029879253,2.32460587541846,0.0538771297190968,0.0983002741403189
2016-11-10 12:30:00,"C07","ambient","HW","ambient_HW",1754.3,1502.67333333333,28.2794809341431,29.089,1.89325261673792,6.16158733128952,1.06960401170632,0.0899632657146563,0.0156169286810157,14.6006639,0.8095190658569,2.07871224403969,0.051455126353982,0.119746811792887
2016-11-10 12:30:00,"C09","ambient","HW","ambient_HW",1884,1321.82333333333,27.8228446642557,29.4496666666667,1.6841171529094,6.25886990596555,1.20595428102094,0.107410101085328,0.02069569637568,17.16126117,1.626822002411,2.05598253372834,0.0586558621601735,0.106704934092934
2016-11-10 12:30:00,"C10","elevated","HW","elevated_HW",1884,504.363333333333,31.2767968177795,32.4916666666667,2.28818003023474,4.4602263432659,0.785186607199893,0.0758093836783072,0.013345626025046,16.99675708,1.2148698488872,2.614764257489,0.0300289636035457,0.148530811857232
2016-11-10 12:30:00,"C12","elevated","HW","elevated_HW",1862.3,591.04,30.8173551559448,31.7503333333333,2.07251293455352,5.62294479247729,1.15125264788169,0.152725886262725,0.0312693948543244,27.16119256,0.932978177388502,2.31597135514718,0.0497092783692278,0.113116604725409
2016-11-10 13:00:00,"C03","ambient","HW","ambient_HW",1057.9,1003.72666666667,27.8528785705566,27.62,1.85198943829977,8.52659318029738,1.67279548318764,0.105271459493574,0.0206527528903729,12.34625099,-0.232878570556601,1.80114682440635,0.0928739101399457,0.0918082717465993
2016-11-10 13:00:00,"C04","elevated","HW","elevated_HW",1057.9,885.27,30.5771131515503,30.5753333333333,2.15995377754274,5.2292476837083,1.48214268342291,0.123896349036124,0.0351163452820961,23.69295863,-0.00177981821699902,2.15950541894647,0.068633432008056,0.0761909689011982
2016-11-10 13:00:00,"C07","ambient","HW","ambient_HW",957.9,601.67,27.6444511413574,28.1726666666667,1.82784067048158,5.31748933786243,1.28535663470132,0.0776388746139628,0.018767060214909,14.6006639,0.528215525309299,1.94417975694765,0.0661130551384468,0.0804302467451719
2016-11-10 13:00:00,"C09","ambient","HW","ambient_HW",887.3,962.243333333333,27.2700273195902,28.7873333333333,1.58951970192721,4.714935226147,1.27620274110329,0.0809142348155417,0.0219012485459435,17.16126117,1.5173060137431,1.92581548449884,0.0662681732167815,0.0711493164406863
2016-11-10 13:00:00,"C10","elevated","HW","elevated_HW",887.3,652.493333333333,29.8809518814087,31.8833333333333,2.04449067877968,3.25489458044995,0.753809605048839,0.0553226525049164,0.0128123187415858,16.99675708,2.0023814519246,2.55683256699147,0.0294821653470965,0.110402154730826
2016-11-10 13:00:00,"C12","elevated","HW","elevated_HW",1357,622.436666666667,31.2970566749573,31.021,2.28350219125254,6.24208003848484,1.39155501425621,0.169542337900219,0.0377962937000466,27.16119256,-0.276056674957299,2.21191513793325,0.0629117722643031,0.0992195866341326
2016-11-10 13:30:00,"C03","ambient","HW","ambient_HW",1426.5,1272.07333333333,28.1067667007447,29.3233333333333,1.88313030092965,5.72645747967818,1.2193072331859,0.0707002813276696,0.0150538731348356,12.34625099,1.2165666325886,2.16229924281642,0.0563893844590048,0.101552048042683
2016-11-10 13:30:00,"C04","elevated","HW","elevated_HW",1426.5,1102.57666666667,30.9080429077149,32.0733333333333,2.26895429070311,3.84308716645489,1.05120116990642,0.0910541052462996,0.0249060658304005,23.69295863,1.1652904256184,2.57617696793679,0.0408046956008735,0.0941824736066066
2016-11-10 13:30:00,"C07","ambient","HW","ambient_HW",1652.7,838.93,28.4369063377381,29.5026666666667,2.0259975630718,5.06098139343343,1.0454078911973,0.0738936883296752,0.0152636492577796,14.6006639,1.0657603289286,2.27372052442815,0.0459778534769669,0.110074329502328
2016-11-10 13:30:00,"C09","ambient","HW","ambient_HW",1152.8,707.833333333333,28.0668045679728,29.619,1.80337980127378,5.81801726687153,1.04134044046682,0.0998445138083519,0.0178707152657339,17.16126117,1.5521954320272,2.16190544904369,0.0481677143155105,0.120786658647784
2016-11-10 13:30:00,"C10","elevated","HW","elevated_HW",1152.8,866.83,31.3302364349366,32.4833333333333,2.41083176267412,3.63089154543181,0.74369912380446,0.0617133815815303,0.0126404733479132,16.99675708,1.1530968983967,2.72115110586325,0.0273303133443055,0.132852174056334
2016-11-10 13:30:00,"C12","elevated","HW","elevated_HW",742.6,236.152333333333,29.8934297561646,31.948,1.93928872249839,4.2999622293773,0.86085851591352,0.116792102112844,0.0233819439176429,27.16119256,2.0545702438354,2.46600229056008,0.0349090720316404,0.123176067971098
2016-11-10 14:00:00,"C03","ambient","HW","ambient_HW",1718,948.9,29.0296363830566,30.8303333333333,2.12818514980356,9.96603773129899,1.50305573887917,0.123043203206428,0.0185571034041621,12.34625099,1.8006969502767,2.56751755392287,0.0585412059435649,0.170239706727369
2016-11-10 14:00:00,"C04","elevated","HW","elevated_HW",1718,859.22,32.3250856399536,33.8803333333333,2.71446059302668,5.69476930838175,1.36201437066637,0.134925933630883,0.0322701501376638,23.69295863,1.5552476933797,3.15834698950953,0.0431242790988549,0.132054829144563
2016-11-10 14:00:00,"C07","ambient","HW","ambient_HW",1669.2,784.343333333333,29.5341715812683,30.9336666666667,2.34728210604802,7.09873673003913,1.46678066248741,0.103646269109886,0.021415971467998,14.6006639,1.3994950853984,2.69392141640638,0.0544477895143674,0.130376949980053
2016-11-10 14:00:00,"C09","ambient","HW","ambient_HW",1189.5,1570.83333333333,29.3491158485413,31.446,2.06845715695888,7.05397550658633,1.69399687959476,0.121055115955311,0.0290711228718906,17.16126117,2.0968841514587,2.59220436687454,0.0653496653752357,0.107942029482211
2016-11-10 14:00:00,"C10","elevated","HW","elevated_HW",1189.5,1001.99333333333,32.1595931053162,34.8683333333333,2.75930548024278,3.58408079739688,1.00562110243767,0.0609177506684475,0.0170922975926548,16.99675708,2.7087402280171,3.54839565524263,0.0283401627141523,0.126466486221234
2016-11-10 14:00:00,"C12","elevated","HW","elevated_HW",1707.8,154.24,32.1266593933105,33.5783333333333,2.71463379276608,5.76781300500279,0.96313040334381,0.156660679678953,0.0261597703456117,27.16119256,1.4516739400228,3.12391044063321,0.0308309223854889,0.187078833804775
2016-11-10 14:30:00,"C03","ambient","HW","ambient_HW",1440.7,1000.35,28.9566383361817,28.9866666666667,2.04192447666967,5.99340945977579,1.40790957121793,0.0739961374762322,0.0173824049374799,12.34625099,0.0300283304849991,2.04890414414043,0.0687152483557784,0.0872209531826831
2016-11-10 14:30:00,"C04","elevated","HW","elevated_HW",1440.7,1130.12666666667,32.9761228561401,33.6796666666667,2.89019321613614,4.33377243631501,1.55443464996852,0.102679891045446,0.0368291558547427,23.69295863,0.703543810526597,3.09317948032483,0.0502536196123116,0.0862380156842131
2016-11-10 14:30:00,"C07","ambient","HW","ambient_HW",1432.7,345,29.5449252128601,30.651,2.41495777103203,5.45716340707769,1.43832707839943,0.0796782087541202,0.0210005302499791,14.6006639,1.1060747871399,2.68704694950646,0.0535281707178065,0.101949372337925
2016-11-10 14:30:00,"C09","ambient","HW","ambient_HW",1029.3,985.006666666667,29.3114237785339,31.1953333333333,2.1254489629898,5.2071729333034,1.57231648456964,0.0893616546657746,0.0269829338335959,17.16126117,1.8839095547994,2.59259119137417,0.060646525753883,0.0858610261441068
2016-11-10 14:30:00,"C10","elevated","HW","elevated_HW",1029.3,696.346666666667,32.5745124816895,34.4046666666667,2.76028045715446,2.89012705088994,1.21926569413433,0.0491227874143131,0.0207235628191788,16.99675708,1.8301541849772,3.29261913632066,0.0370302681134509,0.0780476944437821
2016-11-10 14:30:00,"C12","elevated","HW","elevated_HW",1043.8,140.626666666667,32.0706157684326,33.5266666666667,2.76780439247808,4.66443736999348,1.33025038875497,0.126691681590453,0.0361311869619886,27.16119256,1.4560508982341,3.17723467857456,0.0418681817155469,0.111407689058095
2016-11-10 15:00:00,"C03","ambient","HW","ambient_HW",817.3,237.643333333333,29.1116518974304,28.4156666666667,2.21165326283244,2.76510485064827,0.482946580063802,0.03413867849977,0.00596257969222983,12.34625099,-0.6959852307637,2.0515648914399,0.0235403999200261,0.117462101750275
2016-11-10 15:00:00,"C04","elevated","HW","elevated_HW",817.3,547.263333333333,32.3034482002258,33.4996666666667,2.74677547345298,3.59144893937509,1.58851975002024,0.0850920511423713,0.0376367327201675,23.69295863,1.1962184664409,3.08482193118102,0.0514946984123676,0.0697440523025284
2016-11-10 15:00:00,"C07","ambient","HW","ambient_HW",1256.7,574.646666666667,30.2518606185913,30.4596666666667,2.50835582866022,4.98101557483839,1.71885945645888,0.0727261342888807,0.0250964892150928,14.6006639,0.207806048075398,2.56013254770604,0.0671394712746038,0.0741890795425806
2016-11-10 15:00:00,"C09","ambient","HW","ambient_HW",849.8,915.813333333333,27.4456814130147,31.024,1.94706920196066,5.01002842324138,1.1592258328738,0.0859784062403687,0.0198937772729581,17.16126117,3.5783185869853,2.79086987909998,0.0415363626070462,0.12061789017586
2016-11-10 15:00:00,"C10","elevated","HW","elevated_HW",849.8,641.906666666667,32.8346738815307,33.9906666666667,2.72373814181936,2.5271797394343,1.22512000165325,0.0429538601286625,0.0208230670619494,16.99675708,1.155992785136,3.05866938542316,0.0400540185052972,0.0630942870089321
2016-11-10 15:00:00,"C12","elevated","HW","elevated_HW",708.9,177.253333333333,32.0720043182373,33.521,2.72037826301435,4.14830939011448,1.32419767982991,0.112673030143356,0.0359667881693654,27.16119256,1.4489956817627,3.12778130485738,0.0423366453969611,0.0979838943595717
2016-11-10 15:30:00,"C03","ambient","HW","ambient_HW",456.4,186.966666666667,29.218924999237,28.3116666666667,2.48526652956069,1.69466395486312,0.330132866266455,0.0209227465304461,0.00407590322697376,12.34625099,-0.907258332570301,2.2765581653507,0.014501402656479,0.116862071553194
2016-11-10 15:30:00,"C04","elevated","HW","elevated_HW",456.4,425.74,31.1393818855286,31.1026666666667,2.59132823245406,2.42529652937486,1.2801546002884,0.057462450335961,0.0303306499846372,23.69295863,-0.0367152188619002,2.58182523179166,0.0495833174346985,0.0489135591334522
2016-11-10 15:30:00,"C07","ambient","HW","ambient_HW",452.4,433.4,28.1967039108276,28.4783333333333,2.18113410426416,2.65434763202228,1.33050430939701,0.0387552376489182,0.0194262462390073,14.6006639,0.281629422505699,2.2445284333677,0.0592776767546096,0.0447781994394014
2016-11-10 15:30:00,"C09","ambient","HW","ambient_HW",536.4,345.28,28.5597041447957,28.8603333333333,2.01519483243014,2.432423203573,1.51493301778249,0.0417434498724843,0.0259981611732216,17.16126117,0.300629188537602,2.08415489599977,0.0726881202875171,0.0334638341719606
2016-11-10 15:30:00,"C10","elevated","HW","elevated_HW",536.4,244.656666666667,30.9892244338989,31.521,2.55926046143977,1.41492495389503,0.403576563859012,0.024049135727784,0.00685949281909273,16.99675708,0.5317755661011,2.69782157002565,0.0149593497339846,0.094584656355791
2016-11-10 15:30:00,"C12","elevated","HW","elevated_HW",576.6,87.216,31.4356336593628,31.2333333333333,2.56314143158111,3.04609184332,1.22397748852264,0.0827354871118598,0.0332446882548686,27.16119256,-0.202300326029501,2.51022281656353,0.0487597148924911,0.0624714859394941
2016-11-10 16:00:00,"C03","ambient","HW","ambient_HW",484.8,254.786666666667,28.5721430778503,28.0723333333333,2.10665576499577,1.89847711937769,1.03017998847656,0.0234390750146091,0.0127188607026069,12.34625099,-0.499809744516998,1.99423483799752,0.0516579075266282,0.036750948891979
2016-11-10 16:00:00,"C04","elevated","HW","elevated_HW",484.8,744.493333333333,31.2485117912292,31.6333333333333,2.37944232364439,2.71727765035996,1.14373451112055,0.064380346956202,0.0270984544556825,23.69295863,0.384821542104103,2.48063847414224,0.046106456988499,0.0589348613587413
2016-11-10 16:00:00,"C07","ambient","HW","ambient_HW",494.2,841.843333333333,27.9202380180359,29.3426666666667,1.91949781770985,4.76083944763243,2.0950627540325,0.0695114166567427,0.0305893071210369,14.6006639,1.4224286486308,2.24454493065833,0.0933402011880427,0.0510052409040909
2016-11-10 16:00:00,"C09","ambient","HW","ambient_HW",426.4,248.103333333333,27.5610187848409,30.3083333333333,1.7898082136915,5.48389235171949,1.50702566214379,0.0941105088760237,0.0258624609779418,17.16126117,2.7473145484924,2.4276228573488,0.0620782448798332,0.0883383923359114
2016-11-10 16:00:00,"C10","elevated","HW","elevated_HW",426.4,239.766666666667,31.111421585083,32.329,2.27963856945713,2.47313509647084,1.13940333530415,0.0420352764607373,0.0193661617063064,16.99675708,1.217578414917,2.60431246975582,0.0437506385480303,0.0565279771575399
2016-11-10 16:00:00,"C12","elevated","HW","elevated_HW",583.7,126.816666666667,32.1996231079101,33.0683333333333,2.70047749040637,3.12317656781113,1.23195594605967,0.0848292001571981,0.0334613926763638,27.16119256,0.8687102254232,2.94276152124853,0.0418639409671562,0.0746030234053067
2016-11-10 16:30:00,"C03","ambient","HW","ambient_HW",201.2,179.893333333333,26.3516254425049,26.1643333333333,1.42463784821592,2.61668626795155,0.67035721938336,0.0323062654262162,0.00827639848346545,12.34625099,-0.187292109171601,1.38673280795867,0.0483407629455421,0.0541300159225736
2016-11-10 16:30:00,"C04","elevated","HW","elevated_HW",371.3,115.323,29.2293982505798,28.7686666666667,1.54446935369354,1.88586024898915,0.623895171353283,0.0446816088612614,0.0147819224843301,23.69295863,-0.460731583913098,1.43722861696611,0.0434095984444202,0.0434433930874465
2016-11-10 16:30:00,"C07","ambient","HW","ambient_HW",254.3,573.436666666667,26.2524666786193,26.5756666666667,1.37592729007442,4.0413702763829,2.27132649572282,0.0590066891009169,0.0331628747712138,14.6006639,0.323199988047399,1.44186678032278,0.157526792816071,0.025655129544227
2016-11-10 16:30:00,"C09","ambient","HW","ambient_HW",251.9,178.293333333333,26.2483077049255,26.8956666666667,1.32080541877841,3.04305405883951,1.42318097399375,0.0522226454581733,0.0244235803868817,17.16126117,0.647358961741197,1.45396200936343,0.0978829546321397,0.0310887025251313
2016-11-10 16:30:00,"C10","elevated","HW","elevated_HW",251.9,253.286666666667,29.0887408256531,29.8716666666667,1.57000749265814,2.37128180936478,0.984683896617078,0.040304100881996,0.0167364329913883,16.99675708,0.782925841013601,1.75671930397108,0.0560524321894335,0.0423047085869682
2016-11-10 16:30:00,"C12","elevated","HW","elevated_HW",375.9,94.2206666666667,29.8559060096741,30.4576666666667,1.77842424050376,4.23110643140998,1.76520358572632,0.114921896525381,0.0479450344995151,27.16119256,0.6017606569926,1.92687939369018,0.0916094484951529,0.0461863541470163
2016-11-10 17:00:00,"C03","ambient","HW","ambient_HW",354.6,83.819,25.1615719795227,24.7146666666667,1.16316095533226,0.796662389458579,0.451524026662147,0.00983579381454874,0.00557462896118631,12.34625099,-0.446905312856,1.07869545548943,0.0418583414219797,0.0190323448659209
2016-11-10 17:00:00,"C04","elevated","HW","elevated_HW",354.6,67.6983333333333,27.9748106002807,27.482,1.26470818739355,0.816317531542147,0.332010283988297,0.0193409775037718,0.00786630592326927,23.69295863,-0.492810600280702,1.1571587793105,0.0286918519674653,0.0284511969623919
2016-11-10 17:00:00,"C07","ambient","HW","ambient_HW",288.3,146.996,24.8926010131836,24.698,1.16886843458223,1.06426998105733,1.05735119449041,0.0155390482922775,0.0154380294150181,14.6006639,-0.1946010131836,1.13236218259733,0.0933757070608922,0.0113977180420524
2016-11-10 17:00:00,"C09","ambient","HW","ambient_HW",282.7,78.87,24.6498708724976,24.7373333333333,0.988284672636635,0.900762941859925,0.680875652751074,0.0154582280975157,0.0116846849011554,17.16126117,0.0874624608356989,1.00460529654222,0.0677754392789488,0.0132904035952107
2016-11-10 17:00:00,"C10","elevated","HW","elevated_HW",282.7,269.661666666667,27.2247877120972,27.5636666666667,1.30187388873738,1.44481052709255,0.476720290114825,0.0245570935556189,0.0081026989661888,16.99675708,0.338878954569498,1.37457819125034,0.0346812057072718,0.0416597548334258
2016-11-10 17:00:00,"C12","elevated","HW","elevated_HW",287.8,66.3296666666667,27.7612566947937,27.4113333333333,1.29734432834577,2.58802832865695,0.883213527743503,0.0702939357853863,0.0239891326986382,27.16119256,-0.349923361460402,1.22153047904752,0.0723038469275187,0.0357937846827338
2016-11-10 17:30:00,"C03","ambient","HW","ambient_HW",131,46.6416666666667,24.0391159057617,23.7166666666667,0.954814978881174,0.0409659932315935,0.348943427571831,0.000505776434491895,0.00430814313811271,12.34625099,-0.322449239095,0.89716262439468,0.0388941110656794,0.0010532698166675
2016-11-10 17:30:00,"C04","elevated","HW","elevated_HW",131,38.4623333333333,26.9350280761719,26.334,1.16328501301033,0.439475927721197,0.267910089759394,0.0104124849743792,0.00634758267322892,23.69295863,-0.6010280761719,1.03926077911653,0.0257789089267029,0.0170478870525808
2016-11-10 17:30:00,"C07","ambient","HW","ambient_HW",87.2,54.5206666666667,23.7278714179992,23.826,0.953855300239019,0.700427311900031,0.615798479629185,0.0102267037674328,0.00899106663119673,14.6006639,0.0981285820008004,0.971307139727621,0.0633989450342011,0.0110479332348855
2016-11-10 17:30:00,"C09","ambient","HW","ambient_HW",65.5,47.436,23.6763043403625,23.6066666666667,0.890045055009424,0.249314083954553,0.510456015340211,0.00427854410810338,0.00876006899505089,17.16126117,-0.069637673695798,0.877748234280229,0.0581551742748642,0.004287049038426
2016-11-10 17:30:00,"C10","elevated","HW","elevated_HW",65.5,42.136,26.2786850929261,26.398,1.06391111325321,0.54524928978207,0.191958978335235,0.00926746972646838,0.00326268012408896,16.99675708,0.1193149070739,1.08815882658518,0.0176407132530123,0.030908573931327
2016-11-10 17:30:00,"C12","elevated","HW","elevated_HW",173.2,20.9646666666667,27.0058569908143,26.4376666666667,1.22266690072157,0.882775892186228,0.250757498452192,0.0239772459949959,0.00681087270132389,27.16119256,-0.568190324147601,1.1048922793464,0.0226951987211394,0.0388970329378067
2016-11-10 18:00:00,"C03","ambient","HW","ambient_HW",33.5,18.7194333333333,22.4447212219238,22.1246666666667,0.769860020031517,-0.495414405879746,0.152634577316289,-0.00611651059905308,0.00188446480129946,12.34625099,-0.320054555257101,0.717262285415686,0.0212801621415004,-0.0232805747712605
2016-11-10 18:00:00,"C04","elevated","HW","elevated_HW",33.5,14.9825666666667,25.3681120872497,24.7066666666667,1.00401383607763,-0.200815541407359,0.242393101897633,-0.0047579143148256,0.005743009735458,23.69295863,-0.661445420583,0.87834891569176,0.0275964480136839,-0.00727686191019159
2016-11-10 18:00:00,"C07","ambient","HW","ambient_HW",25.7,20.7963,22.1656565666199,22.3586666666667,0.730252008830443,-0.22706768060479,0.357712373125211,-0.00331533888706308,0.0052228381328726,14.6006639,0.193010100046799,0.76193301858422,0.0469480078169984,-0.00483657754957125
2016-11-10 18:00:00,"C09","ambient","HW","ambient_HW",17.2,18.2011,22.1100126902262,22.17,0.634745082517624,-0.247017896210278,0.360746169449486,-0.00423913863052854,0.00619085922999971,17.16126117,0.0599873097738026,0.644527575911076,0.0559706338304534,-0.00441334820253325
2016-11-10 18:00:00,"C10","elevated","HW","elevated_HW",17.2,18.2288333333333,25.0254745483399,25.063,0.909045523264705,-0.119405096882118,0.104919825862895,-0.00202949942581923,0.00178329679306753,16.99675708,0.0375254516600982,0.916177054253576,0.011451915912517,-0.0104266480643302
2016-11-10 18:00:00,"C12","elevated","HW","elevated_HW",37.7,8.26223333333333,25.6712617874146,25.0983333333333,1.10377000258709,0.00427551261033932,0.201159467466184,0.000116128021302134,0.00546373103111607,27.16119256,-0.5729284540813,0.992938531254903,0.0202590050777819,0.000211042575581773
2016-11-11 05:00:00,"C03","ambient","HW","ambient_HW",18.9,15.2988333333333,15.6407175064087,16.068,0.188072892708596,-1.57674858825473,0.292273641506922,-0.0194669338187211,0.00360848373580573,12.34625099,0.427282493591301,0.237474277193477,0.123075915825948,-0.0128111871252255
2016-11-11 05:00:00,"C04","elevated","HW","elevated_HW",18.9,10.2608666666667,18.8378086090088,18.788,0.271272450649219,-0.819073703375027,0.177745139180608,-0.0194062793689854,0.00421130822928974,23.69295863,-0.0498086090087995,0.264486798177434,0.0672037849924614,-0.0121879103009883
2016-11-11 05:00:00,"C07","ambient","HW","ambient_HW",26.2,14.1423,15.9804055690765,16.257,0.141676355410921,-0.984387036604935,0.273024111869645,-0.0143727042689856,0.00398633329400469,14.6006639,0.276594430923501,0.174132862527764,0.156790687240965,-0.00627835143736614
2016-11-11 05:00:00,"C09","ambient","HW","ambient_HW",39.3,13.0128333333333,15.9581209023793,16.1336666666667,0.121870820047382,-1.19878018239432,0.222438822637859,-0.0205725797954892,0.00381733072963561,17.16126117,0.175545764287399,0.14238594941711,0.156222452811154,-0.00767354602890173
2016-11-11 05:00:00,"C10","elevated","HW","elevated_HW",39.3,7.49546666666667,19.0104150772095,18.905,0.25820925452502,-0.565810970934528,0.155860682755795,-0.00961695162617312,0.00264912616312319,16.99675708,-0.1054150772095,0.243733736403288,0.0639471109152915,-0.00884810842641567
2016-11-11 05:00:00,"C12","elevated","HW","elevated_HW",13.2,5.66106666666667,18.5117774009705,18.9083333333333,0.274779301513746,-0.756299412267126,0.131250991028437,-0.0205419939696023,0.00356493344101421,27.16119256,0.396555932362798,0.32850107020123,0.0399545094169819,-0.0189290126021589
2016-11-11 05:30:00,"C03","ambient","HW","ambient_HW",87.9,74.8573333333333,16.6191849708557,17.1496666666667,0.204658315163978,0.0442774733216079,0.299691417807059,0.0005466607988316,0.00370006546379491,12.34625099,0.530481695811002,0.269628192386793,0.111149882048365,0.000398358257387455
2016-11-11 05:30:00,"C04","elevated","HW","elevated_HW",87.9,50.683,19.4997053146363,19.6546666666667,0.262176421715162,0.945988475517918,0.14880767305643,0.0224132658149028,0.00352569404155256,23.69295863,0.154961352030398,0.284187528819684,0.0523624923565341,0.0180661468342019
2016-11-11 05:30:00,"C07","ambient","HW","ambient_HW",80.1,73.1203333333333,16.7303562164306,17.228,0.148363896281997,1.10356821885832,0.235371357612852,0.016112828654272,0.00343657808419196,14.6006639,0.497643783569401,0.209634016144621,0.112277273479546,0.00982895455739189
2016-11-11 05:30:00,"C09","ambient","HW","ambient_HW",67.3,66.157,15.8406397501628,17.2936666666667,0.120416208380143,1.45651760467028,0.174457012203988,0.0249956790124496,0.00299390234937051,17.16126117,1.4530269165039,0.295288776157883,0.0590801365612049,0.0246532538590424
2016-11-11 05:30:00,"C10","elevated","HW","elevated_HW",67.3,41.2266666666667,19.5216898918152,19.7523333333333,0.247978124033004,1.3738619029726,0.0985725362594739,0.0233511970262918,0.00167541345356177,16.99675708,0.230643441518101,0.280846277666634,0.0350983951357476,0.0391431544849561
2016-11-11 05:30:00,"C12","elevated","HW","elevated_HW",73.2,29.699,19.3853106498718,19.7133333333333,0.270029497199344,0.378073080261672,0.129418932658326,0.0102689157347396,0.00351517255084245,27.16119256,0.328022683461498,0.316552440906591,0.0408838839743824,0.00924748442439006
2016-11-11 06:00:00,"C03","ambient","HW","ambient_HW",159.9,220.002,17.1422924995423,17.924,0.186208578392609,2.10730695495284,0.336435889453575,0.0260173405788204,0.00415372193323774,12.34625099,0.781707500457699,0.285461835933918,0.117856696448718,0.0178802479489978
2016-11-11 06:00:00,"C04","elevated","HW","elevated_HW",159.9,181.943666666667,20.4246191978455,21.3666666666667,0.2796027332797,3.427192047372,0.193114973713569,0.0812003193954498,0.00457546508302913,23.69295863,0.942047468821197,0.423330259063229,0.0456180416067837,0.0751279960002131
2016-11-11 06:00:00,"C07","ambient","HW","ambient_HW",202,239.091,17.3522715568542,18.0343333333333,0.170815613503735,3.24149019029235,0.497245614398643,0.0473279088036057,0.00726011609158359,14.6006639,0.682061776479102,0.258186429810595,0.19259169227578,0.0168308931293398
2016-11-11 06:00:00,"C09","ambient","HW","ambient_HW",214,224.845,17.4591123263041,18.1116666666667,0.122285586372441,3.92683019638041,0.562562537630777,0.0673893585703267,0.00965428263273972,17.16126117,0.652554340362599,0.20630281602389,0.272687764749479,0.0144004634750959
2016-11-11 06:00:00,"C10","elevated","HW","elevated_HW",214,112.985666666667,21.2743797302246,20.9056666666667,0.327193355133641,3.7302442562239,0.305284895127165,0.0634020554721029,0.00518885320266971,16.99675708,-0.368713063557898,0.270351820927599,0.11292133860231,0.0330340067023221
2016-11-11 06:00:00,"C12","elevated","HW","elevated_HW",131.6,107.341333333333,19.8420147895813,21.0783333333333,0.25987583421499,3.05910662983564,0.136289862180848,0.0830889842345384,0.00370179519066987,27.16119256,1.236318543752,0.444131717878116,0.0306868112982308,0.0996879929982171
2016-11-11 06:30:00,"C03","ambient","HW","ambient_HW",266.2,338.016666666667,18.4235377311707,19.5893333333333,0.210131507220989,4.75417762790719,0.724069747523116,0.058696270245185,0.00893954683718633,12.34625099,1.1657956021626,0.370667996603667,0.195341856906335,0.0243377313147318
2016-11-11 06:30:00,"C04","elevated","HW","elevated_HW",266.2,194.316666666667,21.8877115249634,22.872,0.249926749869576,7.38252193768132,0.574186683342873,0.174913786854551,0.0136041813343396,23.69295863,0.9842884750366,0.412520273017699,0.13918993099237,0.053039195328619
2016-11-11 06:30:00,"C07","ambient","HW","ambient_HW",282.4,313.88,18.658582687378,19.7403333333333,0.160010760784397,5.30596466871381,0.82389873255765,0.0774706067931651,0.0120294684817102,14.6006639,1.0817506459553,0.310550787774871,0.265302412678123,0.0199996849450112
2016-11-11 06:30:00,"C09","ambient","HW","ambient_HW",292.6,303.446666666667,18.4141035079956,19.7626666666667,0.137032386783008,5.34277484311292,0.874091654906785,0.0916887544551667,0.0150005151763728,17.16126117,1.3485631586711,0.32358014271209,0.270131426354095,0.0197784275425602
2016-11-11 06:30:00,"C10","elevated","HW","elevated_HW",292.6,169.903333333333,21.9412312507629,23.032,0.232632210427636,5.01741427625626,0.125051765233915,0.0852797716232516,0.00212547447610605,16.99675708,1.0907687492371,0.413845217015757,0.0302170376972495,0.166045868775316
2016-11-11 06:30:00,"C12","elevated","HW","elevated_HW",270.9,154.001333333333,22.2553958892822,22.8623333333333,0.251467483227701,8.31202031721147,0.425352225565612,0.225764384398413,0.0115530737044122,27.16119256,0.606937444051098,0.352679682796267,0.120605820611256,0.0689188985662913
2016-11-11 07:00:00,"C03","ambient","HW","ambient_HW",645.8,486.24,19.41854429245,21.451,0.248351648464653,4.7371254294317,0.904762234561739,0.0584857395228753,0.0111704216341725,12.34625099,2.03245570755,0.550926247442075,0.164225654298104,0.0288452218362475
2016-11-11 07:00:00,"C04","elevated","HW","elevated_HW",645.8,182.07,22.452260017395,23.5753333333333,0.283523488896487,5.1104584898221,0.747216434295456,0.121081881579687,0.0177037680654183,23.69295863,1.1230733159383,0.475396933888805,0.157177377687974,0.0325139569383025
2016-11-11 07:00:00,"C07","ambient","HW","ambient_HW",611.5,415.286666666667,19.7855844497681,20.476,0.244213436260447,5.18359073275118,0.799063371329392,0.0756838660840547,0.0116668557195813,14.6006639,0.690415550231901,0.345280857646713,0.231424173577263,0.0223986572043244
2016-11-11 07:00:00,"C09","ambient","HW","ambient_HW",405.7,410.483333333333,19.9291998545329,20.7976666666667,0.282524603266623,6.61665954480271,1.03602557027418,0.113550222521333,0.0177795053902733,17.16126117,0.8684668121338,0.411271704666033,0.251907816297615,0.0262661938881066
2016-11-11 07:00:00,"C10","elevated","HW","elevated_HW",405.7,204.55,23.0876812934875,23.2486666666667,0.344492155854743,4.58380610882377,0.437066090092578,0.0779098389334976,0.00742870616120895,16.99675708,0.160985373179201,0.372218174312018,0.117422017584289,0.0390370239170296
2016-11-11 07:00:00,"C12","elevated","HW","elevated_HW",352.4,182.733666666667,21.0965642929077,23.3893333333333,0.26449290989575,4.45175604396472,0.41678804893562,0.120915003140269,0.0113204604538471,27.16119256,2.2927690404256,0.640643599667613,0.0650577090213441,0.0684278021918078
2016-11-11 07:30:00,"C03","ambient","HW","ambient_HW",276.9,247.29,19.1973552703857,19.7196666666667,0.291047649861707,6.04666114540467,0.992066741176247,0.074653596152647,0.0122483049853933,12.34625099,0.522311396281001,0.364761926614784,0.271976505438284,0.0222322922182584
2016-11-11 07:30:00,"C04","elevated","HW","elevated_HW",276.9,146.303333333333,22.0062327384949,22.4923333333333,0.355014998003537,5.53846166004082,0.554867833664497,0.131222542985188,0.0131464606281307,23.69295863,0.486100594838398,0.434751254874658,0.127628805539496,0.0433950755601711
2016-11-11 07:30:00,"C07","ambient","HW","ambient_HW",406.3,267.163333333333,18.9799180030823,19.807,0.331243188155032,3.97446987341044,0.229364745263291,0.0580298988023415,0.00334887755609843,14.6006639,0.827081996917698,0.447561810399105,0.0512476131640363,0.0775542435642559
2016-11-11 07:30:00,"C09","ambient","HW","ambient_HW",639.9,202.273333333333,17.9301017125448,20.0196666666667,0.332670305408206,4.08729047368235,0.271398657450428,0.0701430592965158,0.00465754324169416,17.16126117,2.0895649541219,0.6200102017695,0.0437732567425278,0.0933741461761366
2016-11-11 07:30:00,"C10","elevated","HW","elevated_HW",639.9,130.486666666667,22.232684135437,22.5643333333333,0.448491403087764,3.66019341057841,-0.0633534257142036,0.0622114182654178,-0.00107680278705014,16.99675708,0.331649197896297,0.503325864235989,-0.0125869601019549,-0.290792485312633
2016-11-11 07:30:00,"C12","elevated","HW","elevated_HW",328.9,83.0516666666667,22.7308893203735,22.4853333333333,0.372252112502918,6.84684039604519,0.458396487741012,0.18596835042457,0.0124505952723613,27.16119256,-0.245555987040198,0.33119745625425,0.138405799647542,0.0494693171346941
2016-11-11 08:00:00,"C03","ambient","HW","ambient_HW",969.3,608.32,21.0182590484619,22.118,0.435920442147691,7.12475534622684,1.26072709645242,0.0879640177468609,0.0155652531626956,12.34625099,1.0997409515381,0.609884617640014,0.206715673750041,0.0344664495777036
2016-11-11 08:00:00,"C04","elevated","HW","elevated_HW",969.3,170.746666666667,24.252806186676,24.5696666666667,0.501972327018004,7.38495734989759,0.802296700944465,0.174971488975438,0.0190087825444627,23.69295863,0.316860479990698,0.560232928952837,0.143207701561578,0.0515681577832051
2016-11-11 08:00:00,"C07","ambient","HW","ambient_HW",517.6,593.253333333333,20.378547668457,21.6416666666667,0.443097664346149,5.87923072880313,0.59927383495933,0.0858406718618065,0.00874979584830524,14.6006639,1.2631189982097,0.637016172655318,0.0940751366580437,0.0624950538224962
2016-11-11 08:00:00,"C09","ambient","HW","ambient_HW",303.6,471.15,18.5423860549927,21.7596666666667,0.363830453101276,6.35790329358636,0.890744413794763,0.109109638914839,0.0152862975208505,17.16126117,3.217280611674,0.835796792127506,0.106574280038499,0.0596570137869062
2016-11-11 08:00:00,"C10","elevated","HW","elevated_HW",303.6,290.833333333333,22.7607545852661,24.557,0.503383248981428,4.51174583049809,0.0990555590160079,0.0766850478876789,0.00168362327401869,16.99675708,1.7962454147339,0.820960153949186,0.0120658181203444,0.373927883339362
2016-11-11 08:00:00,"C12","elevated","HW","elevated_HW",650.7,149.271333333333,23.3791127204895,24.6056666666667,0.478568254368603,6.64723787330401,0.449070363981475,0.180546907868935,0.0121972866290901,27.16119256,1.2265539461772,0.699223653420159,0.0642241379828768,0.103500616467227
2016-11-11 08:30:00,"C03","ambient","HW","ambient_HW",647.1,625.786666666667,20.3167123794556,22.029,0.511501834306435,4.24843056004872,0.806728664399297,0.0524521900079478,0.0099600745715012,12.34625099,1.7122876205444,0.776725262147868,0.103862807573486,0.040904253017066
2016-11-11 08:30:00,"C04","elevated","HW","elevated_HW",647.1,261.503333333333,23.4069304466248,24.5193333333333,0.594656051568675,4.81371019276067,0.566401444275843,0.114051036453888,0.0134197259871998,23.69295863,1.1124028867085,0.79446331531291,0.0712935932167942,0.0675195340221221
2016-11-11 08:30:00,"C07","ambient","HW","ambient_HW",923.8,607.323333333333,21.77321767807,22.2376666666667,0.516319290140042,4.65181156800305,0.940079030387976,0.0679195372305445,0.0137257779621327,14.6006639,0.4644489885967,0.591519605490627,0.158926098418706,0.029270281056969
2016-11-11 08:30:00,"C09","ambient","HW","ambient_HW",1031.9,569.143333333333,21.7294031778971,22.1513333333333,0.500042094856027,6.13543603088304,1.34167561831576,0.105291820117812,0.0230248456913379,17.16126117,0.4219301554362,0.568120849321968,0.236160250044863,0.0259799692357943
2016-11-11 08:30:00,"C10","elevated","HW","elevated_HW",1031.9,289.68,25.0944256782531,24.3546666666667,0.614710479247974,4.61268981485225,0.84621217269626,0.0784007682684338,0.0143828627374573,16.99675708,-0.739759011586401,0.47643994637909,0.177611507835859,0.0259706697558983
2016-11-11 08:30:00,"C12","elevated","HW","elevated_HW",397.4,143.967666666667,23.1627101898194,24.719,0.546806709817851,5.29723875892803,0.388902769572834,0.143879321967539,0.010563063011485,27.16119256,1.5562898101806,0.826049131367518,0.0470798593939574,0.11251602759901
2016-11-11 09:00:00,"C03","ambient","HW","ambient_HW",1001.9,1077.11666666667,22.4233508110046,24.1276666666667,0.642546556075119,10.5421787666797,1.44413162658669,0.130156385034876,0.0178296115244362,12.34625099,1.7043158556621,0.937829268378006,0.153986623715033,0.068461652787381
2016-11-11 09:00:00,"C04","elevated","HW","elevated_HW",1001.9,334.87,25.1174139976502,26.625,0.8096297406784,8.56079237616495,0.957624036428689,0.202830499608496,0.0226889466781985,23.69295863,1.5075860023498,1.10876972463511,0.086368162401245,0.099119769810473
2016-11-11 09:00:00,"C07","ambient","HW","ambient_HW",1037,1029.18333333333,21.0849628448487,23.9273333333333,0.628048953574275,6.93216485028965,0.440261942615802,0.101214209078473,0.00642811665209441,14.6006639,2.8423704884846,1.10107676705814,0.0399846728027959,0.173370553373765
2016-11-11 09:00:00,"C09","ambient","HW","ambient_HW",1733.4,950.743333333333,22.5607727368673,23.9673333333333,0.772218882843982,7.7591960069518,0.968073966684845,0.133157589144521,0.0166133701741565,17.16126117,1.406560596466,1.01574410707596,0.0953068750230462,0.0814127627736776
2016-11-11 09:00:00,"C10","elevated","HW","elevated_HW",1733.4,870.523333333333,25.7076840400696,26.5786666666667,1.05793102509029,5.74667718715511,-0.0655760331958786,0.097674876167253,-0.00111457990650036,16.99675708,0.870982626597097,1.23317528249459,-0.00531765711872075,-1.08067840006532
2016-11-11 09:00:00,"C12","elevated","HW","elevated_HW",1631.5,146.076666666667,26.2086801528931,26.4806666666667,0.836354265124512,8.90597072468058,0.605296308488548,0.241896785786772,0.0164405695907146,27.16119256,0.271986513773602,0.891646937980875,0.0678852001509964,0.131191639781147
2016-11-11 09:30:00,"C03","ambient","HW","ambient_HW",1260,1199.87666666667,23.1645421981812,25.0256666666667,0.924721277418009,10.5799289802599,1.38135818012648,0.130622458646663,0.0170545947989312,12.34625099,1.8611244684855,1.26140947727925,0.109509101129155,0.0966123260182907
2016-11-11 09:30:00,"C04","elevated","HW","elevated_HW",1260,514.34,26.1800708770752,27.1063333333333,1.09675287587148,8.38750060051747,1.22998365860913,0.198724704737161,0.0291419519390022,23.69295863,0.926262456258101,1.28798458918166,0.0954967682797058,0.0878302035933913
2016-11-11 09:30:00,"C07","ambient","HW","ambient_HW",1460.4,1128.47666666667,23.5569109916687,25.009,1.00949142245579,7.84259843088424,0.84482410252291,0.114507143792008,0.0123349927755561,14.6006639,1.4520890083313,1.27474829248894,0.0662737975411127,0.118336336861021
2016-11-11 09:30:00,"C09","ambient","HW","ambient_HW",1086.5,568.52,23.4192756017049,25.0096666666667,0.961529502454141,7.9533321642074,1.29867683226536,0.136489210441725,0.0222869322939341,17.16126117,1.5903910649618,1.25102122205455,0.103809336673965,0.0766148057489904
2016-11-11 09:30:00,"C10","elevated","HW","elevated_HW",1086.5,1147.74,26.1300363540649,27.868,1.19059418473332,5.76038711161514,0.611373340466473,0.0979079004228854,0.0103913641530968,16.99675708,1.7379636459351,1.55609388257296,0.0392889752548595,0.146615865500403
2016-11-11 09:30:00,"C12","elevated","HW","elevated_HW",1583.7,187.95,26.8054776191711,27.7696666666667,1.21730152753323,9.04500884795176,0.974246770286582,0.245673227026121,0.0264617041287119,27.16119256,0.964189047495601,1.42305253345066,0.0684617572005021,0.132117684643441
2016-11-11 10:00:00,"C03","ambient","HW","ambient_HW",1324.7,1309.50333333333,24.2078433036804,25.221,1.10815347626485,9.06122039022448,1.46058016955573,0.111872101213417,0.0180326893643518,12.34625099,1.0131566963196,1.29743419922978,0.112574508242715,0.0804908725045296
2016-11-11 10:00:00,"C04","elevated","HW","elevated_HW",1324.7,953.576666666667,27.2581114768982,27.4913333333333,1.35665245216607,6.87660010942715,1.12087633284744,0.162927001907711,0.0265568765835006,23.69295863,0.233221856435101,1.4066385685861,0.0796847433220963,0.0862975749527237
2016-11-11 10:00:00,"C07","ambient","HW","ambient_HW",1351,1033.87,23.4642729759216,25.3403333333333,0.987291687475266,6.01664900677482,0.919580386614231,0.087847069952188,0.0134264841539865,14.6006639,1.8760603574117,1.33219231426529,0.0690276003522348,0.0871629460690071
2016-11-11 10:00:00,"C09","ambient","HW","ambient_HW",1880.7,1153.99666666667,24.2783012390137,25.1953333333333,1.093124785605,7.25084084547188,1.1966107701111,0.124433573451247,0.0205353499447114,17.16126117,0.917032094319598,1.26464464290038,0.0946203170059496,0.0766309084022193
2016-11-11 10:00:00,"C10","elevated","HW","elevated_HW",1880.7,776.916666666667,27.3822269439697,28.0196666666667,1.38352416225956,5.06088792177331,0.761998262662047,0.086018682615487,0.0129514993658488,16.99675708,0.637439722697,1.52244445622012,0.0500509729303304,0.101114676208551
2016-11-11 10:00:00,"C12","elevated","HW","elevated_HW",1308.1,466.56,26.3574104309082,27.9526666666667,1.24878160193901,6.79489647914326,1.01283390879062,0.184557491695276,0.0275097768279594,27.16119256,1.5952562357585,1.58694703291573,0.0638227923038943,0.106465045383617
2016-11-11 10:30:00,"C03","ambient","HW","ambient_HW",1780,1415.92666666667,25.1532406806946,27.0613333333333,1.2291328676474,10.4346934638571,1.7682762979745,0.128829344508492,0.0218315829944613,12.34625099,1.9080926526387,1.61243963876794,0.109664650723027,0.0951509296301077
2016-11-11 10:30:00,"C04","elevated","HW","elevated_HW",1762.6,503.783333333333,28.3746185302734,28.9333333333333,1.45807913912744,7.21685053977879,1.62592251420676,0.170988541277872,0.0385229148646864,23.69295863,0.558714803059903,1.58588010988137,0.102524932627372,0.0703911756373305
2016-11-11 10:30:00,"C07","ambient","HW","ambient_HW",1336.8,880.303333333333,24.5228772163392,26.829,1.15655462299949,7.30775180584395,1.26563360044502,0.106698027981745,0.0184790908206447,14.6006639,2.3061227836608,1.60967047504141,0.0786268755045942,0.0929421620653991
2016-11-11 10:30:00,"C09","ambient","HW","ambient_HW",1793.8,817.816666666667,24.9595049222311,26.752,1.1919009046229,7.75646465048711,1.52012658477377,0.133110715622882,0.0260872893327628,17.16126117,1.7924950777689,1.54732066637617,0.0982425051126544,0.0789522278731878
2016-11-11 10:30:00,"C10","elevated","HW","elevated_HW",1793.8,549.92,27.9529128074646,29.859,1.50140639074285,5.18047896934885,0.936473992133878,0.0880513426000711,0.0159170209560374,16.99675708,1.9060871925354,1.94312648869083,0.0481941858949605,0.107491782943273
2016-11-11 10:30:00,"C12","elevated","HW","elevated_HW",1880.1,289.293333333333,27.8740720748902,29.5963333333333,1.45772875697593,7.85392303476812,1.42437168069555,0.213321915898756,0.0386876334963826,27.16119256,1.7222612584431,1.85339656402712,0.0768519651078141,0.102195474426061
2016-11-11 11:00:00,"C03","ambient","HW","ambient_HW",1891.7,1398.52333333333,25.8446426391601,27.6623333333333,1.38839667419872,10.2834229556015,1.89280043325314,0.126961720846184,0.0233689892229241,12.34625099,1.8176906941732,1.76588705566969,0.107186947612305,0.095939134238589
2016-11-11 11:00:00,"C04","elevated","HW","elevated_HW",1891.7,763.963333333333,28.8304471969604,29.537,1.66068705193736,6.96810771668226,1.52648415866804,0.165095087860737,0.0361669260206723,23.69295863,0.7065528030396,1.82668845516955,0.0835656542498024,0.0833848281239148
2016-11-11 11:00:00,"C07","ambient","HW","ambient_HW",1899.4,434.85,26.0007643699646,27.7993333333333,1.41848531001022,6.79923344442878,1.2965784464571,0.0992733222997439,0.0189309061167043,14.6006639,1.7985689633687,1.79482300664245,0.0722399056429855,0.0941201872276944
2016-11-11 11:00:00,"C09","ambient","HW","ambient_HW",1888.8,798.934482758621,24.2406608263652,27.4533333333333,1.22632326230149,7.0589370429933,1.40093437551123,0.121140262177395,0.0240418007001791,17.16126117,3.2126725069681,1.86347678536837,0.0751785257810065,0.0938956566341277
2016-11-11 11:00:00,"C10","elevated","HW","elevated_HW",1888.8,238.853333333333,29.1127285957336,30.6493333333333,1.75152340133314,4.84082331868752,0.858212022047667,0.0822782980149313,0.0145868212618798,16.99675708,1.5366047375997,2.12547562680795,0.0403774106474482,0.119889394616082
2016-11-11 11:00:00,"C12","elevated","HW","elevated_HW",1823.8,331.153333333333,28.6673679351806,30.2556666666667,1.62886330106566,7.44698799763356,1.4162942441921,0.202269074995734,0.0384682406881213,27.16119256,1.5882987314861,2.0073485389154,0.0705554723923204,0.105547985792299
2016-11-11 11:30:00,"C03","ambient","HW","ambient_HW",1895.4,1737.66666666667,26.2138867378235,27.8276666666667,1.50186219740143,9.84426110424384,1.88517287305894,0.121539718404089,0.0232748174503251,12.34625099,1.6137799288432,1.84161131390639,0.102365404622768,0.0961678522204007
2016-11-11 11:30:00,"C04","elevated","HW","elevated_HW",1895.4,1135.53333333333,29.1830477714539,29.879,1.80151171806029,6.19478219001522,1.50954941024455,0.146772718149892,0.035765691726865,23.69295863,0.695952228546101,1.9679046214058,0.0767084641107342,0.0807574791364953
2016-11-11 11:30:00,"C07","ambient","HW","ambient_HW",1899.9,998.193333333333,26.5684633255005,28.4603333333333,1.55885743971903,6.59132917326804,1.34162388916663,0.0962377819131515,0.0195885994859328,14.6006639,1.8918700078328,1.96737490238941,0.0681936059841571,0.0966561172142642
2016-11-11 11:30:00,"C09","ambient","HW","ambient_HW",1894.5,1645.9,24.9096320470174,27.928,1.35288427967923,6.72567025278918,1.48191362549102,0.115420983751415,0.0254315067584329,17.16126117,3.0183679529826,1.96936228245714,0.0752484009007251,0.0893795771376235
2016-11-11 11:30:00,"C10","elevated","HW","elevated_HW",1894.5,604.286666666667,29.541732788086,31.3633333333333,1.89577254643477,4.42793715867626,0.919447018001439,0.0752605722515258,0.0156276176129008,16.99675708,1.8216005452473,2.35196760495978,0.0390926735581956,0.113267698411176
2016-11-11 11:30:00,"C12","elevated","HW","elevated_HW",1889,582.126666666667,29.2092018127441,30.821,1.78314939306962,6.75315612372484,1.37174736080627,0.183423773864234,0.037258294210531,27.16119256,1.6117981872559,2.17805139265198,0.0629804863849442,0.107226166569257
2016-11-11 12:00:00,"C03","ambient","HW","ambient_HW",1889.4,1498.24333333333,27.2592306137085,28.5293333333333,1.73932284483895,9.56369097485127,1.9376731240371,0.118075729166311,0.0239229987259394,12.34625099,1.2701027196248,2.01889278593206,0.0959770195593888,0.0996456341190449
2016-11-11 12:00:00,"C04","elevated","HW","elevated_HW",1889.4,1104.01333333333,30.1022295951844,30.7966666666667,2.05314035167904,6.22577570288616,1.46406871380687,0.147507046168141,0.0346881194677034,23.69295863,0.694437071482298,2.22698290429632,0.0657422520389524,0.0946997632389803
2016-11-11 12:00:00,"C07","ambient","HW","ambient_HW",1886.5,1515.6,27.297429561615,29.243,1.76094394656501,6.68262295797224,1.39086764834724,0.0975707317797765,0.0203075910629014,14.6006639,1.945570438385,2.19754208339556,0.0632919687343653,0.105584058950971
2016-11-11 12:00:00,"C09","ambient","HW","ambient_HW",1890.2,1028.93666666667,27.5271476109823,28.6053333333333,1.64690862531792,6.65765262100947,1.54727788731972,0.114253715408279,0.0265532399268595,17.16126117,1.078185722351,1.88630974155813,0.0820267134941281,0.0811644443305175
2016-11-11 12:00:00,"C10","elevated","HW","elevated_HW",1890.2,241.486666666667,30.614209651947,32.2896666666667,2.15737096465697,4.33139825832717,0.976945842857592,0.0736197240135219,0.0166049111713664,16.99675708,1.6754570147197,2.59830509043834,0.0375993506864423,0.115198751554212
2016-11-11 12:00:00,"C12","elevated","HW","elevated_HW",1889.6,803.366666666667,30.366226196289,31.5303333333333,2.05859479302168,6.35627372325111,1.27518919249639,0.172643974561291,0.0346356592078254,27.16119256,1.1641071370443,2.35736245404597,0.0540938959262616,0.117504454327263
2016-11-11 12:30:00,"C03","ambient","HW","ambient_HW",1835.5,1699.66666666667,28.1972208023072,29.5646666666667,1.90349042492329,9.72369977391647,2.17699324658982,0.120051237960179,0.0268777050259329,12.34625099,1.3674458643595,2.21993486387336,0.098065636159765,0.0991550165245955
2016-11-11 12:30:00,"C04","elevated","HW","elevated_HW",1835.5,1613.03333333333,31.0026412010193,31.9136666666667,2.22933297739072,6.02508852396996,1.70008419676052,0.142752173140508,0.0402800245413638,23.69295863,0.911025465647398,2.46912286999913,0.068853770600777,0.0875055711749499
2016-11-11 12:30:00,"C07","ambient","HW","ambient_HW",1890.5,1652.36666666667,27.9998168945312,29.648,1.85158121542455,6.64084956113135,1.75528146577585,0.0969608124525413,0.0256282747316926,14.6006639,1.6481831054688,2.2319234043878,0.0786443415721655,0.0844415431342582
2016-11-11 12:30:00,"C09","ambient","HW","ambient_HW",1798.2,1506.55666666667,28.1956373850504,29.532,1.74797874471786,6.87860357693027,1.74636174812594,0.118045512468597,0.0299697700568871,17.16126117,1.3363626149496,2.05696043753514,0.0849001135976447,0.0810199572821431
2016-11-11 12:30:00,"C10","elevated","HW","elevated_HW",1798.2,476.9,31.3453111648559,33.2376666666667,2.27779215184696,3.82808995828265,1.03089160365252,0.0650651151013175,0.0175218141630935,16.99675708,1.8923555018108,2.79689587514387,0.0368584191072002,0.103859309514847
2016-11-11 12:30:00,"C12","elevated","HW","elevated_HW",1867.5,631.033333333333,31.259407043457,32.287,2.27821043428508,6.1701969964328,1.37333273198664,0.167589908753245,0.0373013547824401,27.16119256,1.027592956543,2.55293150879183,0.0537943429840218,0.114699737075802
2016-11-11 13:00:00,"C03","ambient","HW","ambient_HW",1740.2,1650.63,28.1718368530274,29.901,1.87061761850734,9.86909566904629,2.38498242034297,0.121846332174368,0.0294455915682919,12.34625099,1.7291631469726,2.2739607162438,0.104882305279335,0.094096860693153
2016-11-11 13:00:00,"C04","elevated","HW","elevated_HW",1740.2,1313.72,31.4460043907166,32.4066666666667,2.28150938172478,6.02928714805102,1.95843011912377,0.142851650967164,0.0464010037921454,23.69295863,0.960662275950103,2.54028143783548,0.0770950056932474,0.0782059368675696
2016-11-11 13:00:00,"C07","ambient","HW","ambient_HW",1862.8,945.626666666667,28.9302482604981,30.0063333333333,2.00768942591539,6.68630528074772,1.87450394158653,0.0976244961369926,0.0273690020303302,14.6006639,1.0760850728352,2.26417248816925,0.0827898029580868,0.0807624253452171
2016-11-11 13:00:00,"C09","ambient","HW","ambient_HW",1784.9,1073.56,28.6085093816122,30.162,1.80194020385376,6.89862241082574,1.96642499051846,0.118389060905395,0.0337463328335021,17.16126117,1.5534906183878,2.17071034170991,0.0905890091705866,0.0761529734565819
2016-11-11 13:00:00,"C10","elevated","HW","elevated_HW",1784.9,1077.87666666667,31.6373844146728,33.5946666666667,2.20228828618624,3.76326421752068,1.31495657791462,0.0639632877330553,0.022349997525563,16.99675708,1.9572822519939,2.74783685906486,0.0478542448244952,0.0786401338339451
2016-11-11 13:00:00,"C12","elevated","HW","elevated_HW",1747.9,970.45,31.3625144958496,32.593,2.28938407204364,6.22160262640145,1.63581974490583,0.168986146967492,0.0444308150848372,27.16119256,1.2304855041504,2.62169586193636,0.0623954810569686,0.0997123913624606
2016-11-11 13:30:00,"C03","ambient","HW","ambient_HW",1461.9,1377.26666666667,28.2613835334778,29.9656666666667,1.74759851028682,9.85489023798135,2.54883555758275,0.121670948357018,0.0314685635261533,12.34625099,1.7042831331889,2.14668369154264,0.118733634006001,0.0829999883393045
2016-11-11 13:30:00,"C04","elevated","HW","elevated_HW",1461.9,1048.45172413793,31.1582350730896,32.628,2.06319486198368,5.3666989165488,2.08404391237076,0.127152975409456,0.0493771661989038,23.69295863,1.4697649269104,2.45849680040345,0.0847690308984237,0.063309664622444
2016-11-11 13:30:00,"C07","ambient","HW","ambient_HW",1725.3,1108.4,28.3006439208985,30.1646666666667,1.77059545833783,6.64772124761049,2.04111440039076,0.0970611436372495,0.0298016253415555,14.6006639,1.8640227457682,2.20973628718288,0.0923691398032346,0.0719690717242957
2016-11-11 13:30:00,"C09","ambient","HW","ambient_HW",1553.6,879.026666666667,28.5139573415121,30.17,1.70262551100183,7.05242301955023,2.01251560788155,0.121028473319822,0.0345373059555566,17.16126117,1.6560426584879,2.09489615839971,0.0960675592349605,0.0734110773263379
2016-11-11 13:30:00,"C10","elevated","HW","elevated_HW",1553.6,1027.83666666667,31.7903933525085,33.5956666666667,2.21255448069713,3.4050759394892,0.826742032941883,0.0578752485824507,0.0140519335017385,16.99675708,1.8052733141582,2.71761249508576,0.0304216305465505,0.111929435678302
2016-11-11 13:30:00,"C12","elevated","HW","elevated_HW",1769.2,263.083333333333,31.9290432929993,32.5616666666667,2.16400739298091,5.88836487176937,1.75749751102738,0.159935012145667,0.0477357283207355,27.16119256,0.632623373667403,2.33710643720808,0.0751997206052325,0.078303015282209
2016-11-11 14:00:00,"C03","ambient","HW","ambient_HW",1600.8,1048.28666666667,28.0874538421631,29.548,1.701284667296,9.78872324658783,2.44359190102405,0.120854034074021,0.0301691989271742,12.34625099,1.4605461578369,2.0382040424917,0.11988946396342,0.0816479023509066
2016-11-11 14:00:00,"C04","elevated","HW","elevated_HW",1600.8,878.323333333333,31.2126870155334,32.5306666666667,2.05599323948614,5.71267506760923,2.07271514473695,0.135350174043498,0.049108754176027,23.69295863,1.3179796511333,2.41008425286537,0.0860017711942096,0.0664250862311759
2016-11-11 14:00:00,"C07","ambient","HW","ambient_HW",1661.9,1115.00666666667,28.2009382247925,29.898,1.71172354190053,6.73592018790307,2.08338081184487,0.0983489067207976,0.0304187430094561,14.6006639,1.6970617752075,2.10783545725684,0.0988398218974932,0.0681498616507919
2016-11-11 14:00:00,"C09","ambient","HW","ambient_HW",1566.6,1437.32333333333,27.9062328338623,30.1823333333333,1.59503371715367,6.92993149014759,2.11430003602876,0.11892636419263,0.0362840551100299,17.16126117,2.276100499471,2.12626946607606,0.0994370689962742,0.0696916306976752
2016-11-11 14:00:00,"C10","elevated","HW","elevated_HW",1566.6,911.67,31.2280731201172,33.583,2.0047678233743,3.40439189877383,1.15647760037805,0.0578636221085788,0.019656368842087,16.99675708,2.3549268798828,2.65450014939725,0.0435666805534235,0.0781420997773564
2016-11-11 14:00:00,"C12","elevated","HW","elevated_HW",1470,164.436666666667,31.1662802696228,32.2546666666667,2.02509874628921,6.03079096903717,1.75025991105526,0.163803474799127,0.0475391464742203,27.16119256,1.0883863970439,2.31517599155429,0.0755994325027629,0.0797729661372361
2016-11-11 14:30:00,"C03","ambient","HW","ambient_HW",828.4,744.656666666667,27.5436601638794,27.3463333333333,1.50820425542074,6.18584136678293,1.97174610550134,0.0763719500986267,0.0243436723070746,12.34625099,-0.197326830546103,1.46575937994563,0.134520449432463,0.0459843941414169
2016-11-11 14:30:00,"C04","elevated","HW","elevated_HW",828.4,846.61,30.3984227180481,31.1776666666667,1.9136845810979,4.55688426420676,1.52448229326344,0.107966070353549,0.0361194959064583,23.69295863,0.7792439486186,2.11207759367255,0.0721792749390716,0.0631328628342879
2016-11-11 14:30:00,"C07","ambient","HW","ambient_HW",834.6,552.4,27.2493071556092,28.596,1.53317352574955,5.06345360912357,1.6957259960778,0.0739297843200552,0.0247587253352246,14.6006639,1.3466928443908,1.83003594074752,0.0926608029012338,0.0546450435414493
2016-11-11 14:30:00,"C09","ambient","HW","ambient_HW",1110.8,835.136666666667,27.3810768127442,28.7416666666667,1.47780659061553,5.10126813118411,1.56630289657924,0.0875441946974484,0.0268797330795239,17.16126117,1.3605898539225,1.7798570413161,0.0880016125014764,0.0579678938394285
2016-11-11 14:30:00,"C10","elevated","HW","elevated_HW",1110.8,555.173333333333,30.5197215080261,31.9513333333333,1.83457218044608,2.63987503773724,0.811664207505809,0.0448693147379757,0.0137956593655069,16.99675708,1.4316118253072,2.20729218129669,0.036771942309377,0.0717904704496411
2016-11-11 14:30:00,"C12","elevated","HW","elevated_HW",1270,134.163333333333,30.8409552574158,31.1753333333333,1.84169269549931,5.09446645365444,1.60673551975632,0.138371784338168,0.043640852845093,27.16119256,0.334378075917499,1.92775701573935,0.0833474087573268,0.0611232734119836
2016-11-11 15:00:00,"C03","ambient","HW","ambient_HW",1132.6,252.536666666667,27.1137537956238,26.571,1.37419123524963,2.73248044256768,0.758018190898408,0.0337358893692068,0.00935868283981748,12.34625099,-0.542753795623799,1.2609903365788,0.0601129262381973,0.0454557881900514
2016-11-11 15:00:00,"C04","elevated","HW","elevated_HW",1132.6,794.696666666667,30.4312596321105,31.5386666666667,1.85292651794336,5.44933547384962,1.76766320851236,0.12911087994291,0.0418811712710564,23.69295863,1.1074070345562,2.13765733168623,0.0826916074110901,0.0658994986850236
2016-11-11 15:00:00,"C07","ambient","HW","ambient_HW",1138.9,342.773333333333,27.2446627616882,28.7163333333333,1.52841834225529,6.53046700083488,1.77786830988335,0.0953491537892311,0.0259580576510679,14.6006639,1.4716705716451,1.85379717618521,0.0959041438147994,0.0680936896057992
2016-11-11 15:00:00,"C09","ambient","HW","ambient_HW",1099,1077.43333333333,26.9303495089213,29.116,1.43295548662897,6.69226219076613,1.77511631627638,0.114847659273854,0.0304632347107473,17.16126117,2.1856504910787,1.91735644157952,0.0925814458794129,0.0722851336701177
2016-11-11 15:00:00,"C10","elevated","HW","elevated_HW",1099,779.94,29.9187159538269,32.3616666666667,1.75166139095944,2.96715064970887,0.564003694526919,0.0504319388128658,0.00958623378809656,16.99675708,2.4429507128398,2.38489756269097,0.0236489693876216,0.125466382956289
2016-11-11 15:00:00,"C12","elevated","HW","elevated_HW",1205.2,152.066666666667,30.5290222167969,31.5573333333333,1.92793842931578,5.85368645977237,1.17058690371057,0.158993105119742,0.0317945362998968,27.16119256,1.0283111165364,2.1930940376587,0.0533760469733558,0.109668789498301
2016-11-11 15:30:00,"C03","ambient","HW","ambient_HW",989.4,252.983333333333,26.3961157798768,26.3313333333333,1.21701403049621,2.13862825100657,0.431373982866748,0.0264040411612318,0.00532585146302883,12.34625099,-0.0647824465435001,1.20383142916485,0.0358334208939877,0.0596825030279316
2016-11-11 15:30:00,"C04","elevated","HW","elevated_HW",989.4,873.93,29.4354462623597,30.4723333333333,1.68919798209703,5.74726762393651,1.66285075348834,0.136169774049466,0.0393978541102636,23.69295863,1.0368870709736,1.94243149537879,0.0856066614160861,0.0671357523920044
2016-11-11 15:30:00,"C07","ambient","HW","ambient_HW",946.8,375.263333333333,26.4705877304077,27.694,1.42777124386957,6.06180463280795,1.72957187741174,0.0885063720710917,0.0252528976729808,14.6006639,1.2234122695923,1.68612306693722,0.102576846929296,0.0590952521380018
2016-11-11 15:30:00,"C09","ambient","HW","ambient_HW",824.5,362.28,26.3291853268941,28.2696666666667,1.36925392428828,6.45127002783208,1.65123998632705,0.11071192982582,0.0283373606597058,17.16126117,1.9404813397726,1.78369785103926,0.0925739740822678,0.0696877291029876
2016-11-11 15:30:00,"C10","elevated","HW","elevated_HW",824.5,318.846666666667,29.0728039741517,30.9966666666667,1.63731606539468,2.99700486068391,0.782003479288571,0.0509393635846237,0.0132915231731827,16.99675708,1.923862692515,2.10918518372501,0.0370760939021713,0.0808338890442931
2016-11-11 15:30:00,"C12","elevated","HW","elevated_HW",1001.3,102.796666666667,29.4628710746765,30.617,1.69862198204142,5.7725700543852,1.45653356916403,0.156789886813246,0.0395611887421684,27.16119256,1.1541289253235,1.98171194259544,0.07349875316674,0.0785397004121892
2016-11-11 16:00:00,"C03","ambient","HW","ambient_HW",424.6,206.503333333333,25.7769527435303,25.5626666666667,1.16042996965912,1.96527246912672,0.332298694378838,0.0242637471675755,0.00410264308445043,12.34625099,-0.214286076863598,1.11836055165922,0.0297130199993048,0.0661417947139909
2016-11-11 16:00:00,"C04","elevated","HW","elevated_HW",424.6,682.696666666667,28.4492297172546,28.7353333333333,1.42556817419975,4.20990428666225,1.11102357183475,0.0997450881001485,0.0263234355244355,23.69295863,0.286103616078702,1.49080643068531,0.0745250053237309,0.0564898220184587
2016-11-11 16:00:00,"C07","ambient","HW","ambient_HW",411.1,605.123333333333,25.7510137557983,26.698,1.29668259681597,5.17753661137926,1.61452768615267,0.0755954718926935,0.0235731761027598,14.6006639,0.9469862442017,1.48802285366222,0.108501538278065,0.0477185549029765
2016-11-11 16:00:00,"C09","ambient","HW","ambient_HW",355.1,178.926666666667,25.5290069580078,27.525,1.2472911369285,5.8953834125617,1.43071401063225,0.101172214440257,0.0245528567960382,17.16126117,1.9959930419922,1.65703789110507,0.0863416593134218,0.0682797094640184
2016-11-11 16:00:00,"C10","elevated","HW","elevated_HW",355.1,206.693333333333,28.5563983917237,29.5103333333333,1.49719702973258,2.74867531707268,0.696239442530084,0.0467185666560763,0.0118338126741984,16.99675708,0.953934941609599,1.71963548970174,0.0404876176782581,0.067889282568204
2016-11-11 16:00:00,"C12","elevated","HW","elevated_HW",467.7,96.4466666666667,28.9128370285034,29.8163333333333,1.57606875635822,5.56427228749804,1.27978173550994,0.151132271057006,0.0347603981529565,27.16119256,0.903496304829901,1.79028891568287,0.0714846483324056,0.0778387026767484
2016-11-11 16:30:00,"C03","ambient","HW","ambient_HW",313.2,148.373333333333,24.821786403656,24.5746666666667,1.06307705418335,1.69292977483581,0.3135245829377,0.0209013359085672,0.00387085319248392,12.34625099,-0.247119736989298,1.01695277221486,0.0308298075882977,0.0549121096519074
2016-11-11 16:30:00,"C04","elevated","HW","elevated_HW",313.2,99.0366666666667,27.2322463989258,26.766,1.2231429221631,1.89239523736666,0.344662751305833,0.0448364420705373,0.00816608030799108,23.69295863,-0.466246398925801,1.12511457782117,0.0306335690693198,0.0617752124502508
2016-11-11 16:30:00,"C07","ambient","HW","ambient_HW",221.1,508.806666666667,24.3202486038208,24.74,1.10033922948375,4.07734764390996,1.2481071196901,0.0595319825521863,0.0182231925657923,14.6006639,0.419751396179198,1.17800036495145,0.105951335570388,0.0384832113909618
2016-11-11 16:30:00,"C09","ambient","HW","ambient_HW",241.5,141.806666666667,24.3295138449896,25.0086666666667,1.0156492938094,3.30536719192846,1.02371584320211,0.0567242696434338,0.0175682549490583,17.16126117,0.6791528216771,1.14222357420075,0.0896248218233836,0.0368800419870522
2016-11-11 16:30:00,"C10","elevated","HW","elevated_HW",241.5,273.436666666667,27.3523502349854,27.8886666666667,1.2890481367603,2.51100737340656,0.565367368612213,0.0426789823518802,0.0096094118252606,16.99675708,0.5363164316813,1.40545039179427,0.0402267751258324,0.0624212944127869
2016-11-11 16:30:00,"C12","elevated","HW","elevated_HW",320.8,97.4441379310345,27.7829256057739,28.294,1.35252799644131,5.18248740691241,1.13474259772122,0.140762538398923,0.0308209622027407,27.16119256,0.5110743942261,1.46583790271266,0.077412556710485,0.0669463408409876
2016-11-11 17:00:00,"C03","ambient","HW","ambient_HW",312.7,77.369,24.1297335624695,23.6376666666667,0.891340990316665,0.808985161303754,0.524465229442032,0.00998793384864178,0.00647517935821927,12.34625099,-0.4920668958028,0.803333768268014,0.0652860927996066,0.0123913857701196
2016-11-11 17:00:00,"C04","elevated","HW","elevated_HW",312.7,68.8596666666667,26.8302421569824,26.357,1.11430996237534,1.03517523591226,0.323980155871232,0.0245263640392697,0.00767604842999805,23.69295863,-0.473242156982401,1.01686119601465,0.0318608043202944,0.032490555652824
2016-11-11 17:00:00,"C07","ambient","HW","ambient_HW",276.5,149.385,23.6123514175415,23.5066666666667,0.978063213847087,1.33398646981884,0.809442742040538,0.0194770880929724,0.0118184014228283,14.6006639,-0.105684750874801,0.959481522375134,0.0843625148754106,0.0158125498248709
2016-11-11 17:00:00,"C09","ambient","HW","ambient_HW",204.1,79.2803333333333,23.6049423217774,23.6623333333333,0.78277713467639,1.17157014723764,0.626118638732258,0.0201056212757205,0.0107449854826892,17.16126117,0.0573910115559002,0.792907214535683,0.0789649314893554,0.0148365879022585
2016-11-11 17:00:00,"C10","elevated","HW","elevated_HW",204.1,259.901,26.0678491592408,26.2863333333333,1.09304566154157,1.77823391050879,0.314972241405883,0.0302242098083363,0.00535350667411891,16.99675708,0.218484174092499,1.13707940498379,0.0277001095987991,0.0641959160546384
2016-11-11 17:00:00,"C12","elevated","HW","elevated_HW",290,51.3523333333333,26.5611267089844,26.3276666666667,1.05896315868829,3.42335167618596,0.691592830423778,0.0929823140774856,0.0187844860402556,27.16119256,-0.233460042317699,1.01125823533445,0.068389339760981,0.0500568025389701
2016-11-11 17:30:00,"C03","ambient","HW","ambient_HW",125.8,51.8656666666667,22.8510055541992,22.4973333333333,0.825158955030135,0.0243226421412157,0.107423361452037,0.0003002934446154,0.00132627578267634,12.34625099,-0.353672220865899,0.765820105966303,0.0140272318022379,0.0017339588084183
2016-11-11 17:30:00,"C04","elevated","HW","elevated_HW",125.8,44.7473333333333,25.8300576210022,25.3083333333333,1.01017110272754,0.515513161077425,0.192398907578261,0.0122140319986279,0.00455849935770893,23.69295863,-0.521724287668899,0.908274971771154,0.0211828921370672,0.0243362973168025
2016-11-11 17:30:00,"C07","ambient","HW","ambient_HW",106,63.5156666666667,22.7053518295288,22.828,0.848993650900551,0.512598562867399,0.412905648652215,0.00748427933204992,0.00602869659838248,14.6006639,0.122648170471198,0.869672509657089,0.0474782914335217,0.0107964829270474
2016-11-11 17:30:00,"C09","ambient","HW","ambient_HW",81.8,52.6133333333333,22.5360980033875,22.5776666666667,0.677876916632995,0.395697284343528,0.289608878845009,0.00679066444087903,0.00497005360701008,17.16126117,0.0415686632792003,0.684807876358333,0.0422905297738527,0.00935664051643494
2016-11-11 17:30:00,"C10","elevated","HW","elevated_HW",81.8,50.0883333333333,25.3389196395874,25.3073333333333,0.965091656084786,0.563224361192349,0.169543654928852,0.00957298764872453,0.00288169231728105,16.99675708,-0.0315863062540984,0.959001104520919,0.0176791928736672,0.0318580358966082
2016-11-11 17:30:00,"C12","elevated","HW","elevated_HW",123,25.0086666666667,25.870285987854,25.4753333333333,1.05648499666456,1.15706106820265,0.198150776022881,0.0314271584771316,0.00538201138347091,27.16119256,-0.394952654520701,0.978933601105854,0.0202414929673514,0.0571628323102914
2016-11-11 18:00:00,"C03","ambient","HW","ambient_HW",37.9,22.2996666666667,21.9250121116638,21.5866666666667,0.690554586754209,-0.570092629426533,0.271535304449103,-0.00703850669044903,0.00335244302137469,12.34625099,-0.338345444997099,0.636498412735625,0.0426607983642981,-0.0133633839797905
2016-11-11 18:00:00,"C04","elevated","HW","elevated_HW",37.9,17.4446,24.6994600296021,24.0873333333333,0.91403184223356,-0.176714655355049,0.187785555428051,-0.0041868930186419,0.00444919539606838,23.69295863,-0.612126696268799,0.801583225791303,0.0234268319727716,-0.0075432587539126
2016-11-11 18:00:00,"C07","ambient","HW","ambient_HW",30.1,24.032,21.5972051620483,21.737,0.664789413872595,-0.141539018838395,0.519172789771386,-0.00206656364279518,0.00758026740947736,14.6006639,0.139794837951698,0.68701789955013,0.0755690339525867,-0.00187297642215724
2016-11-11 18:00:00,"C09","ambient","HW","ambient_HW",22.2,21.826,21.4572227795919,21.4703333333333,0.593214747977249,-0.208418126178207,0.197249397202675,-0.00357671789590622,0.00338504842102018,17.16126117,0.0131105537414022,0.595276841909511,0.0331357417785554,-0.00628982829390257
2016-11-11 18:00:00,"C10","elevated","HW","elevated_HW",22.2,18.1616333333333,24.3857388496399,24.395,0.863943755735202,-0.0631332247203253,0.09634629242454,-0.00107306008424842,0.00163757452789855,16.99675708,0.00926115036009989,0.865644712145254,0.0111300041544496,-0.00567234511723751
2016-11-11 18:00:00,"C12","elevated","HW","elevated_HW",47.9,10.0349666666667,24.927885055542,24.468,1.02500148081813,0.192434519340809,0.148004609691643,0.00522675103500676,0.00401998170360235,27.16119256,-0.459885055541999,0.93916511582499,0.0157591681375039,0.0122109566737124
