"Ci","ALEAF","GS","ELEAF","Ac","Aj","Ap","Rd","VPD","Tleaf","Ca","Cc","PPFD","Patm","Gradiation","Rsol","Rnetiso","Rlongup","H","lambdaET","gw","Gbh","H2","Tleaf2","VPDleaf","Tair","Wind","failed","Tdiff"
392.802163328378,0.015140507853785,0.00330314757652166,0.0028754942755387,8.19584665720911,0.514788571577907,1000,0.499644613631709,0.127768782200159,15.6415295600892,400,392.802163328378,10.5,100,0.177174263732602,4.59518599562363,-65.4906876780251,374.666158939748,0,0.127534324926987,0.00330171222934737,7.06808514836789,-64.0136058657577,15.3319239799498,0.127768782200159,15.6415295600892,8,TRUE,0
350.312529521998,0.259166719471835,0.00818911014621714,0.00785621682790309,8.167981475883,0.754720664991758,1000,0.495546262111653,0.136183767624617,15.5152680079142,400,350.312529521998,15.8,100,0.17694198006525,6.91466083150985,-63.9958411133724,374.011362503113,0,0.348482256108307,0.00818029751377974,7.0711767132378,-62.7735416998215,15.211792810632,0.136183767624617,15.5152680079142,8,TRUE,0
382.12407291084,0.0442379419081965,0.00388574471935056,0.00677564730330052,9.01306198084335,0.726519083252522,1000,0.682274771736108,0.220551633831448,20.4172978657365,400,382.12407291084,15.8,100,0.182784789892982,6.91466083150985,-59.2474579856182,400.071270858478,378.61231256224,0.299644312989878,0.00388383676725487,7.35799187005468,-58.103709253937,18.3883163886865,0.469953764506356,18.6582660675049,8,FALSE,1.75903179823161
328.886905588875,1.45963367926445,0.0322252027971305,0.0541888238876811,8.28452196429595,1.97289638871578,1000,0.51320104484881,0.209703809427457,16.0519168376923,400,328.886905588875,43.3,100,0.177930658189152,18.9496717724289,-54.5891389633242,376.800380577994,0,2.40244361934147,0.0320889149377506,7.05805529706668,-55.5901771815386,15.7826695962579,0.209703809427457,16.0519168376923,8,TRUE,0
330.507105469865,1.16728864795682,0.0263717870065299,0.0515202834882383,9.0481278765133,1.86388799040244,1000,0.696550988341863,0.238401295157585,20.7347550127432,400,330.507105469865,43.3,100,0.183479350983273,18.9496717724289,-48.4633771666234,401.804592588625,366.888193253297,2.27760885185749,0.0262840118381495,7.34600260635435,-49.5045233726212,18.7970382018762,0.48503240602278,19.0274114608765,8,FALSE,1.70734355186674
328.19245409758,1.62884485489048,0.0356131973285418,0.0443907210560355,8.29305846676195,2.14346969911523,1000,0.514550138639336,0.162025526621903,16.0921626091003,400,328.19245409758,47.3,100,0.178004951816766,20.7002188183807,-51.6456722187529,377.010168783272,0,1.96797191169482,0.0354467967342619,7.05707322419906,-52.2945852470485,15.8388420954482,0.162025526621903,16.0921626091003,8,TRUE,0
327.311329959726,1.90263463897758,0.0410950946548355,0.051145935055261,8.32524463674689,2.42244540314705,1000,0.519711359444847,0.160727537895246,16.2451626459757,400,327.311329959726,54,100,0.178287578382923,23.6323851203501,-48.7580481928978,377.808508192084,0,2.26711739670512,0.0408735664142788,7.05334222726855,-49.7671983741837,16.0039575397295,0.160727537895246,16.2451626459757,8,TRUE,0
328.335855605458,1.59104436528263,0.034856345119447,0.065803798942276,9.06000751900862,2.29285527269855,1000,0.701733226752734,0.229411124218634,20.8483841662214,400,328.335855605458,54,100,0.183734418183661,23.6323851203501,-43.8824189765693,402.42637648448,362.000779483617,2.90867545379438,0.0347030743679293,7.34145340628453,-45.6486465989108,18.9501794453655,0.474556575296042,19.1627407073975,8,FALSE,1.68564345882391
333.444708540688,0.84098243418933,0.0198383907121088,0.0368581762287528,9.04294903392524,1.53536469039901,1000,0.694350858114737,0.229488482881289,20.6862576508269,400,333.444708540688,35.3,100,0.18335053844746,15.4485776805252,-51.4146001481451,401.539432325482,371.302711352622,1.62953367759651,0.0197886970805112,7.34876635179805,-51.7529071174807,18.7182748964503,0.478204164531874,18.9590206146241,8,FALSE,1.7272370362028
325.573872564091,2.79709702868535,0.0590042763248479,0.0996862453404943,8.39400909257981,3.32847429244077,1000,0.531158593708536,0.205299431156626,16.5791535377503,400,325.573872564091,76.8,100,0.178905576027118,33.6105032822757,-40.6826458960469,379.555644695175,0,4.41731937618684,0.0585481405821457,7.045211350442,-43.9830626323736,16.3657361982839,0.205299431156626,16.5791535377503,8,TRUE,0
326.097402441683,2.45503730639668,0.0521554587793016,0.107731624004812,9.08153651699923,3.16686863149291,1000,0.711661785641147,0.244550966514574,21.0637593465503,400,326.097402441683,76.8,100,0.184230246178444,33.6105032822757,-35.0379168978597,403.606899176103,351.39763650438,4.76077450509218,0.0518126235142111,7.33231983365742,-38.8232275748834,19.2444466661884,0.485915585809112,19.4254508018494,8,FALSE,1.63830854470087
325.247577980694,3.05977437494949,0.0642636772442965,0.100042988143409,8.34472580308222,3.58293841272734,1000,0.522894500549154,0.189610932970418,16.3387684822083,400,325.247577980694,83.3,100,0.178460637493467,36.4551422319475,-38.3312796823025,378.297559123733,0,4.4341512027789,0.0637234186670408,7.05106153775898,-41.7097669181653,16.1365496869491,0.189610932970418,16.3387684822083,8,TRUE,0
324.933288706193,3.36121673700057,0.07029924239173,0.11500467930877,8.3456137041213,3.88459559424863,1000,0.523040676330204,0.196856940889626,16.3430533409119,400,324.933288706193,91.5,100,0.178468562048934,40.0437636761488,-35.4389493960133,378.319957057667,0,5.09726916283271,0.0696532380831063,7.05095717324297,-39.5355248797088,16.1513729471575,0.196856940889626,16.3430533409119,8,TRUE,0
325.331362114718,2.98795778065257,0.0628257448628071,0.12183022802502,9.08564969705334,3.7018590915336,1000,0.71364682050476,0.227959799119208,21.1064590993686,400,325.331362114718,91.5,100,0.184380034529216,40.0437636761488,-28.9010096930192,403.841254863802,343.366655668318,5.38339561511034,0.0623286812822737,7.32833268097477,-33.4429835642258,19.3487172686196,0.464713938278384,19.5047221183777,8,FALSE,1.60173698099095
326.392079583421,2.29528864396255,0.0489569253921023,0.0951770680960011,9.07478405907039,3.00390445293852,1000,0.708467192484768,0.232138179972436,20.9947902798705,400,326.392079583421,72.4,100,0.184087475741201,31.6849015317287,-36.5705982143179,403.228580980556,352.927784764545,4.20628168634055,0.0486548212715706,7.33457415436777,-39.7784957122473,19.1644526691966,0.473532899344373,19.349853515625,8,FALSE,1.64493676424548
324.342091849302,4.11456998509063,0.0853830964888785,0.150487750368089,8.42963573020346,4.652476383454,1000,0.537333562450997,0.20673079600683,16.756341457367,400,324.342091849302,114.4,100,0.179234013434026,50.0656455142232,-26.1734211966352,380.484987060204,0,6.66731200684297,0.0844306619799824,7.04090538619103,-32.0254890523083,16.6008503620749,0.20673079600683,16.756341457367,8,TRUE,0
324.605517880195,3.74246197444917,0.0779326435239169,0.167341625477283,9.11035977493333,4.46916904538173,1000,0.726276841347266,0.246231024084355,21.3753905445604,400,324.605517880195,114.4,100,0.184959875167394,50.0656455142232,-19.9757239960094,405.319619568748,334.875247829654,7.39225572126768,0.0771682398864074,7.31857947553032,-26.6933676608186,19.6864973192101,0.481058979573399,19.8111824989318,8,FALSE,1.5642080456286
324.191070463168,4.36184508901518,0.0903341093091077,0.1596351913009,8.44805392915229,4.90311927995045,1000,0.540596341001572,0.205754940273427,16.8491449356079,400,324.191070463168,122.5,100,0.179406195232488,53.6105032822757,-22.888870478131,380.972417431383,0,7.07195581164092,0.0892683689904982,7.0386522053758,-29.2161443334419,16.7072484446149,0.205754940273427,16.8491449356079,8,TRUE,0
324.068411551783,4.58481558568394,0.094798488334813,0.173001322514048,8.43994542820623,5.12476119178293,1000,0.539153831294309,0.210800733312298,16.808184782664,400,324.068411551783,129.9,100,0.179330186725707,56.8490153172866,-20.3355748846126,380.757225310916,0,7.66438686491406,0.0936256532283593,7.03964650140185,-27.3044007876644,16.6755919467594,0.210800733312298,16.808184782664,8,TRUE,0
324.270494083481,4.22836098587017,0.0876614524363421,0.172088799579927,9.10996107918753,4.95501409862774,1000,0.726062423579157,0.222765151804211,21.370864086048,400,324.270494083481,129.9,100,0.185020179474399,56.8490153172866,-13.4932767316187,405.294703276882,326.963116445252,7.60172719703051,0.0866950961067415,7.31572605647888,-20.5746555139564,19.7468760004402,0.452300731610731,19.8430180549622,8,FALSE,1.52784603108579
324.724469048003,3.59489994057485,0.0749781142975791,0.143693242493289,9.10112856280078,4.3166962645373,1000,0.721406957199377,0.221828978017765,21.272254041396,400,324.724469048003,109.6,100,0.184756874006029,47.964989059081,-21.4518339784286,404.75218060714,335.88252053307,6.34825282100369,0.0742705864169732,7.32148782018539,-27.1158222512577,19.5773560740795,0.455936176040815,19.7039642333985,8,FALSE,1.56828980799745
323.852357797348,5.03623335922606,0.103836904045148,0.194389433677556,8.45545950434642,5.57923709426688,1000,0.541922312205359,0.212909488223723,16.8866996765137,400,323.852357797348,146.5,100,0.179475903290362,64.1137855579869,-13.9685736908774,381.169798701014,0,8.61128341413813,0.102431045569772,7.03774082153991,-22.0183469821246,16.779747481275,0.212909488223723,16.8866996765137,8,TRUE,0
324.004151438619,4.71071428816919,0.0973192681471021,0.20518750538753,9.10710909874625,5.43605848787464,1000,0.724539647672856,0.235453640290568,21.338679071346,400,324.004151438619,146.5,100,0.185030545540576,64.1137855579869,-7.5394329017415,405.117571134421,318.803904636336,9.06375789194554,0.0961293260782137,7.31341888722141,-16.1934930984745,19.7727963022831,0.459167861415029,19.8484897613526,8,FALSE,1.49018930999335
323.734429153667,5.32090380350483,0.109536657060294,0.196853456570431,8.47535489918232,5.86774871404873,1000,0.545525785156143,0.202277197910554,16.988296508789,400,323.734429153667,158.2,100,0.179664574978336,69.234135667396,-9.04314945794172,381.704158617349,0,8.71958610576299,0.107972845574325,7.03527643754632,-17.3204125661964,16.9041346485015,0.202277197910554,16.988296508789,8,TRUE,0
323.815517370172,5.12186380236286,0.105551421257126,0.169615893797664,8.23018787081545,5.62787860306852,1000,0.504798782869252,0.183732946721176,15.7988564173381,400,323.815517370172,147.8,100,0.177463982667374,64.6827133479212,-15.0677924421647,375.483263717186,0,7.52169189641377,0.104104450764812,7.06423671775996,-22.0359099749086,15.6922203779343,0.183732946721176,15.7988564173381,8,TRUE,0
323.984187520621,4.75118534753744,0.0981295912673851,0.199860526079938,9.10247723121377,5.47411724715298,1000,0.722106454794923,0.227269238116073,21.2871110469423,400,323.984187520621,147.8,100,0.184944818297213,64.6827133479212,-6.96313022957141,404.833884493224,317.486849567063,8.82883401992398,0.0969199983697456,7.3141808706353,-15.4024999199417,19.7312440611184,0.449453932625043,19.8032326698303,8,FALSE,1.48387837711201
323.94719142907,4.8279919637094,0.0996674352933726,0.211200035575022,9.11206895859021,5.55605998592715,1000,0.727200402511967,0.235636391144495,21.3948720867516,400,323.94719142907,151,100,0.185146586982342,66.0831509846827,-5.69873604533591,405.42687055641,317.645384208796,9.32879910696609,0.0984194385050788,7.31159679689804,-14.6564010875842,19.8412023679643,0.459300642472452,19.9097280502319,8,FALSE,1.48514403651969
323.311891565026,6.65885863235372,0.136325571129619,0.285756469345498,8.46206382233333,7.20608663859277,1000,0.543111773501974,0.220185107063486,16.9203100204468,400,323.311891565026,235.8,100,0.179538305178533,103.194748358862,19.5162814512457,381.346513925367,0,12.6583550386359,0.133912298532318,7.03692536100723,6.68730815107433,16.9527967993013,0.220185107063486,16.9203100204468,8,TRUE,0
323.338241975688,6.55753879634058,0.134296916408287,0.305532671625084,9.11287224546112,7.28807959334173,1000,0.727636934952702,0.23420739048996,21.4040716656234,400,323.338241975688,235.8,100,0.185401573823255,103.194748358862,26.5850817112797,405.477524043439,290.417936862198,13.493764382081,0.132037529521822,7.30069764693795,12.7670962943609,20.1039832440794,0.439792970529204,20.0442018508911,8,FALSE,1.35986981473232
323.181711090967,7.21112076700917,0.147383121466917,0.282342605817956,8.50244429969457,7.76978542514698,1000,0.550532371656274,0.186689739783612,17.1283445358277,400,323.181711090967,295.3,100,0.17992486964022,129.234135667396,43.2953499395015,382.44167768916,0,12.504628293655,0.144564547087477,7.03188218991023,30.0225346252412,17.274297872866,0.186689739783612,17.1283445358277,8,TRUE,0
323.144983730732,7.37812569760088,0.150726941929544,0.284524777852479,8.31505631436017,7.91107572399615,1000,0.518064639373223,0.178011182485456,16.1965126991272,400,323.144983730732,331.2,100,0.178197678229546,144.945295404814,54.9836375248903,377.554520124895,0,12.612560727668,0.147789574657694,7.05452815731921,41.3271512177069,16.3967780237002,0.178011182485456,16.1965126991272,8,TRUE,0
323.116311638852,7.5265918281033,0.153699573237027,0.426849171776879,9.13633502665396,8.2756315752833,1000,0.741169843884285,0.267168787856238,21.6865626743163,400,323.116311638852,331.2,100,0.186039860943369,144.945295404814,62.542524116175,407.035250116015,278.52519411112,18.8455665910219,0.150742683224655,7.28895499121994,42.6094148495517,20.5801172886277,0.467968087244818,20.3802790641785,8,FALSE,1.30628361013783
323.540511783131,5.86379321824987,0.120406544120131,0.26672758081397,9.10911256573315,6.59112380097156,1000,0.725607361962493,0.236842753104741,21.3612530937157,400,323.540511783131,195.2,100,0.18523025027877,85.4266958424508,11.0168720082166,405.241802527298,300.779324561997,11.7809742305924,0.118588467665361,7.30587003496134,-0.74520848974639,19.9503766836651,0.448852333110173,19.9538636207581,8,FALSE,1.40738947295764
323.039407538338,7.91273791863024,0.161431100650574,0.449085435099775,8.77487603713031,8.55060915823615,1000,0.609163673247127,0.252651470330061,18.6797368876624,400,323.039407538338,434.8,100,0.18103798983529,190.284463894967,95.3952052494564,390.683291974467,204.557622659324,19.8780553882939,0.158190254138797,7.32993298812259,73.6969493772203,18.0694312146124,0.37834900027431,17.7257246971131,8,FALSE,0.954012190549324
323.017125250298,8.04604284117863,0.16410016991821,0.464781483361388,9.19778241854622,8.85629787796663,1000,0.788751935900721,0.242326101351512,22.6404130164838,400,323.017125250298,434.8,100,0.1878424979729,190.284463894967,104.530332806001,412.328201157169,279.531892806436,20.5015960242487,0.160723588795647,7.26612725461474,81.9111848808857,21.7106597520261,0.455037454783211,21.3252892494202,8,FALSE,1.3151237670636
323.031201136465,7.94970905043632,0.16217134722067,0.406175353772827,8.74548784833146,8.58936451446551,1000,0.601929926301183,0.21717181337164,18.4966081015813,400,323.031201136465,455.1,100,0.180815186750196,199.168490153173,103.7103104174,389.703569458232,190.826609935891,17.9807727238084,0.158899984163035,7.32758338459655,83.6650225748517,17.9966695477164,0.333494420592675,17.6063489913941,8,FALSE,0.890259110187245
323.066446780898,7.77425454099595,0.158658346874823,0.392067423520883,8.73836854371651,8.39374534799524,1000,0.600218307642705,0.226973277154301,18.452954997422,400,323.066446780898,394.4,100,0.180753898433267,172.603938730853,80.5256923345723,389.470301510191,188.509236368613,17.3567842036225,0.155525764945548,7.32747538829019,61.6481732188404,17.8611041973973,0.341642575819688,17.5734941164652,8,FALSE,0.879460880956763
323.047864658782,7.88034140607134,0.160782448414808,0.499787068389721,9.2038377885669,8.68992229784845,1000,0.795330210460706,0.284381260877403,22.7677347790229,400,323.047864658782,394.4,100,0.188052674729497,172.603938730853,88.647766230806,413.038599564712,283.196295457396,22.0433629148539,0.157538971786966,7.26452809058219,64.9237591757872,21.740594055612,0.501297418022283,21.4350776672363,8,FALSE,1.33265711178658
323.042569979001,7.90876564073839,0.161351566567053,0.451703519619902,9.18470197033089,8.70012486085407,1000,0.776263399453913,0.249069363714533,22.3957501748573,400,323.042569979001,400.3,100,0.187376710902988,175.185995623632,90.7653396576354,410.965664874855,279.535014936645,19.929408881292,0.158088642173544,7.27207552572691,69.0565771051119,21.4063146670472,0.458854201549309,21.0816874504089,8,FALSE,1.31406272444842
323.056997722737,7.82561324360165,0.159686665500497,0.46000703561832,8.82313534854318,8.46628726561979,1000,0.621687759808147,0.270583806173538,18.9917129430176,400,323.056997722737,401,100,0.181473373129062,175.492341356674,82.7451814173075,392.356588465597,221.505540182747,20.3569201745758,0.15651496569282,7.33033769959482,60.8810603690986,18.2426367192963,0.408745737720021,17.9587163925171,8,FALSE,1.03299655050047
323.04207503756,7.91138435449179,0.161403999202445,0.502700622877051,9.16952504192314,8.69040807727078,1000,0.763799654264288,0.285991500938278,22.147616681282,400,323.04207503756,401,100,0.186925700060021,175.492341356674,89.5573070586626,409.58725229466,277.202687304585,22.184485190326,0.158141210503809,7.27716021451192,65.6855808535767,21.1539932577116,0.49120137174044,20.8454284667969,8,FALSE,1.3021882144851
323.079208935331,7.71221671249161,0.157416207737525,0.445569725529418,8.86785200036141,8.35969388427361,1000,0.634119693659051,0.271168000456555,19.2952387838401,400,323.079208935331,369.6,100,0.181931640760999,161.750547045952,71.5015447587711,393.989714901187,234.035100020195,19.7133746866959,0.154332473131705,7.32860479983432,50.5336782221595,18.43927302564,0.419395374097558,18.2035522460938,8,FALSE,1.09168653774626
322.98542838195,8.22818853153891,0.167747143001269,0.612737310016191,8.8963915257155,9.17735640406918,1000,0.642540020472357,0.261310507908722,19.4974596378868,400,322.98542838195,805.4,100,0.182320995785588,352.472647702407,236.285286559892,395.080594188746,232.682702815135,27.1039650518685,0.164247232590439,7.32297920983785,204.099826325658,19.3640287449944,0.410459404166821,18.4112477302551,8,FALSE,1.08621190763169
322.960106495845,8.38428954934846,0.170872642205029,0.694608454201408,9.20053826988999,9.51851746018576,1000,0.791669489920091,0.279709340359223,22.6970124832062,400,322.960106495845,805.4,100,0.187992853572874,352.472647702407,243.360485121465,412.643887597108,274.740192713857,30.636983000445,0.167213063854149,7.26278562845749,207.35621086653,22.3798427726193,0.489625113096851,21.4038376808167,8,FALSE,1.29317480238948
323.092620733081,7.64606880325082,0.156091775388757,0.450498500069629,9.15534556286665,8.40890996598023,1000,0.75350594436465,0.274010156881544,21.9396128299831,400,323.092620733081,349.8,100,0.186512520806855,153.08533916849,70.0131579370171,408.434439034924,279.297292061194,19.8849309111491,0.153040632599228,7.28309165995584,48.8765486557809,20.8580691633825,0.478262258212164,20.6286535263062,8,FALSE,1.31095930367692
322.960374523848,8.39135543747369,0.171014117437024,1.1029116562859,9.17654098267895,9.69040035513301,1000,0.769342976231334,0.436916382709415,22.2584716811059,400,322.960374523848,1243.8,100,0.187192896989166,544.332603938731,403.466368317991,410.20263645108,270.796011122817,48.6655904464782,0.167352993366551,7.27181023810242,345.896614103125,22.6115240643405,0.638882021983738,20.9854435920715,8,FALSE,1.27302808903438
322.975572407964,8.30152506241528,0.169215507987462,1.14239939235982,9.22498160429418,9.92083536743254,1000,0.911465329827839,0.427226473579468,24.8571247402344,400,322.975572407964,1243.8,100,0.191992420473688,544.332603938731,410.75874139392,424.828117783033,291.150086748986,50.2867510185291,0.165603708433167,7.21735580022684,351.13137256615,25.1412278036285,0.67761566160377,23.4780840873718,8,FALSE,1.3790406528626
322.964841974813,8.36427662251451,0.17047193766279,1.05006892096966,9.10055749960022,9.62955591843575,1000,0.721111961122374,0.363751334120399,21.2659841419199,400,322.964841974813,1453.1,100,0.185398859176902,635.929978118162,481.532849992439,404.717703941237,260.917706974849,46.3760620860094,0.166843545527653,7.29188190925496,424.367093826524,22.0322543303832,0.547975738357848,20.0427708625793,8,FALSE,1.22321327934057
322.964418017541,8.36742407652793,0.170534956886821,1.06002737804403,9.10605102695406,9.65569175226067,1000,0.723979536471518,0.341839270907998,21.3268236804773,400,322.964418017541,1556.9,100,0.185507993275698,681.356673960613,521.303639514856,405.052338920383,261.583020646485,46.8132796448169,0.166903322084216,7.29067540767865,462.716738254908,22.2699185415964,0.527154921783535,20.1002883911133,8,FALSE,1.22653528936403
320.971753923496,8.23641808455038,0.16363094012697,1.4053514766384,9.17027786454786,9.99259598486498,1000,0.923779366122553,0.533922801773998,25.062845830897,400,320.971753923496,1556.9,100,0.192339118515654,681.356673960613,526.744193047474,426.002407058713,296.798697483117,61.8508418844227,0.160249989770802,7.21466512795359,452.821375180438,25.802127282381,0.791850242955456,23.6565260887146,8,FALSE,1.40631974218236
322.971304281742,8.32797124661541,0.169745021047785,1.20051704000928,9.23187219859831,9.95016454779959,1000,0.892254420525886,0.410237817137129,24.5305661350738,400,322.971304281742,1436.5,100,0.191383591855338,628.665207877462,482.756729131096,422.969056058065,288.747567619892,52.8610459774905,0.166114206342154,7.22422510442609,418.800844774889,25.1459814377195,0.654186822874635,23.1642055511475,8,FALSE,1.36636058392627
322.960077184593,8.39565742914453,0.171100253144084,1.36006636646064,9.1971404706587,9.81343533170872,1000,0.788088937130897,0.494652485873226,22.6275218941924,400,322.960077184593,1630.4,100,0.187867155911302,713.522975929978,548.518424355588,412.256325591769,273.978955022111,59.9920295566621,0.167431702029093,7.26415839338192,476.210540032811,23.5792259960484,0.703193362845188,21.338173866272,8,FALSE,1.28934802792043
310.281072193152,7.84535107309136,0.137289248574135,1.50198379275142,8.84205374916126,9.93602171035304,1000,0.989613435137557,0.744476325664355,26.1181651243188,400,310.281072193152,1630.4,100,0.194139878911872,713.522975929978,552.493776420869,432.064662373087,323.975978584642,66.0446793998106,0.134896476597902,7.19991478653587,473.676785607976,26.8289448736098,1.0415498727453,24.5799264907837,8,FALSE,1.53823863353514
314.077930317038,8.18297787727903,0.149526186902718,1.44506975636178,9.02222352373959,9.80007514744352,1000,0.828941254334681,0.66280426510149,23.4022634272495,400,314.077930317038,1647.6,100,0.189141113542893,721.050328227571,552.679351470068,416.592681952757,297.090477996224,63.7006411925629,0.146713263689518,7.25471398863858,476.554237139447,24.2479213574093,0.898077507743849,22.0023322105408,8,FALSE,1.39993121670868
312.571526827337,8.1392124115409,0.146163798337022,1.4676608921298,8.98992736103335,9.80617246423981,1000,0.840951927901898,0.693896485653843,23.6227854716277,400,312.571526827337,1667.3,100,0.189524924143364,729.671772428884,559.912117378632,417.833210576649,301.398668260893,64.6840242103439,0.143473499616175,7.25107743166479,482.6137828876,24.4771242826653,0.935377021233362,22.2018411954244,8,FALSE,1.42094427620325
305.488123200059,7.62211990989065,0.12661849053799,1.54767711812507,8.65855486016757,9.90089107401749,1000,1.03043761472883,0.857298788656746,26.7378631401077,400,305.488123200059,1667.3,100,0.195237895427704,729.671772428884,565.643223557339,435.654518458228,336.018423015065,68.0169779522377,0.124577598192955,7.18966283794257,484.470279884058,27.4437179370746,1.17543982953006,25.1401720046997,8,FALSE,1.59769113540798
312.660045308164,7.94538140926497,0.142827009172413,1.46076841544545,8.9243729664192,9.94101025204602,1000,0.971230323290996,0.69296964892264,25.8307202210403,400,312.660045308164,1568.6,100,0.193636354852284,686.477024070022,529.586682204555,430.407072534942,317.895733810834,64.2483921610083,0.140240737812964,7.20446897252629,453.158629675133,26.4725427633801,0.980181281411541,24.322304725647,8,FALSE,1.50841549539326
307.245878086187,7.98520151332978,0.135164577281989,1.44329327279781,8.86238071499187,9.74732790010944,1000,0.868408380485847,0.812700945006164,24.1152942914023,400,307.245878086187,1463.8,100,0.190359751238956,640.612691466083,481.598417007919,420.613780596579,313.707860032413,63.5834679186074,0.132858532157107,7.24396052290173,407.311452496678,24.5570220615322,1.07052803464065,22.6348652839661,8,FALSE,1.48042900743625
300.152959205671,7.39656788585861,0.116306185633556,1.50933817772913,8.46352811275536,9.79305195968585,1000,1.06160090996807,0.998025939657476,27.1946058990959,400,300.152959205671,1463.8,100,0.196030717290934,640.612691466083,487.136965332219,438.314674082414,346.944537885643,66.3061586089756,0.114580310716977,7.18282073021406,409.650778843976,27.4930438162534,1.33420876399284,25.5433921813965,8,FALSE,1.65121371769943
305.261769745464,7.91920124334781,0.131239774648724,1.58606157484859,8.80983553459171,9.80117851341589,1000,0.882879630969869,0.86077707308087,24.3686462230784,400,305.261769745464,1806.5,100,0.190803041271911,790.590809628009,610.069987267506,422.049530080002,318.592701596056,69.8575545209051,0.129063377801583,7.23972301425485,526.34071298804,25.3496104842205,1.12613024214717,22.864284992218,8,FALSE,1.5043612308604
303.261336839919,7.83074750907487,0.127090231914131,1.6033525566287,8.74676573187009,9.8046243360714,1000,0.908846548353649,0.911613608014864,24.8130165127818,400,303.261336839919,1793.9,100,0.191603034021982,785.07658643326,605.402345326448,424.576657279238,324.835136846651,70.5909320253378,0.125045903827816,7.2314032920357,521.006832661274,25.7403843388911,1.18865669165377,23.2774144808451,8,FALSE,1.53560203193668
296.686975958752,7.1358313797482,0.108441752184382,1.64355474376763,8.25631804910322,9.80694150474576,1000,1.11610760910402,1.10028557029864,27.9621559356173,400,296.686975958752,1793.9,100,0.197441440070044,785.07658643326,611.593993654864,442.812444749539,357.310880954246,72.152363662022,0.106936905818595,7.16842114099841,524.981934188407,28.7617560381805,1.46067851395202,26.2581896781921,8,FALSE,1.70396625742523
299.204947705229,7.27190646965781,0.113270349436802,1.61303864584832,8.37120776002475,9.83822657206479,1000,1.0945452967942,1.02572019365797,27.6630986448816,400,299.204947705229,1746.2,100,0.196904777897428,764.201312910284,594.40017406199,441.05590142643,351.785166072947,70.8313455572341,0.111630665267167,7.17349971207279,509.581373130897,28.4150742215342,1.37513634824874,25.9866714477539,8,FALSE,1.67642719712768
302.489852289614,7.77230432719865,0.12514370057205,1.54723034629828,8.71029386486679,9.78660948220642,1000,0.930997300062814,0.932028810928816,25.1821592580531,400,302.489852289614,1607.4,100,0.1922812110853,703.457330415755,535.906047804535,426.684581819831,328.691028419703,68.0970266430009,0.123159027044449,7.22399940124797,455.680180594743,25.7830938207394,1.21798415095702,23.6267366409302,8,FALSE,1.55542261712289
295.203445344642,6.93150265137547,0.103845397497817,1.57350708368173,8.09946513739449,9.73943161213312,1000,1.16397595031065,1.14791940337133,28.605920817158,400,295.203445344642,1607.4,100,0.198646210923293,703.457330415755,542.618929167005,446.611462370887,364.216623332866,69.0365482897214,0.102462187527281,7.15573587014615,460.790640594512,29.0672854044073,1.52788886086772,26.8659429550171,8,FALSE,1.73997786214094
300.634071764702,7.70021321201519,0.121667449921439,1.50459406232789,8.65111608007089,9.73758713514919,1000,0.944068219592179,0.982071158589782,25.3958878265185,400,300.634071764702,1433.2,100,0.192657323961876,627.221006564551,469.707877577487,427.908623254332,332.826564425963,66.2081235977389,0.11978976326953,7.22042113914681,393.01326267821,25.6808428063138,1.27487037784286,23.8201146125794,8,FALSE,1.57577321393913
305.206619907646,7.97468403078149,0.132082910217722,1.40600540068316,8.81502492535373,9.63865875839921,1000,0.831031659430182,0.861751422724774,23.4408730476863,400,305.206619907646,1324.5,100,0.189087987644119,579.64989059081,425.564820331047,416.80967745423,311.3472954397,61.9802853952715,0.129884549989196,7.25933436702424,354.354463817904,23.6433997584532,1.10823446884724,21.9746955235799,8,FALSE,1.46617752410636
295.798196969876,7.06005733263125,0.106375207769653,1.48101693603975,8.1961546489546,9.68804020119621,1000,1.13161289986208,1.12799620544316,28.1736559221674,400,295.798196969876,1324.5,100,0.197832227008221,579.64989059081,435.021898666578,444.057874993959,360.065505234864,65.0044774422239,0.10492598907775,7.16442106192876,360.074626865099,28.1736994462496,1.49519399661734,26.4555945396423,8,FALSE,1.71806138252507
294.320369771346,6.91707654878651,0.102763283915876,1.69677945304594,8.08234567172737,9.78039445797898,1000,1.16143441043755,1.17566245515867,28.5724116722001,400,294.320369771346,1939.3,100,0.198572750952707,848.70897155361,666.731525060934,446.413115633561,364.998544583168,74.4477109058287,0.101408760648099,7.1567939771127,576.293934837086,29.5816872576654,1.55570836735467,26.8289561271668,8,FALSE,1.74345554503329
302.618168583164,7.85891389691985,0.126706393925482,1.27097928785319,8.74737024774616,9.43452410169144,1000,0.87752285839505,0.927986275257086,24.2753512113141,400,302.618168583164,824.2,100,0.190596019231768,360.700218818381,238.142259984848,421.520398887084,321.667121622463,55.9856545704242,0.124677534379463,7.24313015264382,177.486225706315,23.5948644329613,1.19436480435269,22.7571873664856,8,FALSE,1.51816384482849
296.63587671697,7.21388205204764,0.109574340561749,1.31004497878561,8.31090449755164,9.44054684263901,1000,1.09094960001059,1.10086821141686,27.6126558077113,400,296.63587671697,824.2,100,0.196778941476649,360.700218818381,245.329899612256,440.760136173885,354.684578421573,57.529918705937,0.108039659569416,7.17572016957196,182.787422627852,26.7937358460849,1.45202578360463,25.9229345321655,8,FALSE,1.68972127554583
301.035924731424,7.77693665371651,0.123379629316761,1.3083227899092,8.6929983132915,9.48136027318298,1000,0.906610326929792,0.970524415324279,24.7752510391855,400,301.035924731424,875.3,100,0.191504873448719,383.063457330416,257.882865487085,424.3614454645,327.64502496957,57.6044525867975,0.121452541382199,7.23335985243213,195.112757560697,24.14889709364,1.24924188663213,23.2267847061157,8,FALSE,1.54846633306977
301.624752635688,7.79521071286902,0.124409843776747,1.29611755590443,8.70919669612145,9.47637469314368,1000,0.904244875450715,0.954616315683628,24.7352016022291,400,301.624752635688,861.5,100,0.191437547913333,377.024070021882,253.002277894068,424.133307564596,326.54548374043,57.0689820186259,0.122450841523563,7.23391029713853,190.881816739422,24.0940972966182,1.23183185809375,23.1920491854349,8,FALSE,1.54315241679415
295.700054850163,7.13905960330392,0.107464768467701,1.32905926869776,8.25139445588061,9.45683558003559,1000,1.10672050286059,1.12998059619213,27.832678442191,400,295.700054850163,861.5,100,0.197184763308871,377.024070021882,259.446211738596,442.051302769772,357.53460725618,58.3532968124727,0.105987365726906,7.17154686480644,195.711736612952,27.0613038657037,1.4880552763873,26.1283884048462,8,FALSE,1.7042900373448
299.825373679385,7.31188196141188,0.114599601255573,1.21863537766851,8.40566346091539,9.30976995864131,1000,1.08604712228563,1.00790530958329,27.5436120472885,400,299.825373679385,675.2,100,0.196685906767503,295.492341356674,191.323086649878,440.35554791409,350.086322013633,53.5181608747842,0.112922001448368,7.17570938891617,134.128469793553,26.5147848922613,1.35347568118879,25.8757944107056,8,FALSE,1.66781763658294
302.100599506589,7.81303740634326,0.125300793763141,1.26524749794429,8.72369897147646,9.41857438664291,1000,0.899903105947765,0.941880791900279,24.6614177553581,400,302.100599506589,789.4,100,0.191306120737372,345.4704595186,225.972479284615,423.713245583943,325.345295462929,55.7134048069526,0.123314213962295,7.23523233489589,165.873235334266,23.9079400893267,1.21700091174297,23.1242179870606,8,FALSE,1.53719976829753
296.65965243143,7.19219171555959,0.109270063523176,1.29509496780356,8.29632448421917,9.40565235437853,1000,1.09797163144837,1.1004121921761,27.7110116075435,400,296.65965243143,789.4,100,0.196965313633081,345.4704595186,232.605643287519,441.336970893662,355.415261529752,56.8681931661081,0.107743402825304,7.17366172462372,171.04121711429,26.832399568949,1.45414043235788,26.0173234939575,8,FALSE,1.69368811358595
303.239991284132,7.84932013273635,0.127365882654573,1.21527209080515,8.75566482104937,9.31667617235478,1000,0.893036962583819,0.911977306986647,24.5440050577759,400,303.239991284132,688.4,100,0.191101913802984,301.269146608315,188.403315828941,423.045441741714,322.899410209924,53.5182632607907,0.125314348168976,7.23713415307484,131.414943183215,23.6395121039927,1.18336141196294,23.0187625885009,8,FALSE,1.52524246927501
304.276098031872,7.76092810267304,0.127309356493831,1.0928122315455,8.78620871182032,8.69253208277248,1000,0.880153652868553,0.886043909290503,24.3212407978762,400,304.276098031872,423.4,100,0.190685917767926,185.295404814004,88.619197245188,421.780603660301,321.482225374561,48.1353695625793,0.125260970757779,7.24195611652343,39.445206987464,22.9899023117445,1.15296173441695,22.8037036259969,8,FALSE,1.51753717187925
299.833735264307,7.33619159989331,0.115000219794762,1.12852314331877,8.43862761554033,8.62426264016448,1000,1.07002756159863,1.00718866109105,27.3158084160699,400,299.833735264307,423.4,100,0.196252497672884,185.295404814004,95.7580684261796,439.02262097698,348.642585417193,49.5713094235567,0.113312082916194,7.18056754107305,44.958009112281,25.8700283768843,1.34716443355452,25.6559925079345,8,FALSE,1.65981590813545
298.320816741068,7.2209861605882,0.111499981642053,1.2551675287192,8.33019877335182,9.37240330057429,1000,1.10260682341652,1.05142624520792,27.7755915063035,400,298.320816741068,739.4,100,0.197106909373509,323.588621444201,215.243261968607,441.716025326026,353.824105354529,55.1111320356328,0.109910372282123,7.17157590142584,155.848711846878,26.8318895042168,1.40490587685012,26.0889954566955,8,FALSE,1.68659604960799
307.050818018646,6.52634371828645,0.11023782663452,0.844830707975025,8.84852270942379,7.36889224165412,1000,0.838891330715522,0.828326413305801,23.5851765909259,400,307.050818018646,252.7,100,0.189196011334298,110.590809628009,23.3108319052969,417.621449211955,330.224823447778,37.2402602906465,0.108703038891732,7.26299159155504,-13.5757882958739,21.9669871443557,1.09102274472563,22.0308852195739,8,FALSE,1.55429137135202
308.257004923902,6.21577700000676,0.10637243141596,0.797803062590491,8.72925841292345,7.24215948268866,1000,1.02286728915798,0.802567051628904,26.624823978029,400,308.257004923902,252.7,100,0.194866777982789,110.590809628009,33.8648226049829,434.998030607732,352.441630267382,35.0680987997995,0.104930012204556,7.1982818467443,-1.17156053928078,24.9454869245595,1.13327087145024,24.9510507583619,8,FALSE,1.67377321966708
308.34985494438,6.07876409413017,0.104132624697812,0.767368931608621,8.87507334287297,6.92005545318214,1000,0.838846697261381,0.801761142018537,23.5843609440102,400,308.34985494438,222.7,100,0.189149871907251,97.4617067833698,12.678455061424,417.616857505013,335.236780858371,33.8265178572227,0.102762422358277,7.26487220627672,-20.611419178842,21.9098998740054,1.06820205432273,22.0068879127503,8,FALSE,1.57747303125987
314.90189019009,5.61550830328216,0.10360299730279,0.622180776754661,8.81365925576766,6.2906274717229,1000,0.673552492143106,0.661952759478789,20.2200567360226,400,314.90189019009,181.7,100,0.183125540175627,79.5185995623632,-8.7883284316142,398.997159152185,296.107628121011,27.5103471765647,0.102258883255017,7.33210678282106,-35.4141767274101,18.6743696532953,0.857585657204262,18.8394846916199,8,FALSE,1.38057204440274
310.399836261929,4.94126389605533,0.0865830063734934,0.609430931636279,8.79963912209893,5.94400600685047,1000,1.00150591448479,0.76777920406671,26.3012894870279,400,310.399836261929,181.7,100,0.194098565801072,79.5185995623632,6.63415212343455,433.123167451758,367.574240304307,26.7982209183021,0.0856266527212538,7.21131794021591,-19.6355614745003,24.4657236777721,1.10573778429319,24.5588059425354,8,FALSE,1.7424835444925
308.520347378842,6.74774914698273,0.115809562347764,0.868015267652031,8.74212873806896,7.7762778642018,1000,1.02231780130656,0.791632388151866,26.6165865556292,400,308.520347378842,293.6,100,0.194923992128475,128.490153172867,49.6115153262864,434.950219857232,344.436083065489,38.1532568696055,0.114101280796732,7.19560019556463,11.1560485694668,25.0332234052791,1.11511631957055,24.9802227020263,8,FALSE,1.63636385360289
313.911916584614,5.01013938574817,0.0913712288913201,0.571121069707186,8.98451371657224,5.82036354893298,1000,0.809154279315466,0.688938009332498,23.0319008036733,400,313.911916584614,166.6,100,0.18804169659899,72.910284463895,-7.21383983910309,414.515455378605,341.299743693671,25.1897247066845,0.0903168212403553,7.28049817000839,-31.5877128047682,21.2810266241535,0.951609260218801,21.4293451309204,8,FALSE,1.60255567275287
312.085738019364,4.6421125260384,0.0829009047796716,0.555300530948728,8.86941786806786,5.62049080910233,1000,0.977406591404143,0.733853350237029,25.9278970041315,400,312.085738019364,166.6,100,0.193363867999791,72.910284463895,0.504818173293444,430.966920952905,368.618526312536,24.4268608903625,0.0820248638936887,7.22057775222072,-23.2981291570253,24.0724009627426,1.06580650029191,24.1827039718628,8,FALSE,1.74519303226872
314.009258172314,5.85028666624942,0.106814215757679,0.663535649222463,8.99522172361563,6.6595300907224,1000,0.807347277935737,0.678343691082169,22.9976280983744,400,314.009258172314,204.7,100,0.188091319832791,89.5842450765864,7.49460477737158,414.323625961273,328.302600214688,29.2650074208612,0.105375297506571,7.27651258060447,-21.2218371976706,21.3555548664521,0.931089366332752,21.4552555084229,8,FALSE,1.54237258995146
311.932679280905,6.26651613024274,0.111716160189704,0.740026919476118,8.95301669256365,7.08049557053284,1000,0.811307949725853,0.718998927338843,23.0726488164072,400,311.932679280905,229.6,100,0.188264171257878,100.481400437637,16.0451103255549,414.743614722557,324.929965088675,32.6357859912252,0.110142455207731,7.27342507346299,-16.1720801302136,21.4694639123176,0.970356824279875,21.5454729398092,8,FALSE,1.52717587659797
311.051617917311,5.93059727355069,0.104680376596397,0.720895551173402,8.84132858484347,6.92600844030382,1000,0.99291171493791,0.741326005664202,26.1691727418748,400,311.051617917311,229.6,100,0.193988759614494,100.481400437637,25.0955712908311,432.359304125088,351.423891589897,31.7013256152654,0.103285180620695,7.20874412610178,-6.4326504035583,24.4721501999643,1.06296661760235,24.5026550292969,8,FALSE,1.66651771257789
310.244422702101,3.93513588642081,0.0688336783242258,0.494120752546619,8.78247826868068,4.93172151356094,1000,0.995954279439647,0.790197935155528,26.2160757243243,400,310.244422702101,142,100,0.193797523698319,62.144420131291,-9.35650242144929,432.630368724081,382.463768539507,21.7309796133055,0.0682284616118312,7.2185036548027,-30.2746876148753,24.2614391744733,1.13932890590167,24.4048132896423,8,FALSE,1.81126243468204
311.590104651526,7.17562360791103,0.127428940223781,0.865807981335994,8.9606858179912,8.01980679307828,1000,0.837407649795204,0.719881873758667,23.5580400184111,400,311.590104651526,307.1,100,0.189270765681329,134.398249452954,46.8708740206173,417.468703448836,315.995641801863,38.1635088326626,0.125381277266089,7.25828175420639,8.48607776879381,22.1097248953247,0.971495163352199,22.0697569847107,8,FALSE,1.48828303370042
308.97280482627,6.8852907218686,0.118757970172494,0.88207808352553,8.7450447643847,7.92133767276998,1000,1.0285126433267,0.780095109353813,26.7091986380003,400,308.97280482627,307.1,100,0.195123022323357,134.398249452954,55.3018231696279,435.487975812709,342.439869083145,38.7675732869894,0.116961555480456,7.19268165078951,16.097555498894,25.1581664521,1.10345311379948,25.0816583633423,8,FALSE,1.62754027465797
310.421147611462,7.68848755365641,0.134759003984196,0.966829018129936,8.93771799418558,8.55351543155062,1000,0.846919218532177,0.742209106663318,23.7311795505602,400,310.421147611462,384.2,100,0.189643864872327,168.140043763676,75.9222730444083,418.443987135446,311.340904009283,42.6083849198415,0.132469255816642,7.25231575847685,32.4649484880167,22.4166431169219,0.992742564464978,22.2636132240295,8,FALSE,1.46756632653068
310.64108909184,7.86397985764345,0.13817974376346,0.998141947884474,8.94418308468357,8.75213196156128,1000,0.854477785599151,0.736339410256215,23.867387518299,400,310.64108909184,424.7,100,0.189920994041598,185.864332603939,91.7871897880249,419.212437881986,309.554740125403,43.9822418351952,0.135772015020435,7.24834113849063,46.5843451999906,22.6271453468739,0.987425087460663,22.4074405034384,8,FALSE,1.45994701486064
309.506307379624,7.63519388666438,0.132497413366199,1.00554207092597,8.75371179268611,8.76090719156726,1000,1.03533570125192,0.7624541912342,26.810559129555,400,309.506307379624,424.7,100,0.19542141683557,185.864332603939,100.47668902823,436.077101134867,331.500957129096,44.1873450847442,0.130263241428262,7.18628147735859,54.7991534679479,25.4942859661417,1.07781488139754,25.2336058616638,8,FALSE,1.57695326789118
309.236290942542,6.70120882088031,0.115917745343516,0.849582933036821,8.7774387393339,7.71769569761131,1000,1.01090392061631,0.775515317582926,26.444471445658,400,309.236290942542,287.1,100,0.194597479218828,125.645514223195,46.9771256271548,433.952149240847,343.443848614534,37.3490949421311,0.11420716686101,7.19932558107009,9.37463468862629,24.8581802950797,1.09508463028851,24.8136658668518,8,FALSE,1.63080557880618
316.729371644472,8.17779721247892,0.154191077544063,1.12051312116549,9.0837152688874,9.63104428032314,1000,0.891282229344677,0.61090529745398,24.5138538617009,400,316.729371644472,852.1,100,0.191240834350412,372.910284463895,257.955270262922,422.874079361019,301.007649228032,49.3418366744578,0.15119142077579,7.22946839425607,203.237207965398,24.0515372776232,0.864428319681226,23.0905113220214,8,FALSE,1.42334253967947
302.120243230873,7.26919880139443,0.116601115628916,1.24764559020706,8.39412420304828,9.5390203916218,1000,1.11881261392136,0.946020493609514,27.9992643227311,400,302.120243230873,852.1,100,0.197577260511877,372.910284463895,260.992158522077,443.030769956526,350.538806942422,54.7682314844205,0.114862326360432,7.16514359391386,200.689945869321,27.2843289109517,1.30070023147116,26.3268284797668,8,FALSE,1.67243584296433
313.761248939208,8.12540889226983,0.147929757602627,1.20440317058076,9.01632516008127,9.67270563624726,1000,0.878788435078396,0.669453578723261,24.29744411987,400,313.761248939208,989.5,100,0.19079141328131,433.041575492341,307.511664343686,421.645655853363,304.633713780623,53.0478453644959,0.145169066609896,7.23608013155449,247.926811928657,24.0295452918426,0.922787525142269,22.8582715988159,8,FALSE,1.43917252105405
314.677384327244,8.13123536328244,0.149630881988387,1.03933193111814,9.03805205340463,9.30732535833465,1000,0.879446346827483,0.650941609336037,24.3089165823003,400,314.677384327244,605.2,100,0.190825081134145,264.857768052516,163.387052365078,421.710710624002,303.344189654177,45.7765249497551,0.146806641000533,7.23530297879191,114.588355126459,23.4170868981653,0.903421923864873,22.8756821950277,8,FALSE,1.43323438727258
300.109630873163,7.26314138511604,0.114159991255773,1.18346899047857,8.37529706590369,9.18704579986242,1000,1.10362170538939,1.000497217499,27.7896951368114,400,300.109630873163,605.2,100,0.197154930370062,264.857768052516,166.030079255522,441.798839653061,351.630659484463,51.9618120521545,0.112493943677904,7.17046309757207,111.015839513356,26.642563047678,1.35218511672863,26.1132946014404,8,FALSE,1.67640053537099
300.201857762066,7.30867868009095,0.114981295921376,1.23010171910073,8.40631025524297,9.38043286142495,1000,1.09044270174593,0.99751166790674,27.6055313324142,400,300.201857762066,722.7,100,0.196807689730737,316.280087527352,209.675036218316,440.718374697637,350.059895237351,54.0184909450071,0.113292244017114,7.17424028709073,151.500500547641,26.6593970424948,1.34422592228154,25.9374980926513,8,FALSE,1.66803323976289
315.054397928127,7.56588208917559,0.13984008811681,0.870628414792846,9.04089182081816,8.40373265338481,1000,0.826980659123335,0.646039000162422,23.3659627994495,400,315.054397928127,352.9,100,0.189005267937181,154.442013129103,65.6120027741833,416.388740843188,304.545567228575,38.3811047440878,0.137378060743435,7.25851416995067,26.5398245496874,22.0566473306228,0.886408671073781,21.9316534996033,8,FALSE,1.43430929984625
310.598791855391,7.33493538189496,0.128816694732732,0.924064397619178,8.82727233626418,8.35310433908602,1000,1.00393146363567,0.740426644535599,26.3383718187778,400,310.598791855391,352.9,100,0.194494183889898,154.442013129103,72.3782417921934,433.337749271077,332.129891963534,40.6254997054437,0.126707237266406,7.19770985488562,30.9173046954069,24.9077757038344,1.04826270906334,24.7609353065491,8,FALSE,1.57743651222872
314.2477432086,7.75528389297324,0.141994507138342,0.914969906339001,9.0236906138494,8.60002131098909,1000,0.828008706826575,0.661257959285381,23.3850079304516,400,314.2477432086,387.8,100,0.189055761609922,169.715536105033,78.4330687559915,416.495729244141,302.965466925121,40.3348480175891,0.139456352425515,7.25743727891727,37.1309616409345,22.1328292040499,0.900703387424086,21.9579286575317,8,FALSE,1.42707927291985
313.573039540319,7.51119507933226,0.136449747415793,0.885103473934375,9.00765916244538,8.35291247021518,1000,0.831255044458867,0.676225368417509,23.4449932067575,400,313.573039540319,347.1,100,0.189126868867795,151.903719912473,62.8396264453898,416.832838759783,307.865752335263,39.0168446972764,0.134104454875924,7.25789122067253,23.217770713419,22.1042799161886,0.920157057921279,21.9949224789937,8,FALSE,1.45007072776379
317.635607359788,7.36574622365649,0.140407687652629,0.824931444439354,9.0019557546491,8.3826209618355,1000,1.00575855392515,0.597134675352689,26.3662456651873,400,317.635607359788,347.1,100,0.194634624742401,151.903719912473,73.6403756981482,433.499097455454,322.718187000113,36.264708292718,0.137903797180625,7.19355088342563,36.3910414790901,25.0055610809899,0.897190093834,24.8326234817505,8,FALSE,1.53362218343683
313.88418676876,7.7263497861832,0.140882946415148,0.948599169259255,8.88465845731423,8.80616380423342,1000,1.02316683612968,0.668569405184932,26.6293126504529,400,313.88418676876,423.1,100,0.195139203230847,185.164113785558,101.498568228043,435.024084930693,323.671379054297,41.6908603283184,0.138360202884465,7.18766869329677,58.2268962857447,25.3668343763151,0.97384369135121,25.0899019241333,8,FALSE,1.53941072631963
322.633905186963,3.97235791175212,0.0806119547330001,0.383522015656578,9.161924181471,4.76775254819782,1000,0.794877500087172,0.531498736538836,22.7590064230129,400,322.633905186963,126.4,100,0.187465155409441,55.3172866520788,-19.0834757677416,412.989869961626,347.794269626522,16.9204475523141,0.0797911354771944,7.28950599355445,-35.1012207489112,20.9633616950919,0.794776747772792,21.1279740333557,8,FALSE,1.63103238965722
322.288154184074,3.61749184196484,0.0730839924891715,0.357533675496557,9.12569398215003,4.58191974051617,1000,0.963966000108736,0.542868559829233,25.7156301082308,400,322.288154184074,126.4,100,0.192887158590134,55.3172866520788,-10.9963421378352,429.744728777564,375.830073278638,15.7311072164936,0.0724029991144762,7.22815520795114,-26.0327515601804,23.8150393024315,0.876963881933625,23.938159942627,8,FALSE,1.7774701656038
323.486303597727,3.38666333495622,0.0694919393844744,0.324850395158775,9.16757397294489,4.17880856621111,1000,0.791795279106392,0.525058587791885,22.6994480539716,400,323.486303597727,107.8,100,0.187275280451992,47.1772428884026,-26.205750809971,412.657476185232,356.512032619355,14.3333132571415,0.0688814805827796,7.29410618980982,-39.5242829571521,20.8433488236941,0.793626670433578,21.0285868644714,8,FALSE,1.67086118950018
323.677975163136,3.01786258823976,0.0620799151821032,0.291561057200708,9.16231428036484,3.80957492440905,1000,0.791441258875855,0.52887129465787,22.6925924119411,400,323.677975163136,96.9,100,0.187208156656902,42.4070021881838,-30.5087850727004,412.619227898836,362.667083287878,12.864930307252,0.0615924349397891,7.29647343677204,-42.2886995087838,20.7953061584525,0.801683711542732,20.9934358596802,8,FALSE,1.69915655226091
324.070975261672,2.67708494914928,0.0553549042084007,0.261886430712701,9.14236961473051,3.64249262898976,1000,0.965166485104754,0.530229379214442,25.7347093269697,400,324.070975261672,96.9,100,0.192783346034221,42.4070021881838,-21.9781352650285,429.854476811857,391.399826682921,11.5233229328247,0.0549636111477945,7.23303808390749,-32.6317196417433,23.7306264537096,0.877629034779266,23.8848524093628,8,FALSE,1.8498569176069
316.8310649514,4.27068517082385,0.0806192713772475,0.467922416629011,8.97990120331477,5.25294191411554,1000,0.981516725857493,0.638045645940918,25.9922257492366,400,316.8310649514,151.5,100,0.193467470051618,66.3019693654267,-2.77747623238334,431.337827761726,370.954833715699,20.5821674303421,0.0797904658009719,7.21985940592794,-22.7500211226243,24.1280781736074,0.973159897532489,24.2357969284058,8,FALSE,1.75642882083075
325.268977006107,3.04111555367972,0.0638900849907666,0.27172683783867,9.18213120512769,3.81540904048753,1000,0.774022286980372,0.480602080668948,22.351428305742,400,325.268977006107,96.4,100,0.186604194493543,42.1881838074398,-30.3511849938674,410.71919651035,357.758259617544,11.9934219883289,0.0633743403801098,7.3030412762798,-41.2895929220659,20.4835030956893,0.744786198834392,20.6767778396607,8,FALSE,1.67465046608132
322.522271810878,2.68057768603274,0.0543191950217458,0.271307975395572,9.11467807642953,3.63221027718208,1000,0.951391994662905,0.559314280773624,25.5143523562649,400,322.522271810878,96.4,100,0.192361413097079,42.1881838074398,-23.4837695435147,428.588212907262,390.935870900066,11.9403870393323,0.0539426219732165,7.23815166963408,-34.5070946327261,23.5050193010322,0.902120774117794,23.6679935455323,8,FALSE,1.84635881073261
324.62037876184,3.72338640130279,0.0775507069451753,0.313776498917747,9.18696279285649,4.50210453655292,1000,0.778285610315253,0.454733404017093,22.4356332019971,400,324.62037876184,117.1,100,0.186856018270547,51.2472647702407,-21.5270250382866,411.187544199325,347.244628524279,13.8476363667295,0.0767915434852926,7.29718568225741,-34.4914530207892,20.6473097387371,0.712846534308051,20.808892250061,8,FALSE,1.62674095193609
324.194289931152,4.3563010694963,0.0902231053654111,0.373822539069656,9.18027340856741,5.12938922296305,1000,0.772438918445519,0.462389945632942,22.320037028891,400,324.194289931152,137.4,100,0.1867385770414,60.1312910284464,-14.2539104481925,410.5447006268,335.651980694038,16.4985784005673,0.0891970047938027,7.29574503478553,-29.9850062445852,20.6067949445131,0.710749589485634,20.7472937901815,8,FALSE,1.57274323870946
324.432247055913,3.979413336985,0.082676951442775,0.322821077809771,9.19714451927893,4.93335376994593,1000,0.95336983521267,0.431663726936211,25.5461882174232,400,324.432247055913,137.4,100,0.192643086407274,60.1312910284464,-4.77750903007907,428.770982046178,366.550794592997,14.205512050866,0.0818066131861696,7.22896845366073,-18.4902779953464,23.725359938696,0.754971552940334,23.8127989768982,8,FALSE,1.73338924052501
321.359732339981,2.28781004609304,0.0456748265422618,0.243479599505342,9.05105373850581,3.25272337715461,1000,0.964730887340573,0.597282630532863,25.7277891486845,400,321.359732339981,85.8,100,0.192693263404508,37.5492341356674,-27.8179627454971,429.814667932852,399.893789356314,10.7138794833318,0.045408202106964,7.23607068554398,-37.5323722665195,23.6612662882319,0.951585594534019,23.8385796546936,8,FALSE,1.88920949399089
323.08207107545,7.7003134156796,0.157177876525915,0.639327564688115,9.20128139421576,8.50297106416861,1000,0.792477206429532,0.403499613132011,22.712645019668,400,323.08207107545,360.3,100,0.187926717641886,157.680525164114,72.8277405024278,412.731110812404,285.559313740139,28.1996579215833,0.154077757393834,7.26682193159659,43.5030534928516,21.5739430767024,0.621453464334323,21.3692922592163,8,FALSE,1.34335276045172
317.979219523018,7.52601238598874,0.144063998184179,0.837805213634394,9.06775083049767,8.49586548891189,1000,0.957533697020983,0.590018172304175,25.6129955420921,400,317.979219523018,360.3,100,0.193233680055784,157.680525164114,76.5224831678736,429.154711802757,315.688105529603,36.8562105333458,0.141434706738598,7.20882138657268,38.630768336563,24.2991519976102,0.871930081016689,24.1159596443176,8,FALSE,1.49703589777453
322.974861728793,8.26118307846678,0.168407769252132,0.753609611629662,9.21296112577228,9.12452830033885,1000,0.806677047657906,0.406809880146623,22.9848965905501,400,322.974861728793,515.5,100,0.188504311316536,225.601750547046,131.993613443638,414.252382786104,279.001158277289,33.2307756627915,0.164849401935454,7.25755370418155,96.2625590184738,22.1241440877852,0.623313247624182,21.6707191467285,8,FALSE,1.31417744382156
323.030563346144,7.97290985834259,0.16263588042907,0.657342465887561,9.22355807153735,8.81466165199884,1000,0.823630950102024,0.382974558309794,23.3037429963173,400,323.030563346144,416.5,100,0.189051597677622,182.275711159737,96.0841531698322,416.039356994322,285.985060670215,28.9778535294053,0.159312651150062,7.25266904580684,65.4015120289269,22.2640298872577,0.608642968121424,21.9557620684306,8,FALSE,1.3479809278867
323.047374277069,7.87277112060127,0.160630873994981,0.786325296797775,9.17160305451763,8.87659164432825,1000,0.979297611668676,0.467732580578936,25.9575273682917,400,323.047374277069,416.5,100,0.194008262230197,182.275711159737,101.563854765403,431.13773403873,304.159979826893,34.5782596895527,0.157363333922886,7.19619931844913,65.2270844043644,24.8224877443625,0.745124285530405,24.5126295089721,8,FALSE,1.44489785931961
316.90519292652,7.05411334947956,0.133283642443248,0.783577054156182,9.0386594831758,8.01763487401844,1000,0.957273686159803,0.612487503374646,25.6088322944203,400,316.90519292652,304.7,100,0.193145737488957,133.347921225383,54.9454670036081,429.13079130342,324.474743591429,34.4721432655105,0.131031099417605,7.21223183315487,19.93934215856,24.1653669291917,0.90174050295863,24.0708565711975,8,FALSE,1.53797572322277
323.053133895014,7.85224953802909,0.16021998500214,0.663162708070483,9.1664109356283,8.62711571946777,1000,0.76144241785717,0.406715941574443,22.1002328079771,400,323.053133895014,388,100,0.186831613460202,169.80306345733,81.6032341501191,409.324423764232,277.66929816594,29.2671676644001,0.157004996594068,7.27850667999065,51.0262756417775,21.0357507906445,0.611701208082549,20.7960939407349,8,FALSE,1.30413886724219
321.652133882138,7.7189338300678,0.154684927926954,0.820727178702597,9.14365194576466,8.70843341774758,1000,0.97278346523506,0.523887017058391,25.855215238237,400,321.652133882138,388,100,0.193770491898002,169.80306345733,89.2614660028143,430.548140150837,308.40542206925,36.0953154632544,0.151654211970682,7.20026990228682,51.7728620811311,24.6367833948048,0.803360239245924,24.3909778594971,8,FALSE,1.46423737873992
323.07461892937,7.73904505835113,0.157953372547843,0.696896065982892,9.18814433454757,8.52924240088138,1000,0.779362742972102,0.442232011876082,22.4568346581939,400,323.07461892937,366.4,100,0.187464640533979,160.35010940919,73.5047573745813,411.305529807848,282.733143018324,30.7460743265114,0.154825031401389,7.27189348285501,41.6840944554966,21.3236617743376,0.655031713404156,21.1277046203613,8,FALSE,1.32913003783259
323.28294821024,6.77577642886028,0.138666532674998,0.582440383792758,9.18371779017461,7.55466747685904,1000,0.775398322919494,0.445432728660658,22.3786569746714,400,323.28294821024,255.5,100,0.187188255796551,111.816192560175,31.2823649232644,410.870598591878,297.19649022715,25.7000381596637,0.136252186824645,7.27959455202746,5.44238081404536,21.0085702719805,0.667557711587428,20.983012676239,8,FALSE,1.39564429843245
323.356705300504,6.48717754307727,0.132888123281016,0.567907937426127,9.17772552264561,7.46403334856008,1000,0.973613782155264,0.444210583916043,25.8682943509225,400,323.356705300504,255.5,100,0.193633313647865,111.816192560175,40.8967246627228,430.623477393737,326.243962490338,24.9781050080222,0.130647129391443,7.20670762663822,15.5021016729872,24.3942820100415,0.739152837602406,24.3207473754883,8,FALSE,1.54754697543424
321.24251216363,7.41053720631701,0.147730114634299,0.778725285531021,9.11976524414507,8.40404543529738,1000,0.983794750127163,0.532022897362134,26.027763750618,400,321.24251216363,344.2,100,0.194046258697526,150.634573304158,73.0312877444521,431.542835477995,314.962850843659,34.2434088662003,0.144962759932926,7.19866878293751,37.7697627008057,24.7114225766288,0.819842360436982,24.532060623169,8,FALSE,1.49570312744902
323.226397430615,7.01396669246856,0.143435646225298,0.648246796543684,9.20516959768636,7.81520781904136,1000,0.796865635578954,0.475718267823366,22.7973011579085,400,323.226397430615,277.2,100,0.187985642837178,121.312910284464,39.8676701189179,413.203697964056,297.116713260983,28.592220775204,0.140850357812522,7.26938356963692,10.9912173937106,21.4517592336008,0.703115894086698,21.4000716209412,8,FALSE,1.39722953696727
323.279826290181,6.78783308172662,0.138907934425368,0.660244274857739,9.18288812534074,7.76064713600169,1000,0.968596462536117,0.49352089086105,25.7890912213702,400,323.279826290181,277.2,100,0.193528398562574,121.312910284464,47.8440907992898,430.167409267292,320.86938626807,29.0408135923025,0.13646113567918,7.20658180971471,18.3115320811477,24.3538748787228,0.782604869164505,24.2670121192932,8,FALSE,1.522079102077
323.403086235472,6.31838143599866,0.129508439370719,0.589414182080779,9.20032722217847,7.11224127626453,1000,0.791441782891934,0.491155834672257,22.6926025618381,400,323.403086235472,225.7,100,0.187695971904788,98.7746170678337,19.6667834367515,412.619284524122,307.317562120217,26.0010888034056,0.127398997636478,7.27592280492046,-6.17500950258506,21.2196884182274,0.724552299415205,21.2487010955811,8,FALSE,1.44390146625702
323.530482458725,5.89478827115811,0.121027135930131,0.529777042675244,9.197163619868,6.68467732512037,1000,0.788112741264865,0.476540132588628,22.627984921334,400,323.530482458725,201.9,100,0.18751793195503,88.3588621444201,10.8124531395287,412.258907076866,313.554073242424,23.3723892271547,0.119183961075604,7.27990261811144,-12.2445375875886,21.0980888864063,0.713544426419915,21.1555871963501,8,FALSE,1.47239772498386
323.641918376434,5.56701089767371,0.114464283655292,0.515495186699864,9.18809199489577,6.53191272349279,1000,0.963297296319955,0.484476170769134,25.7049921421914,400,323.641918376434,201.9,100,0.19318575498363,88.3588621444201,19.1730248020519,429.683545887469,340.604598015326,22.677885847734,0.112799799373999,7.21589424196262,-3.41347463502093,24.0752107323556,0.788885738415743,24.0913820266723,8,FALSE,1.61361011551913
323.50292724334,5.98141420431258,0.122761585127827,0.55599072471127,9.19638400971811,6.93778618636919,1000,0.9542441980691,0.482883244985743,25.5602411535017,400,323.50292724334,222.3,100,0.192975251202608,97.2866520787746,26.5629559331337,428.851678307882,332.876041586038,24.4619392047978,0.12084922161712,7.21651356487393,2.04629713282867,23.9930737933489,0.778402063445049,23.983380317688,8,FALSE,1.57686083581374
324.148727612771,4.43642501344707,0.0918273698765227,0.407794928355384,9.21563862017902,5.24758087409201,1000,0.810462195999829,0.493927073710675,23.0566598457117,400,324.148727612771,142.9,100,0.188090318843588,62.5382932166302,-10.975907427087,414.654076847619,341.134828584148,17.9856615668045,0.090762374030243,7.27983631158946,-28.2321308223818,21.3221583013534,0.75684616657062,21.4547328948975,8,FALSE,1.60192695081415
323.915390740765,4.08615555783417,0.0843179611970087,0.38802245006572,9.16347456291942,5.06317179536573,1000,0.97639127210729,0.507630223187592,25.9119643217729,400,323.915390740765,142.9,100,0.19334484301601,62.5382932166302,-3.29323634331342,430.87509323237,367.309015674016,17.068703036236,0.0834118692868552,7.22049935613217,-19.8309225592482,24.0790633411128,0.838185894795041,24.1729521751404,8,FALSE,1.73901214663251
324.773120207168,3.53770994250363,0.0738330398070801,0.296942393794875,9.20480311558852,4.33453519361152,1000,0.796439576953766,0.452529277955866,22.7891026231183,400,324.773120207168,112.5,100,0.187470173899825,49.2341356673961,-22.3033529662423,413.157912459523,353.720450269983,13.1006441989814,0.0731440087729203,7.29091878864122,-34.5164806775738,20.968761228226,0.720477910162795,21.1305999755859,8,FALSE,1.65850264753245
324.651960811253,3.68347338674547,0.0767515571576271,0.307543094150229,9.20850993554006,4.48478255392415,1000,0.800883493911967,0.450069031897488,22.8744008767764,400,324.651960811253,117.3,100,0.187646941952664,51.3347921225383,-20.1764011735752,413.634454931063,352.062874659669,13.5671203266462,0.0760069807905271,7.28824502753603,-32.8965498417126,21.0687646804523,0.718127902552307,21.2230645815531,8,FALSE,1.65133629522327
324.978863974708,3.31398993571559,0.0693536538755012,0.287960801426991,9.16945163000497,4.29560209777904,1000,0.981233662214146,0.462506233940489,25.9878040940482,400,324.978863974708,117.3,100,0.193370642538627,51.3347921225383,-11.9086460794147,431.312325713618,380.683867910324,12.6669333264808,0.0687397068532864,7.22333340432884,-23.9348371637287,24.0729020809028,0.805766268032869,24.1861763000488,8,FALSE,1.80162779399939
323.510644260744,4.48467512805854,0.0920517759104202,0.428174441844324,9.16413550455495,5.45736550228064,1000,0.97188731321246,0.510434247112354,25.841086561761,400,323.510644260744,157.1,100,0.193271102881841,68.7527352297593,1.87547355634463,430.466768403129,360.284114618163,18.8356363548689,0.0909727916558003,7.2197161319981,-16.5179781211107,24.0569362310516,0.833783042272592,24.1351485252381,8,FALSE,1.70593803652289
327.214685081827,1.93786953163366,0.0418005777483251,0.16571539172507,9.20751130544664,2.73764103831975,1000,0.799655678859443,0.452817969413985,22.8508811333616,400,327.214685081827,67.3,100,0.187344154624347,29.45295404814,-39.5071083415947,413.503014187027,381.395335044357,7.31157487210075,0.0415790777543585,7.29919479118562,-45.6470862059482,20.8508611918624,0.741383783394544,21.0646457672119,8,FALSE,1.78623536614965
325.807092870186,1.6128646531664,0.0341301063949221,0.165680862195282,9.09747466879523,2.59645844249863,1000,0.98349009861305,0.548001026430185,26.0230158464337,400,325.807092870186,67.3,100,0.193155231672872,29.45295404814,-32.9342747822695,431.515442061653,412.015852933155,7.28881412935318,0.0339809496188536,7.23305389983822,-39.1768889030131,23.8905667937876,0.918306956699224,24.0757265090943,8,FALSE,1.94728933733936
329.830620267574,1.27537006137887,0.0285358239637011,0.118199478027543,9.21562850381879,2.0858784782041,1000,0.810447396491879,0.474334363937522,23.0563799125606,400,329.830620267574,50.5,100,0.187616980892048,22.1006564551422,-45.9673415331027,414.652509357437,394.771144989867,5.21439374672715,0.0284324181154916,7.29878630752143,-49.8990682526768,20.9736850257886,0.775832105204987,21.2073965072632,8,FALSE,1.84898340529739
331.816675142641,0.998667280385532,0.0229956017806014,0.0960041142764732,9.20883102975083,1.79999444406473,1000,0.80128343476957,0.478785618955559,22.8820542671973,400,331.816675142641,43.1,100,0.187258323388894,18.8621444201313,-49.3963832473117,413.677232874188,397.913765337922,4.23600787523785,0.022928452040849,7.30410010240651,-52.2917648876114,20.7749677426734,0.779545041507686,21.0197076797485,8,FALSE,1.86234658744876
333.903714080722,0.724428791325938,0.0172076840233124,0.0795361367801733,9.12503958204482,1.71056820505687,1000,0.986099951807621,0.52647925727036,26.0636420593345,400,333.903714080722,43.1,100,0.193093422335999,18.8621444201313,-41.6604192287007,431.749880443661,427.563907307982,3.49914828271344,0.0171697081433207,7.23717418009331,-43.9859872437073,23.8362488683304,0.910640193332153,24.0440192222595,8,FALSE,2.01962283707499
323.668021119141,2.32215384531548,0.0477624221194559,0.234053498253091,9.09191057479938,3.3084447588626,1000,0.986101681054241,0.549778472513148,26.0636689419469,400,323.668021119141,87.7,100,0.193341796492559,38.3807439824945,-25.0028287327984,431.750035604585,400.103188027263,10.295784929702,0.0474706272777948,7.22811807954111,-34.3790240543637,24.0087957657222,0.910895059411117,24.1713905334473,8,FALSE,1.89227840849959
400,-0.510770208446103,0.003,0.0159198671526502,9.02839725047474,0.463087113152803,3000,0.973854817926658,0.607153462957542,25.8720890460243,400,400,10.7,100,0.192616799536845,4.68271334792122,-56.4327727407597,430.64533713861,439.328908707367,0.700551591759193,0.00299884496345744,7.24554536334358,-55.653813959009,23.5367108504285,0.996980195323979,23.7992911338806,8,FALSE,2.07279791214371
329.82061500004,1.27711374332452,0.0285707364620898,0.0343317738537179,8.28656057795651,1.79068558920051,1000,0.513522486032275,0.15860044760863,16.0615155696869,400,329.82061500004,39.1,100,0.177948375555002,17.1115973741794,-54.7020479980044,376.850407714427,0,1.52207383231208,0.0284635521005407,7.05782104504851,-54.8414090094488,15.7958861198966,0.15860044760863,16.0615155696869,8,TRUE,0
331.93200239688,0.985867783870202,0.0227393266023319,0.0541048183334526,9.06186016317522,1.68846575748777,1000,0.702559310676885,0.285041040048015,20.8664198445831,400,331.93200239688,39.1,100,0.183679925842901,17.1115973741794,-50.9697980462871,402.525134858507,372.242689788624,2.39162084650248,0.0226740245747451,7.34464961553519,-52.0594804732202,18.8915320226747,0.536942520263462,19.1338396072388,8,FALSE,1.73258023734432
327.009492692568,2.01688475415467,0.0433826431220157,0.0468515685996698,8.33261254289434,2.53790576882722,1000,0.520909873965983,0.142389096479797,16.2804741859436,400,327.009492692568,56.8,100,0.178352849451421,24.8577680525164,-47.122627464838,377.992940330969,0,2.076692977108,0.0431358099448152,7.05248169460811,-47.9857898406818,16.0478745981205,0.142389096479797,16.2804741859436,8,TRUE,0
325.550541037957,2.814443694076,0.059351596218255,0.0486144566776093,8.3639528704058,3.34074756368491,1000,0.526081728248002,0.110214545854111,16.4319252967834,400,325.550541037957,77,100,0.178632977598477,33.6980306345733,-38.3259431835857,378.784735329014,0,2.1545194550542,0.0588903284136037,7.04879325243158,-39.4799480231245,16.2404555951723,0.110214545854111,16.4319252967834,8,TRUE,0
326.069253090653,2.47139691453219,0.0524830155301727,0.123957406760244,9.07147900795712,3.17849968123886,1000,0.70693135126174,0.276829645652364,20.9615217511385,400,326.069253090653,77,100,0.184054376190432,33.6980306345733,-36.0025045606989,403.04618718851,349.531636562594,5.47830045117161,0.0521359612695332,7.33415900306956,-40.4653079376058,19.1437090058358,0.515584895874536,19.3323216438293,8,FALSE,1.62920010730923
342.454985472664,0.41316754865535,0.0112725587729181,0.0263027339724676,9.05367106532774,1.11212804727031,1000,0.698944924919452,0.282287093142905,20.7873507256829,400,342.454985472664,25.2,100,0.183462866374964,11.0284463894967,-56.41638539632,402.092309083586,380.247174897979,1.16280114276924,0.0112564980630876,7.34941225599738,-56.1768477993129,18.7573588512913,0.538089880860762,19.0186610221863,8,FALSE,1.76868970349657
324.197264186212,4.35114393381603,0.0901198477205313,0.142440627463927,8.47155788418098,4.89664768855625,1000,0.544833357499422,0.185113251884456,16.9688262939453,400,324.197264186212,122.4,100,0.179628407331642,53.5667396061269,-22.0933785946302,381.601709350822,0,6.3094983374055,0.0890586947386446,7.03574858320289,-27.6957810237233,16.8342583658826,0.185113251884456,16.9688262939453,8,TRUE,0
324.431805282079,3.98012133396023,0.0826911271606107,0.202739433107132,9.1256302044354,4.71542167717487,1000,0.734796332844089,0.278157279976159,21.5541678872618,400,324.431805282079,122.4,100,0.185310646238471,53.5667396061269,-17.2829513125312,406.304634380238,333.299115766002,8.954343698653,0.0818304625150445,7.31360481860633,-25.5889279083858,19.876655403688,0.514345527517257,19.9962630271911,8,FALSE,1.55790486007069
324.309623304055,4.16542658524915,0.0864013618758174,0.107034051632881,8.53203866065557,4.72215268438351,1000,0.556141048080141,0.14828015212556,17.2837300300598,400,324.309623304055,117.1,100,0.180213964748831,51.2472647702407,-22.4051235292825,383.261216908887,0,4.73970666484439,0.0854244505455706,7.0281200494407,-26.4661882968331,17.1549968529898,0.14828015212556,17.2837300300598,8,TRUE,0
324.327382831201,4.13746145208525,0.0858414359851134,0.0811290318170504,8.49442483916485,4.68707611517787,1000,0.549037885106122,0.116194930391037,17.0866734186808,400,324.327382831201,115.8,100,0.179847393030136,50.6783369803063,-22.4842020249276,382.222118209661,0,3.59325514453513,0.0848777217200456,7.03289180176612,-25.427223941542,16.9630777439681,0.116194930391037,17.0866734186808,8,TRUE,0
324.580725963698,3.77469276139513,0.0785779775540837,0.176274994185616,9.12197495392936,4.50783274229684,1000,0.73269971166846,0.2564596453843,21.5103643509692,400,324.580725963698,115.8,100,0.185203712006401,50.6783369803063,-19.3779442098287,406.063122870073,336.090671543849,7.78591841198944,0.0778006242034226,7.31571855055522,-26.4931653376852,19.8160666867146,0.493915846960294,19.9398651123047,8,FALSE,1.5704992386645
324.51739597152,3.85950356570907,0.0802760837232368,0.189130869435132,9.10337964503226,4.58254466177492,1000,0.722576728232857,0.268640362801548,21.2970913492482,400,324.51739597152,117.8,100,0.184837907502382,51.5536105032823,-19.4074807934201,404.888776622422,331.939221970283,8.35530626670345,0.0794653474210368,7.31940670716211,-27.0789586763047,19.6203007794688,0.500486886433386,19.7467727661133,8,FALSE,1.5503185831349
323.709823094384,5.38430288759459,0.110806051646071,0.205683051860642,8.54025865369324,5.9433876785005,1000,0.557725877055035,0.207952937259449,17.3273530006408,400,323.709823094384,161.6,100,0.180295181031753,70.7221006564551,-7.14746571622602,383.491531203848,0,9.10772258171502,0.109204206833289,7.02706458858983,-15.8485578242917,17.2502530563683,0.207952937259449,17.3273530006408,8,TRUE,0
323.860116883136,5.01861671214298,0.103484178501114,0.232563065331313,9.17933748958684,5.79125817605177,1000,0.771652188741678,0.24651468053884,22.3044156807092,400,323.860116883136,161.6,100,0.186805292472093,70.7221006564551,0.221220564262332,410.457886367103,324.683623284971,10.2637750511232,0.102135850015662,7.2920223324067,-9.79171272098782,20.7363856738021,0.487002103650827,20.7822895050049,8,FALSE,1.52212617570434
323.52843736651,5.90094224822421,0.121150352618208,0.162059734049544,8.55747716365703,6.46402025214731,1000,0.56108521931612,0.144830760812616,17.4194116592407,400,323.52843736651,186.3,100,0.180466653882442,81.5317286652079,4.0298330925268,383.977909944411,0,7.17543062659308,0.119237451271464,7.02483826292043,-3.06681176885737,17.4044875282491,0.144830760812616,17.4194116592407,8,TRUE,0
323.481535115347,6.05070856986078,0.12414901672427,0.171983528789942,8.76644206375184,6.65986979045761,1000,0.607059147744166,0.147222501527602,18.626684207715,400,323.481535115347,196.8,100,0.180803609385878,86.1269146608315,8.32092157269373,390.399275073816,220.377733635995,7.61349788686818,0.122225626559878,7.33887856142631,0.69041435579578,17.6033592909431,0.281814394622127,17.6001432736714,8,FALSE,1.02654093404362
323.568363232311,5.77929999472678,0.11871479664436,0.31351446407666,9.20438764923676,6.57690427692561,1000,0.79595985691999,0.281836736773152,22.779866245014,400,323.568363232311,196.8,100,0.187778598684221,86.1269146608315,13.961375571879,413.106335577469,316.763405852388,13.8296259045091,0.116940272435606,7.27743879149368,0.128435662348589,21.2924977525579,0.52319887030418,21.2918944358826,8,FALSE,1.48797180913136
324.055405288541,4.60980390541311,0.0952988116159342,0.190277458108136,9.15657550168193,5.36491975414802,1000,0.754357117756381,0.222691650740531,21.9569198394531,400,324.055405288541,145,100,0.186120203486628,63.4573304157549,-6.37377619368463,408.530266204666,327.732616282591,8.40048586297558,0.0941556595660401,7.30165739372712,-14.4070250995458,20.3550758892986,0.460561656263843,20.4225273132324,8,FALSE,1.53439252622069
323.257294798555,6.88167746766222,0.140786913548214,0.350913614191871,8.9500238465353,7.54530963476513,1000,0.659595201994266,0.256905113575382,19.8990570865669,400,323.257294798555,256.6,100,0.182822309312521,112.297592997812,30.4959689005349,397.25372435933,261.620405449365,15.5184063403054,0.138314251490806,7.3258157214794,14.6128848964635,18.7464203768269,0.427634429837991,18.6782307624817,8,FALSE,1.22082632408516
323.296172709609,6.72223454785755,0.137594501827345,0.333174135528626,9.2273479269214,7.55731709300221,1000,0.831672713169686,0.240480790273678,23.4526938041366,400,323.296172709609,256.6,100,0.18914927236228,112.297592997812,39.2706533877974,416.87612994068,307.004500281849,14.6867090585969,0.135209868234448,7.25737138148885,23.9594868949411,22.1194351205703,0.483872181014347,22.0065760612488,8,FALSE,1.44611774288784
323.271851853898,6.82113600774214,0.139574735130482,0.245694818790372,8.97294445974801,7.49237899423887,1000,0.66746494294708,0.175180669261078,20.0808767169409,400,323.271851853898,251.8,100,0.183122416259608,110.19693654267,31.1396328539383,398.240532153975,266.292226861278,10.863660244249,0.137143283866514,7.32330839811069,19.781332055727,18.9301636217858,0.350645257762526,18.837824344635,8,FALSE,1.24305237230591
323.188106216847,7.18432318706886,0.146846572660629,0.274955101429963,8.97646680911306,7.85852236553719,1000,0.668709747566029,0.179778421710762,20.1094397238182,400,323.188106216847,286.5,100,0.183217776000458,125.382932166302,44.2044084444564,398.395721939018,261.456791260628,12.1568419215186,0.144156609904556,7.32054886670774,31.26506832648,19.0344994852762,0.352493283917904,18.888499101003,8,FALSE,1.22094062281516
323.218575919153,7.04799845470768,0.144117039897636,0.349503215852074,9.23462027438503,7.91286804561801,1000,0.860154894433272,0.231099008428323,23.9689009615653,400,323.218575919153,286.5,100,0.190152215612717,125.382932166302,52.0975588524404,419.785838922742,305.48780177444,15.3987661512723,0.14149848908188,7.24432065630137,35.7601442101901,22.6960836420099,0.480477266602524,22.5273351669312,8,FALSE,1.4415657946341
323.349520551426,6.51462676104488,0.133437719370173,0.315611540002231,9.22679486831504,7.347881534602,1000,0.830387847977463,0.238056856630147,23.4289922592256,400,323.349520551426,241.8,100,0.189075764366604,105.82056892779,33.6539784868787,416.742895492776,310.167684962511,13.9130428990396,0.13119436180227,7.25916748309634,19.2398063468124,22.0589411003297,0.483492467617929,21.9683361053467,8,FALSE,1.46065615387887
323.074996642249,7.73679001829465,0.157908221491175,0.484630330144146,9.10749826518596,8.4726202027943,1000,0.724746312028958,0.292937696115351,21.3430510430873,400,323.074996642249,365.6,100,0.185452500289132,160,74.0763394792173,405.141629132452,271.420023812776,21.4030082417777,0.154791115802163,7.29442025751468,51.3673730623692,20.311777006114,0.485058332398767,20.0710444450378,8,FALSE,1.27200659804952
323.085989480766,7.67891145604144,0.156749360371782,0.459674256837076,9.23278443419349,8.57837039171053,1000,0.888428811293264,0.264481691131721,24.4646972284031,400,323.085989480766,365.6,100,0.191167306134388,160,82.5601839400101,422.594812434398,298.652799167442,20.2425159065429,0.153650448292242,7.22972686001615,60.7123223088408,23.3396138763019,0.515435733531595,23.0525403022766,8,FALSE,1.41215692612648
322.970133586276,8.27266582384546,0.168637680062719,0.466918913170084,9.10554298378703,9.07051677213591,1000,0.723711507050148,0.211996482616288,21.3211472877484,400,322.970133586276,548.5,100,0.185485195374942,240.043763676149,144.915491243092,405.021108351636,262.960638821556,20.6204662522386,0.165085906638291,7.29139960809367,121.211536666429,20.6565666610968,0.398181031184346,20.0882749557495,8,FALSE,1.23287233199888
322.974072130804,8.26209361341114,0.168426000243086,0.517265081215607,9.1383454306993,9.06508160465513,1000,0.742408776402663,0.249180342357135,21.7121663923482,400,322.974072130804,529.8,100,0.18618570356108,231.859956236324,137.912723638317,407.176656911462,267.442277394398,22.8357776525347,0.164879391326261,7.2837284276952,112.208682472234,20.9835981598101,0.442656846141718,20.456961631775,8,FALSE,1.2552047605732
322.969504223929,8.26113759267398,0.168406858522585,0.643868280843906,9.23379262517985,9.23764496076205,1000,0.883118356427849,0.318490055850384,24.3727907444398,400,322.969504223929,529.8,100,0.19107882506755,231.859956236324,143.075737726447,422.073047662725,288.814514537495,28.3550570643411,0.164834307597468,7.22803905123864,111.766058126472,23.5354351712511,0.560353202058354,23.0068345069885,8,FALSE,1.3659562374513
323.119396838517,7.51063385890685,0.153380058215812,0.422610137203296,9.23416658787036,8.39957522862991,1000,0.880588197600633,0.252234833599338,24.3288074655475,400,323.119396838517,340,100,0.190889185728902,148.796498905908,72.7977993522906,421.823520016479,300.47263114603,18.6129215973662,0.150413274800246,7.23370440932586,52.7917634974185,23.1583113873861,0.502729153952846,22.908826828003,8,FALSE,1.41998063754445
322.960365562385,8.37890987529548,0.170764928833233,0.815164949707009,9.17684473637564,9.44378412039453,1000,0.769590878484315,0.376742416003761,22.2634105372062,400,322.960365562385,764.6,100,0.18720018667508,334.617067833698,224.605960169844,410.230069416546,271.033635716318,35.9687353342365,0.167114342058773,7.271788929254,183.90294742157,21.8538028100115,0.578933326560693,20.9892616271973,8,FALSE,1.27414891000886
322.980009793259,8.26818017897997,0.168547867198894,0.951491639193886,9.21546960127717,9.65758310738625,1000,0.928920291667999,0.448304138676319,25.1479210852827,400,322.980009793259,764.6,100,0.192534812263922,334.617067833698,230.754602972181,426.48874124042,293.378992115709,41.8719671514248,0.164961256937802,7.21128346779137,183.970780687085,24.6292696171506,0.704621024383321,23.7571530342102,8,FALSE,1.39076805107246
322.96088330957,8.35674481850773,0.170321133729821,0.792791054344564,9.1628326414231,9.29128359918517,1000,0.758804396828172,0.397667257243244,22.0470305045383,400,322.96088330957,644.9,100,0.186803998761536,282.231947483589,178.47766359097,409.029472372361,269.345777255274,34.9885067023036,0.16669152591557,7.27635527865985,139.897601718885,21.438867078862,0.596203940772678,20.7816109657287,8,FALSE,1.26541953880961
322.960744361005,8.37319648902635,0.170650533780045,0.810219439944372,9.16611547950134,9.39765181000852,1000,0.76122181114069,0.384067162713687,22.095790788717,400,322.960744361005,732.5,100,0.186894710857159,320.568927789934,211.912650438448,409.299791289948,269.558380452582,35.7560385986971,0.167006484431974,7.27525585651193,171.744647924237,21.6361804162824,0.583304572459542,20.8291810353597,8,FALSE,1.26660975335727
321.576175968826,8.2038650401098,0.164243172624649,1.0250168725489,9.16842009808024,9.62085204051159,1000,0.946748410796263,0.523652781512688,25.4393471042077,400,321.576175968826,732.5,100,0.193053507736325,320.568927789934,217.807970054544,428.157840027931,298.455425151153,45.0959431620353,0.16083327677576,7.20632189284119,168.205881330919,24.8214718326708,0.788417815062336,24.023540019989,8,FALSE,1.41580708421873
322.975402987078,8.29282573608118,0.169041327588692,0.898756044532175,9.22530405787304,9.5935068237288,1000,0.910754758254183,0.427201262433589,24.8451690991027,400,322.975402987078,721.8,100,0.19196870827535,315.886214442013,214.260020286824,424.759947776937,291.216889082255,39.5623943056236,0.165437033431448,7.21766858513165,170.17156400672,24.2718593259269,0.67747838689205,23.4658718109131,8,FALSE,1.37929728818958
322.087172305512,8.34920751256799,0.168256309401895,0.968722676573522,9.19103825624136,9.37104608282674,1000,0.803468569720577,0.514550513796864,22.9238023421035,400,322.087172305512,655.8,100,0.188390941312715,287.002188183807,182.000934138733,413.910638432997,278.632089174591,42.7187268072197,0.164704909174928,7.2588833979802,135.758836907404,22.2509506152816,0.730036985979038,21.6116037368774,8,FALSE,1.31219860522605
315.352640661583,7.97156974764284,0.14785889366208,1.05092345104164,8.97368671148663,9.46778813726461,1000,0.986377766148393,0.638310631002989,26.0679603155428,400,315.352640661583,655.8,100,0.194123500523107,287.002188183807,188.086123220214,431.774805068755,315.070947057668,46.2111943856291,0.145086411719375,7.19775403513555,138.149047596838,25.2276825876222,0.926862420695566,24.5715537071228,8,FALSE,1.49640660842003
319.619421991165,8.2976976126419,0.162081967394938,1.00727598641683,9.14414389210031,9.39526965386286,1000,0.816852659600156,0.557335562590998,23.1770605029758,400,319.619421991165,677.7,100,0.188814046623849,296.586433260394,189.819097372004,415.328674391727,285.455145886197,44.4093953501863,0.158782377570813,7.25552061643647,141.721609599892,22.4998435974879,0.781004622188304,21.8321061134339,8,FALSE,1.34495438954195
318.99400708577,8.28855413066408,0.160650486255241,1.05504015568438,9.1331606904443,9.50214841292692,1000,0.823332027501857,0.568583042057795,23.2981783089729,400,318.99400708577,773.4,100,0.189027402808724,338.468271334792,225.885980482761,416.008120232233,287.505063590225,46.5102627272468,0.157407416903288,7.25341516950251,174.819830931419,22.7670949049736,0.795318636422183,21.9431722958883,8,FALSE,1.35500601308459
312.681960723445,7.83997129746559,0.140968663317055,1.12669627410775,8.86616202817628,9.59827364534068,1000,1.01563131819127,0.693012097281638,26.5159926147322,400,312.681960723445,773.4,100,0.194923891116161,338.468271334792,232.43937062533,434.366681332939,323.026548501708,49.5234774157535,0.138443720086414,7.19011373031676,178.087931663664,25.8268856912601,0.99582126101019,24.9801712036133,8,FALSE,1.53582141111889
315.042491773188,7.96922698766317,0.147275271850639,1.07058679279247,8.96807914037546,9.51794307178453,1000,0.984639245010025,0.644438001559691,26.0409172721815,400,315.042491773188,693,100,0.19406784010235,303.28227571116,201.858462360892,431.61873259381,315.402477512339,47.0771275855819,0.14452471823971,7.19852282398894,150.71806647156,25.2588441407059,0.932846465173861,24.5430960655213,8,FALSE,1.49782120666021
313.855089752795,8.12028157463163,0.147998100517461,1.14751326891749,9.01739538330934,9.58751096370337,1000,0.883233024472468,0.667563632191318,24.3747811022349,400,313.855089752795,848.2,100,0.190936244084327,371.203501094092,254.614419367474,422.084342055444,305.082401775446,50.5384760678256,0.145234250317399,7.23439510227368,198.82829948363,23.8726909038161,0.922349519144625,22.9331531524658,8,FALSE,1.44162794976911
307.228960452993,7.47580747443342,0.126518803567327,1.1989337456921,8.57885377988008,9.61009428478966,1000,1.09596991404261,0.816410653055906,27.6830383088473,400,307.228960452993,848.2,100,0.197046467097552,371.203501094092,261.473971931423,441.172856186317,340.704899640604,52.643614584788,0.124475332405361,7.16904643827823,203.244046575583,27.0275636564535,1.1558235996081,26.0584053993225,8,FALSE,1.62463290952484
312.849591075649,8.08011441638372,0.145566500647185,1.1790106585057,8.98858074220721,9.6262743098641,1000,0.896072314488546,0.688371480145365,24.5960212367342,400,312.849591075649,898.1,100,0.191332165365263,393.041575492341,273.530460652867,423.341194765551,308.451944064196,51.9154113557736,0.142890447128716,7.23038425397542,215.901803888115,24.1584447637357,0.949018879744489,23.1376624107361,8,FALSE,1.45835882599811
312.875450315346,8.07499484972127,0.145517371715464,1.18251045228433,8.98735150914297,9.63667610031176,1000,0.900179258412494,0.687859735622603,24.6661212689023,400,312.875450315346,906.8,100,0.191463024380898,396.849015317287,277.033247150559,423.740014043239,308.931119189761,52.0661183589795,0.142842563811579,7.22888667475355,219.162431087137,24.2416075570092,0.949912449305975,23.2051943143208,8,FALSE,1.46092695458147
304.539288807416,7.36207380901457,0.121083311708214,1.24597934464173,8.47816930289534,9.61909252133241,1000,1.10983899323531,0.882817362083227,27.8758135760771,400,304.539288807416,906.8,100,0.197374810377178,396.849015317287,282.636209543033,442.304766413383,346.175132662922,54.7005151848427,0.119209692774551,7.16648388600786,221.826293525414,27.2826508297143,1.23099505126304,26.2245059013366,8,FALSE,1.65130767474053
309.252996719307,7.61602077464912,0.131766728645852,1.18331382049117,8.69066944963152,9.63353138395188,1000,1.06671949084778,0.768720907221609,27.2683418437136,400,309.252996719307,844.3,100,0.196291231992781,369.496717724289,259.751095329119,438.74526547292,334.354205825849,51.9770448857117,0.129553966086146,7.17650840633481,202.242335716528,26.6390285541367,1.09470783974587,25.6756496429444,8,FALSE,1.59269220076923
308.174321332444,7.90729599626973,0.135199818269771,1.22466753277976,8.85052319995499,9.59470240375197,1000,0.932870044056082,0.791556754688846,25.2129648393609,400,308.174321332444,883.5,100,0.192413794387849,386.652078774617,267.300392345281,426.860845788869,320.622762219115,53.8967690615706,0.132885131022459,7.22024132849104,207.864204517903,24.6790941727875,1.0713588770589,23.694932937622,8,FALSE,1.51803190173889
301.108530050069,7.10890407872151,0.112863156466998,1.25704903235001,8.2722902439612,9.53897279234749,1000,1.15801360492211,0.974696091043228,28.5271938226871,400,301.108530050069,883.5,100,0.198566173614218,386.652078774617,273.984563551566,446.145567675474,356.123026624964,55.1543239890986,0.111230947668184,7.15473660943156,212.921019634629,27.8429770519189,1.34514375657567,26.8256440162659,8,FALSE,1.70154980642116
305.476046021304,7.79128960211354,0.129412992410484,1.30787777242693,8.75816204668133,9.66827430016653,1000,0.958536702023455,0.856389375796819,25.6290448949692,400,305.476046021304,1027.8,100,0.193154988109188,449.80306345733,321.28753362831,429.24693487632,327.772013992712,57.5375997761666,0.127288554462328,7.21297985503606,256.87122904647,25.2930175776334,1.14874299432904,24.0756015777587,8,FALSE,1.5534433172105
304.685216076572,7.7333166914848,0.12738478853412,1.2336435711724,8.71824216498364,9.51749041252232,1000,0.975546089468853,0.876314487081715,25.8986888315741,400,304.685216076572,809.1,100,0.193649507388223,354.091903719912,239.359371309944,430.798591398027,330.95040026428,54.2584974045919,0.125324413911244,7.20773143806207,180.257900234211,25.1839764556314,1.17577244379487,24.3290397326152,8,FALSE,1.56964909895893
298.174398120032,6.91496536528193,0.106620704449282,1.24834895315979,8.10991778351738,9.41240446192996,1000,1.18992842076493,1.05916994681745,28.9439648988198,400,298.174398120032,809.1,100,0.199322912448321,354.091903719912,245.51397743386,448.616105670966,363.328911655258,54.7523737663756,0.105161438304875,7.14751530446233,185.586158489068,28.093855006808,1.44525630118124,27.2062315940857,8,FALSE,1.73773330473411
302.540221855484,7.18363847419303,0.115725142472636,1.23314695970771,8.33682599672834,9.53574104128311,1000,1.1474260888222,0.935726818739635,28.3863916943912,400,302.540221855484,850.5,100,0.198316860835875,372.210065645514,261.972220530194,445.313230573653,353.05019959095,54.1121891999366,0.114010256304603,7.15694837367579,202.255590485181,27.6661202585262,1.30037651406235,26.7000451087952,8,FALSE,1.68634658559602
300.223632616897,7.58264365636448,0.119317445919962,1.30248662019992,8.5823815663283,9.50741854974512,1000,0.991857037952517,0.994320915264365,26.1528807027302,400,300.223632616897,856.2,100,0.194069960748447,374.704595185996,254.874820069123,432.265177984731,339.039256207551,57.274445046448,0.117507161893943,7.20465355376565,192.417278648105,25.4571771334166,1.30500065848451,24.544180393219,8,FALSE,1.60870030951122
295.067488234283,6.71432094614021,0.100461588675406,1.28549349831591,7.93954332755961,9.38891791111035,1000,1.22089086033596,1.15516510817796,29.3377508741637,400,295.067488234283,856.2,100,0.200037266198532,374.704595185996,262.457396354345,450.959806230951,370.380228943937,56.3619150012832,0.0991638129613251,7.14077176468804,200.479373306622,28.5243798918836,1.55671189722464,27.5646195411682,8,FALSE,1.77313133299552
300.010466212544,7.54346315628521,0.118447668224029,1.32210483708386,8.55649185672347,9.55053914540577,1000,1.00572965759289,1.00055679134593,26.3658052208006,400,300.010466212544,911.1,100,0.19446739737863,398.730853391685,276.124704553142,433.496547586113,340.90708292081,58.1256902984679,0.116662414081791,7.20027296300015,212.266060984217,25.7550477593201,1.31653218296962,24.7472581863403,8,FALSE,1.61854703446026
300.039643668725,7.52774765963303,0.118235164211937,1.36928599805755,8.54685257623775,9.63430532423515,1000,1.01243884122867,0.999902745446451,26.4677299824912,400,300.039643668725,1047.8,100,0.194659458331308,458.55579868709,327.951699498482,434.086921653711,341.623210500453,60.1942721983431,0.116455736197599,7.19811293516937,260.707093137511,26.083443914145,1.31828323874371,24.8452962239583,8,FALSE,1.62243375853292
293.757345629387,6.56957549955675,0.0970835295476489,1.35206721643466,7.82193140451922,9.48017022110134,1000,1.24867791781169,1.19876664928792,29.6827401626787,400,293.757345629387,1047.8,100,0.200680831873248,458.55579868709,334.855647225191,453.020619052415,374.810173995159,59.2622695159775,0.0958699434196622,7.13426045420273,268.05326168914,29.1711934421692,1.61241397395922,27.8867635726928,8,FALSE,1.79597658998585
300.809469083229,6.90948439755756,0.109366239157633,1.23780500828514,8.12425311106134,9.50474212595912,1000,1.21000955314587,0.984932066466709,29.200510259951,400,300.809469083229,879,100,0.199842912691427,384.682713347921,274.430799351228,450.141949725721,362.07862953757,54.2761669380049,0.107830030447427,7.14108690603329,214.161339455736,28.4924130485554,1.37512848217161,27.46719789505,8,FALSE,1.73331236490095
295.58955792716,7.21184275708899,0.108445267270177,1.43208899430048,8.30001799108275,9.6210495017248,1000,1.08298723876705,1.13245833895234,27.5003602061335,400,295.58955792716,1131.7,100,0.196554738719916,495.27352297593,359.839844056032,440.102239184822,355.102471029417,62.8963430122336,0.10694241115602,7.17851658775998,289.029590834865,27.1857108907775,1.48185890868525,25.8093070983887,8,FALSE,1.69105310774484
288.334646773385,6.03415064197715,0.0848407331677387,1.377797334334,7.37780325537656,9.33581542623902,1000,1.3408786720173,1.39478807170164,30.7748304289915,400,288.334646773385,1131.7,100,0.202713560975857,495.27352297593,366.173020929963,459.590874017411,390.212010798832,60.3306271518944,0.0839098699632466,7.11415188520784,297.369038459984,30.3286976192527,1.85015571588787,28.8997678756714,8,FALSE,1.87506255332014
295.36202878147,7.16926898941787,0.107570676704546,1.41200813095646,8.26906658271712,9.59162065878309,1000,1.09465392095738,1.13994165084523,27.6646199173608,400,295.36202878147,1076.9,100,0.196862871970337,471.29102844639,339.635827739317,441.064823528526,356.641772889238,62.0050200410173,0.106091121718633,7.17518937491755,270.216970096429,27.2528607376407,1.49392174834717,25.9654488563537,8,FALSE,1.69917106100713
299.439436659199,7.62197582940428,0.119000816622353,1.38189948188315,8.59569150887056,9.60433841461285,1000,0.966455063355761,1.01568703611596,25.7551622163103,400,299.439436659199,1045,100,0.193314863206588,457.330415754923,323.947873747565,429.972149857732,337.104861691574,60.7892215536616,0.117202210088289,7.21341821030799,256.290242282872,25.3721725282215,1.31798618670399,24.1575838724772,8,FALSE,1.59757834383307
288.409647290182,5.95574344045661,0.0837946173367093,1.33649282199058,7.31741798416441,9.27047639493056,1000,1.35893884792057,1.39394696909314,30.9799277046609,400,288.409647290182,1045,100,0.203107342758931,457.330415754923,334.391103173992,460.83271126902,391.989960804259,58.5108756605074,0.0828859219328963,7.11000815457171,268.218198936137,30.3848279996294,1.85627117249762,29.095223903656,8,FALSE,1.8847038010049
294.78877255726,6.27065156965987,0.0935744016005973,1.33343794096304,7.60004674263547,9.47408304572911,1000,1.32632055523054,1.17087837968586,30.6074826687843,400,294.78877255726,1151.1,100,0.202459068919803,503.763676148796,377.859690867434,458.579465995067,381.756365684873,58.3954077648225,0.0924434620159159,7.11517179306285,310.625569790887,30.2657310830021,1.61303941597805,28.7733144760131,8,FALSE,1.83416819277119
296.807030477041,7.04629643701584,0.107205910867829,1.36722160418226,8.19447251507343,9.58603101867192,1000,1.14337283256702,1.09778136739622,28.3321437365677,400,296.807030477041,1044.2,100,0.198144413989883,456.980306345733,330.851782366717,444.992860419291,360.082869978702,60.000629457728,0.105733372916713,7.16070622757617,263.558214706317,27.8713350437764,1.46816605444219,26.6131081581116,8,FALSE,1.71903557845609
291.662148094914,5.76556430770197,0.0835541507464206,1.2617169568066,7.18712150450815,9.24382206179676,1000,1.4190504705565,1.28362216636295,31.6434591742279,400,291.662148094914,1044.2,100,0.204412070552354,456.980306345733,339.157947851097,464.867554563464,394.878470204226,55.2025446324681,0.0826488306946521,7.09568192153439,276.004284783802,31.0707532500032,1.76579604310172,29.7410340309143,8,FALSE,1.90242514331362
296.7149280435,7.01678045925549,0.106661818304234,1.29985591287287,8.17297255411955,9.45749152949832,1000,1.15101931208996,1.10088673451789,28.434322663974,400,296.7149280435,860.8,100,0.198337277890223,376.71772428884,262.125997648548,445.596438640569,361.015872629115,57.0389006843284,0.105203672105192,7.15863711308443,199.558137043931,27.6633006636235,1.47423449745053,26.710334777832,8,FALSE,1.72398788614197
294.916952306911,7.00079070662336,0.104597981893992,1.31961972888867,8.147788454549,9.42132930165284,1000,1.14181274358147,1.15584636262495,28.3112125517306,400,294.916952306911,846.1,100,0.198083218087975,370.284463894967,254.791393491882,444.869294124515,362.226231016504,57.9133511354397,0.103195987206481,7.16194997360558,191.579392855128,27.4966860420888,1.52787977117027,26.5822448730469,8,FALSE,1.72896767868371
292.425560239492,5.88697912407476,0.0859192338848122,1.20424884611644,7.28718097428386,9.14537190312789,1000,1.39735068092275,1.25508011795409,31.407228954819,400,292.425560239492,846.1,100,0.203966436521364,370.284463894967,264.293458208775,463.428046490385,391.80893303642,52.699496259075,0.0849628182033508,7.10009488914087,205.685185382247,30.5110888855319,1.72779935874125,29.5207653045655,8,FALSE,1.88646365025349
292.452539157943,5.94392728358136,0.0867720845880821,1.24970736599292,7.33192790271877,9.25239797688352,1000,1.38520764607558,1.25297439869377,31.2734303544145,400,292.452539157943,957.3,100,0.203710123278331,418.949671772429,305.674154397293,462.614206998881,390.508453320418,54.6955679279118,0.085797054790545,7.10274230473367,243.981089490699,30.5682000943499,1.72089547413659,29.3939290046692,8,FALSE,1.87950134974527
296.357499685851,7.03158662478806,0.106518415393378,1.28119139793688,8.18105249356431,9.38636851922233,1000,1.14394577165428,1.11141438331703,28.3398234965554,400,296.357499685851,788.5,100,0.198153745049281,345.07658643326,234.311056391751,445.038203986304,360.707884912425,56.2249303398654,0.105064583058364,7.1607456915256,173.290784965539,27.4450992146849,1.48255762678753,26.6178135871887,8,FALSE,1.72200990936674
290.887542433045,5.85000935963177,0.0841762412318583,1.20125976810674,7.24943992027589,9.06106016217942,1000,1.39653653944322,1.30833607115639,31.3982947300963,400,290.887542433045,788.5,100,0.203933859684927,345.07658643326,241.429247921764,463.373670002387,393.339970928308,52.5695143846578,0.0832581207114522,7.10081134559554,183.587147934607,30.3884883719854,1.78255945439905,29.5046505928039,8,FALSE,1.89364413729241
295.068176633209,6.93512538889063,0.10376626840405,1.28697258152713,8.10195611259257,9.3519700157142,1000,1.16160803559631,1.15203853077913,28.5747031801081,400,295.068176633209,781.8,100,0.198585239394423,342.144420131291,231.672468142616,446.426677381696,364.143837289051,56.4667246156626,0.102385286030146,7.15644185809257,170.47520017743,27.6495781958166,1.53129560474097,26.8352446556092,8,FALSE,1.73945852449889
294.086381086181,6.87888250216953,0.101970631685284,1.29484311937505,8.05389118433251,9.33166711844455,1000,1.16995859416371,1.18357507573158,28.6845115390685,400,294.086381086181,780.8,100,0.198783072846067,341.706783369803,230.939512746967,447.076914472049,366.189213313387,56.8065601848442,0.100636381336251,7.15458310149102,169.425627702542,27.7443582788966,1.56710332271164,26.9348281224568,8,FALSE,1.74968341661172
289.857647806763,5.80070019312667,0.082686277326071,1.2061195977884,7.20483247869943,9.02746099334138,1000,1.40129089796008,1.34563979141452,31.4503946757127,400,289.857647806763,780.8,100,0.204023728884597,341.706783369803,237.921728463814,463.6908340007,394.890721528284,52.7799078611013,0.0818001161488833,7.10012796696303,179.970333729936,30.415610687275,1.82292740972915,29.5491018295288,8,FALSE,1.90129284618389
290.860164445488,5.91199061871336,0.0850467771336165,1.20801180642739,7.29790826544225,9.0694412532165,1000,1.38291878799572,1.30787061068216,31.248079132881,400,290.860164445488,779.2,100,0.203645438867258,341.006564551422,237.349289923342,462.460127264088,391.954152403452,52.8723377921273,0.0841100652351181,7.10380987059929,179.335916259399,30.224909970255,1.77678231184918,29.3619031906128,8,FALSE,1.88617594226816
293.177665071434,6.72204602777153,0.0987979473171053,1.29646508724433,7.93222883009668,9.31937745655151,1000,1.20566672676273,1.21502490974428,29.1453914224481,400,293.177665071434,803.2,100,0.199650154361249,351.509846827133,240.362145918901,449.813793942669,370.989055629215,56.8536724620203,0.097543344543501,7.14547092576949,178.520469222155,28.2245872873894,1.61304795261242,27.3705134391785,8,FALSE,1.77487798326959
287.757824488362,5.45976343224225,0.0763703698310065,1.18922343031498,6.92382656485043,8.91869580450027,1000,1.46166454766673,1.43154738320603,32.0970354400968,400,287.757824488362,803.2,100,0.205246133381137,351.509846827133,247.079951792613,467.640895252706,403.196020556449,52.0099859725012,0.0756125159018062,7.08801473480094,189.58032861297,31.0667755285948,1.93512461192253,30.152437210083,8,FALSE,1.94459823001382
293.382308621635,6.74641638324291,0.099346546627092,1.27990525838827,7.95182499607483,9.27262869157809,1000,1.2006441823665,1.20803390176495,29.0813975304638,400,293.382308621635,754.9,100,0.199530476990129,330.371991247265,222.107284238277,449.433024708899,370.230531564643,56.1307493609113,0.0980782775904783,7.14670328554943,161.46845927785,28.0828146681653,1.60392563227527,27.3104538917542,8,FALSE,1.77094363870961
297.162572533664,7.36027624940163,0.112371125444644,1.27584195560963,8.4141471533808,9.32038821606686,1000,1.04613896695132,1.08359148317085,26.9696897207252,400,297.162572533664,705.7,100,0.195570430803417,308.840262582057,198.815198433829,437.003202176993,349.14223321607,56.0612324993325,0.110760600781568,7.18892891334784,138.973282462865,25.9702821669357,1.41764114383525,25.3094283739726,8,FALSE,1.66026134675264
287.938148657815,5.42016106320718,0.0759384941491955,1.15002293720171,6.89347514352194,8.78571236806855,1000,1.47080791227076,1.42599354981018,32.1926313590239,400,287.938148657815,705.7,100,0.205431615093862,308.840262582057,210.892656692942,468.226985348495,403.968444087446,50.291103934144,0.0751889423602998,7.08607667861659,156.076750064919,30.9967326734684,1.93301891163741,30.2437748908997,8,FALSE,1.94885646812424
287.061999725412,5.44464554317395,0.0756896989210893,1.19106247054128,6.9080682060135,8.88667548854057,1000,1.46101540372503,1.45831149100026,32.0902257773482,400,287.061999725412,784.4,100,0.205226683296521,343.28227571116,239.394307959192,467.599166818308,403.790671919889,52.0909011081688,0.0749452646354224,7.08836616879372,182.033074692688,31.0207508094456,1.96240188761354,30.1428561210633,8,FALSE,1.94736965628492
292.338130486372,6.68411905999331,0.0974746553053961,1.26637384361574,7.89858563662315,9.16481020865275,1000,1.20956460662387,1.243060175268,29.1948721345323,400,292.338130486372,690.9,100,0.199735385968351,302.363238512035,197.609244347157,450.10837431317,372.358582230306,55.5317809638044,0.0962531125912607,7.14478835567225,138.213646206837,28.0745738739129,1.64352765172937,27.4132719039917,8,FALSE,1.78160023054065
286.290576886595,5.25293650393901,0.0725292818124369,1.14217268110319,6.75161315478407,8.68842619216415,1000,1.49632756589955,1.49436796718413,32.4563336828765,400,286.290576886595,690.9,100,0.205924208940236,302.363238512035,204.930516323669,469.84657691531,408.134503997615,49.9360267649449,0.071844770034607,7.08140032792046,150.614676708201,31.2131657863849,2.01342718345338,30.4860787391663,8,FALSE,1.97025494371018
291.53845938376,6.56305957239696,0.0950033617484634,1.29403145510854,7.80248619819446,9.25074334150272,1000,1.23523965088996,1.27175483691066,29.5168669829581,400,291.53845938376,784.1,100,0.200340804969988,343.150984682713,233.245881237294,452.028886729378,375.919544872908,56.7278834535267,0.0938415955725789,7.13850329585761,171.69928828649,28.5388871170174,1.68287273364309,27.7166452407837,8,FALSE,1.80022174217444
290.78877891933,6.49679716408972,0.0933986377130116,1.28770309020148,7.74769918379079,9.19839928971097,1000,1.24678034696086,1.29838001032193,29.6594263328556,400,290.78877891933,757.5,100,0.200605030443858,331.509846827133,223.154372709022,452.88113048813,377.941307812647,56.4432124714258,0.0922751467888433,7.13587532826146,162.152694087665,28.6256667892891,1.71474578202884,27.8488561312357,8,FALSE,1.81057020161985
285.747158172756,5.13127809376741,0.07051245742153,1.14924243588607,6.65160899345757,8.72800808530485,1000,1.51820364220453,1.52012562803444,32.6788301492067,400,285.747158172756,757.5,100,0.20634793821048,331.509846827133,230.366759209345,471.216357728113,410.868669469763,50.2349359647797,0.0698649346625873,7.07720223513044,175.028565980181,31.5396450084602,2.04856908372625,30.6941995620728,8,FALSE,1.98463058713393
284.899468153792,5.24131271149282,0.0714941228820224,1.16971811836669,6.73491489039256,8.71453284124096,1000,1.49131507252635,1.54983736338076,32.4048948129457,400,284.899468153792,720.5,100,0.205813017062793,315.317286652079,214.646901835139,469.530323316602,408.883992002699,51.1430408302542,0.0708290534484947,7.08282200615149,158.886916566365,31.1982849778445,2.06838291656805,30.4314179420471,8,FALSE,1.97347687089856
289.666462029854,6.416147148204,0.0913010042203662,1.27899270588035,7.67946725255859,9.10940148592842,1000,1.25921205679496,1.33882134727132,29.8115232901547,400,289.666462029854,711.5,100,0.200883968178421,311.378555798687,205.471827326974,453.791719801884,380.43865286562,56.0538223668148,0.0902267215098434,7.13318817457037,145.325369767939,28.6847624478221,1.76119720025801,27.9883027076721,8,FALSE,1.82322058248261
284.312695772064,4.95648785935029,0.0672660493048423,1.12642626052383,6.50444886844894,8.58693923754619,1000,1.54593265252921,1.58503174815139,32.956292457541,400,284.312695772064,711.5,100,0.206870460978539,311.378555798687,212.826541522631,472.928724906064,414.965708981669,49.2253223613281,0.0666761150836803,7.07219382801524,158.951684786985,31.7187848938805,2.12620498738147,30.9504523277283,8,FALSE,2.0058401298127
289.976413339598,6.47700307778004,0.0924269177494468,1.24951824158417,7.72790414522236,8.95693249322821,1000,1.24606699434643,1.32678347726904,29.6506528014646,400,289.976413339598,610.7,100,0.200579918059431,267.2647702407,167.183537533084,452.828646070045,378.757445599743,54.7701441992078,0.0913266187025946,7.13635831861,109.340194610327,28.3600666124866,1.7437956992635,27.8362956047058,8,FALSE,1.81435719675877
290.420874359454,6.53184936449316,0.0935877819351823,1.2411291867314,7.77232751676357,8.9170449676244,1000,1.2352321114102,1.31034505802939,29.5167734149608,400,290.420874359454,584.2,100,0.200328967893295,255.667396061269,157.077384137478,452.028327759465,377.159953496083,54.4090614758052,0.092460240359855,7.1389303347437,99.8659364444755,28.1889338159712,1.72273279807268,27.7107195854187,8,FALSE,1.80605382954207
284.338672336804,5.03371797351609,0.0683296667991702,1.1030153374436,6.56658238990107,8.38823792301715,1000,1.53050210477926,1.58070464273322,32.802511300457,400,284.338672336804,584.2,100,0.206574185835537,255.667396061269,164.355531747519,471.979084319355,413.37470255115,48.2090747524335,0.0677212687025215,7.07518952070082,112.85153274893,31.3504727588019,2.11561455537079,30.8052077293396,8,FALSE,1.99730357111737
282.119453292584,4.90005928507821,0.0652629757931288,1.15078540066738,6.4480038377011,8.55421166022594,1000,1.54597359360192,1.68008164728064,32.9566984320356,400,282.119453292584,718.3,100,0.206853227249406,314.354485776805,213.315243688803,472.931233804271,416.831679669636,50.290241186289,0.0647075541027314,7.07278662706115,158.392596426817,31.707573444367,2.2235367846521,30.9420075416565,8,FALSE,2.01469089037913
290.901232325323,6.57998380777185,0.0946936590421679,1.20146453678275,7.8134417155059,8.58798152290855,1000,1.22566983948831,1.29296350170702,29.3976396646284,400,290.901232325323,469.2,100,0.200106431580217,205.339168490153,113.747057688769,451.317049908106,375.673678920861,52.6759285098957,0.0935398392388158,7.14119783575399,59.4064759663733,27.8836554266219,1.70120473224839,27.5992741584778,8,FALSE,1.7983655061506
283.192698140592,5.15527966547752,0.0692936220485955,1.10867228535299,6.65805245131833,8.07439667464981,1000,1.49965272669657,1.62310999473397,32.4903619416284,400,283.192698140592,469.2,100,0.2059629684733,205.339168490153,118.804103866143,470.055875344768,411.251091418735,48.4704834591947,0.0686685799735819,7.08163619775751,68.3458435119709,30.8350540699397,2.14680514953528,30.5051279067993,8,FALSE,1.98523403482915
289.119946367836,6.48771155463652,0.0918659164636524,1.21593341276074,7.73222421513028,8.50692385998078,1000,1.23688549006606,1.35661708392279,29.5372788559511,400,289.119946367836,458.6,100,0.200354654379607,200.700218818381,108.754047857093,452.150838494215,378.760577506991,53.3038546206688,0.0907792527032044,7.13899975661748,53.936476405347,27.9818536271657,1.77110170463689,27.7235779762268,8,FALSE,1.81370087972427
290.832299336093,6.53281462204647,0.0939554856276454,1.19426475953212,7.7776826337966,8.55442998114925,1000,1.23717176829635,1.29616688027464,29.540826535857,400,290.832299336093,464,100,0.200378788303239,203.063457330416,112.27593355297,452.172036803596,376.941502426896,52.3533342211073,0.0928190203938999,7.13829519128494,58.2864430072328,28.0147912503662,1.70886356268838,27.7356581687927,8,FALSE,1.80516836706429
281.957779159232,5.06437389567246,0.0673596087976346,1.11159161568182,6.57906641128247,8.00966094403525,1000,1.511676046513,1.67942021558836,32.6127768698262,400,281.957779159232,464,100,0.206188624917838,203.063457330416,116.113720880461,470.809394088814,413.52510427203,48.5928690609254,0.066768650850284,7.07957383177084,65.6099973725632,30.9327956293811,2.20921290211334,30.6159839630127,8,FALSE,1.99679290681353
281.124751924814,5.08056272856606,0.0671013943948521,1.12902688906573,6.58751032865869,8.02309740657085,1000,1.50393386653533,1.71489357014365,32.5340623403659,400,281.124751924814,467.4,100,0.206030117636073,204.551422319475,116.23867862348,470.324766992822,413.451835758175,49.3587885691326,0.0665150846052418,7.08135037205061,64.9890499047374,30.851858647245,2.24241389088911,30.5381240844726,8,FALSE,1.99593825589335
290.952114652983,6.51618328421897,0.0938206463255179,1.17337103915156,7.76827163088606,8.32105794330007,1000,1.24140799479073,1.29232693605629,29.5932278941357,400,290.952114652983,414.8,100,0.200479644181015,181.531728665208,94.0566368506969,452.485235360669,377.285934521997,51.4348889446316,0.0926872480929428,7.13719254496606,41.4572378769557,27.9846997964989,1.70654121042977,27.7861309051513,8,FALSE,1.80709698898443
282.30155263937,5.0241352140109,0.0670199068829123,1.08525909994595,6.5492196461494,7.76547569965445,1000,1.52157177603722,1.66642990021477,32.7128015822765,400,282.30155263937,414.8,100,0.206384196524025,181.531728665208,98.3256254731076,471.42576326232,414.235939123063,47.4373159603786,0.0664347000632602,7.07751756642326,49.4464253120557,30.9508269540206,2.19986483405527,30.7119951248169,8,FALSE,2.00080645745956
288.418943041061,6.50426980680232,0.0915231873971609,1.2160039490665,7.7420811002623,8.28937821344317,1000,1.22709927031986,1.3812587086703,29.4155075178078,400,288.418943041061,412.8,100,0.200115075042355,180.656455142232,90.4100636202586,451.423674850788,378.531441920201,53.3131572486983,0.090444980969807,7.14175960547461,36.0857681370595,27.7763347997325,1.79280620043718,27.6036043167114,8,FALSE,1.81190320109635
290.621150621462,6.58368238062764,0.0945088031475079,1.17776666995896,7.82167394312579,8.14681957206763,1000,1.22023127728132,1.30228928504865,29.3294667644901,400,290.621150621462,382.2,100,0.199972454699423,167.2647702407,80.5040775261312,450.910407245121,375.53801056299,51.6403065747363,0.0933597017795676,7.14274117356845,28.0776911148054,27.6665191741673,1.70889857216229,27.5321391423543,8,FALSE,1.79732762213576
282.81143849699,5.05871272856468,0.067775177435584,1.07367054888995,6.58006561152097,7.58825010880263,1000,1.51708197131379,1.64316463531059,32.6675001010829,400,282.81143849699,382.2,100,0.206300986508511,167.2647702407,86.37784843539,471.146532952878,413.356620685602,46.9326403073765,0.0671768282868284,7.07826823599974,38.3281090791502,30.8562620620034,2.17427894396315,30.6711525917053,8,FALSE,1.99634750937761
279.859674427154,4.93927032045639,0.0645487554365242,1.10810492049052,6.46871181144855,7.66478292272615,1000,1.52595693711058,1.77809941969081,32.756918371026,400,279.859674427154,405.6,100,0.206449654892415,177.505470459519,92.5238528468448,471.697810609773,416.706990687409,48.4344050200962,0.0640057175890648,7.07730774546144,42.8397835686025,30.9510439197596,2.31574549785003,30.744116783142,8,FALSE,2.01280158788402
290.384833296447,6.54352024661481,0.0937291857042101,1.17688454385237,7.7890000780307,8.14506392094639,1000,1.22925171207748,1.31116933080716,29.4423737613058,400,290.384833296447,384,100,0.200185456992517,168.052516411379,81.4112852146733,451.584032505925,376.713062904665,51.5962822357114,0.0925985022503131,7.14051120590645,29.0019289247317,27.7777060606709,1.7214552078548,27.6388592720032,8,FALSE,1.8035144893026
282.961546761093,5.08124422884997,0.0681643433532206,1.07554670888403,6.5988210527869,7.60932761926273,1000,1.51329142339356,1.63585765392721,32.629149522331,400,282.961546761093,384,100,0.206228317848485,168.052516411379,87.0519981558717,470.910243745503,412.844580121695,47.0162851581414,0.0675591939261257,7.07897899801793,38.9023893478453,30.8233393091769,2.16529128187487,30.6354751586914,8,FALSE,1.99367436363959
288.749836308782,6.50907695336717,0.0918764576126071,1.18945320006048,7.76947968216439,7.88058104151586,1000,1.22076452810711,1.36873083402912,29.3361645364863,400,288.749836308782,349,100,0.199963840396831,152.7352297593,66.3827730041859,450.950346424369,377.873655120554,52.1529322909896,0.0907902053120841,7.14338515499489,13.8423535327516,27.5940651720439,1.77785826958983,27.5278215408325,8,FALSE,1.8083429956538
290.429584327855,6.57478803082208,0.0942169394067595,1.17806023714425,7.8150264763744,8.10717824141025,1000,1.22073900493928,1.30899693081855,29.3358440253912,400,290.429584327855,376.7,100,0.199982447524254,164.857768052516,78.2942574128206,450.948435138808,375.821315168071,51.6529271385113,0.093074873403208,7.14268961562653,25.9157363232603,27.6611813178932,1.71603349934653,27.5371475219726,8,FALSE,1.79869650341863
284.009682185811,5.15142402909244,0.0697304278094747,1.06817101127619,6.66060264649038,7.59380515723228,1000,1.50445535129101,1.58934035250104,32.5393769754133,400,284.009682185811,376.7,100,0.206064101460779,164.857768052516,84.950388148563,470.357476184911,411.04167639198,46.6975325654814,0.0690974113854078,7.08044681284423,37.1710565702562,30.7342866692391,2.11413596689597,30.5548205375671,8,FALSE,1.98455643784617
282.371443993127,5.02037151786159,0.0670096028736971,1.08030712799219,6.54673161005096,7.70162805896005,1000,1.52266497410334,1.66359848612476,32.7238115563885,400,282.371443993127,403.5,100,0.206405973955989,176.586433260394,94.1838693240092,471.493645537409,414.28901134955,47.2203708456804,0.0664245559928895,7.07728315680991,45.6326417558946,30.9431005994528,2.19740536741684,30.7226824760437,8,FALSE,2.0011290803448
289.799215941592,6.52425083572206,0.0929538262493056,1.19711120809557,7.76602345156084,8.35184787709361,1000,1.23167821492888,1.33196126556804,29.4726044156708,400,289.799215941592,421.8,100,0.200237848398975,184.595185995624,95.2505063727998,451.764522537287,377.524473938202,52.4817106782496,0.0918415955295854,7.1400843259063,41.6020987260615,27.8642792693263,1.74374422420759,27.6650972366333,8,FALSE,1.80750717903746
283.757278758066,5.08850601741463,0.0687285770102405,1.07474207115193,6.60820346688818,7.83724379650717,1000,1.5161584001584,1.60234554219199,32.6581647770873,400,283.757278758066,421.8,100,0.206290970134814,184.595185995624,102.145443775139,471.089007086707,412.43687292593,46.9797040091365,0.0681133445038808,7.078183537563,53.6034865159562,30.9251219917539,2.1320971103085,30.6662354469299,8,FALSE,1.99192933015739
288.257187295095,6.38783151663852,0.0897534367484934,1.21095660670403,7.65148228444624,8.39805742108056,1000,1.2559051621078,1.38955781973905,29.771211857506,400,288.257187295095,441.5,100,0.200792566931084,193.216630196937,102.454231899118,453.550245657805,381.630530417985,53.074390460564,0.088715250062248,7.13453131900283,48.0281485520126,28.1727511882414,1.81225910196642,27.9426236152649,8,FALSE,1.82858824224107
289.577883022432,6.47872763212096,0.0921237668550316,1.17869274154951,7.73610186867313,8.05639801800939,1000,1.23974467680506,1.34043987773831,29.5726743031805,400,289.577883022432,374.2,100,0.200425643534897,163.763676148796,77.5257480476612,452.36236887151,378.687255987805,51.6695224294586,0.0910309021781628,7.13815018401335,25.1500599014898,27.8795544864952,1.75563784972005,27.7591087023417,8,FALSE,1.8135656008388
283.248767952164,5.02710399151626,0.0676040870122718,1.05899432712014,6.55726693561197,7.52593058057359,1000,1.52575014614317,1.62609748501566,32.7548408062726,400,283.248767952164,374.2,100,0.206472946265979,163.763676148796,84.1220203187738,471.684996610436,413.85996347125,46.2873039606671,0.0670085888678654,7.07643541788982,36.7620891922833,30.9331368667168,2.16025687185359,30.7555446624756,8,FALSE,1.99929614379702
283.739165012616,5.08052101664211,0.0686106333616787,1.06035431048812,6.6025419704734,7.55648785136235,1000,1.51747904881136,1.60338430448239,32.6715119563113,400,283.739165012616,375.3,100,0.206316422577206,164.245076586433,84.6783330641759,471.17125631077,412.598685033673,46.3502144735849,0.0679974795130442,7.07793093308155,37.242526637761,30.8586051229876,2.13370114568955,30.6787300109863,8,FALSE,1.99278194532504
289.724923843148,6.02187995991598,0.0857385986744923,1.07509369887091,7.8269707535626,7.23724246843126,1000,1.20663152529632,1.34500708487015,29.1576537102377,400,289.724923843148,282.2,100,0.199566904189624,123.501094091904,40.9834779729143,449.886783236838,382.479704481741,47.1478209569756,0.0847926375863939,7.1491233339925,-5.99693916027516,27.3000614872053,1.7548486055666,27.3287372589111,8,FALSE,1.8289164513266
283.666213873281,5.23708248382381,0.0707133298697203,1.05929636374446,6.78000012125102,6.77096093070814,1000,1.4711635036781,1.59789199610248,32.1963371307214,400,283.666213873281,282.2,100,0.205392906758162,123.501094091904,47.7089631940603,468.249716192079,408.772513662311,46.3244428238583,0.0700630728317626,7.0875631844217,1.34552786020384,30.2312079341991,2.11064819068135,30.224718093872,8,FALSE,1.97161903684943
291.219378997698,5.81852623512709,0.0839798872274564,1.01219565598822,7.92449129995231,7.00800896506209,1000,1.1841629702603,1.29753419569068,28.8695084159206,400,291.219378997698,261.5,100,0.198994453224599,114.442013129103,33.1626143214148,448.173991171702,382.726211798986,44.4018430241791,0.0830729866453399,7.15594455131936,-10.9351413175404,26.9889186215324,1.70129923211587,27.0411577224732,8,FALSE,1.82835069344737
292.794073629774,5.19008950856953,0.0760089045602072,0.884492343020567,7.92197633132773,6.38899613463204,1000,1.19625070121788,1.25959086067864,29.0251988505619,400,292.794073629774,223,100,0.199229913959208,97.5929978118162,20.0829271774526,449.09883707692,390.486355550389,38.7954435746446,0.0752651245798355,7.1549286853051,-18.20557967813,27.0725281080515,1.67448681580511,27.1595117251078,8,FALSE,1.86568712545407
284.907115570407,4.41951006866525,0.06028992338955,0.887926771769092,6.76955034770724,5.89944508089859,1000,1.47595866141593,1.58611503030182,32.2462222472824,400,284.907115570407,223,100,0.205398982187454,97.5929978118162,25.7019864601776,468.555787216317,418.61584289711,38.8301089379774,0.0598167322851457,7.08961057454833,-12.7584858139955,30.1661894791375,2.11176375408924,30.2277092933655,8,FALSE,2.01851295391691
283.637595678961,5.26363424143269,0.0710261447299073,1.07376190804913,6.75444482454499,7.08802117740377,1000,1.47770196362912,1.59994969949971,32.264318055601,400,283.637595678961,311.5,100,0.205530283530566,136.323851203501,58.9964424592006,468.666851450004,408.756721414784,46.9539493566629,0.0703700051905799,7.08600005594441,11.7030448788391,30.3487996423862,2.11452553954353,30.2923402786254,8,FALSE,1.9719777769756
299.296392288838,2.27983003210682,0.0355436009000459,0.391318581445382,7.96222552080506,3.47647444621345,1000,1.19637504391808,1.20956838969544,29.0267922012487,400,299.296392288838,102.3,100,0.198891241828762,44.7702407002188,-24.8297883539755,449.108309430746,427.172964290301,17.1667813261613,0.0353803783382633,7.16696432053949,-40.8625873714279,26.7943415815483,1.66077113854217,26.9892492294311,8,FALSE,2.03754297181764
292.527677778802,1.73909016553658,0.0254058332504253,0.375736817044965,6.81772476984613,3.19753230835363,1000,1.45815979290911,1.61432117022782,32.0602338175472,400,292.527677778802,102.3,100,0.204715046802063,44.7702407002188,-21.8832439885032,467.415414515676,450.873783062993,16.4368162963561,0.0253215952862179,7.10408549884152,-37.246738761624,29.7113737316181,2.17206797043007,29.890606880188,8,FALSE,2.16962693735919
295.886225306924,1.95527313832481,0.0294851735426277,0.375629030999829,7.82191948806489,3.14897323666928,1000,1.19348793570365,1.39984209449908,28.9897534683737,400,295.886225306924,92.2,100,0.198767632360895,40.3501094091904,-33.6190240894925,448.88815560041,432.603664163253,16.4794898431754,0.0293728043526127,7.16957457040053,-48.747061635099,26.6946276125412,1.85546774811339,26.9270582199097,8,FALSE,2.06269524846402
298.687488806292,1.71492246565315,0.0265757753925058,0.32457179150472,7.86298512672607,2.90915894672292,1000,1.19406566522243,1.3428808875226,28.9971723302442,400,298.687488806292,84.2,100,0.198756772320253,36.8490153172866,-35.1979489008461,448.932245950567,435.348475188085,14.2395966892818,0.0264844623772048,7.17027739840445,-48.1041215938102,26.692250504219,1.8013774854771,26.9215930302937,8,FALSE,2.0755792999505
296.645092336464,1.2509931100261,0.0190034802583729,0.286454366442585,6.82938065688027,2.70051559772958,1000,1.4493458890805,1.64763537784648,31.9672911967521,400,296.645092336464,84.2,100,0.20447291088727,36.8490153172866,-30.0088618999818,466.846325159768,456.650267483732,12.5325633129118,0.0189563357717948,7.10801215891698,-41.3518748803407,29.5722041070529,2.20924918544261,29.7710814476013,8,FALSE,2.19620974915075
288.893908246502,2.41958689189957,0.0341909491129976,0.505898875701194,6.79714321557119,3.88431059885696,1000,1.46420595780246,1.61166831265529,32.1236663260497,400,288.893908246502,128.6,100,0.204920790587671,56.2800875273523,-11.4631186885721,467.804111530102,442.715938166713,22.128642395825,0.0340384703449058,7.10008181077558,-32.649441058753,29.8348947215307,2.16187267462627,29.992094039917,8,FALSE,2.13157228613274
308.210130008747,1.19053469934296,0.0203634739343791,0.210269124712705,8.19509525060016,2.31819135066017,1000,1.12756521705673,1.14023244609065,28.1187243140952,400,308.210130008747,63.8,100,0.197016848751818,27.9212253829322,-41.3655139454259,443.734154725338,436.569159561281,9.23277678568673,0.0203099750530316,7.19131137617539,-49.2490388450852,25.8092988706116,1.57856857867237,26.0434131622315,8,FALSE,2.07531115186374
306.878895835321,0.80134344945699,0.0135108116420932,0.188992587788093,7.20091649008632,2.16614717792961,1000,1.36471054241446,1.53357026862966,31.0448985672849,400,306.878895835321,63.8,100,0.202614037913011,27.9212253829322,-39.1822628424828,461.226625733869,457.696018318245,8.27595546349565,0.0134870364803532,7.12961415858674,-46.1467886852089,28.6290634150132,2.0695464281738,28.8503289222717,8,FALSE,2.19456964501322
307.952250518547,1.02180606625134,0.0174285186201146,0.196858888555808,8.14887757075593,2.13106990121639,1000,1.10918837425557,1.24637697410658,27.8668241921076,400,307.952250518547,58.1,100,0.196510518380106,25.4266958424508,-47.2408563135514,442.251935471995,437.930556831703,8.64609204777347,0.0173893496345274,7.19768814366913,-54.4016794775534,25.5285065425666,1.68000134579256,25.7868857383728,8,FALSE,2.07993845373478
308.147900377699,1.35520615329624,0.0231643172659097,0.225784816300062,8.54499975365714,2.31656186229027,1000,0.961269556003787,1.07973668049195,25.6726889572281,400,308.147900377699,60.6,100,0.192408582968004,26.5207877461707,-50.0560191941018,429.49779832251,419.660148972538,9.93665898893845,0.0230956158939119,7.24394556636192,-58.4404247580612,23.4164642673897,1.44921312486464,23.6922529538473,8,FALSE,1.9804360033808
308.533843762136,0.786523064469437,0.0135008408242899,0.179311762638835,7.42887942889923,2.09814421363246,1000,1.31153857529128,1.45822251332196,30.4356714952566,400,308.533843762136,60.6,100,0.201426319770754,26.5207877461707,-41.1917301606575,457.542819868613,454.791374847401,7.85654695213201,0.0134771445831798,7.14283766496908,-47.7030621299875,28.0307619902737,1.97403130125352,28.2590661048889,8,FALSE,2.1766053903677
299.86090058391,1.13400583271667,0.0177795342571443,0.253646128768326,7.07000154168951,2.53134545157251,1000,1.39719845821772,1.56180290570646,31.4055588892062,400,299.86090058391,76.9,100,0.203358738059464,33.6542669584245,-33.2632441314278,463.417881584682,455.262040786629,11.1031335387745,0.0177383327904633,7.12052537159237,-43.1344779786996,29.0127874142834,2.10544156941722,29.2198734283447,8,FALSE,2.18568546086152
325.006739395385,0.500706531496564,0.0104826130051595,0.100912154722719,8.39751817185831,1.56367735353812,1000,1.06293504476427,1.06704406953688,27.2138590374635,400,325.006739395385,40.6,100,0.195209110199869,17.7680525164114,-51.7847138885783,438.427074896481,440.698846533084,4.4349284438948,0.0104684626751931,7.21402146894073,-54.7384377406799,24.8661216466078,1.4879430888891,25.1255116462708,8,FALSE,2.08834739119266
348.974982025352,0.175248298960475,0.00539290468750747,0.0671147786635796,7.44028953593519,1.50309096931383,1000,1.32780461951891,1.36869316046983,30.6246260786097,400,348.974982025352,40.6,100,0.201720421607364,17.7680525164114,-45.9769512023781,458.682999659064,463.526767394513,2.94021588653502,0.00538911883478219,7.14115279431944,-47.5733346027944,28.1779532278802,1.89899688381433,28.4056901931762,8,FALSE,2.21893588543346
325.002812906585,0.525964456262102,0.0110108124319204,0.100571796107326,8.44518303818022,1.58954957030845,1000,1.06354826060155,1.01363030745859,27.2227003602425,400,325.002812906585,41.3,100,0.195230353602349,18.074398249453,-50.1326091192607,438.478698236911,440.260081597083,4.41992390325495,0.0109952004636183,7.21367199730559,-53.1150312432427,24.8846217530561,1.43434368195158,25.1363310813903,8,FALSE,2.08636927885217
358.996895111804,0.129634775004941,0.00496414531818724,0.045955540886643,8.42616227652386,1.19614907753307,1000,1.06649451388708,1.0280070454568,27.265108368995,400,358.996895111804,29.7,100,0.195259453354447,12.9978118161926,-54.8032059234822,438.726376495489,446.134959803653,2.01962265529828,0.00496096994758696,7.21453257736123,-55.3254593678292,24.8889973884603,1.45491802469256,25.1511505444845,8,FALSE,2.11395782451052
400,-0.158456391745554,0.003,0.0355874574412956,7.48049778153483,1.17094380418428,3000,1.32937846612473,1.30814827076557,30.6427857013586,400,400,29.7,100,0.201733900065345,12.9978118161926,-48.6654760998669,458.792689625979,465.938116253884,1.559032554852,0.00299882813769486,7.14147274228356,-48.8447318755459,28.1785936849163,1.84152245077503,28.4124064445495,8,FALSE,2.23037925680908
348.417096857906,0.176536656477176,0.0053738192237543,0.0698810199341047,7.35005482604212,1.51840207201255,1000,1.34182588284594,1.42907400353227,30.7856557223578,400,348.417096857906,41.2,100,0.202033832053263,18.0306345733042,-46.4897334266666,459.656356944248,464.330992825435,3.06093716077975,0.00537005827490275,7.13766498318047,-48.1867301708705,28.3309977384693,1.96480685312357,28.5617837905884,8,FALSE,2.22387193176938
376.855018778946,0.0565407428467535,0.00383623256831254,0.0379679501364272,8.39726927536806,1.10521546355943,1000,1.04865797013156,1.09754655836445,27.0065579978934,400,376.855018778946,26.8,100,0.194760007203817,11.7286652078775,-58.6406395589094,437.217976812824,445.661132998086,1.66900091981597,0.0038343375281185,7.22051838490691,-58.7256263132434,24.6185621904547,1.51804180158952,24.8965959548951,8,FALSE,2.10996204299834
400,-0.216376635191696,0.003,0.0353489022626336,7.62874148306125,1.06875909700652,3000,1.28511832047832,1.30100667936196,30.1237083649903,400,400,26.8,100,0.200725628887265,11.7286652078775,-51.6701296264085,455.66504181229,463.36092128331,1.54933909844277,0.00299882998391403,7.15274598564494,-51.7667519824992,27.6617520656262,1.81713774106089,27.909161567688,8,FALSE,2.21454679730233
400,-0.0914653599878015,0.003,0.0264259929219679,8.51529561493546,0.950737274231697,3000,1.04219068537628,0.98096151389081,26.9117234409788,400,400,22.5,100,0.194573569820006,9.84682713347921,-57.6210096979968,436.665682010763,445.867465269978,1.16174483241904,0.00299884133346835,7.22283703431879,-57.2407648788717,24.5305454135369,1.39945571147511,24.8014621734619,8,FALSE,2.11026126751692
400,-0.31256164288701,0.003,0.0256028644392367,8.5487830637252,0.725744211609502,3000,1.03829912188985,0.953171481810829,26.8543745686295,400,400,17.1,100,0.194465161467237,7.4835886214442,-59.157748711719,436.331949259677,445.521533307983,1.12561861403431,0.00299884153445162,7.22409061525446,-58.7031386244235,24.4683266135973,1.37005079925763,24.7461164792379,8,FALSE,2.10825808939163
400,-0.575517167169623,0.003,0.033490925452254,7.74211787706923,0.689056001000684,3000,1.26456643650609,1.23785748226656,29.8765698648229,400,400,17.1,100,0.2002469089212,7.4835886214442,-54.8301228969295,454.181566067186,462.115342287278,1.46824564369886,0.00299883086204665,7.1581204670673,-54.7662930541075,27.4080856193453,1.74593216166909,27.6696343421936,8,FALSE,2.20693552262929
400,-0.370391194832416,0.003,0.0350381723758164,7.66506542366672,0.905438152712262,3000,1.27581721973374,1.29152021494053,30.0123549707381,400,400,22.6,100,0.200509824909887,9.89059080962801,-53.4737384961697,454.996181846307,462.801259812914,1.53588082236703,0.00299883037964875,7.15516702278831,-53.5101014133461,27.5455764031376,1.8040092342895,27.8012313842774,8,FALSE,2.21112358646067
400,-0.491798102566117,0.003,0.0265770941109851,8.58729042824838,0.499615388726571,3000,0.991410404962485,0.989717029508406,26.1459761528379,400,400,11.6,100,0.193130527735283,5.07658643326039,-64.6505212241067,432.225292057723,441.110403840618,1.16922299807225,0.0029988440101353,7.23956780297311,-64.1094902374973,23.7603298009761,1.38697493602451,24.063054561615,8,FALSE,2.08292159122288
400,-0.73395595405912,0.003,0.0301629623695573,8.00406796878019,0.474829195251586,3000,1.20878215485352,1.1199344247896,29.1849522899494,400,400,11.6,100,0.198911831007512,5.07658643326039,-56.8147154890008,450.049305537189,458.557686607709,1.32320773898762,0.002998833316079,7.17318290801604,-56.56926178648,26.730013738537,1.60597222689045,26.9996056556702,8,FALSE,2.18534663427916
400,-0.480794685172321,0.003,0.0228301143093236,8.75966420027606,0.477768195062565,3000,0.958560124105873,0.854897609585726,25.6294194773154,400,400,11,100,0.192162725861699,4.81400437636762,-63.1246456900633,429.249087485469,437.710319724229,1.00486303784806,0.00299884580607636,7.25083700887029,-62.4738185969791,23.2712227441902,1.23820841040711,23.5657653808594,8,FALSE,2.06365409645602
400,-0.669901020596891,0.003,0.0314373297830985,7.92208214199217,0.554139356849412,3000,1.22403620985647,1.16514433805653,29.3771937971794,400,400,13.6,100,0.199282239767316,5.95185995623632,-56.3859687998309,451.195064051631,459.557885388297,1.37886330520836,0.00299883263449973,7.16899313636865,-56.2025255225576,26.9177998528101,1.65723350901844,27.1858005523681,8,FALSE,2.19139324481129
332.747791099608,0.658456879101991,0.015371738659221,0.0791872980704271,8.3101022180173,1.18870203114437,1000,0.530225310980571,0.586414368372982,16.5521943569183,400,332.747791099608,25.7,100,0.178855639399005,11.2472647702407,-71.8342489278915,379.414394413268,0,3.50905628308502,0.0153406055430617,7.04586696552016,-73.4781021070168,16.1956925363327,0.586414368372982,16.5521943569183,8,TRUE,0
335.258036719708,0.390499286141506,0.00946977742190453,0.0686443533751472,8.77838695803724,1.11722207071713,1000,0.726706492717707,0.810545944622682,21.384456663869,400,335.258036719708,25.7,100,0.184484370447239,11.2472647702407,-69.9412849062085,405.369528280487,391.680557108088,3.03307371380718,0.00945842381346021,7.33864981727634,-71.1848612811575,19.2283172870654,1.08269560318939,19.5599136352539,8,FALSE,1.82454302861506
327.73772503403,1.03187096648554,0.0224189586456986,0.115171305506243,8.23079576956096,1.54836571011992,1000,0.516458868774671,0.584039884762582,16.1489233970643,400,327.73772503403,33.7,100,0.178109767284666,14.7483588621444,-69.909913686234,377.306193318519,0,5.10560620371692,0.0223528891139166,7.05568861815828,-73.1684962270819,15.7944178917984,0.584039884762582,16.1489233970643,8,TRUE,0
321.336769470835,1.37208825280997,0.027384946158074,0.164050161850608,8.13465820845842,1.88485060892576,1000,0.512705515722143,0.675701801655792,16.0371077855428,400,321.336769470835,41.5,100,0.177903325906933,18.1619256017505,-70.7053258883351,376.723207812919,0,7.27321319344877,0.0272864672006563,7.05841673471779,-76.0614539700433,15.668728172064,0.675701801655792,16.0371077855428,8,TRUE,0
321.498737311009,1.07489187029387,0.0214976165653817,0.140804716080077,8.8004848969325,1.77374164791952,1000,0.698805006094192,0.734225740828453,20.7842816152111,400,321.498737311009,41.5,100,0.183529949113392,18.1619256017505,-63.1839142987474,402.075515758266,371.785933728409,6.22453435092929,0.02143925725407,7.34651594454697,-67.7167552352396,18.739163612397,0.984652598062678,19.0542669296265,8,FALSE,1.73001468558459
371.898206139686,0.076660488363045,0.00428322409177543,0.0301679751848908,8.82636077991917,0.823334560838814,1000,0.746665602365642,0.789045750502709,21.7998132873934,400,371.898206139686,18.4,100,0.185177351616863,8.05251641137856,-70.7729532468536,407.661000975366,401.897652550334,1.33251197986574,0.00428089771933167,7.33192373848239,-70.3292088044967,19.5980480591343,1.07451114899645,19.9259591102601,8,FALSE,1.8738541771333
324.583626963499,2.51766841689093,0.0524124299476254,0.242247544674834,8.09461677556333,3.00601195761983,1000,0.488165992548472,0.525540243380325,15.2852413654327,400,324.583626963499,67.7,100,0.176519321547244,29.6280087527352,-57.4519794557505,372.820643592948,0,10.7478712512204,0.0520538050722546,7.07681596532794,-66.5401188870175,14.9638131985997,0.525540243380325,15.2852413654327,8,TRUE,0
320.564073663511,2.1427694446557,0.0423506449614258,0.233828196595734,8.88324239323974,2.82792350788199,1000,0.685022010228194,0.621409476251236,20.4789006022046,400,320.564073663511,67.7,100,0.183153838264801,29.6280087527352,-50.3885914003919,400.407183527456,349.054468081425,10.3387985704978,0.0421247305547439,7.3458959637797,-59.250117957368,18.5787949699292,0.853330643029532,18.8545241355896,8,FALSE,1.62437646661499
321.677973196493,2.78762029925398,0.0558793326675855,0.282469558730233,8.18104272792301,3.29477218011921,1000,0.506929757129381,0.572438346889538,15.8634338378906,400,321.677973196493,75.6,100,0.177582993981175,33.0853391684902,-54.5476560169643,375.819044531342,0,12.5254611001809,0.0554710686680842,7.06265827837967,-65.427999985651,15.5467443032074,0.572438346889538,15.8634338378906,8,TRUE,0
319.55657009269,2.86082337055962,0.0558344265120178,0.303013595481751,8.10596693200165,3.36139940935807,1000,0.500337938310435,0.612564536401471,15.6627869606018,400,319.55657009269,77.3,100,0.17721339100401,33.8293216630197,-55.9742322857247,374.776485001239,0,13.4390272296116,0.0554270969578978,7.06756491822698,-67.7153526126943,15.3352535566582,0.612564536401471,15.6627869606018,8,TRUE,0
317.415195088828,2.53470496221414,0.0481868877118936,0.288194213934476,8.78709444653724,3.20135995135379,1000,0.666471536194784,0.670352814526091,20.0580439845064,400,317.415195088828,77.3,100,0.182487910914798,33.8293216630197,-49.3929857368088,398.116508959317,334.996559414178,12.7469588121719,0.0478948387037103,7.35111796682837,-60.6347173245772,18.2182233466801,0.888122061303543,18.5001955032348,8,FALSE,1.55784848127155
319.898039448892,1.93471865497402,0.0379206931385101,0.219079301123762,8.82212995054637,2.60678003746958,1000,0.67195206262111,0.649425756304723,20.1835882750883,400,319.898039448892,61.8,100,0.182627430776744,27.0459518599562,-54.3287880051263,398.798800812435,346.060959585931,9.68928233998507,0.0377396202060066,7.3521065599013,-62.4663956974228,18.2840519184454,0.875590788894802,18.5745029449462,8,FALSE,1.60908533014205
319.873564610893,3.43132642434111,0.0672338435280182,0.352700252443795,8.15539892360659,3.93712618150923,1000,0.505432385941523,0.591909655749601,15.8180856704712,400,319.873564610893,92.9,100,0.177499415169068,40.6564551422319,-48.8768306377213,375.583225815649,0,15.6403601121291,0.0666437746366276,7.06376663125985,-62.9357319893209,15.5135071970314,0.591909655749601,15.8180856704712,8,TRUE,0
315.491946963696,2.99808896011149,0.0556990974800691,0.346372047119606,8.87221338052591,3.71459972719845,1000,0.716243287792787,0.695099444524228,21.1621323423532,400,315.491946963696,92.9,100,0.184427348373887,40.6564551422319,-41.0966948426964,404.146968239032,349.985796923061,15.3050094795853,0.0553081116613763,7.32938473476736,-55.0173182534225,19.2731447507708,0.93691280563669,19.5297527313232,8,FALSE,1.63237961102996
322.373729384458,3.51116600100385,0.0710140495124893,0.340608715015397,8.32827930085598,4.03831750043796,1000,0.526771461209609,0.543069262106558,16.4520106315613,400,322.373729384458,96.1,100,0.178670150001578,42.0568927789934,-44.1309282820052,378.889835946494,0,15.0949737001621,0.0703546569968542,7.04830438368393,-57.7616791954659,16.1718588297984,0.543069262106558,16.4520106315613,8,TRUE,0
316.669236951888,3.69358815864122,0.0695897189397372,0.403576916236834,8.00828138754057,4.18411563444441,1000,0.490069836124198,0.651364021220836,15.3449110984802,400,316.669236951888,99.8,100,0.176628895951563,43.6761487964989,-49.9703079083094,373.129246832059,0,17.904595909722,0.0689587932599687,7.07535225937254,-66.2217460026121,15.0249546842079,0.651364021220836,15.3449110984802,8,TRUE,0
315.651937043252,3.15128557708407,0.0586562698956141,0.3605856294058,8.94458060774214,3.91080245659069,1000,0.759213110115814,0.686635659185453,22.055285328885,400,315.651937043252,99.8,100,0.186033299522261,43.6761487964989,-35.5943057405424,409.075226329602,358.947839006223,15.9200568978619,0.0582217279358366,7.31070650639095,-50.2360220393549,20.1419221697964,0.947220042704066,20.3768281936646,8,FALSE,1.67845713522042
316.686673542433,2.92734956957135,0.0551647670688604,0.330720806298211,8.85867951276256,3.62450190162105,1000,0.696901393577256,0.671075025506321,20.7424648340447,400,316.686673542433,89.7,100,0.183693525891852,39.2560175054705,-42.7704539368801,401.846758280586,343.723198961751,14.6189064905405,0.0547816387817435,7.3374326252051,-55.9877014532451,18.8802056434948,0.903158821182825,19.1410531997681,8,FALSE,1.60141163427658
315.247774608116,3.91985097448568,0.0726140071667727,0.440590558353896,8.60462878315691,4.53091008191605,1000,0.61055534060025,0.676951838452665,18.7147186498207,400,315.247774608116,113.8,100,0.180693694865694,49.8030634573304,-38.8448561023419,390.870651188887,252.350945820422,19.505503806597,0.0719528544834462,7.35119938801177,-56.9505070415823,17.2763771260399,0.830941298276297,17.5412135124206,8,FALSE,1.1735051374001
314.839824952039,3.60663300547848,0.0664916832156688,0.413158428962657,8.94209827072549,4.36939510740112,1000,0.762344707147866,0.692400763370148,22.1183874379939,400,314.839824952039,113.8,100,0.186203539287317,49.8030634573304,-30.2113013222341,409.425108784213,353.124795663497,18.2396010662996,0.0659335699394988,7.30706718407452,-47.2469248679722,20.2452978287918,0.949936358765201,20.4663367271423,8,FALSE,1.65205071085164
319.744165811265,4.05230728607413,0.0792734313291821,0.410827157410875,8.42872736493876,4.60445249830699,1000,0.551591046813139,0.583800793955116,17.1577954292298,400,319.744165811265,113.8,100,0.179979639338598,49.8030634573304,-36.8297157271063,382.596907502483,0,18.194545796386,0.0784506429035598,7.03116882562566,-53.6509370396065,16.8969471078051,0.583800793955116,17.1577954292298,8,TRUE,0
313.857514299964,4.44680560989598,0.0810462827717337,0.505460476461525,8.34687369816798,5.00220845406335,1000,0.554655115573248,0.697803029230186,17.2427161534628,400,313.857514299964,127.5,100,0.180137628268279,55.7986870897155,-35.3577165877935,383.04477236713,0,22.3838004038355,0.0801862322983661,7.02911267230065,-56.2987289776431,16.9689143237329,0.697803029230186,17.2427161534628,8,TRUE,0
312.249493570108,4.0799371157806,0.0729971658131073,0.486298942111918,8.8582184319987,4.81569923749368,1000,0.735188663762302,0.740050890352362,21.5623507542482,400,312.249493570108,127.5,100,0.185256489112256,55.7986870897155,-28.0562993594783,406.349762690155,341.288758388418,21.478839463752,0.072325897841711,7.31636632193059,-48.3118427262083,19.7419691544646,0.981679720071894,19.9677028656006,8,FALSE,1.59464788864765
314.633930721716,3.63633109107069,0.0668775037035292,0.417821714861348,8.91573943352574,4.38124955960398,1000,0.744495271014132,0.696230310547136,21.7551893692884,400,314.633930721716,113.6,100,0.185556064653905,49.7155361050328,-31.4688361020022,407.414351513554,348.666883913589,18.4515302514155,0.0663134788870816,7.31434075575459,-48.6852791317622,19.898074987965,0.945498271108938,20.1256165504455,8,FALSE,1.62957281884291
304.06398954226,6.74225192745441,0.110339634950417,0.912908806562249,8.48081096629853,7.37597560115614,1000,0.628827640832918,0.900415085598084,19.1667671282671,400,304.06398954226,254.6,100,0.181458893079982,111.422319474836,7.33033388101637,393.29784975666,261.180627452184,40.3997084450093,0.108818711710104,7.34377500094947,-32.2719598672896,17.8007478097995,1.06378194556214,17.9509735107422,8,FALSE,1.21579361752492
304.065697396451,6.63449371347123,0.108577757395136,0.901949764713054,8.73652785912606,7.39671654522468,1000,0.75815614772008,0.901464115857052,22.0339286275352,400,304.065697396451,254.6,100,0.186352820359968,111.422319474836,16.6833825074002,408.956860570558,317.823184249236,39.815137076412,0.107095183531735,7.29601978348705,-22.5556448332318,20.4390971539216,1.13355547549443,20.5447807312012,8,FALSE,1.48914789633396
308.360094980372,7.83604612216027,0.134275322383101,1.02637796350015,8.51732076774883,8.55281113388461,1000,0.612689045528469,0.787361793722329,18.7681981596828,400,308.360094980372,472.7,100,0.181022333740603,206.870897155361,92.8712674535135,391.157212949524,225.564794964432,45.4313610416131,0.132027882316648,7.3377899888311,46.2977469586929,17.9330309208842,0.926127952108363,17.717339515686,8,FALSE,1.05085864399677
308.271023119462,7.86190701127283,0.134578678734907,1.04109131173615,8.52135163156958,8.63543966595972,1000,0.614318874720397,0.789393792399763,18.8089231350607,400,308.271023119462,508.9,100,0.181078007122249,222.713347921225,106.522130035233,391.375537148522,227.90880050747,46.0813079373795,0.132321180514839,7.33786548519929,58.9852314785752,18.0219520727637,0.929873329810413,17.7471551895141,8,FALSE,1.0617679455466
300.794549429074,7.87680452753404,0.124670242711783,1.18793882319364,8.68187778621495,8.84807880392222,1000,0.768259598455328,0.975991332592649,22.2368692939307,400,300.794549429074,508.9,100,0.186832859108816,222.713347921225,110.890740348488,410.082661771127,306.974976230864,52.4269268794186,0.122717172940249,7.28688514363114,57.0022970697579,21.0641640114063,1.20319357889748,20.7967472076417,8,FALSE,1.440122086289
308.304423702676,4.48345856084724,0.0767657251439984,0.572908377130105,8.81511507847751,5.25202691216909,1000,0.767794593519833,0.825508204409767,22.2275878213351,400,308.304423702676,144.5,100,0.186474558107636,63.2385120350109,-22.151176476078,410.031122694835,345.779138258422,25.2885692266584,0.0760222374224018,7.30172948236473,-46.2583802419605,20.3921479852898,1.07957728121276,20.6087203025818,8,FALSE,1.61886751875331
290.690277454043,7.60816860775674,0.109278212130077,1.47811268066988,8.46373314956914,9.34457090473983,1000,0.847520872252758,1.28429639865044,23.7420659998877,400,290.690277454043,948.1,100,0.189478772861629,414.92341356674,271.311522814425,418.505366840812,332.190019245506,65.1461731315785,0.107769218424008,7.25992980569192,200.921449170133,23.1239548275148,1.55080557944747,22.1778655052185,8,FALSE,1.56420049466918
293.341259020016,7.58375814732391,0.111634758891587,1.4358128022332,8.49917690094934,9.43380627974996,1000,0.907766477884642,1.19794537453192,24.7947878182246,400,293.341259020016,948.1,100,0.191454060135256,414.92341356674,278.528798355616,424.472768305419,337.473709372169,63.2193427598685,0.11005543160264,7.23652915619822,209.759918358146,24.1914705706636,1.48485176414218,23.200569152832,8,FALSE,1.59421866539256
289.611894756129,7.39096167345601,0.105120897658758,1.49232912274022,8.35417441391508,9.43518337359341,1000,0.956804418656976,1.32405899982064,25.601315603684,400,289.611894756129,982.9,100,0.192919240168504,430.153172866521,290.900703531132,429.087605678594,347.831727899703,65.6598719216843,0.103716367225471,7.22098993057281,219.379781913762,24.9932055138126,1.63276959571948,23.9546298980712,8,FALSE,1.64668570561279
293.140223927926,7.65511116392923,0.112473171645044,1.46243508921689,8.52125201770351,9.42267021068469,1000,0.858171100577117,1.20349289344731,23.933504730416,400,293.140223927926,1018.2,100,0.189856554990487,445.601750547046,301.304625318601,419.585835738609,330.958931691923,64.4429895874912,0.110874193379667,7.25484921710572,230.821137214987,23.4616504576848,1.4719389631296,22.3740097681682,8,FALSE,1.55949496224775
291.255896955352,7.47726722615583,0.107956226547101,1.48340363172957,8.42014600144566,9.46479601724475,1000,0.936146162167299,1.26714456484025,25.266706709742,400,291.255896955352,1018.2,100,0.192311128735492,445.601750547046,304.612288546149,427.168477791342,343.467089074555,65.286899948667,0.106476738901513,7.22740896689862,233.122333088242,24.7447826359864,1.56660230280946,23.6421279907226,8,FALSE,1.62457871901937
299.365740001171,7.80437445510567,0.121760133375181,1.34346611611121,8.67351956451454,9.44132353031327,1000,0.859490250622079,1.0160709745595,23.9570510257572,400,299.365740001171,913.4,100,0.189968233624843,399.737417943107,267.980616111372,419.718873978478,323.511514702232,59.1972444304858,0.119887541268274,7.25149439993713,203.453477507988,23.3910698543158,1.27916105016205,22.4319434165955,8,FALSE,1.52510760916168
284.312748669367,7.25769189555228,0.0984969301783274,1.62016730399165,8.218157631063,9.43883565637444,1000,0.954965090587667,1.51980123256729,25.5718178020614,400,284.312748669367,1152.9,100,0.192813085469595,504.551422319475,348.185060328055,428.918163524646,353.243444598322,71.2882875561225,0.0972632376826802,7.22363893475216,269.698004281398,25.1764466457384,1.83251607886595,23.90012550354,8,FALSE,1.67169229852144
287.175490864359,7.35277632941718,0.102319330448299,1.58024314473547,8.30424616748056,9.47416496521017,1000,0.945613000804092,1.41090136508666,25.4209514799856,400,287.175490864359,1152.9,100,0.192558335415524,504.551422319475,351.263397152077,428.052337229847,349.123189696265,69.5404062360285,0.100989060789834,7.22576566328317,274.410273085364,25.0674834997333,1.71761045856587,23.7692441940307,8,FALSE,1.65170728595487
285.833237210975,7.27741891007415,0.100079970543824,1.60528771835785,8.24668213004914,9.47644767413598,1000,0.963765032741185,1.46165468172881,25.712433827214,400,285.833237210975,1185,100,0.193090188851637,518.599562363239,362.931524371,429.726345092787,352.728322459896,70.6238573685668,0.0988059431404939,7.22009651730056,284.693971993587,25.3903095178619,1.7763803758381,24.0423603057861,8,FALSE,1.67007352142788
291.219808399595,7.68488920983492,0.110917384472192,1.53686109468103,8.46025584788175,9.34818412218975,1000,0.767392436948182,1.26561871530558,22.2195562645187,400,291.219808399595,1214.8,100,0.186704523977983,531.64113785558,365.834956511146,409.986528195051,317.835083114251,67.8302069996424,0.109369737538913,7.29149251267111,290.564609243997,22.0917022081719,1.50018112902501,20.7294279734293,8,FALSE,1.49012829108945
286.91283853562,7.29234311838006,0.101242562215632,1.59755745723768,8.26733717573323,9.50484334391574,1000,0.969502647181289,1.421477628389,25.8034265151466,400,286.91283853562,1214.8,100,0.193270773660429,531.64113785558,375.895629650491,430.249928013715,352.27078106046,70.277469403057,0.0999385395511284,7.21776141549472,297.648007538864,25.5447187367637,1.73740488715465,24.134979724884,8,FALSE,1.66844679026259
291.372018558694,7.46347678543865,0.10787217348789,1.51180572394294,8.41424146895756,9.51761997701288,1000,0.944394565190476,1.26347481312914,25.4011861098846,400,291.372018558694,1119.4,100,0.192563322862964,489.890590809628,343.362736948077,427.939000380091,344.343688171391,66.528574312163,0.106394388449246,7.22451042816005,269.646947296198,25.0477332566794,1.56589949631554,23.7718076705932,8,FALSE,1.62937843929135
274.898560252495,5.44712814811512,0.068361597108848,1.53979057456478,6.84035824485872,9.09002872321552,1000,1.39115339404609,1.98732124993964,31.3390897782806,400,274.898560252495,1336.9,100,0.203680395622168,585.07658643326,431.030919107703,463.013451049211,407.443153158899,67.3925175416921,0.06775532028069,7.10683395866825,353.506964856512,31.0796465478554,2.47588692287848,29.3792114257812,8,FALSE,1.95987835249942
275.026262740583,5.61731003407339,0.0705694327605191,1.57188996565329,6.97336653493709,9.14721137569252,1000,1.35382327677021,1.97287310464668,30.9221116063907,400,275.026262740583,1336.9,100,0.20288033253948,585.07658643326,429.32737706881,460.482387932605,403.689977039259,68.8239630309596,0.0699243021591277,7.11522536410548,350.509153835358,30.6666035160254,2.44663080188793,28.9825768470765,8,FALSE,1.93953475931424
272.46495098764,5.10104035960314,0.062796603223036,1.51502345964521,6.55488848929878,8.94692221467118,1000,1.45205422239778,2.130943956967,31.9959105927547,400,272.46495098764,1364.1,100,0.204926399298868,596.980306345733,440.690145236235,467.021506838269,415.267249739923,66.268821167618,0.0622837481906048,7.09427153472577,363.909372693188,31.748432068953,2.64583386584973,29.9948596954345,8,FALSE,2.00105089732016
273.146865467745,5.86519835081171,0.0725919932151648,1.66894956839694,7.15144933640721,9.21458790764102,1000,1.2837767636428,2.05498154429111,30.1076969911729,400,273.146865467745,1391.4,100,0.201304453988802,608.927789934354,443.130696543997,455.568821858325,398.379617797543,73.1293641415546,0.0719111539443535,7.13233801488014,359.844999241864,29.9230010259778,2.50302450276951,28.1982682545979,8,FALSE,1.90942873657498
272.478055774777,5.04139766436018,0.06206873787829,1.51921736848442,6.50795983698626,8.94267819816062,1000,1.46482477475747,2.13405980369015,32.130143776974,400,272.478055774777,1432.8,100,0.205185244281946,627.045951859956,467.165111966581,467.843817210009,416.489923079375,66.4440163372663,0.0615674671609501,7.09158646328373,389.4528171096,31.9998105760028,2.6540299644606,30.1224412918091,8,FALSE,2.0077024851649
281.124885205779,6.43777614885419,0.0850261177461135,1.60796954759946,7.63562240570975,9.41475369967208,1000,1.19457803165069,1.66684510833766,29.0037488351504,400,281.124885205779,1305.6,100,0.199262850357006,571.378555798687,416.981400054829,448.971332882797,382.414148641981,70.5273374650081,0.0840961876448537,7.15269798910973,337.063992982973,28.7870047998391,2.07323517841181,27.1760597229004,8,FALSE,1.82768911225001
269.612676918571,4.95233373632732,0.0596322971282979,1.56277464669206,6.4214956816396,8.89215996050716,1000,1.46749492762207,2.29689059743656,32.1580621930668,400,269.612676918571,1495.4,100,0.205218724730015,654.442013129103,486.279552101217,468.014981309233,418.867301553937,68.3479265330947,0.0591694691712171,7.0917131980715,406.177727336535,32.0968928033959,2.82039788352572,30.1389355659485,8,FALSE,2.01912662711835
271.189287989496,4.93081168476565,0.0600998445557908,1.53145647228223,6.4134193142602,8.9003408103877,1000,1.48095564852173,2.21085813140546,32.2980348909405,400,271.189287989496,1495.4,100,0.205499821975626,654.442013129103,489.499365029321,468.873843448119,419.003773562501,66.9692029208466,0.0596295508781278,7.08854796514888,410.625952590421,32.2576320360302,2.73839767027802,30.2773485183716,8,FALSE,2.02068637256889
270.489687739059,4.92239109307422,0.0596731141779321,1.54733916066874,6.40284009399676,8.89525146900888,1000,1.47880608058465,2.25000184006622,32.2757679606,400,270.489687739059,1520.7,100,0.2054519324993,665.514223194748,497.802242106033,468.737136205908,419.310407369944,67.6652911736486,0.0592094890608469,7.08915702743257,418.02218668747,32.269555925056,2.77728317485122,30.253776550293,8,FALSE,2.02199141030698
274.670062244258,5.93303533324674,0.0743240139237771,1.69608334004866,7.21307258993555,9.28761497877264,1000,1.27753407082883,1.97642410096386,30.0329701907889,400,274.670062244258,1543.7,100,0.201173402500832,675.579868708972,502.483531803542,455.119954512053,396.497027011563,74.323023486267,0.073610567491519,7.13344779266128,416.416956198798,30.1284313192315,2.42070713845626,28.1328603426616,8,FALSE,1.90010984812728
270.976977718796,4.84898441047287,0.0590052258667418,1.52819653857453,6.34753956441055,8.87537775353532,1000,1.49696305434886,2.22847826948928,32.462842838153,400,270.976977718796,1543.7,100,0.205816393008065,675.579868708972,508.077673144153,469.886607525915,420.694443748743,66.8165179555988,0.0585516376255691,7.08531677660243,428.805096956891,32.501975088327,2.7626115013409,30.4330778121948,8,FALSE,2.02976502595819
274.846736955058,5.02548828565759,0.0630438613307527,1.4875440828331,6.5086463458054,8.97061721924104,1000,1.48143949495536,2.01287231003626,32.3030424999248,400,274.846736955058,1470.2,100,0.205536045792354,643.413566739606,485.339024420174,468.904591651972,416.287269636433,65.0478250240649,0.0625264906286443,7.08755697800739,408.446431898519,32.2652240117205,2.53735923421293,30.2951760292053,8,FALSE,2.00786647071945
268.965120629341,2.83548627700933,0.0339742738887378,1.074754024364,4.72693527393971,7.77862772098308,1000,1.89071721793043,2.64501803537869,36.0426189549083,400,268.965120629341,1632.2,100,0.212751633217149,714.310722100656,550.436274657176,492.292405170594,459.184609663301,46.8366048998464,0.033821927273801,7.01628564891191,488.77865721485,36.1868090294027,3.34267626043645,33.8053493499756,8,FALSE,2.23726960493275
265.934444972289,2.9537368527504,0.0345910707745135,1.14548505791346,4.808041009935,7.82516095317223,1000,1.85353839275464,2.82657710846672,35.7381729385336,400,265.934444972289,1632.2,100,0.212141903966241,714.310722100656,544.108337171629,490.356327343129,457.349654068688,49.9332988445615,0.0344332954287033,7.0225524193982,479.684414558109,35.8468967254411,3.5108900314567,33.5118322372437,8,FALSE,2.22634070128993
272.03339526197,1.71328589906178,0.0210208503659821,0.755625011355735,3.84762722260123,6.91733661617715,1000,2.13385925178664,2.9803687839711,37.8971534831747,400,272.03339526197,1680,100,0.216394052060732,735.229759299781,571.338827478798,504.210156232514,479.902090635496,32.8732817863817,0.0209621356107918,6.98120013341692,522.276700041383,38.1046514666577,3.77899693668282,35.547191619873,8,FALSE,2.3499618633017
270.969794975545,2.14177133160772,0.0260612059934828,0.875045468212863,4.18213951998845,7.28628035689897,1000,2.03980499200636,2.76735250811855,37.2061180085076,400,270.969794975545,1672.1,100,0.215035285746155,731.772428884026,569.197020968421,499.744367698477,471.879617766388,38.0927584671343,0.0259711851721519,6.9941483940819,515.262502612781,37.4181599862823,3.52658463958261,34.8997179667155,8,FALSE,2.30640004179208
267.81875483255,2.09780859231949,0.0249177892997715,0.898655391861825,4.13428784653659,7.21131569995499,1000,2.03592402159313,3.045003894816,37.1769235105701,400,267.81875483255,1672.1,100,0.214964020067234,731.772428884026,562.426390876042,499.556354940843,472.935134959497,39.1218552073963,0.0248354932421302,6.99511411235654,507.702534602822,37.3468322300668,3.80468327507174,34.8656835556031,8,FALSE,2.31123995496702
268.055920764908,3.74929310335302,0.0446135929291001,1.32153216055174,5.45524645602527,8.32771803416501,1000,1.70491808735591,2.51736666670003,34.4569194799786,400,268.055920764908,1612.9,100,0.209659174193209,705.864332603939,537.395592660993,482.270909540926,442.386124248522,57.6750042158446,0.044352386668013,7.04680328552654,465.860140192961,34.5707958219205,3.13845967452694,32.3108310699463,8,FALSE,2.14608841003233
273.144961067912,2.03025360861005,0.0251278875568335,0.829541704595868,4.10247359438515,7.22418529820686,1000,2.07168108386279,2.66380246733576,37.4438243656258,400,273.144961067912,1716.2,100,0.215510495931088,751.072210065645,589.421097347768,501.277174087571,473.801112131592,36.1038665976251,0.0250441324766889,6.98943949369758,536.766710485903,37.7517878650171,3.4351377678691,35.1264724731445,8,FALSE,2.31735189248125
272.237077860111,1.77590440448891,0.0218238273849101,0.776436797523287,3.89775320185947,6.98769724243169,1000,2.12135732460178,2.90822776251726,37.8070747241522,400,272.237077860111,1741.5,100,0.216218222800054,762.144420131291,595.595125899043,503.626336078966,478.697977781026,33.7814577634735,0.0217605628138621,6.98283869215335,544.940020058592,38.1313695089654,3.70138432167431,35.4635591506958,8,FALSE,2.3435155734564
267.835458526585,2.46014614791023,0.0292251710055033,1.0077643747969,4.42227354070212,7.51386381999328,1000,1.96149513197125,2.85627114655208,36.6060000444099,400,267.835458526585,1757.7,100,0.213846518486392,769.234135667396,595.819226837587,495.890255464822,466.230034346212,43.8947180844518,0.0291122006568505,7.00582304623403,535.576511991494,36.9443791231416,3.58450777791984,34.3310108184814,8,FALSE,2.27498922592849
267.45612921438,2.16051093865726,0.0255923284711413,0.933021478723097,4.18247579966942,7.27285626907341,1000,2.02139906756856,3.03662552851191,37.0671638189584,400,267.45612921438,1772.9,100,0.214747378986761,775.886214442013,599.88754105689,498.849976418325,471.797564204875,40.6220516476826,0.0255055502513054,6.99721627291474,542.612493941501,37.4131333013692,3.79039945194777,34.762175877889,8,FALSE,2.30498794106943
267.842618653821,2.37319956168298,0.0281938507935805,0.986250069647203,4.35307084572348,7.44897833449253,1000,1.97925950357774,2.89397792418082,36.7442099737636,400,267.842618653821,1772.9,100,0.214116892335107,775.886214442013,601.442933918637,496.775892437607,467.834779346543,42.9521912792687,0.0280886596888528,7.00322263683885,541.921991546464,37.1058559029309,3.62969962836719,34.4605426788331,8,FALSE,2.28366729493054
264.585577690521,2.01624956440547,0.0233772767038257,0.922597654994285,4.05627537037232,7.10657841797619,1000,2.03948664349776,3.39065851542609,37.2037253323912,400,264.585577690521,1724.8,100,0.215002748520236,754.835886214442,573.31515868809,499.728956852472,474.628510438445,40.1634256822005,0.0233048260868544,6.99502436076869,517.253167544615,37.4120352407114,4.15389486658922,34.8841800689698,8,FALSE,2.31954526342141
289.915545156991,0.738539647147346,0.010534351842079,0.42937347122272,3.15518061168457,5.91555350996119,1000,2.41628044838658,3.28862298501815,39.8026012573176,400,289.915545156991,1819.8,100,0.220199769699822,796.411378555799,628.73314048952,516.679139003526,498.990786347324,18.6469019895007,0.0105195084389686,6.94482520803796,591.336708717201,40.2571648664773,4.19957467952358,37.3463687896729,8,FALSE,2.45623246764471
283.879870306208,0.809817226088462,0.010950489261983,0.488133494112743,3.18889849314309,5.93460397722637,1000,2.37871104009899,3.73126728094476,39.5623745710623,400,283.879870306208,1819.8,100,0.219708033098325,796.411378555799,616.876055618974,515.094524904136,497.523649911948,21.2035483288987,0.0109344620264521,6.94966484646383,577.417907181252,39.9553722302477,4.62893487329084,37.1150693893432,8,FALSE,2.44730518171914
316.431631876213,0.332452265767288,0.00624914213751103,0.288050482972168,2.93102265507055,5.23665452855702,1000,2.59819793941069,3.78810584106064,40.9153706717627,400,316.431631876213,1831.6,100,0.222459201611973,801.575492341357,629.527487656386,524.067076005185,508.458270608637,12.4965258470971,0.00624389941306018,6.92326259173462,597.821675595296,41.356623157274,4.76758083971575,38.4047403335572,8,FALSE,2.5106303382055
303.857603890713,0.474714212398946,0.00775430997727843,0.334880782225833,2.99994638819044,5.52125167917618,1000,2.52487536598593,3.49322508197113,40.4765342814945,400,303.857603890713,1839.2,100,0.221564546054143,804.901531728665,635.921416998618,521.144141405309,504.904407645238,14.5341319300689,0.00774624914299976,6.93180220811039,602.140768502084,40.9560698166616,4.44548493477439,37.9865233103434,8,FALSE,2.49001097115114
319.472672769058,0.314640141152306,0.00613789704396542,0.269977509501614,2.92661367241646,5.2432540677841,1000,2.61160396424876,3.54205988300681,40.9942649699176,400,319.472672769058,1839.2,100,0.222622099729422,804.901531728665,638.245761120372,524.593864246978,508.922389924392,11.7115902633637,0.00613283808512384,6.92167953141509,607.010869648619,41.4787103027771,4.52618535555707,38.4807682037354,8,FALSE,2.51349676618221
275.670852934178,0.965261062526975,0.0121902977076475,0.583301519775682,3.27876259636235,6.0561811276076,1000,2.31311461879342,4.13725536242741,39.13369535411,400,275.670852934178,1809.9,100,0.21883767266338,792.078774617068,598.601320511487,512.275874843907,494.379212025096,25.3476448789019,0.0121704633450044,6.95816480676245,555.774303069905,39.4353272039299,5.01077349507365,36.7048282623291,8,FALSE,2.42886709178094
321.464619267828,0.302423625267384,0.00604939610954831,0.260601095821152,2.92325403338032,5.24288813151247,1000,2.62046216446137,3.41639890054006,41.0461734761431,400,321.464619267828,1868.7,100,0.222729141107811,817.81181619256,652.256552910482,524.940681133432,509.245080636438,11.3042886183117,0.00604448119329195,6.92064331625381,620.96748145059,41.598037462604,4.40362553850644,38.5307064056396,8,FALSE,2.51546707050353
318.684744034793,0.318740974367826,0.00615759605434525,0.276314782608974,2.92737874134891,5.23988440874524,1000,2.60826734602552,3.62126495051518,40.9746669303885,400,318.684744034793,1868.7,100,0.222581535833697,817.81181619256,647.547650923213,524.462968344734,508.815916398362,11.9867230213265,0.00615250487515906,6.92207523131379,615.760938614959,41.5028232987262,4.60424914739607,38.4618396759033,8,FALSE,2.51282725448522
325.374761950703,0.277016920240368,0.00583199667384935,0.243899563423311,2.91545808143812,5.21987159599914,1000,2.63807246058724,3.26620748352552,41.1488495830371,400,325.374761950703,1872.6,100,0.222940470840926,819.518599562363,657.315346626918,525.627198617698,509.93140160332,10.5787905833776,0.00582742719243945,6.91860831903302,626.547132634598,41.7250540955556,4.25967947670393,38.6292514801025,8,FALSE,2.51959810293458
272.670446389826,1.51836224790993,0.0187226080751545,0.723201455472721,3.69706894507208,6.74887640013347,1000,2.17825899512182,3.13369199496486,38.2128508759585,400,272.670446389826,1878.4,100,0.217016165253298,822.056892778993,644.380706458388,506.260267675005,483.609743972179,31.4536041263002,0.0186759767601705,6.97531049375874,594.433074511305,38.7559835301973,3.95093584824297,35.8427340189616,8,FALSE,2.37011685699694
319.284335268422,0.318493144563733,0.00619846099165139,0.269693280687817,2.92896121828081,5.2659194600713,1000,2.61010113014929,3.46202516730742,40.9854409889854,400,319.284335268422,1878.4,100,0.222604433146526,822.056892778993,654.597175616519,524.534925577848,508.816751444241,11.6993550963468,0.00619330186693831,6.92184117965781,622.866608490012,41.5487041858445,4.44553372037346,38.4725246429444,8,FALSE,2.51291634604097
330.930450609059,0.226110607533728,0.00514498411783236,0.258071734039537,2.89298943359983,4.97201790179827,1000,2.66647645346773,4.18891179730315,41.3130222813799,400,330.930450609059,1861.9,100,0.223274657395957,814.835886214442,634.467655961745,526.726296140517,511.412317460516,11.1917773546316,0.00514142585785803,6.91546641036078,603.782006096775,41.7696331705083,5.19313520416056,38.7849588394165,8,FALSE,2.5280634419634
417.559916927732,-0.030911724419076,0.003,0.149974040554286,2.91092600458684,4.30102316668758,3000,2.94122868988377,4.03294102562117,42.8164058292721,400,417.559916927732,1886.6,100,0.226397677062661,825.645514223195,658.276341057722,536.871443609997,520.424885667909,6.49467048283272,0.00299878459835252,6.88554373945773,631.033207176779,43.3655518250994,5.13143923167805,40.2326107025146,8,FALSE,2.58379512675749
528.681467462967,-0.14303063929011,0.003,0.182311503556927,3.03240633863493,3.84433356558226,3000,3.17430684420079,5.14963885375395,43.9854834240084,400,528.681467462967,1886.6,100,0.228865238151085,825.645514223195,642.619251928569,544.861361483409,525.595621013531,7.88624962073868,0.00299878042017569,6.86194489105875,614.246158479208,44.4271274984178,6.32285773821238,41.3670425415039,8,FALSE,2.61844088250451
510.007352348086,-0.12659916338012,0.003,0.151485583308639,3.01375871121268,3.939131106952,3000,3.13937802739615,4.00893506138393,43.8158656918227,400,510.007352348086,1890.8,100,0.228506171643769,827.483588621444,667.247865564259,543.696634911534,524.842883656179,6.55387389057537,0.0029987810261797,6.86535764464802,639.411844373553,44.3863478519817,5.17104182940101,41.2024745941162,8,FALSE,2.61339109770648
491.448994053757,-0.11279987488945,0.003,0.150046903014524,2.99209698903345,3.99649309232723,3000,3.10400683681336,3.96786160054131,43.6421655926256,400,491.448994053757,1892.4,100,0.228138834316833,828.183807439825,667.437749029709,542.505811962766,524.072963811063,6.49270734141782,0.00299878164683956,6.86885645285594,639.698411916564,44.2176151351302,5.11868539272734,41.0339374542236,8,FALSE,2.60822813840201
480.717679190055,-0.104069962304242,0.003,0.150849297024918,2.9795124501499,4.02920746474034,3000,3.08273785004263,4.00583315583807,43.5367627880284,400,480.717679190055,1892.4,100,0.22791611386144,828.183807439825,666.000600475391,541.784164037149,523.606218881212,6.52808464923252,0.00299878202349585,6.87098149312905,638.299592743352,44.1073970056972,5.14985765605165,40.9316635131836,8,FALSE,2.60509927484485
404.971296988354,-0.00976465148576677,0.003,0.139411953283348,2.89957805300053,4.41727703493163,3000,2.90878915078885,3.65214707951041,42.6463906158878,400,404.971296988354,1889.2,100,0.226040247021948,826.783369803063,665.563521868743,535.716856706525,519.676079098606,6.03825542449523,0.00299878520622028,6.88899057668704,638.572545670712,43.2363900814838,4.74013652838601,40.0676040649414,8,FALSE,2.5787865509464
652.20087580668,-0.197781437368265,0.003,0.176265085187258,3.16983381004138,3.6938500349744,3000,3.36570703552729,4.85506079856138,44.8830229506979,400,652.20087580668,1879.5,100,0.230771210652096,822.53829321663,654.198305529069,551.055743538205,529.594771456955,7.61816644081756,0.00299877721466175,6.84394908678981,625.489258430404,45.3620114993499,6.08866108347251,42.2377214431763,8,FALSE,2.64530150752159
635.819796895518,-0.185331969504447,0.003,0.150512841030768,3.15768648064961,3.722821982554,3000,3.34126152224005,3.90580945794714,44.7712747183043,400,635.819796895518,1879.5,100,0.23053336167327,822.53829321663,671.207061231546,550.281647109423,529.095320751965,6.50585048426011,0.00299877761365274,6.84618388553293,643.047695527025,45.3402757857859,5.13174486602174,42.1293306350708,8,FALSE,2.64194408323351
625.164431209567,-0.18165009426844,0.003,0.149786816877791,3.14616090579327,3.73413855489682,3000,3.32613412328476,3.8895845502441,44.7017123070349,400,625.164431209567,1873.6,100,0.230385380864307,819.956236323851,668.808444839335,549.800190097748,528.784644398516,6.47489865898322,0.00299877786203796,6.84757585936425,640.774800502474,45.2608017072842,5.11076998894097,42.0618562698365,8,FALSE,2.6398560371984
699.296869418803,-0.203707212248618,0.003,0.152380654397187,3.22405541214664,3.67621570529323,3000,3.42547855806496,3.95520126749939,45.1528750385409,400,699.296869418803,1866.2,100,0.231346213037662,816.71772428884,667.866379618271,552.928415901552,530.802752318429,6.58418497765512,0.00299877625130533,6.83855921321496,639.643272723604,45.6969569137493,5.20748644131999,42.4994500478109,8,FALSE,2.65342499073003
685.243628515973,-0.198822787132446,0.003,0.148496935287292,3.21065918366006,3.68547690974928,3000,3.40732369072902,3.81797488718214,45.0714119073903,400,685.243628515973,1866.2,100,0.231172535648916,816.71772428884,669.612283757572,552.362590146539,530.437800087455,6.41687359442629,0.00299877654210361,6.84018530332038,641.514628608964,45.6265408426701,5.06459316791699,42.4204416275024,8,FALSE,2.65097027988786
735.891870714889,-0.212422518437068,0.003,0.153989632884562,3.26029978907176,3.6619495863133,3000,3.47009725068071,3.9871936303749,45.3512643241264,400,735.891870714889,1879,100,0.231769518689989,822.319474835886,673.452615935599,554.308204517372,531.692584861895,6.65244574107295,0.00299877554319151,6.83460280222761,644.929831711099,45.9176526355252,5.2533753103426,42.6918525695801,8,FALSE,2.65941175454627
770.135243991394,-0.227615705944192,0.003,0.175493321875376,3.28692074177256,3.65154191504746,3000,3.51160231296221,4.81823326099237,45.5335325131935,400,770.135243991394,1826.9,100,0.232158857049812,799.518599562363,640.232678009104,555.578146257757,532.511451799803,7.58009766976589,0.00299877489271364,6.83097244817439,611.857851540716,45.9306170296855,6.09730274692579,42.8686094284057,8,FALSE,2.66492308478779
720.029816963523,-0.21086578172529,0.003,0.157859378580412,3.24320238116385,3.66514712057172,3000,3.45159364812553,4.18324368105028,45.269302621091,400,720.029816963523,1826.9,100,0.231594576780304,799.518599562363,649.967696731714,553.737851861069,531.324780518144,6.82015526477804,0.00299877583572571,6.8362367098817,622.073257626232,45.723098465264,5.44366770689044,42.6123657226562,8,FALSE,2.65693689843481
699.68770110121,-0.206495153184537,0.003,0.158883774105285,3.22243284689733,3.67267923224399,3000,3.42663663079178,4.24063033116843,45.1580567954094,400,699.68770110121,1815.1,100,0.23135726320255,794.354485776805,643.757189880352,552.964421992683,530.825974889283,6.86514297497327,0.00299877623280865,6.83845580938289,616.049968138279,45.5840886723887,5.49327674042964,42.5044755935669,8,FALSE,2.65358120184246
752.816611606243,-0.219341721116868,0.003,0.161275017352273,3.27413570054761,3.65547959129712,3000,3.4906914551792,4.31695097958275,45.4419740148026,400,752.816611606243,1803.2,100,0.231963229790269,789.146608315098,639.902451869843,554.939945935154,532.099949206925,6.96657483476619,0.00299877521945577,6.83279553258811,612.154155361997,45.8424938152399,5.58953206278821,42.7798207600912,8,FALSE,2.66215325471139
813.150327528607,-0.231821525580044,0.003,0.164915318227483,3.3291557065435,3.65048709219079,3000,3.55757121516674,4.42852461674375,45.732906025744,400,813.150327528607,1803.2,100,0.232585205581329,789.146608315098,639.981622843174,556.969765786292,533.408671128282,7.12184379568033,0.00299877418129578,6.82700639581376,612.009589670416,46.1264883375408,5.72182473846188,43.0619421005249,8,FALSE,2.67096392521908
837.499723335794,-0.230830876049537,0.003,0.154245534742518,3.35453676935484,3.65214421142624,3000,3.58164156403824,3.99306918882192,45.8362772246792,400,837.499723335794,1837.2,100,0.232806452856013,804.026258205689,660.800531020511,557.692321095273,533.87449108915,6.66041260306109,0.00299877381248367,6.82495213262599,632.562724008857,46.3305924914132,5.29380286123901,43.1621761322021,8,FALSE,2.67410109247712
832.277998828487,-0.237094477426162,0.003,0.16906391227145,3.34456396082118,3.6507329048956,3000,3.57805513988201,4.62714328008694,45.8209192866465,400,832.277998828487,1746.1,100,0.232773573599568,764.157549234136,615.571296946708,557.584926060652,533.805256391491,7.30038600650785,0.00299877386727645,6.82525724728026,588.210160675785,46.0934135015222,5.9267701474759,43.1472845077515,8,FALSE,2.67363477889497
847.390262772388,-0.238269374511979,0.003,0.166055163420885,3.35868147670427,3.65208633579176,3000,3.59316363200655,4.5098313559394,45.8855136529921,400,847.390262772388,1746.1,100,0.232911881066955,764.157549234136,618.142412154435,558.0367263329,534.096517452612,7.17002181258368,0.0029987736368265,6.82397416623597,590.807302261836,46.1696105852548,5.81411901670664,43.2099170684814,8,FALSE,2.67559658451074
930.99361826954,-0.256624953512975,0.003,0.181325011427057,3.42352220489457,3.6369345351496,3000,3.67480600386378,5.06633981466107,46.229932275863,400,930.99361826954,1730.1,100,0.233650212646353,757.155361050328,604.433771164264,560.45037235657,535.652444752704,7.82677412218734,0.00299877240826378,6.81714200166554,576.836544660537,46.4364538844234,6.3957307840912,43.543851852417,8,FALSE,2.68608042344597
391.3717216937,0.0168784787258311,0.00316270849213407,0.151710981648302,2.8890493731344,4.45977785202032,1000,2.87163988483326,3.96682675491324,42.4493471712243,400,391.3717216937,1715.7,100,0.225628407703544,750.853391684901,592.735045611745,534.381049938403,518.622228403696,6.57218418458545,0.00316135915581999,6.8929373300275,567.583979395101,42.6921707590084,5.04239041470602,39.8772637049357,8,FALSE,2.57208346628863
797.385648035783,-0.228516722646418,0.003,0.161229650695537,3.31531275868766,3.64991807164299,3000,3.54058256472899,4.37553705707289,45.6595256122889,400,797.385648035783,1715.7,100,0.232428228550183,750.853391684901,607.462795009262,556.457269625148,533.07826025859,6.96316716404033,0.00299877444312375,6.82846551368187,580.732574290753,45.8980964539637,5.66358324396332,42.9907865524292,8,FALSE,2.66873905985967
831.853385288492,-0.234138661494009,0.003,0.162187882253816,3.3463821213051,3.65100830578854,3000,3.57689580848038,4.35570072656366,45.8159514558979,400,831.853385288492,1763.7,100,0.232762938775578,771.859956236324,626.965544252911,557.550190319406,533.782863108451,7.00350389917124,0.00299877388500041,6.82535594932153,599.516906355587,46.1451844122246,5.65496975510064,43.1424674987793,8,FALSE,2.67348395711858
715.039441171566,-0.210092472443917,0.003,0.154558970750692,3.23795810004864,3.66449509192366,3000,3.44561021634801,4.22331816880229,45.2427049728212,400,715.039441171566,1643.3,100,0.231537823752165,719.168490153173,579.985707656542,553.552859566534,531.205478663986,6.67773419268997,0.00299877593066081,6.83676712410605,554.528013983495,45.3593223402099,5.48187876302234,42.5865707397461,8,FALSE,2.6561342330751
843.021451151048,-0.239883328096841,0.003,0.169402920384916,3.35315099040495,3.65078460603399,3000,3.58931159288905,4.72874566242039,45.8690706005225,400,843.021451151048,1643.3,100,0.232876668801682,719.168490153173,575.372432493464,557.921690640367,534.022358246085,7.31468809333086,0.0029987736954884,6.8243007335604,549.312658700768,45.9456648425986,6.03184547026934,43.1939735412598,8,FALSE,2.67509705926268
643.409914936153,-0.19277621325478,0.003,0.162010076434162,3.16214552857942,3.70085803075051,3000,3.35307412442301,4.54751598068059,44.8253756063976,400,643.409914936153,1624.4,100,0.230648492589072,710.89715536105,563.916011628513,550.656309998615,529.33706414469,7.00245144698493,0.00299877742048439,6.84510174312565,538.759828226727,44.8724339537253,5.77715690929381,42.181806564331,8,FALSE,2.64356904206657
624.739809028102,-0.188196754311351,0.003,0.169015210232662,3.14070767839746,3.7118640643802,3000,3.32718447272691,4.8342561702264,44.706552485124,400,624.739809028102,1605,100,0.230395675477156,702.407002188184,549.912675012687,549.833679822871,528.806255757074,7.30605884482288,0.00299877784475482,6.84747898472701,524.943938619578,44.687270333934,6.05577158448745,42.0665512084961,8,FALSE,2.64000127662791
672.012175248804,-0.202653272579302,0.003,0.165533712766451,3.19139626046843,3.67962040886532,3000,3.39197492598507,4.68291465594302,45.0022007836217,400,672.012175248804,1605,100,0.231025043976307,702.407002188184,555.296098598546,551.882205559986,530.127931850364,7.15354260955005,0.00299877678917991,6.84156751576527,530.237571779462,45.0027486206585,5.92473623515791,42.3533143997192,8,FALSE,2.64888638390253
785.73941714252,-0.22852004348078,0.003,0.165538585460201,3.3030176494469,3.64945283296989,3000,3.52842244689978,4.58760400753493,45.6067849267152,400,785.73941714252,1662.4,100,0.232315445735732,727.527352297593,583.223625148437,556.089141902595,532.840917468384,7.14962133254311,0.00299877463131661,6.82951466211022,557.122699843774,45.7283276551856,5.8718857599203,42.9396438598633,8,FALSE,2.66714106685188
357.789238010572,0.110147942027562,0.00410862014616328,0.170412391154185,2.87784364306243,4.79005220756644,1000,2.76726281840041,3.4368678779271,41.8817686632296,400,357.789238010572,1514.5,100,0.2244503770874,662.800875273523,523.769089881496,530.547252627153,515.056455170513,7.38629619396034,0.00410634698113206,6.90418157454177,500.124090257332,41.8078328846034,4.47633663291428,39.3315296173096,8,FALSE,2.55023904592002
381.624428985709,0.0390556541523064,0.00337555464347919,0.157960159809824,2.88302203025327,4.51220202687652,1000,2.84345653206216,4.00051439377779,42.2981518108314,400,381.624428985709,1514.5,100,0.225313766605182,662.800875273523,515.247008404797,533.357753865317,517.71430548514,6.84388013197755,0.00337401829199688,6.89594084687563,492.317448150084,42.1722521057936,5.06643849939104,39.731689453125,8,FALSE,2.56646235770642
364.24867819441,0.0871711542888378,0.00384397338869039,0.175399405428921,2.87692835417228,4.65795351215584,1000,2.7892927545898,3.90943090282227,42.0033244675532,400,364.24867819441,1488.9,100,0.224701621672149,651.597374179431,505.469808478016,531.366578677739,515.888374432944,7.6015813685887,0.0038419828729569,6.90178963565397,482.170207709555,41.8363152287914,4.95666853952496,39.4480810165405,8,FALSE,2.55524345101269
270.740505996105,4.91135055440711,0.0596548069055394,1.5266855956783,6.39553745596436,8.88013476925589,1000,1.48254257749928,2.23692146200876,32.3144528326447,400,270.740505996105,1463.7,100,0.205528335993762,640.568927789934,476.929233591692,468.974660126861,419.485148482021,66.7596647734133,0.0591914112601447,7.08832670769182,398.611693257332,32.2137854263755,2.76548254154291,30.2913818359375,8,FALSE,2.02307099670724
315.04233938309,0.336656170389786,0.00622473771716561,0.286966506502783,2.93003964141497,5.17576312685313,1000,2.59300134771184,4.05327036326321,40.8846792584585,400,315.04233938309,1463.7,100,0.222395070328054,640.568927789934,484.634230885743,523.862252383529,508.35322572529,12.4498653474659,0.00621953632261531,6.92390025473011,457.489832160476,40.6335526158314,5.03107540802535,38.3747987747193,8,FALSE,2.50988048373924
451.696415794022,-0.0758423836121853,0.003,0.144071181064438,2.94642617587532,4.12240740770875,3000,3.02153116295315,4.05937480659604,43.2293332357848,400,451.696415794022,1538.7,100,0.227267293263742,673.391684901532,529.708698157138,539.683437364084,522.246731483768,6.23658766121963,0.00299878312223787,6.87718795241976,506.726549360355,43.152185323101,5.18377005682718,40.63334274292,8,FALSE,2.59599049286479
302.512441083831,0.544975339165819,0.00877856631173649,0.305174708985753,3.0490196312545,5.67604565628253,1000,2.50369054179566,2.90493538764308,40.3473680063275,400,302.512441083831,1353.1,100,0.221308191299654,592.166301969365,463.988355482737,520.286144178211,503.223990037241,13.2464207277126,0.00876824023960842,6.93413696955819,436.801099477687,40.0199039660804,3.84821072146446,37.8664798736573,8,FALSE,2.48088813267021
348.333503552232,0.14812236334572,0.00450935790696669,0.176167437739767,2.88180351943987,4.89334368093006,1000,2.73326850161981,3.30096993154476,41.6922844409999,400,348.333503552232,1353.1,100,0.224058918977645,592.166301969365,464.42067142483,529.271956864411,513.776249537459,7.63710412785697,0.00450662131455615,6.90791826826776,442.433208398133,41.3392291793268,4.32845780236563,39.1497602462769,8,FALSE,2.542524194723
335.077316392429,0.212880240806737,0.00515353292936879,0.203222754400554,2.89461250958475,5.0238059989165,1000,2.68133892935218,3.38010126871099,41.3982305466663,400,335.077316392429,1324.1,100,0.223452484006269,579.474835886214,450.199265918216,527.297424393967,511.771994353106,8.81242956284223,0.00514996193794231,6.91372025364988,427.567781021193,40.9818789056983,4.38919967948536,38.8677501678467,8,FALSE,2.53048037881956
338.504512623014,0.195165906277371,0.00498873831406354,0.192396578389229,2.890732879753,4.99515378233871,1000,2.69517007251555,3.30091833894757,41.4771028468043,400,338.504512623014,1294.5,100,0.223615143657939,566.520787746171,441.062357017356,527.826498181501,512.299658020274,8.34234982522253,0.00498539122162035,6.91216022459277,419.159778404319,41.016464449571,4.31490312737129,38.9434417088827,8,FALSE,2.53366113792161
374.273466709241,0.0580362530917418,0.00356679406152698,0.154805801557407,2.87969968083601,4.57589804340471,1000,2.8211748369359,3.79725815211219,42.1775525451817,400,374.273466709241,1294.5,100,0.225063243450739,566.520787746171,435.815023723162,532.542587561039,516.966907427906,6.7079769328756,0.00356507933572822,6.89833192732273,415.549435367235,41.6749705173177,4.85550313789024,39.615683555603,8,FALSE,2.56186898957872
336.017245957278,0.207678399010707,0.00510165729520064,0.202992075273526,2.89330134396259,5.01975542096172,1000,2.68522945573389,3.37617673107162,41.4204573814698,400,336.017245957278,1382,100,0.223498252042328,604.814004376368,472.204579296246,527.446481281674,511.926751556268,8.80224245940621,0.0050981575874223,6.91328227894342,448.890245309618,41.1087507044453,4.38666113732572,38.8890514373779,8,FALSE,2.53140594409191
275.424739641524,2.38713397018683,0.0300854300493548,0.814290114602239,4.39572862608241,7.42005726750005,1000,2.00795607652897,2.35234507933829,36.9648750806203,400,275.424739641524,1171.1,100,0.214585042426699,512.516411378556,388.309711451809,498.192353199107,466.797336262703,35.4553950478646,0.0299655913076549,6.99799086506497,342.356366791056,36.356980494803,3.09484192277515,34.6845684051514,8,FALSE,2.28030667546885
269.808811637517,2.44239827015385,0.0294541421258063,0.890892336572382,4.41653121268716,7.39964665810477,1000,1.97347940749787,2.7164083690262,36.6993764280419,400,269.808811637517,1171.1,100,0.214038553967279,512.516411378556,378.926523131543,496.488473168341,466.373669625131,38.8006881806323,0.0293393648304912,7.00378224347829,330.039682367908,36.0339351114705,3.44832657423087,34.423023223877,8,FALSE,2.27635320416485
265.327605957446,3.19792709688052,0.037282001106737,1.13108720201686,5.00065747728774,7.84927452721933,1000,1.80185310888863,2.80599890339648,35.3046343079819,400,265.327605957446,1138.2,100,0.211293285520926,498.118161925602,356.077585662206,487.609167929763,452.942580894153,49.3253914676046,0.03709900607032,7.03094523550187,297.802657561144,34.5503273426732,3.46924944512486,33.1023788452149,8,FALSE,2.20225546276699
270.261610320974,2.78291115135048,0.0336775829530362,0.956418467310343,4.69053812756329,7.62214056463977,1000,1.90687692613159,2.57119507226802,36.1730837797438,400,270.261610320974,1107.2,100,0.213012946611598,484.551422319475,355.309924363832,493.123828703894,460.003348397584,41.674556091616,0.0335278229030532,7.01361347271177,304.39061282469,35.4146082563104,3.27468660354513,33.9309711456299,8,FALSE,2.24211263411395
260.664027240908,2.37482868091824,0.0267597412545637,0.987828051178412,4.32331301520664,7.2183634737117,1000,1.94783905046101,3.50504345865711,36.4988996873357,400,260.664027240908,1107.2,100,0.213604143390611,484.551422319475,332.217693540071,495.204780639294,468.29865958317,43.0312479129783,0.0266650369896228,7.00883923458541,280.633741262983,35.5835748303819,4.23229333150914,34.2147998809814,8,FALSE,2.2840998063543
282.594809436976,1.0717502780186,0.0143330888051418,0.479671325835674,3.38615881227983,6.25858457671087,1000,2.31400950646987,2.93031110830069,39.1396249245397,400,282.594809436976,1202.8,100,0.218873326460934,526.389496717724,400.081822837622,512.314783854409,492.105019756763,20.8440019359495,0.0143056734111354,6.95737066626197,367.671179150819,38.5282162098476,3.80037226190019,36.7216548919678,8,FALSE,2.41797003257192
279.013848690488,4.73226153683881,0.0614101467103699,1.23443006673154,6.2976346255084,8.69495127912833,1000,1.56372073748376,1.82835661735695,33.1316755795277,400,279.013848690488,974.2,100,0.207166600423636,426.345733041575,307.077797364533,474.013511847561,421.122916991827,53.9375143491395,0.0609179409356374,7.07017529204744,245.934051311915,32.2846147876126,2.38207454713596,31.0954918861389,8,FALSE,2.03618369338882
273.898693742462,5.36464377968439,0.0667926689460421,1.44439779268318,6.77012854303177,8.89123191030661,1000,1.4033274477194,2.04155164107,31.472657854829,400,273.898693742462,974.2,100,0.203929581913314,426.345733041575,293.702773007556,463.826413128132,409.433167960883,63.209847582416,0.0662135875484306,7.1044070851136,224.061321620133,30.5806797424867,2.53582995155508,29.5025343894958,8,FALSE,1.97012346533318
269.441425175034,5.0179580511012,0.060343344228604,1.4450411645303,6.47229773489776,8.69439684479829,1000,1.4524571919008,2.30170047303635,32.000164274014,400,269.441425175034,940,100,0.204913004318956,411.378555798687,276.211935920456,467.047548179165,417.558574407598,63.2081235998635,0.059869669088814,7.09491467041354,207.024595678934,30.9857548339803,2.8193561887201,29.9882545471191,8,FALSE,2.01190972689486
271.68895445298,5.08812572669941,0.062258909968281,1.40890526709662,6.5404236029592,8.71644621992368,1000,1.45033498585739,2.17305530475065,31.9777493366778,400,271.68895445298,901.4,100,0.204885750064071,394.485776805252,265.274844203682,466.910334579861,415.69069311481,61.6282949558279,0.0617548037309719,7.09482558191008,197.930668976281,30.9285096877719,2.68794160394487,29.974814414978,8,FALSE,2.00293492169982
274.113538678441,4.89622386925057,0.0610646362613704,1.32646815742302,6.40235143582984,8.6649259111057,1000,1.50431837930447,2.05818225210331,32.5379812240041,400,274.113538678441,901.4,100,0.205983833242655,394.485776805252,271.267077497716,470.348885796583,419.076857252518,57.991808602854,0.0605788109977781,7.08307695569891,207.248256815409,31.5156281733391,2.59250532119132,30.5153813362122,8,FALSE,2.02259988779186
267.536135942664,4.08974276180104,0.0484737437487994,1.28553199986859,5.72518263127899,8.30575684318442,1000,1.63417088507627,2.50344227009799,33.8072205862023,400,267.536135942664,1008,100,0.208394880817429,441.137855579869,306.388617608656,478.209367736495,436.069917450937,56.1375351678104,0.0481660898288975,7.05955029702996,243.075595666586,32.8726636707569,3.0959601066559,31.695592880249,8,FALSE,2.11162770595332
285.819151490001,6.25457217337418,0.0860032269052636,1.27881829541687,7.53211155984064,8.80330323363348,1000,1.27309721783008,1.4833430518906,29.9796374817836,400,285.819151490001,583.3,100,0.201167642472027,255.27352297593,154.359002800724,454.799799641612,385.841728932699,56.0384654837904,0.0850490726692313,7.1311124077659,95.6230256884754,28.5883836428245,1.91520845284217,28.1299848556518,8,FALSE,1.84965262613181
280.418138974383,6.68066803236577,0.0877136456779296,1.44971933003464,7.80696566211928,8.84708300421213,1000,1.120479118354,1.69013660504097,28.0220814899688,400,280.418138974383,583.3,100,0.197391014613939,255.27352297593,139.794888361439,443.165053612964,375.480223481763,63.6445255706489,0.0867271576887061,7.17334980325028,74.1110294665107,26.5858808762937,2.0689396939277,26.2326984405518,8,FALSE,1.78938304941699
278.780901361228,6.47853218995922,0.0839110507411438,1.43297918713793,7.64975174391947,8.64787980326212,1000,1.16539956232061,1.76649183143289,28.624658593052,400,278.780901361228,525.9,100,0.198520782007844,230.153172866521,118.734111523149,446.722403491469,381.656711692207,62.8748356270958,0.0830062999748312,7.16131522867679,54.3525538553473,27.0622414623384,2.16390593559715,26.8027844429016,8,FALSE,1.82187415015036
285.478898830006,6.65845749330686,0.0912854242629477,1.33318998080058,7.83102351143847,8.78380526907205,1000,1.1661828617224,1.48705365480256,28.6349587273485,400,285.478898830006,537.8,100,0.198600803647333,235.361050328228,131.421396978216,446.783396503309,375.245002876966,58.4940970525479,0.0902153146098394,7.15887798431646,70.9587695648658,27.1819253029427,1.87842479823196,26.8430816332499,8,FALSE,1.79187709409865
284.339275132644,6.69013521981266,0.0908160547910654,1.35982762085712,7.84523610976921,8.77943689698842,1000,1.14856924655709,1.53033443284,28.401656843211,400,284.339275132644,537.8,100,0.198146753346332,235.361050328228,129.19724583957,445.403412576785,374.57493947027,59.6760756180629,0.0897576233026503,7.16411848514441,67.6500892807916,26.9370955453952,1.91614647181569,26.614287853241,8,FALSE,1.78736898996996
281.744206115709,5.91024845323596,0.0784679769562936,1.31280061908816,7.24204745731768,8.78840198565725,1000,1.32841789254777,1.65644724884315,30.6317048073242,400,281.744206115709,642.5,100,0.202378748089245,281.181619256017,175.088935416059,458.725755119658,395.331414410302,57.493866702098,0.077671603656912,7.11917343010666,114.344563601306,29.282447792138,2.11390325468922,28.7333822250366,8,FALSE,1.89832258228761
289.181809254452,6.89771639787712,0.097725657394192,1.29996255543236,8.03150430534441,8.8712903752835,1000,1.12619004396684,1.34686218131857,28.1000167813317,400,289.181809254452,539.9,100,0.197621365111088,236.280087527352,133.789819072981,443.623948820805,367.164924208684,57.0635701914387,0.0965018885910945,7.16863670120208,74.6678433916278,26.7051805317823,1.71936367644529,26.3491106033325,8,FALSE,1.75090617799922
285.19610944103,6.93082945532767,0.0947859004199051,1.38023958116664,8.0216451574765,8.83563986659146,1000,1.08300105764428,1.49216707291546,27.5005558122819,400,285.19610944103,539.9,100,0.196447200829981,236.280087527352,127.136101897594,440.103384525713,366.804706104874,60.6223572969635,0.0936364332706913,7.18263130897174,64.7430033182114,26.0629151338744,1.85237804448586,25.7547755241395,8,FALSE,1.74578028814244
285.821172816693,6.92701347293594,0.0952528218177023,1.35551228107015,8.02519195183899,8.73041045921125,1000,1.08918128405254,1.46852701454148,27.5877876711798,400,285.821172816693,500.9,100,0.196617997532139,219.212253829322,113.539333052852,440.614379728668,366.832754916293,59.5312970405467,0.0940917443270825,7.18058289525749,52.5686076917667,26.0916436619264,1.83048177383098,25.8413758277893,8,FALSE,1.74641184339054
283.864871530917,6.91739751051916,0.0935388135357697,1.35136481182653,8.03379437038767,8.08959893799921,1000,1.05978827603657,1.54293026565045,27.1684086488064,400,283.864871530917,364.8,100,0.195802260489695,159.64989059081,58.1796919542328,438.161767897422,366.209450358754,59.3729687876079,0.0924203909362059,7.19027101043224,-1.16164347518933,25.421790444594,1.89612552244378,25.4273133277893,8,FALSE,1.74109532101712
284.096838158484,6.79190385043032,0.0920193540227921,1.32731708532108,7.93896783595373,8.05405351068574,1000,1.10688139646525,1.5368461888464,27.834906903574,400,284.096838158484,364.8,100,0.1970661222948,159.64989059081,61.3756779945363,442.064394622141,370.834389479824,58.2801972034362,0.0909346565767172,7.17615035204336,3.01274696682358,26.0827055526121,1.90746021309197,26.0683536529541,8,FALSE,1.76655325061991
284.693895559573,6.90359865590231,0.0940019154425828,1.39778260447798,7.99810652790896,8.91833968604981,1000,1.08761992884803,1.5120033703443,27.5657964742409,400,284.693895559573,578.7,100,0.196565912174189,253.260393873085,141.433325280169,440.485515645365,367.803551591929,61.3892933837474,0.0928710857324083,7.18144025147683,77.9114871689131,26.1858474738441,1.87442228881618,25.8149719238281,8,FALSE,1.75082455041278
298.818114272931,1.79965522707939,0.0279248073745207,0.333206586803133,8.19000305856413,2.86363265194874,1000,1.06382348752073,1.31532959201598,27.2266669142566,400,298.818114272931,79.5,100,0.195380060749715,34.7921225382932,-43.4504166374771,438.501859914256,424.712260160097,14.6426639935521,0.0278245399032108,7.2085788136031,-56.5600859432621,24.9443312457595,1.72230193086329,25.2125558853149,8,FALSE,2.01411102894173
294.94781260913,1.77048766284833,0.0264601175540782,0.35800937387776,8.04832284601703,2.84151110654976,1000,1.07086839557879,1.48976175269459,27.3278499153328,400,294.94781260913,79.5,100,0.195560142141262,34.7921225382932,-48.1469536612176,439.093002474245,426.619556480705,15.7312184540166,0.0263700534219992,7.20679961119225,-62.190598850107,25.0091954440741,1.9007019807305,25.3041944503784,8,FALSE,2.02365546495444
289.937205405808,1.954647177577,0.0278825013395436,0.423267580882141,8.00639529296416,2.9842839491663,1000,1.02945946412915,1.6711850139545,26.7233043231686,400,289.937205405808,83.4,100,0.194425290851436,36.4989059080963,-55.4520423121388,435.5699248044,421.863723249118,18.6091388959305,0.0277826889713277,7.21960080029545,-72.1190020843171,24.3842686888775,2.06461072754703,24.7257561683655,8,FALSE,1.99754815480312
292.168759129661,3.09961998046962,0.0451302115235048,0.568450271356849,8.21273108440157,4.12233478086287,1000,1.02229947400997,1.38639427791415,26.616311733164,400,292.168759129661,119,100,0.194364246110181,52.0787746170678,-32.9062043798635,434.948624830533,405.696303949536,24.9929120070609,0.0448691990915312,7.21682258786941,-56.3806661900687,24.4275093368533,1.76352530038087,24.6945776939392,8,FALSE,1.92173403922485
287.741589955755,3.16698415345805,0.0442925445330244,0.627483960121769,8.16040320703239,4.14575908305999,1000,0.978346947999405,1.55994860301212,25.9426385942702,400,287.741589955755,119,100,0.193086041791161,52.0787746170678,-41.6525820645092,431.051896907486,402.449045335686,27.6059104099283,0.0440416220928066,7.2317927224717,-67.457406073313,23.7213565889297,1.92062331390518,24.0402326583863,8,FALSE,1.9024059358839
290.670321524295,3.81430207733399,0.0547748106837361,0.693231489515446,8.24281486047463,4.81641058578721,1000,1.00143180157302,1.39162785236956,26.300155018948,400,290.670321524295,142.8,100,0.19384427699101,62.4945295404814,-25.2939767523647,433.116603958688,395.294807232704,30.4869819720957,0.054391005923141,7.22086381850639,-54.3226653601707,24.1715637019234,1.75337473874433,24.4287395477295,8,FALSE,1.87141547121852
301.582551699387,1.47512285151629,0.023532042844984,0.276526398692377,8.33048796021287,2.46510936676359,1000,0.989882921829585,1.29720300909455,26.1223390861002,400,301.582551699387,65.9,100,0.193255689396772,28.8402625820569,-52.6582837378933,432.088767297399,422.1870576242,12.1646460266704,0.0234610493248203,7.23402304398065,-63.1362554885502,23.8288877651325,1.67809899171816,24.127245426178,8,FALSE,1.99509365992224
296.537206379706,1.4772413663137,0.0224166678148129,0.310093526559426,8.18329505860553,2.45625502980429,1000,0.978908328791685,1.52447384820829,25.9514323811729,400,296.537206379706,65.9,100,0.192925322508649,28.8402625820569,-60.8058785977931,431.102593517337,422.124817821379,13.643531723819,0.0223522715621474,7.23808470755456,-72.516540302763,23.6152592468202,1.90174103513629,23.9577522277832,8,FALSE,1.99368015338971
303.609532479503,1.0817886661022,0.0176202693495681,0.225022714157561,8.29084071169535,2.04002950204943,1000,0.95817426211724,1.40879191513892,25.6232473351785,400,303.609532479503,53.3,100,0.192270925350656,23.3260393873085,-63.2018861696801,429.213619121685,424.346842044104,9.90379760266711,0.0175805046745468,7.24666156235153,-71.2161522447337,23.2854914984177,1.78108646893691,23.6214447021485,8,FALSE,2.00180263303
305.908864052622,1.06182283101577,0.0177176844158315,0.210522540615618,8.43674105254836,1.92954727372671,1000,0.867667230657757,1.31241765279349,24.1022053883362,400,305.908864052622,48.7,100,0.189447196830502,21.3129102844639,-68.2697974494383,420.539705223397,413.275598569533,9.27869396264339,0.0176776610174429,7.27963052608041,-75.5815358037087,21.806527871387,1.64614776006368,22.1614594459533,8,FALSE,1.9407459423829
306.503926343672,0.936788924895784,0.0157308758526933,0.197733527610497,8.31933239514414,1.88414741336131,1000,0.947303326520791,1.38701071685975,25.4483296834038,400,306.503926343672,48.7,100,0.191928511898755,21.3129102844639,-65.0128353844365,428.209364106691,424.891078538624,8.70421786672696,0.0156991931659537,7.25103112304243,-71.8161421854045,23.1065881161653,1.7561533056624,23.4451675415039,8,FALSE,2.00316214189995
291.278973152924,2.87992847397572,0.0415883316666539,0.544896854477163,8.2416448339766,3.85729321228923,1000,0.977025464826701,1.44345465004203,25.9219181974388,400,291.278973152924,108.8,100,0.19302532045875,47.6148796498906,-41.6676452087426,430.932460490614,404.727048757267,23.9732458445751,0.0413670749447628,7.23304844729261,-63.9346928081849,23.7069046399753,1.80561953374033,24.0090761184693,8,FALSE,1.91284207896947
390.306803308489,0.0202463694283153,0.00328110781791903,0.0387898445502747,8.39155471530911,0.955506180758851,1000,0.935247533746716,1.30620917860201,25.2519842332399,400,390.306803308489,22.2,100,0.191460878715683,9.71553610503282,-73.3839412781291,427.08418609657,434.855619251297,1.70792469130872,0.00327972878470488,7.25897402763367,-73.1621592041782,22.8595394167958,1.6793039436855,23.2040872573853,8,FALSE,2.04789697585456
386.435010881686,0.0293581916200853,0.00339915203599519,0.0426660590492771,8.34356795689199,0.954918346185644,1000,0.925547813420648,1.38528291492653,25.0921645066544,400,386.435010881686,22.2,100,0.19116446348221,9.71553610503282,-76.7426821003044,426.169960786035,433.616166136718,1.87887311921145,0.00339767271437365,7.2624150160528,-76.6051217108987,22.6904810199129,1.75409865922159,23.0510721206665,8,FALSE,2.04109238598787
400,-0.244420915551102,0.003,0.0405257799578098,8.25891553131383,0.692149345036757,3000,0.936563929461204,1.49097803390009,25.2735462946014,400,400,15.9,100,0.191498753525752,6.95842450765864,-82.0523707384478,427.207641221989,435.261716307895,1.78432456737114,0.00299884703793891,7.25858702308571,-81.6817372110834,22.8389373533011,1.86484392935614,23.2236275672913,8,FALSE,2.04991872731013
337.016270205578,0.261162493859366,0.00651024489973556,0.0844514116406894,8.30833988285943,1.18995533149912,1000,0.928772946295239,1.430805149101,25.1454892824987,400,337.016270205578,29.1,100,0.191288973864242,12.7352297592998,-75.4434122247854,426.474834018781,431.162597877291,3.71873167573994,0.00650481905755803,7.26033942966362,-77.1299914023605,22.7522004535988,1.79877098018321,23.1153659820556,8,FALSE,2.03012330044309
332.698702600317,0.907510269701465,0.021170430053292,0.0735942636920217,7.21116850536225,1.29311126102552,1000,0.385572737868354,0.400214721309112,11.6685538291931,400,332.698702600317,26.6,100,0.169962110283979,11.6411378555799,-77.4343427051987,354.470234090217,0,3.27651005951858,0.0211124149350048,7.16667890351775,-78.8410888178505,11.29248015997,0.400214721309112,11.6685538291931,8,TRUE,0
332.710802450252,0.906360139196156,0.0211474018115226,0.0630152548119996,7.21965789850748,1.29275169830218,1000,0.386363363517162,0.34696017393366,11.699955701828,400,332.710802450252,26.6,100,0.17001833257273,11.6411378555799,-75.1886365445976,354.62658443973,0,2.80543491501012,0.0210895062995721,7.16588884849531,-76.1864665304801,11.3365045704627,0.34696017393366,11.699955701828,8,TRUE,0
330.160209424218,1.22058965615198,0.0274389950299704,0.0738066032795053,7.19461961963646,1.60467413663315,1000,0.384038419029397,0.315187366851631,11.6074299812317,400,330.160209424218,33.3,100,0.16985270896107,14.5733041575492,-71.6226974502142,354.166045887243,0,3.28615573545011,0.0273416367066087,7.16821724789638,-73.1749542567148,11.2584588017635,0.315187366851631,11.6074299812317,8,TRUE,0
328.226018909437,1.61984868102514,0.0354330733636404,0.0894587846728983,7.16487794486157,2.00122975072516,1000,0.381303516973242,0.296550856376779,11.4978694915771,400,328.226018909437,42,100,0.169656731770845,18.3807439824945,-67.8639858476368,353.621298490346,0,3.98346868660499,0.0352709523690216,7.17097628274542,-70.1869159542271,11.1632770436047,0.296550856376779,11.4978694915771,8,TRUE,0
328.213628906511,1.62315738673951,0.0354993212153254,0.097109138062987,7.14299568863678,2.00254491357777,1000,0.379309521755684,0.319164061494927,11.4174933433533,400,328.213628906511,42,100,0.169513054203508,18.3807439824945,-68.92525328365,353.222058803561,0,4.32445999047388,0.0353366405618359,7.17300172650162,-71.5586329035052,11.0764580229991,0.319164061494927,11.4174933433533,8,TRUE,0
331.190917409324,1.07351197336515,0.0244941636195695,0.0602436911458691,7.15618048234701,1.45405819290133,1000,0.380509142750517,0.290569075176984,11.4658994674683,400,331.190917409324,30,100,0.169599573563557,13.1291028446389,-72.2183132156894,353.462458348892,0,2.68264534112262,0.0244165903492297,7.17178177634248,-73.1706070023461,11.1171224558577,0.290569075176984,11.4658994674683,8,TRUE,0
325.473303537657,2.87332214164758,0.0605304773273336,0.203110689546732,7.25601976487529,3.26336618498954,1000,0.389777375895527,0.38428779867497,11.8348188400269,400,325.473303537657,72,100,0.170259934121651,31.5098468271335,-59.2898077675253,355.298657984858,0,9.04130818339121,0.0600583333949172,7.16249774063902,-66.744529864715,11.5162601615171,0.38428779867497,11.8348188400269,8,TRUE,0
325.503266188717,2.85019905784499,0.0600675003331563,0.179953332301073,7.3875584599057,3.25297503815053,1000,0.402520101390796,0.345641495839777,12.3279669284821,400,325.503266188717,72,100,0.171145336422589,31.5098468271335,-56.6084644269756,357.764335656399,0,8.00669932542434,0.0596017252012516,7.15012490462871,-63.1046903544371,12.0262593131095,0.345641495839777,12.3279669284821,8,TRUE,0
325.264529670742,3.04494491917668,0.0639667576414617,0.176561214510211,7.39120087700387,3.44812851876822,1000,0.402882144238298,0.31954607831275,12.3417489528656,400,325.264529670742,77,100,0.171170124777705,33.6980306345733,-53.7068358684127,357.833427837803,0,7.8556695667951,0.0634387890405404,7.14977973459791,-60.1231209373783,12.0542825368067,0.31954607831275,12.3417489528656,8,TRUE,0
325.089790084652,3.20431038010831,0.0671576184586305,0.184229748800093,7.41740582977172,3.61015471485359,1000,0.405502104234039,0.317341505666886,12.4411164124806,400,325.089790084652,81.3,100,0.171348917978121,35.5798687089716,-51.7834484245728,358.33187400211,0,8.19608338038276,0.0665757014596762,7.14729206811179,-58.5752508878909,12.1609533418955,0.317341505666886,12.4411164124806,8,TRUE,0
325.092122285533,3.20207954610784,0.0671129520625364,0.187003304509412,7.42968336369614,3.60915935532224,1000,0.406738955207663,0.322077965374989,12.487803697586,400,325.092122285533,81.3,100,0.17143296600877,35.5798687089716,-51.8548852018124,358.56624606996,0,8.31910272047138,0.0665317113399305,7.14612384857573,-58.7642543886086,12.2066906831422,0.322077965374989,12.487803697586,8,TRUE,0
325.95838064221,2.53786337721558,0.0538138260470338,0.128347404027989,7.25926999438801,2.92814605171421,1000,0.390084746926528,0.279736730678173,11.84690284729,400,325.95838064221,63.7,100,0.170281593270333,27.8774617067834,-58.3057133171229,355.358923716426,0,5.71321493107177,0.053440310831018,7.16219404725198,-62.532220942777,11.5484360460495,0.279736730678173,11.84690284729,8,TRUE,0
324.536424622338,3.83355891999563,0.0797566126098702,0.299131169507767,7.65797341117526,4.26501256451979,1000,0.430917744166065,0.426282372173419,13.3730313777924,400,324.536424622338,100.1,100,0.173031788070901,43.8074398249453,-46.6028022461394,363.031920662362,0,13.2959946216387,0.0789345616301504,7.12404553045057,-58.4784479427338,13.0924186199779,0.426282372173419,13.3730313777924,8,TRUE,0
324.581457704455,3.77368878323037,0.078557875616258,0.237845138181106,7.9425746419076,4.23898404857816,1000,0.464810262445073,0.347661502283823,14.5336804389954,400,324.581457704455,100.1,100,0.175143071758983,43.8074398249453,-40.9603988731191,368.95004603367,0,10.5601579346983,0.0777570279372056,7.09530383490404,-50.2794407259732,14.2914338327855,0.347661502283823,14.5336804389954,8,TRUE,0
324.385482473497,4.04840384082177,0.0840582990331662,0.270199516863971,7.88038539271508,4.50599435545392,1000,0.456989074319179,0.367123288641794,14.2735371589661,400,324.385482473497,107.9,100,0.174668372203907,47.2210065645514,-39.3094471809631,367.617335521908,0,11.9996620101007,0.0831428521343797,7.10172570150084,-50.0774443731807,14.0324819481467,0.367123288641794,14.2735371589661,8,TRUE,0
324.251459773797,4.25953598425553,0.0882856471661264,0.273585326352818,7.89285487483591,4.71877412695796,1000,0.4585369854824,0.353624846744719,14.3253743648529,400,324.251459773797,114.6,100,0.174762894248113,50.1531728665208,-36.1993314196153,367.882608318252,0,12.1494233575145,0.0872761809264945,7.10044512705806,-47.1873352969722,14.0981901574355,0.353624846744719,14.3253743648529,8,TRUE,0
324.27298315958,4.22423303413235,0.0875788014065747,0.326250946088749,8.05478494639401,4.70450081611756,1000,0.479607487070059,0.422912628461982,15.0140964984894,400,324.27298315958,114.6,100,0.176021975987338,50.1531728665208,-36.8894385674381,371.420732129842,0,14.47864177014,0.0865829907676158,7.08347481820593,-50.1225517203701,14.7722025079977,0.422912628461982,15.0140964984894,8,TRUE,0
324.680002994339,3.64867729937103,0.0760548599489293,0.241103809593277,7.7195038328627,4.08699399126306,1000,0.437857019365925,0.363338468819481,13.6179275512695,400,324.680002994339,95.1,100,0.173475847154684,41.6192560175055,-45.5569799172532,364.274671388168,0,10.7142397628918,0.0753063553211131,7.11796168591126,-54.9324305236622,13.3541052952055,0.363338468819481,13.6179275512695,8,TRUE,0
321.572911442284,4.58373625422866,0.0917604812642048,0.443322859010082,8.35183857136965,5.11542584575601,1000,0.530881512113827,0.543531298362673,16.5711545944214,400,321.572911442284,129.7,100,0.178890758573945,56.7614879649891,-31.1660273578983,379.513730813509,0,19.644773426546,0.0906620653652025,7.04540586245964,-49.55260456509,16.3307190169949,0.543531298362673,16.5711545944214,8,TRUE,0
318.765591828924,4.58979954283485,0.088706616274046,0.470891717561471,8.24873550944679,5.11168907904064,1000,0.521057099495361,0.595651877188189,16.2848062515259,400,318.765591828924,129.7,100,0.178360858087767,56.7614879649891,-33.7971387801943,378.015571354547,0,20.872160388153,0.0876806902607326,7.05237613780375,-53.3207695348862,16.0263427628389,0.595651877188189,16.2848062515259,8,TRUE,0
317.648488994172,5.28001607655059,0.100662251271583,0.550528853943665,8.31527984421695,5.81612266018654,1000,0.534754396915329,0.610185520905884,16.6825823783875,400,317.648488994172,157,100,0.179097244029942,68.7089715536105,-22.86564641206,380.097917035083,0,24.3927347241311,0.0993414134617722,7.04269721612335,-46.0863946077032,16.4588792912397,0.610185520905884,16.6825823783875,8,TRUE,0
319.517370040587,6.23993161312229,0.121725654562304,0.627309768883303,8.43960507067177,6.79366314978616,1000,0.550934498219357,0.568094304822836,17.1395378112793,400,319.517370040587,206.7,100,0.179945684416702,90.4595185995624,-1.39501359820098,382.500669656459,0,27.782527070739,0.119796517836363,7.03161104753669,-28.4494908566151,17.0012264297104,0.568094304822836,17.1395378112793,8,TRUE,0
312.839848172536,6.20797027696606,0.111824474979789,0.710055007351007,8.2879047296409,6.75428225398115,1000,0.543345648833079,0.699988683531156,16.9269099235534,400,312.839848172536,206.7,100,0.179550560438771,90.4595185995624,-6.62992137516677,381.381221868293,0,31.4536059094437,0.110195482308905,7.03676525510441,-37.1359636188534,16.7465002190869,0.699988683531156,16.9269099235534,8,TRUE,0
323.056104504602,4.82976152456598,0.0985493702218065,0.451491020088521,8.24675724418177,5.34019046097198,1000,0.509448482395374,0.515173558552765,15.9394125938415,400,323.056104504602,137,100,0.177723085209588,59.9562363238512,-29.2025520555929,376.214396747438,0,20.0188676670362,0.09728625537662,7.06080206377505,-48.0129162787019,15.7069557647915,0.515173558552765,15.9394125938415,8,TRUE,0
307.982727351395,7.60309788351469,0.129730664456569,0.98019324028849,8.69581233526454,8.29708495691326,1000,0.677474251462036,0.797832951961964,20.3090555173671,400,307.982727351395,366.2,100,0.183449022617998,160.262582056893,56.7836113133363,399.481549734479,277.979885611726,43.3330575785765,0.127627297798816,7.32255710379791,13.1218182002085,19.0725709524648,0.983034618816456,19.0113120079041,8,FALSE,1.29774350946303
305.557832052666,7.56362622572728,0.125744925561021,1.01445794595441,8.5472615504977,8.22250781593908,1000,0.639337845730901,0.855915470243516,19.4208708615258,400,305.557832052666,366.2,100,0.181943072084896,160.262582056893,51.9647135113614,394.667170298319,259.955280363953,44.8824752434799,0.123771648513808,7.33694249036607,6.91086124970595,18.2418542902643,1.0209719984883,18.2096543312073,8,FALSE,1.21121653031849
306.692323927508,7.91761638022189,0.133238841520022,1.08125170431071,8.61729009246998,8.74006926465359,1000,0.655617975953626,0.825984593696935,19.8063418106103,400,306.692323927508,519.8,100,0.182619302090915,227.483588621444,112.120094992903,396.751228107906,265.043498893998,47.8210247882617,0.131023235817299,7.32956549924385,62.7359761599125,18.8627762899393,0.997915025394115,18.5701746940613,8,FALSE,1.23616711654899
310.842954297075,7.45334681121544,0.131256455886661,0.906691069076262,8.35155803758091,8.03414571703753,1000,0.561708114896511,0.734326887489688,17.4364207585653,400,310.842954297075,349.7,100,0.180498347737388,153.041575492341,47.5788824878994,384.06782569794,0,40.1444103898027,0.129013927761789,7.02442707312209,7.24822312928423,17.4716950993966,0.734326887489688,17.4364207585653,8,TRUE,0
304.198946391723,7.48414936062783,0.122657215370968,1.02505154541154,8.59352791034433,8.16643306906714,1000,0.667255014424687,0.890345461555132,20.0760544955289,400,304.198946391723,349.7,100,0.18300533182104,153.041575492341,46.5180686455678,398.214336322604,278.796345170443,45.3264708821566,0.120776840202161,7.32864681337909,1.16256703356978,18.781003793965,1.07358300612586,18.7755808830262,8,FALSE,1.30047361250272
311.676230016181,7.33897461150514,0.130457765905547,0.876489968412433,8.67361732288278,7.990102838045,1000,0.641933190606894,0.717020779493233,19.4829749955178,400,311.676230016181,316.9,100,0.182071216599758,138.687089715536,38.548088115882,395.002381635348,258.531080044171,38.7758318837807,0.128334438501357,7.33479064787711,-0.222227425355528,18.2770051520211,0.881808792731156,18.2780408859253,8,FALSE,1.20493410959245
307.537553503156,7.99948557682756,0.135840822266614,1.1041452703443,8.71926806622172,8.95648997116749,1000,0.691350518710353,0.80566895104716,20.61987306274,400,307.537553503156,597.5,100,0.184027598409618,261.487964989059,144.609579850618,401.176686106973,278.552463574795,48.798392434745,0.13353411833657,7.31513297685215,93.4600039008697,19.7548956591786,0.994584526423737,19.3181366920471,8,FALSE,1.30173637069294
304.962432762939,7.93832217162503,0.131148886637018,1.13882206823206,8.64558119511185,8.91415902432581,1000,0.681972063176028,0.8679008917653,20.4104949106561,400,304.962432762939,597.5,100,0.183633172854775,261.487964989059,141.772702365132,400.034188086652,278.691079847909,50.3410922570292,0.128999023527138,7.32034853542179,89.1941477426426,19.5255653863755,1.05464126785397,19.1090386708577,8,FALSE,1.30145623979838
307.160692386104,7.99813669251274,0.135267633020308,1.10574590641569,8.72980614814307,8.94201278177739,1000,0.700569772277487,0.8144910707829,20.8229467216554,400,307.160692386104,578.7,100,0.184379172926782,253.260393873085,137.872497720879,402.287118982179,282.040716523303,48.8603721321225,0.132979094128908,7.31156759332588,86.8226780635424,19.9102054130535,1.0078968516919,19.5042662620545,8,FALSE,1.31868045960086
304.928976632977,7.97644089978714,0.131728907058907,1.19224706806601,8.70794871963728,9.14845204729574,1000,0.714979260981952,0.868530547796065,21.1350544362692,400,304.928976632977,742.6,100,0.184905884531032,324.989059080963,198.733722778726,403.998256143575,289.057797747999,52.6685295032546,0.129556172789785,7.30674784404447,142.460072865437,20.4491851251722,1.07007578620114,19.7826741536458,8,FALSE,1.35238028262339
303.874054619789,7.95920525055697,0.130001624282356,1.20926942657026,8.69886384007462,9.15555689906657,1000,0.723707279209795,0.895015663856651,21.321057732669,400,303.874054619789,742.6,100,0.185224385913262,324.989059080963,198.446217982931,405.020615648955,292.761962840053,53.411853327546,0.127884161366424,7.30367199636709,141.447200438081,20.6128212409278,1.10119298701891,19.9507703781128,8,FALSE,1.37028735455618
310.230733232106,8.04359208325073,0.14069045499762,1.05766583120519,8.76934070306212,8.93718283267481,1000,0.68855902687355,0.744365406981819,20.5578501461866,400,310.230733232106,573.6,100,0.183951550464613,251.028446389497,137.476976369202,400.837995566456,273.887333830547,46.7460186355265,0.138217473761074,7.31472999196412,88.5052197481629,19.6914713963266,0.929611067895767,19.2778444290161,8,FALSE,1.28000571717046
299.065970683137,7.85791996539454,0.12223161664268,1.35852330613963,8.65512455896371,9.37254616250847,1000,0.786934649989846,1.02397963645022,22.6050524296999,400,299.065970683137,970,100,0.187484724109627,424.507658643326,284.143389411711,412.131067616603,312.374854779117,59.9355299258731,0.120351883563721,7.28000703615664,218.578720542214,22.1646077166897,1.2598347254941,21.1382131576538,8,FALSE,1.46683927204614
301.146574014497,7.90229033440045,0.125509000825786,1.3316113779423,8.70782070951831,9.40784966201016,1000,0.794886810263527,0.966518531426029,22.7591859753298,400,301.146574014497,970,100,0.187789255466071,424.507658643326,286.591595282519,412.99087234214,311.103812628055,58.7391981162062,0.123526795427086,7.27576943804205,222.119444056794,22.341092822071,1.20352523056785,21.2974643707275,8,FALSE,1.46172160460227
300.512441590777,7.88595924056683,0.12445419430176,1.23090896595731,8.6845164235517,9.07855194600909,1000,0.780339094683031,0.983716370848839,22.4760271168348,400,300.512441590777,624.6,100,0.187265541011586,273.347921225383,155.02921608536,411.412357286217,309.414595158915,54.3114334224198,0.122506550925039,7.28200458160616,98.1926403464577,21.4844502859844,1.21575449357095,21.0234870910645,8,FALSE,1.45254002577035
300.72888293,7.8929473871045,0.124836177574645,1.2268226955879,8.68293857116229,9.06840446525745,1000,0.77141132961235,0.977784335399106,22.2996299841227,400,300.72888293,624.6,100,0.186947806288796,273.347921225383,154.602094537146,410.431293037297,307.449033716061,54.1398288053841,0.122877590107168,7.28553941601309,97.94888569716,21.3166133139307,1.20613097168054,20.8570175170898,8,FALSE,1.44261246703286
308.581865539304,8.06051499416537,0.138438764238768,1.11711207342433,8.82212985681199,9.12462211362364,1000,0.73788506210003,0.781260362892984,21.6184718188976,400,308.581865539304,647.9,100,0.185813423879243,283.544857768053,167.503567491981,406.659370292626,289.655033053399,49.3266234071946,0.136037314107344,7.29514159796437,115.241642035802,20.8011664332397,0.988860759873249,20.2611413002015,8,FALSE,1.35733051869612
285.334326589823,7.06941295401219,0.0967961801900357,1.6563742393366,8.11312853528054,9.55632792529235,1000,1.03917407912317,1.48427038039461,26.8672872748436,400,285.334326589823,1403.1,100,0.195253662262099,614.048140043764,449.458797771073,436.40707603143,361.861896869086,72.7934092625258,0.0955999252426796,7.19587417606461,366.714904879743,26.8903423057142,1.82781539295245,25.1482014656067,8,FALSE,1.71908580923687
288.722399562037,7.20819642304212,0.101701478289636,1.61878809028907,8.23480270651623,9.60424280416582,1000,1.02167814025068,1.35790191109251,26.606991759649,400,288.722399562037,1403.1,100,0.19479662462445,614.048140043764,452.207722013216,434.894535755684,356.309355053889,71.1576456684629,0.100382494993414,7.20008281394413,371.012418624776,26.6768003075205,1.69168965970973,24.9152736663819,8,FALSE,1.69171809326712
287.450324805364,7.20337577740456,0.100485167182854,1.48523969919329,8.21977843733594,9.37162605980034,1000,1.01057469027006,1.40341366339437,26.4394780433116,400,287.450324805364,902.6,100,0.194468938215752,395.010940919037,261.73661277223,433.923218887144,356.448575760124,65.2977847020694,0.099198055218218,7.20410983673549,191.275505291401,25.6556926290947,1.7342636246428,24.7480449676513,8,FALSE,1.69143307566034
291.440001638542,7.60892693773193,0.110044069483197,1.43660788878207,8.47833264778539,9.30152429383624,1000,0.860781688291695,1.25928346181576,23.9800676843232,400,291.440001638542,846.3,100,0.189924990252595,370.371991247265,234.883135718018,419.848950307951,333.294157184274,63.3027288161301,0.108512888687419,7.25459261637806,167.203037026457,23.1974103753978,1.53022130307808,22.4095134735107,8,FALSE,1.57055421081254
290.452619905028,7.30921111368667,0.10475646887863,1.38546887655763,8.31640696304806,9.23388074872947,1000,0.999731723369978,1.29647481790038,26.2741083449652,400,290.452619905028,712.2,100,0.19418825179134,311.684901531729,192.641706587648,432.965930800118,351.930440189729,60.9198700009355,0.103358814547974,7.20642932385347,128.265525960192,25.2131068599301,1.62041878403955,24.6046524047852,8,FALSE,1.66945594018003
300.906397418039,7.81970954622226,0.123895949566081,1.34281045051893,8.70575405844799,9.51232619845799,1000,0.876774479741072,0.973663570498348,24.2622719245317,400,300.906397418039,971.4,100,0.190551073958908,425.120350109409,292.16649157546,421.446258300128,323.875787870339,59.1510914369458,0.121955708250183,7.24427667590233,227.04332704695,23.8053266390469,1.24157270033791,22.733925819397,8,FALSE,1.52834610513475
280.019036520651,6.47502552284649,0.084729862525891,1.68234580107341,7.65467650891214,9.45383686937497,1000,1.17640286794397,1.71279006812874,28.768718114733,400,280.019036520651,1476.5,100,0.19880574923096,646.17067833698,478.84743634775,447.576030003594,381.602618250434,73.8060220932712,0.0838070328101021,7.15792150550146,394.095709861451,28.8283833357646,2.11325838902133,26.9462385177613,8,FALSE,1.82247959697165
282.924731396961,6.48254419223274,0.0869335644503345,1.63666705987982,7.6815808263057,9.4920823141542,1000,1.19578609292811,1.59150976205447,29.019243806858,400,282.924731396961,1476.5,100,0.199308538213839,646.17067833698,483.510211086988,449.063436102179,380.805500518044,71.7844432501793,0.0859615590177232,7.15178769668779,400.562744212805,29.1136825076114,1.99663638772706,27.1990113258362,8,FALSE,1.82023248102183
278.68309664913,6.34281914805089,0.0820858421951527,1.69038130911674,7.54786006837986,9.41980970752138,1000,1.20200493063908,1.7749954028484,29.0987616727797,400,278.68309664913,1502.5,100,0.199422627445147,657.549234135667,488.356563522333,449.53631896145,385.438720607703,74.1362344885128,0.0812186444302846,7.15150391895298,402.982982852257,29.1826257533748,2.1864979309208,27.2563095092774,8,FALSE,1.84245216350228
277.18739845188,6.11459938278862,0.078168555220856,1.70207743889446,7.36723083532447,9.37356680812829,1000,1.24993183286613,1.85012756566591,29.6981265114069,400,277.18739845188,1596.9,100,0.200553628950494,698.862144420131,524.59308869282,453.112694492658,391.590633072298,74.6081283518053,0.0773804553692458,7.13959630603754,437.690100212973,29.9188560777347,2.28145628979061,27.8231453895569,8,FALSE,1.87498112184997
281.389632748777,6.28321535497626,0.0831699047189517,1.66429635326662,7.52267626717682,9.46162480707558,1000,1.23654891858649,1.66005928530792,29.533106870691,400,281.389632748777,1596.9,100,0.20027448258587,698.862144420131,529.242348465841,452.12591075175,386.417222314065,72.9619464575359,0.0822785656113792,7.14169814224498,443.833975673613,29.8079439992001,2.08229430162919,27.6834411621094,8,FALSE,1.84966570858162
289.96136218141,6.99114505920823,0.0997495879454747,1.51304564780651,8.1009513939138,9.56227388640672,1000,1.10533415474111,1.31822144709543,27.8134633554349,400,289.96136218141,1202.5,100,0.19708666164354,526.258205689278,382.786368020858,441.938429287398,364.056615282707,66.4345475572719,0.0984759277218333,7.1742935214331,307.893604681531,27.5458489423885,1.6820490498353,26.078748703003,8,FALSE,1.73471465243188
276.220892337236,5.88153884615099,0.0746021279655109,1.51627270795358,7.18428572827276,9.10934042357904,1000,1.30007142849743,1.90400377209986,30.3010496037187,400,276.220892337236,1023.8,100,0.20169897405878,448.052516411379,310.326631585335,456.731789216163,397.405801230932,66.4267318439942,0.0738827666200493,7.12752588966208,237.18781756818,29.5326082664519,2.35566670299961,28.3950023651123,8,FALSE,1.90604723860642
279.356402429275,6.01353789559979,0.0782588185584748,1.48412592505158,7.30545158971144,9.17960399545488,1000,1.28907254853281,1.75589772920762,30.1708047049798,400,279.356402429275,1023.8,100,0.201475601968011,448.052516411379,313.859656323628,455.94815445384,393.563811670707,65.0254416408436,0.0774677739214766,7.12926747675068,241.995341371429,29.4440259571838,2.20037106411896,28.2836456298828,8,FALSE,1.88715907509698
276.046761586563,5.61081275231424,0.0710680809896521,1.63437183736511,6.97456203764014,9.2283557386338,1000,1.3615943399667,1.92375527473519,31.009854276036,400,276.046761586563,1634,100,0.203056837524903,715.098468271335,542.954209605546,461.014122928817,403.604595260112,71.5535882560426,0.0704136560755734,7.11317010195041,458.317221918297,31.2727978922152,2.39963329715837,29.0701694488525,8,FALSE,1.93968482718351
275.218317099833,5.97039691534855,0.0751206538653718,1.71164075048175,7.24504770373845,9.31726335337693,1000,1.27212256843746,1.94831172606113,29.9678969168228,400,275.218317099833,1609,100,0.201053286751336,704.157549234136,527.575694549602,454.729344024927,395.498520455794,75.0091252263517,0.0743920256522189,7.13462738000946,440.162812893597,30.1819036428205,2.39000694775623,28.0728855133056,8,FALSE,1.89501140351724
274.34062963735,5.27825192610778,0.0659480450459798,1.58579369955567,6.70492381235589,9.09174198300755,1000,1.42479091335836,2.02392654052581,31.7053471763346,400,274.34062963735,1609,100,0.204380703113501,704.157549234136,534.291210345054,465.245233112803,411.168223781298,69.3825716585008,0.0653830770183818,7.09961741043202,451.899550652688,31.9014716869713,2.52630584023289,29.7255401611328,8,FALSE,1.97980701520179
281.500601648369,5.92859631745825,0.0785493045997927,1.58606578259304,7.2539499191885,9.36507544794362,1000,1.32286574362195,1.66615408750852,30.5674994305164,400,281.500601648369,1545.5,100,0.202253691937078,676.36761487965,514.413011801234,458.338064571912,394.988630411483,69.4656645846157,0.0777514402706342,7.12054563045968,432.6580245505,30.7483473938072,2.12167779421288,28.6711883544922,8,FALSE,1.8963110760242
272.230422132136,4.47761164403427,0.0550206630361917,1.45334755838332,6.05899964854573,8.750687842367,1000,1.58002542467393,2.18922111689237,33.2906893523092,400,272.230422132136,1671.8,100,0.207424969780579,731.64113785558,561.704888916123,474.998662474163,427.771422196942,63.4951312403838,0.054625139838982,7.06867407369356,484.006935076318,33.5626530664901,2.7557707295321,31.2219200134277,8,FALSE,2.06876933888152
269.743692173393,4.27991839690828,0.0515874223327874,1.4425498283922,5.88830677235343,8.63111985141727,1000,1.60712538988165,2.34854883356128,33.551390194569,400,269.743692173393,1671.8,100,0.207913061312795,731.64113785558,558.957395499165,476.617124629865,432.071701271966,63.0087411514982,0.0512393401227101,7.06410366991728,481.769066099945,33.791889904966,2.92823303563056,31.4604721069336,8,FALSE,2.0909180876354
269.445449382797,4.13898837589355,0.0497747847992381,1.42104369914888,5.77414420580666,8.5651846937262,1000,1.63396227097028,2.38139428194687,33.8052635008005,400,269.445449382797,1712.1,100,0.208403102207038,749.277899343545,574.65167944274,478.197172061536,434.816357883399,62.0549149263406,0.0494504335874447,7.05920031599325,497.89772966827,34.1107442759376,2.97226655211058,31.6996016502381,8,FALSE,2.10566185056235
269.663597031795,4.16281560627532,0.0501451119138823,1.42674007828815,5.7943025575169,8.5816190704155,1000,1.63028344556829,2.36579622015849,33.7707099751926,400,269.663597031795,1725.4,100,0.20833751639461,755.098468271335,579.876322980753,477.98188846317,434.324232967483,62.3056100460504,0.0498159614937184,7.05983000736268,502.734869300259,34.1019689450648,2.95498564547339,31.6676189104716,8,FALSE,2.10309106472102
269.368650012921,4.01186975080852,0.0482177245851102,1.39308529132672,5.67202908179334,8.50154099346224,1000,1.65902322974404,2.40090634810052,34.0385996880743,400,269.368650012921,1725.4,100,0.208855110274522,755.098468271335,580.43091831859,479.652862998093,437.240136244507,60.8209509259015,0.0479130923215322,7.05466753226621,504.669118113312,34.3653442072886,3.00209156330555,31.9198398590088,8,FALSE,2.11875982906546
273.093599423103,4.53949724577005,0.056160504827805,1.46016917749383,6.11287836480576,8.79152775382722,1000,1.5719874755365,2.13739381183764,33.2125042411864,400,273.093599423103,1691.8,100,0.207279692147822,740.393873085339,570.142861041423,474.514084362574,426.382179635093,63.797578195098,0.055748562911897,7.07001330098845,491.923011481426,33.5294098889342,2.69992651155941,31.1508440971375,8,FALSE,2.06166014404885
271.278613354762,2.9672123988545,0.0361915340546025,1.05282671483188,4.84263623925351,7.86243574331853,1000,1.87464770988124,2.45736973235323,35.9117718873666,400,271.278613354762,1474.4,100,0.212508758695374,645.251641137856,494.716468093502,491.459602114633,456.448178744431,45.8862738089654,0.036018755365806,7.01838285623977,435.639518427163,35.810416852815,3.14653554578814,33.6884994506836,8,FALSE,2.22327243668305
267.793881526608,2.77735521096793,0.0329829735495476,1.04792350981577,4.67529492764446,7.69672668783733,1000,1.89721666892918,2.74471351043559,36.095225594221,400,267.793881526608,1474.4,100,0.212848298455474,645.251641137856,488.923802235249,492.627529072307,460.388357929106,45.6652868502638,0.0328393522291596,7.01547383162075,430.20613350745,35.9481527484838,3.44595371952952,33.8518314361572,8,FALSE,2.24339415806379
267.763688551962,2.47483898373672,0.029383755122042,1.00248953656159,4.43367524328422,7.5148789027617,1000,1.95819859459003,2.85560007117488,36.5802147661618,400,267.763688551962,1690.5,100,0.213795753248099,739.824945295405,570.389910382278,495.7251568493,465.96538340099,43.6660028751926,0.029269565873652,7.00631886171637,511.12701735165,36.800567279611,3.58249744151923,34.3066778182983,8,FALSE,2.27353694786351
267.50369239227,2.30774040981762,0.0273460849401407,0.972566504070581,4.29957232442537,7.39353617812043,1000,1.99123469947516,2.95213557939279,36.8366809038901,400,267.50369239227,1774,100,0.21429627847252,776.36761487965,600.982382124093,497.369099960225,469.071604182561,42.3527024586576,0.0272470898416818,7.00153277289449,542.039449971189,37.1929487757945,3.69313935456567,34.5464235941569,8,FALSE,2.29025730973321
269.67758900295,2.24222585712418,0.0270129755544232,0.930003829708587,4.25660701713922,7.36674886261972,1000,2.01379886002489,2.81480132782899,37.009417145347,400,269.67758900295,1774,100,0.21464436013684,776.36761487965,605.322779590833,498.478638045763,470.109792342368,40.4926183496606,0.0269163246214319,6.99799564734101,548.021113732923,37.3900139719566,3.56387521061864,34.7129306793213,8,FALSE,2.29648646602573
268.42673269932,3.32127700982054,0.0396319791507332,1.22136507062093,5.11380945256781,8.09720238752217,1000,1.79165644634318,2.56690597225852,35.2176369112513,400,268.42673269932,1695.3,100,0.211140806993794,741.925601750547,571.442102173694,487.059294072141,450.277683284555,53.2661350489789,0.0394252850207124,7.03208311336456,503.071078325683,35.4742825314522,3.22358389773763,33.0286927223205,8,FALSE,2.1889441889308
273.723972225667,1.7878751388013,0.0222296176196816,0.784035371615725,3.91305376682643,7.03524121311369,1000,2.12468840280571,2.77690693269474,37.83112754961,400,273.723972225667,1899.6,100,0.216271672272983,831.334792122538,658.147046989485,503.782178063816,478.373993584002,34.1112102397444,0.0221639761435761,6.98220930430361,605.287259874801,38.4525006074788,3.57053001537045,35.4889869689941,8,FALSE,2.3421405806159
273.470790987721,1.3752409859784,0.0170651995228417,0.683666579621853,3.58827445261766,6.60182053037077,1000,2.21260636766133,3.26180047729282,38.452688938629,400,273.470790987721,1899.6,100,0.217490376314177,831.334792122538,650.846706103772,507.821929203268,486.344178296042,29.7276009591422,0.0170264253373813,6.97081731278187,602.326444374315,39.0214713385965,4.0932937625928,36.0676345825195,8,FALSE,2.38505435610952
300.313600573018,0.503457376323226,0.00793128958649258,0.364364592110623,3.01044291695004,5.5277449630698,1000,2.50662565911211,3.76028948962345,40.3653288291267,400,300.313600573018,1908.3,100,0.221335830491267,835.142231947484,655.187009406538,520.405386906125,504.23361308851,15.8154173901278,0.00792285951561992,6.93403568433931,619.594024629705,40.9340625582369,4.70615402863759,37.8794269561768,8,FALSE,2.4859018729499
327.7814293367,0.250672770103951,0.0054541222426728,0.25419219288644,2.9025324910058,5.0870354236925,1000,2.65147423406607,3.76632784394311,41.2265298296946,400,327.7814293367,1907.2,100,0.223097947170542,834.660831509847,660.60978958023,526.147034948689,510.690687236468,11.0244243159512,0.00545012466974118,6.91713806539151,629.288954718812,41.812654715696,4.76498047226534,38.7026437123616,8,FALSE,2.52388611733305
315.752510775639,0.345090491002608,0.00643413390523956,0.286784335296113,2.93852111545238,5.2987429438931,1000,2.5930649206957,3.56746108950824,40.8850550961942,400,315.752510775639,1907.2,100,0.222398266795577,834.660831509847,662.59214913038,523.864760228289,508.121587832786,12.4419437406789,0.00642857677805131,6.92382574396677,629.916823590068,41.4863983344572,4.54487308353408,38.3762912750244,8,FALSE,2.50876382116978
270.612689053064,1.42718384429935,0.0173185242521839,0.721611013412282,3.61778259227953,6.61598126270857,1000,2.19016237631454,3.47310761338847,38.296394390665,400,270.612689053064,1865.9,100,0.21717247603863,816.586433260394,631.864312750693,506.803836537655,485.431524669609,31.3821539607362,0.017278609889319,6.97400117218528,582.34767843658,38.7714587121228,4.29665656386033,35.9169025421143,8,FALSE,2.37949184855066
470.77411872316,-0.0963760533835991,0.003,0.168185754093818,2.96714301327632,4.0234498121098,3000,3.06268672598899,4.62808630968521,43.4367272710137,400,470.77411872316,1930.8,100,0.22770486271417,844.989059080963,666.852538956078,541.099929763172,523.163548474972,7.2790241549419,0.00299878238099574,6.87299967185044,638.422360587267,44.010006328598,5.76569061483124,40.8345947265625,8,FALSE,2.60213254445117
411.518589610835,-0.021166025805806,0.003,0.153381752258828,2.90530853389272,4.32599586794247,3000,2.92588091433875,4.13115931994908,42.7362032976297,400,411.518589610835,1930.8,100,0.226229018991858,844.989059080963,672.30794297552,536.32654951397,520.071554205182,6.64275069894822,0.00299878488509902,6.88716926947022,644.494891202609,43.353792008202,5.22468905414016,40.1547718048095,8,FALSE,2.58143149282015
548.162310861907,-0.152645419801524,0.003,0.169159039101578,3.05617745272453,3.82451403982134,3000,3.20761010959467,4.63104537256987,44.1454780740557,400,548.162310861907,1902,100,0.22920426154418,832.385120350109,661.542695443749,545.961722674508,526.306501721061,7.31619561755808,0.00299877984861617,6.85872922045182,633.070615370421,44.6776107185641,5.8148320154369,41.5222663879395,8,FALSE,2.62321168611616
639.790923779516,-0.193355267798512,0.003,0.175335698386701,3.15694378809798,3.70391582634056,3000,3.34848508034249,4.80986015067443,44.8043807800229,400,639.790923779516,1899.2,100,0.230603809641348,831.159737417943,661.925562863609,550.510892591301,529.243238675444,7.57856774846856,0.00299877749544595,6.84552164234522,633.022484841152,45.3226342572048,6.03806190736276,42.1614424387614,8,FALSE,2.64293834126151
610.075946298429,-0.182279338793714,0.003,0.174117847239957,3.1250295265412,3.7318908076655,3000,3.30570551968781,4.78075868826064,44.6072688474748,400,610.075946298429,1899.2,100,0.230184566584826,831.159737417943,660.971998380464,549.147031510612,528.36312195187,7.52734553049043,0.00299877819928547,6.84946673162382,632.198850215386,45.1255057242661,5.99552130979548,41.9702453613281,8,FALSE,2.63702348614667
526.262640202281,-0.140268773556082,0.003,0.173767158704675,3.03052743835812,3.86292934925405,3000,3.16969514516494,4.79639917765295,43.9631958102992,400,526.262640202281,1928.1,100,0.228818036708136,843.807439824945,666.33056484553,544.708210794215,525.4966596576,7.51680680839944,0.00299878049980013,6.86239310806185,637.555263882497,44.521419003504,5.96815259565231,41.3454189300538,8,FALSE,2.61777688024539
772.47955284613,-0.229612073566274,0.003,0.181716142635276,3.28795100591693,3.65142872418343,3000,3.51461804829448,4.99045265523361,45.5466919509256,400,772.47955284613,1893.4,100,0.232186982536644,828.621444201313,661.955291271372,555.669918164799,532.570623022341,7.84878176958205,0.00299877484575384,6.83071051208034,632.60329261176,46.0473189177158,6.27045711201413,42.8813705444336,8,FALSE,2.66532140649203
827.222602440018,-0.233155412173128,0.003,0.164721999595535,3.34246199387529,3.65168486812204,3000,3.57205324340339,4.33519668277422,45.7951832405211,400,827.222602440018,1893.4,100,0.232718482781475,828.621444201313,675.989059807148,557.404993736273,533.689257970102,7.1130719080074,0.0029987739590969,6.82576861226953,646.823131107493,46.3617868726992,5.63297069997564,43.1223297119141,8,FALSE,2.67285352860705
867.867316969536,-0.245418062276379,0.003,0.174190911631177,3.37315220063248,3.65392870130038,3000,3.61458403914922,4.8940481877031,45.9766297848225,400,867.867316969536,1649,100,0.233107064061517,721.663019693654,575.232889719084,558.674497769433,534.507658490274,7.52065653834139,0.00299877331177641,6.82216519759867,548.95495110848,46.0490237723012,6.20493558253024,43.2982635498047,8,FALSE,2.67836623501778
365.6322768313,0.0829196967083372,0.00380465097386172,0.1770200399946,2.87718343096739,4.6616883824147,1000,2.793800111707,3.87947649275563,42.0280766250634,400,365.6322768313,1659.6,100,0.224752975813487,726.301969365427,570.516952263743,531.533532573565,516.041374967408,7.67163811271656,0.00380270082516064,6.90129812760042,545.09338430344,42.1719841974409,4.92827145224198,39.4718933105468,8,FALSE,2.55618331451657
838.099995223495,-0.235412990891319,0.003,0.160390892122563,3.35166383302677,3.65060959299604,3000,3.58337325126914,4.38028124023992,45.8436872248697,400,838.099995223495,1659.6,100,0.232822317704397,726.301969365427,587.554885958976,557.744143314582,533.907899348857,6.92572367899519,0.00299877378604712,6.82480492995898,561.474930617555,45.9817695263249,5.68154923095943,43.169361114502,8,FALSE,2.67432611036773
654.015265304107,-0.201363581917747,0.003,0.17870963997286,3.16951141376321,3.68114546938026,3000,3.36892140070573,5.31200705321516,44.897656425253,400,654.015265304107,1457.6,100,0.230802368554647,637.899343544858,485.472766464004,551.15717220999,529.660208414596,7.72371197274203,0.00299877716241615,6.84365656056674,462.162616792483,44.5604946507691,6.54661419777487,42.2519149780273,8,FALSE,2.64574144722567
1001.9353839485,-0.291586000122764,0.003,0.182837753465786,3.47834161396551,3.48104309507053,3000,3.73679974855993,5.03230718857309,46.486387492817,400,1001.9353839485,1804.6,100,0.234200931345124,789.759299781182,635.13505847141,562.25266008527,536.814254235467,7.89013549897441,0.00299877149369608,6.81206486844878,606.396810040627,46.8355759365136,6.38066844208838,43.7924747467041,8,FALSE,2.6939127461129
400,-0.325243840743775,0.003,0.170518790442785,3.49722244710821,3.44339541248814,3000,3.75197996411504,4.56721488442284,46.5485363756692,400,400,1804.6,100,0.234334514114507,789.759299781182,643.893986604217,562.690076709647,537.096232884748,7.3580886597109,0.00299877127209067,6.81083578517704,615.363616221768,46.9413790565166,5.92020947795396,43.8527221679688,8,FALSE,2.69581420770042
400,-0.330203453204699,0.003,0.164785221329386,3.50146314856216,3.43866921166059,3000,3.75381662113965,4.36100470752016,46.556038722392,400,400,1796.2,100,0.23435064288912,786.083150984683,644.221086281079,562.742897028458,537.130283543784,7.11062731425877,0.00299877124534019,6.81068744980941,615.917210089288,46.9514977274553,5.71455957579894,43.8599948883057,8,FALSE,2.6960438340863
289.697888976488,0.765620988671116,0.0108989840116436,0.430958628410235,3.17517522632927,5.96620060096682,1000,2.40919314667637,3.17094681812191,39.7575707189823,400,289.697888976488,1799,100,0.22011073573164,787.308533916849,623.121311835303,516.381824732964,498.403953560808,18.7165102996063,0.0108830978958204,6.9456414840768,585.839271851597,40.1879117873195,4.07887080630514,37.3045152028402,8,FALSE,2.45305551614209
400,-1.27111599994334,0.003,0.209888354291175,3.75294853372802,2.78028011321588,3000,4.05060249770164,5.94319208515805,47.7225205400473,400,400,1799,100,0.236866854281197,787.308533916849,625.53442054383,571.000866582343,542.45553339902,9.04676590436514,0.0029987670882044,6.78771374320651,595.69986675219,47.9906769211198,7.38641705243804,44.9905319213867,8,FALSE,2.73198861866062
400,-0.545125902269434,0.003,0.20241430089714,3.54602757454188,3.27940585586571,3000,3.82056684919224,5.68305546573145,46.8262369882361,400,400,1861.6,100,0.234931987873808,814.704595185996,646.487609268896,564.647709631021,538.358278122856,8.73209834698422,0.00299877028202959,6.80535005063103,616.473810964593,47.2186335479458,7.05692696130315,44.1219100952148,8,FALSE,2.70432689302135
951.853529731782,-0.256251795496645,0.003,0.170125580077023,3.44367198825204,3.59213696874093,3000,3.69235685829747,4.62369426606227,46.3029729316798,400,951.853529731782,1750.1,100,0.233806979105708,765.908096280087,620.647207830732,560.963237485986,535.983050807199,7.34284523989665,0.00299877214776736,6.81569511085964,592.963232329475,46.5887661601292,5.95846379073271,43.6146640777588,8,FALSE,2.68830885392095
776.52600249326,-0.227428571495084,0.003,0.169468109414811,3.2939768851587,3.65071975541476,3000,3.51839493339249,4.65934829790662,45.563156818585,400,776.52600249326,1750.1,100,0.232222175699004,765.908096280087,614.57981080031,555.784757645996,532.644666714776,7.31964291827007,0.00299877478699921,6.83038281408392,587.293133394777,45.8366655511968,5.94052342965811,42.8973369598389,8,FALSE,2.66581985874614
894.468316392302,-0.252251874140093,0.003,0.183645475898861,3.39308129600198,3.65897841043603,3000,3.64108210673055,5.18949294487738,46.0886005617645,400,894.468316392302,1703.2,100,0.233347061433081,745.382932166302,590.744669394453,559.458990722498,535.013372486822,7.928006666937,0.00299877291236147,6.81994368608889,563.535087577721,46.2315666747097,6.50853128301831,43.4068269729615,8,FALSE,2.68177358880299
837.000594544683,-0.239358309891041,0.003,0.172002097891127,3.3475674658667,3.65069853252568,3000,3.58328083045962,4.77373407887222,45.8432918407935,400,837.000594544683,1703.1,100,0.232821471167871,745.339168490153,596.84791313015,557.741378084401,533.906116688511,7.42710160580859,0.00299877378745772,6.82481278424225,569.976644327541,46.0239676520751,6.07497355441544,43.1689777374268,8,FALSE,2.67431410336668
935.727289243024,-0.25711230588236,0.003,0.179490723260154,3.42763361347462,3.62529484482035,3000,3.67898965700545,5.02117182159305,46.247374827148,400,935.727289243024,1703.1,100,0.233687643419895,745.339168490153,595.276619417752,560.572815681709,535.731374841073,7.747469075162,0.00299877234605424,6.81679641169794,568.055550869034,46.4094757174783,6.35184546663478,43.5607624053956,8,FALSE,2.6866124217524
863.216541050604,-0.24596083565826,0.003,0.180365363036857,3.36825310060019,3.65410903456554,3000,3.61030768815421,5.02139038390182,45.9584826569042,400,863.216541050604,1764.4,100,0.233068182268723,772.166301969365,616.066986463479,558.547432562235,534.425746348633,7.78737229852675,0.00299877337651306,6.82252539353299,588.186248176473,46.2278571150673,6.33096098064958,43.2806682586669,8,FALSE,2.67781439823734
768.456581931027,-0.222516748170146,0.003,0.157346311264869,3.2889588823659,3.65131539983332,3000,3.50851985363622,4.3180994396299,45.5200702349806,400,768.456581931027,1629.9,100,0.23213008652903,713.304157549234,575.201569292486,555.484274150859,532.450925939966,6.79635977328629,0.00299877494075462,6.83124043579893,549.725182745558,45.6065148732231,5.59621306598034,42.8555545806885,8,FALSE,2.66451565429207
872.097891105213,-0.245486460167887,0.003,0.172268554327884,3.37715343638187,3.65441323421236,3000,3.61859521769355,4.83829689240741,45.9936321233421,400,872.097891105213,1629.9,100,0.233143496747611,713.304157549234,569.227116550879,558.793566893512,534.58441567554,7.43753826598923,0.00299877325112445,6.82182776343762,543.224288379759,46.0369278321865,6.15041908502635,43.3147487640381,8,FALSE,2.678883359304
890.243308002881,-0.24774519925935,0.003,0.171012846774838,3.39258644374772,3.65735079776571,3000,3.63606422662932,4.80261636761381,46.0674595830204,400,890.243308002881,1611.4,100,0.233301736109742,705.207877461707,563.488054440448,559.310808945232,534.917849616412,7.38280312357743,0.00299877298777145,6.82036299912598,537.711930190638,46.0814641503867,6.12011229923866,43.3863296508789,8,FALSE,2.68112993214154
400.458051420325,-0.00145276678338524,0.003,0.155483573815336,2.89584827781456,4.34084506179522,3000,2.89672116673128,4.48345482014641,42.5826581384417,400,400.458051420325,1592.3,100,0.225906309699401,696.849015317287,535.921800457785,535.284524619575,519.399646590217,6.73476418690221,0.00299878543430582,6.89028479703538,512.387783874249,42.5478697354573,5.56753567127414,40.0057274500529,8,FALSE,2.5769306883888
817.031074190385,-0.236143693167374,0.003,0.169519097747499,3.32986699670005,3.64841530478801,3000,3.56257414941208,4.78772578823071,45.7544488111317,400,817.031074190385,1592.3,100,0.232631303071537,696.849015317287,554.210504340347,557.120289954916,533.505713291572,7.32050659207012,0.00299877410443203,6.82657816703676,528.867620971998,45.7312228025498,6.08257195575314,43.0828313827515,8,FALSE,2.67161742838022
881.17571584995,-0.250604443570772,0.003,0.182962197399549,3.38187677843655,3.65615601828138,3000,3.6283826957208,5.21944045035107,46.0350397153252,400,881.17571584995,1647.2,100,0.233232240107068,720.875273522976,568.621687647515,559.083628135297,534.771400756144,7.898913887584,0.00299877310341578,6.82100613321513,542.183759102068,46.0721886383336,6.53457420505379,43.3548965454101,8,FALSE,2.68014316991507
636.369057886411,-0.190756451267486,0.003,0.160589769239192,3.15437591519358,3.70370956538128,3000,3.34332905535656,4.5953594016185,44.7807576697044,400,636.369057886411,1510.8,100,0.230553539506453,661.181619256017,519.891437251682,550.347305220564,529.137686543079,6.94135833410073,0.00299877757979311,6.84599417685015,496.238193260227,44.6164753054416,5.8219436067459,42.1385288238526,8,FALSE,2.64222884585183
677.501847817344,-0.206023992712205,0.003,0.169794126875785,3.19571860759587,3.67288022873332,3000,3.39961465469362,4.92166367549635,45.0366891430084,400,677.501847817344,1510.8,100,0.231098532614656,661.181619256017,515.276858741703,552.121545183343,530.282318904465,7.33741470589854,0.00299877666605856,6.84087867148764,491.340965733911,44.8420915735757,6.1658734314726,42.3867645263672,8,FALSE,2.64992461664122
670.94637500826,-0.201873193825911,0.003,0.161233114729185,3.19065122227622,3.67898323294645,3000,3.39045122644928,4.62018862410066,44.9953129901322,400,670.94637500826,1493,100,0.231010369067169,653.391684901532,514.319238266794,551.834415512168,530.097103958144,6.96773803473958,0.00299877681376929,6.84170510604691,490.780289679647,44.7988629007905,5.86153373959351,42.3466339111328,8,FALSE,2.64867907899944
351.351252485799,0.13145490522221,0.00425244287595484,0.200570280642565,2.87723448261172,4.73871214352684,1000,2.74533509474922,4.12766266360035,41.7598120452367,400,351.351252485799,1447.2,100,0.22419702953269,633.347921225383,483.22340316168,529.726177521677,514.361421537839,8.69445363525791,0.00425000868801425,6.90662275924887,459.609489483628,41.488810370816,5.15964513781308,39.2139145533244,8,FALSE,2.54589749191231
657.217330251916,-0.200148419050386,0.003,0.169199750347019,3.17453707542957,3.68259604751333,3000,3.37271205908595,4.96299902796299,44.9148955576538,400,657.217330251916,1447.2,100,0.230839077891008,633.347921225383,489.483589250454,551.27667938212,529.737307243915,7.31258042094287,0.00299877710086833,6.8433119828076,466.437119333944,44.5986845964773,6.19879325031172,42.2686357498169,8,FALSE,2.64625980783693
947.494616196167,-0.262578371014872,0.003,0.182057045409895,3.43487746565367,3.59053206897104,3000,3.69024210850513,5.27637506176128,46.2941904839407,400,947.494616196167,1527,100,0.233788125926697,668.271334792123,524.371975541478,560.901551697185,535.943286527736,7.85788906601043,0.00299877217908876,6.815869048735,499.384904545052,46.110830741959,6.61049684347159,43.6061496734619,8,FALSE,2.68804081047877
354.692689387001,0.119009131265312,0.00413534470415571,0.190353490814532,2.87656857287518,4.69651359974485,1000,2.75710503404769,4.10940482860123,41.8253941587449,400,354.692689387001,1296.2,100,0.224332774107781,567.2647702407,427.294317133797,530.16759172877,514.780191511563,8.25105869849603,0.00413304225988562,6.90532257332408,405.858169948546,41.2861692036233,5.14549079249555,39.2769441604615,8,FALSE,2.54844999828337
437.269293880894,-0.0591140816903404,0.003,0.152539603530463,2.93051711276466,4.12962622019001,3000,2.98891577834095,4.57739674128143,43.0629590863201,400,437.269293880894,1296.2,100,0.226916657071974,567.2647702407,426.1586390485,538.549120901863,521.512128392147,6.60421918044395,0.00299878371694061,6.88055192443716,406.159512057431,42.489843217845,5.6912936193359,40.471887588501,8,FALSE,2.59107149781911
415.28257400432,-0.0273944548348193,0.003,0.145837490791939,2.90873854694996,4.2466206047979,3000,2.93550117533926,4.37765129235342,42.7865247376571,400,415.28257400432,1251.1,100,0.226334830668879,547.527352297593,411.530155176822,536.668383677713,520.293225526098,6.31571600617534,0.00299878470518422,6.88614926533755,392.319627704457,42.1512198329424,5.4742960709453,40.2036104202271,8,FALSE,2.58291431743002
278.406097757351,0.974091946048703,0.0125785447044993,0.499697544586148,3.29559184120746,6.00527546859349,1000,2.32109923290086,3.71149840693628,39.186520917722,400,278.406097757351,1067,100,0.218950748650571,466.958424507659,331.334443403092,512.622586881327,494.184015021395,21.7134593198958,0.0125574242217006,6.95694640728266,300.173838341024,38.2331890425876,4.5870079965415,36.7581876118978,8,FALSE,2.42833330582416
368.763454890812,0.0731164901028589,0.00369518743741324,0.166428658040786,2.87759275047911,4.54442791366897,1000,2.80397979746999,4.15670203155099,42.0838317611893,400,368.763454890812,1067,100,0.224868429326892,466.958424507659,341.876768859567,531.909746421527,516.410040861766,7.21225298461236,0.00369334756955854,6.90019805707996,324.102441236098,41.1310944985818,5.20905738668941,39.5254144668579,8,FALSE,2.55841729433141
375.503586234216,0.0544673754402765,0.00351864701512767,0.160125846680683,2.88000288029601,4.5083436997458,1000,2.82502646562559,4.13561415218644,42.1984673574807,400,375.503586234216,1156,100,0.225106498819608,505.908096280087,376.687883500486,532.683889979448,517.113563145639,6.93836621441016,0.00351697816002098,6.89792195714292,358.064456670203,41.4102405194662,5.19521964484946,39.6357192993164,8,FALSE,2.5627480581643
358.18897989063,0.106075407198273,0.00399646628501118,0.188217813095082,2.87583983892665,4.61981247267783,1000,2.76929048605887,4.33180192314444,41.8929971997772,400,358.18897989063,1153.1,100,0.224472537162421,504.638949671772,368.761715040225,530.622896905793,515.232939972435,8.15796589585583,0.00399431543578195,6.90398882489074,349.24847423026,41.0711224727557,5.37217178085674,39.3418130874634,8,FALSE,2.55118411231381
382.802034513478,0.0361572732840276,0.00334403670209271,0.152620877874466,2.88363488516406,4.45497108313823,1000,2.84694879416902,4.14620376445303,42.3169679073792,400,382.802034513478,1153.1,100,0.225352848496328,504.638949671772,376.232569022492,533.485021803279,517.832957470174,6.61242955449361,0.00334252881906357,6.89556851697655,357.922924035373,41.5242039504732,5.21333418183856,39.7497787475586,8,FALSE,2.56718915982059
336.127989736394,0.199245766752879,0.00490388729752102,0.218045007841322,2.88729266763984,4.86027502241355,1000,2.68762458403821,4.08682224651097,41.4341248983231,400,336.127989736394,1119.5,100,0.223524454268703,489.934354485777,358.407284790661,527.5381536347,512.208798791623,9.45486195983375,0.0049006534816105,6.91306623736163,338.022918358828,40.5727732469099,5.09850025395973,38.9012451171875,8,FALSE,2.53287978113563
266.698008320373,1.71309776108821,0.0201773540151024,0.748777634248398,3.82616774668357,6.72039024674283,1000,2.11256438747427,3.47953100435155,37.7434013861752,400,266.698008320373,1086.6,100,0.216070776427902,475.536105032823,334.494438971043,503.213961196968,480.151160714344,32.5802907522796,0.0201232776072851,6.98468192254357,292.854703026386,36.826714135922,4.27236168661726,35.3933919270833,8,FALSE,2.35000945909192
309.585126573867,0.392972065169758,0.00682662951288641,0.28433672107748,2.95596442259437,5.2485796535242,1000,2.56261139414142,3.83464388872947,40.7039532623668,400,309.585126573867,1086.6,100,0.222026240429008,475.536105032823,346.584628003924,522.65736850589,506.906370583296,12.3378594117786,0.00682037728578329,6.92742008310203,323.866726551435,39.8006950913951,4.80120791213826,38.2024879455567,8,FALSE,2.50146531681008
382.410233896123,0.0371196089195833,0.00335492563462835,0.151712662044617,2.8834317592835,4.46895995051925,1000,2.84578813501149,4.0778320632194,42.3107169081927,400,382.410233896123,1181.9,100,0.225339869461198,517.242888402626,388.509906980592,533.442738893708,517.793056624994,6.57311912685264,0.00335340794501098,6.89569206966144,369.850676366926,41.5772964789791,5.14456067755877,39.7437715530396,8,FALSE,2.56694535515311
269.270763611039,1.45048752883408,0.0174206808258911,0.653250712660049,3.63075236386879,6.43779859516009,1000,2.17979541808657,3.57867188976097,38.2236598384143,400,269.270763611039,959.1,100,0.217024468846122,419.737417943107,287.257185173121,506.330570643594,485.023532910976,28.4111845995744,0.017380303331424,6.9754887892829,251.035668667112,37.0769409951749,4.39857239681011,35.8466749191284,8,FALSE,2.37698491928592
267.016119281516,1.71177828355495,0.0202100562940242,0.730531321133179,3.8264266133021,6.67245738016626,1000,2.11413410616513,3.44912976880515,37.7547877859897,400,267.016119281516,959.1,100,0.216094392515325,419.737417943107,287.418580288364,503.287685632614,480.163842352338,31.7860203185762,0.0201558027652133,6.98443319320129,247.960793964282,36.6182732099538,4.24243620435901,35.4046325683594,8,FALSE,2.35015521763031
266.476309507447,1.69555919382181,0.0199376567195767,0.730097008827676,3.81150561927829,6.63250222997683,1000,2.11543167823116,3.52286867956167,37.7641937121679,400,266.476309507447,923.9,100,0.21611075915272,404.332603938731,272.210107051651,503.348593046484,480.486308226296,31.7668809290224,0.0198848530763638,6.98432030985471,233.226662609626,36.5539652714901,4.31704568472609,35.4124221801758,8,FALSE,2.35177153199206
268.33761068971,1.49300741524006,0.0178042452246439,0.664053946750393,3.66029394867983,6.43111703585545,1000,2.16680321575857,3.61008232763878,38.1320166103838,400,268.33761068971,879.2,100,0.216840783692249,384.770240700219,255.654136226817,505.734742639454,484.241719153639,28.8835039927236,0.017762083095285,6.97728502049994,219.935455459263,36.8370479683416,4.42498892238811,35.7594741185506,8,FALSE,2.37254249183319
269.458963685076,1.36247107072984,0.0163872806347796,0.628959750827741,3.56285856088248,6.30381740939235,1000,2.19992456748905,3.72102847414405,38.3645718403623,400,269.458963685076,879.2,100,0.217302334919962,384.770240700219,254.293357444027,507.247751651132,486.696214372361,27.3511925184519,0.0163515331479869,6.97286716111146,220.083486231375,37.0574750506802,4.54939926996861,35.9784927368164,8,FALSE,2.38607910354592
270.091162210444,1.38369817317858,0.0167235334045982,0.63522124891852,3.58185291994409,6.38843442438881,1000,2.19769780976752,3.60732440084637,38.3490472224919,400,270.091162210444,990.5,100,0.217274091407753,433.479212253829,299.209214579615,507.146642559393,486.276811975432,27.6238446771745,0.0166863066878055,6.97308668149869,263.378762981195,37.2563006221957,4.43438857630202,35.9650993347168,8,FALSE,2.38394788777508
262.616463215878,2.30075868249086,0.0262937180278782,0.868269025541642,4.27320728735693,6.73312948338776,1000,1.97170677416996,3.37117319619929,36.6856006135718,400,262.616463215878,569.9,100,0.213978480023487,249.409190371991,135.490939031663,496.400184115644,469.531691264067,37.8164475967512,0.0262022285678142,7.00504135014217,94.7793284202638,34.8567765087774,4.10716839335658,34.3942451477051,8,FALSE,2.29135546586665
261.981959389229,3.22931990715941,0.0367355752109212,1.09167209053463,5.01018124643787,7.30858552782277,1000,1.77977018757552,3.04621341302402,35.1155968054879,400,261.981959389229,569.9,100,0.210907173272733,249.409190371991,134.100799330266,486.414934383446,452.723132552546,47.6152190478459,0.0365579975281941,7.03513433975658,83.9682845653837,33.3237387458544,3.70274369934854,32.9157190322876,8,FALSE,2.19987777320028
261.523885069244,2.87068038566645,0.0325479217719126,1.00840642640303,4.7217901932077,6.99845173125489,1000,1.8501313358243,3.19498483904785,35.7099687824164,400,261.523885069244,527.4,100,0.212064742621248,230.809628008753,117.752414362321,490.17725681176,459.274310911432,43.9594454688177,0.0324082207697091,7.02377298321089,71.6302770879928,33.8232772568875,3.88097690852502,33.4746475219726,8,FALSE,2.23532126044379
264.656052908158,4.68718959030926,0.0543732910521364,1.35763622217439,6.18507579910839,7.77252762232101,1000,1.49548187641153,2.61759538284904,32.4476672003795,400,264.656052908158,477.8,100,0.205744607088766,209.10284463895,95.1164906024448,469.79328294224,424.968286674241,59.3612407909243,0.0539879815288437,7.08703379232366,34.7465190616016,30.5653827738864,3.15635466271874,30.3977785110473,8,FALSE,2.04988868933216
263.603657391727,3.33310350628074,0.0383670799165599,1.07165758373158,5.10096538935525,7.13414819287786,1000,1.76658356873197,2.89842012365517,35.0015930262772,400,263.603657391727,477.8,100,0.210693555919371,209.10284463895,103.038687596443,485.695783272812,450.658127284557,46.7469664382045,0.0381734732878927,7.03706782370749,54.6553120274149,33.0778600158626,3.54833772445051,32.8123512268067,8,FALSE,2.18924179947051
262.636197681504,2.44094033890227,0.027899674341526,0.90461153678918,4.38456907069948,6.89771254503433,1000,1.94286427488719,3.28949893182215,36.459697395025,400,262.636197681504,607.8,100,0.213536125691144,265.995623632385,150.525668442809,494.954051813638,466.982692314369,39.4074702053378,0.0277967521698027,7.00931831738197,107.833105102559,34.7080856478998,4.01340491335666,34.1821718215942,8,FALSE,2.27752557343081
261.24851665666,3.88005134104373,0.0439046993079345,1.25129247868624,5.52597927285024,7.55042640934232,1000,1.64442149057296,2.95877893176239,33.9030788059252,400,261.24851665666,532,100,0.208543634651834,232.822757111597,114.14093822758,478.806998584267,440.847844038133,54.6384763808708,0.0436521345687352,7.05887205244672,57.7949966075492,32.0480030667329,3.56032581279604,31.7681093215942,8,FALSE,2.13496948433104
263.670586013685,4.25964888917096,0.0490563238409484,1.29277246988968,5.84078434211492,7.75113180390882,1000,1.57935241897468,2.73140149567246,33.2841583019986,400,263.670586013685,532,100,0.207357090968331,232.822757111597,117.298905537123,474.958169927369,433.405497822569,56.4816123914488,0.0487417440337621,7.07060797327856,59.0845427304231,31.474378894103,3.30470103140959,31.1887149810791,8,FALSE,2.09544332091951
263.773605464534,4.45175091777172,0.051307548676548,1.32450527619235,5.99392492999771,7.69493332911651,1000,1.54006600188686,2.70063123443417,32.8980069118923,400,263.773605464534,486,100,0.206609903785472,212.691466083151,98.4343238114893,472.568627285966,429.698861912278,57.8886641363163,0.0509639036505172,7.07824230244193,39.3957207872921,31.0129916018935,3.25799151665232,30.8227252960205,8,FALSE,2.07528161587177
266.201761464695,3.23440244313348,0.0379547435568536,0.950797992863461,5.87846676933883,4.80507232507514,1000,1.56852508684594,2.73542159906756,33.1787023257921,400,266.201761464695,183.6,100,0.207044414969309,80.3501094091904,-15.0175909807369,474.304700637375,443.600660027981,41.5468408513673,0.0377663087206715,7.07621372730739,-54.9564495983331,30.7701713677381,3.3180354099561,31.0356661478678,8,FALSE,2.14303617792427
266.00869376133,3.24727514554038,0.038050864480454,0.956638610192291,5.89728634321735,4.81162421535298,1000,1.56222262086304,2.74597757428208,33.1169819055337,400,266.00869376133,183.6,100,0.206922671103766,80.3501094091904,-15.7764739904302,473.922556372639,443.249872576111,41.8044857049811,0.0378615109594217,7.07751209281572,-55.9453069136871,30.705810839071,3.32628712567712,30.9760332107544,8,FALSE,2.14094869477928
263.063627045056,3.42291251063244,0.0392453557941878,1.11579038890686,5.1700852061053,7.39431671646006,1000,1.74597214798726,2.91742830508846,34.8216829281357,400,263.063627045056,555.8,100,0.210340268869291,243.238512035011,130.666436528699,484.56250883279,449.073520045554,48.6802188112423,0.0390429094113215,7.04063707045649,79.607917211022,33.0277743165849,3.55923599288701,32.6412448883057,8,FALSE,2.18043803983003
284.805799422396,1.17746121184985,0.0160483508044986,0.371099671530612,6.1142003769822,2.70303024461133,1000,1.52535489051613,2.52954005637016,32.7508690119202,400,284.805799422396,88.4,100,0.205990774246751,38.6870897155361,-47.8505100089001,471.660500112575,463.062931818602,16.2240378929141,0.0160146399321829,7.09200662795808,-62.266001665854,30.2186547587527,3.12240788828355,30.5187921524047,8,FALSE,2.23207685951553
284.188097371264,1.15834994821289,0.0157036898147107,0.374979017628847,6.0489604461029,2.69279900226673,1000,1.53423304726396,2.61262005249443,32.8398356001458,400,284.188097371264,88.4,100,0.206163484942035,38.6870897155361,-49.8875976044811,472.209440495788,463.79946047927,16.3922839301241,0.0156714016899202,7.0901963707967,-64.407099540722,30.2931004193516,3.20913845046016,30.6036376953125,8,FALSE,2.23619790483325
277.179426735692,1.75693289818686,0.0224592225619339,0.519654985819977,6.33062040982559,3.22108104598712,1000,1.46381459029978,2.53385003509926,32.1195682832264,400,277.179426735692,106.9,100,0.204804702616236,46.7833698030635,-44.8709865002903,467.77899252521,453.986666961123,22.7316182261281,0.0223933625670163,7.1036879160754,-65.7081879048611,29.618630979644,3.09692824116348,29.9348397254944,8,FALSE,2.18472855773202
272.682753530018,2.4118896407757,0.029742755417891,0.686250089759233,6.30009169923342,3.88609080514704,1000,1.47357593951118,2.52522068523749,32.2214545400477,400,272.682753530018,134.2,100,0.205072839949183,58.7308533916849,-33.4348275308618,468.403805757044,447.408699564645,30.015237724325,0.0296272908065931,7.09930407288246,-61.6686833204753,29.7700991104004,3.08371114278249,30.0670517285664,8,FALSE,2.15440281148127
274.114287866256,2.59947443513436,0.0324203738695926,0.701601656918479,6.65017468549038,3.99143070515357,1000,1.39135737250022,2.37058482671645,31.3413373486206,400,274.114287866256,134.2,100,0.203366004811207,58.7308533916849,-33.9046235029206,463.027122039167,440.949887325667,30.7118805296388,0.0322835816167724,7.1175374831395,-62.8215342871452,28.921745990988,2.89654398939407,29.2234749794006,8,FALSE,2.11786236921996
271.623610634338,2.41994617153172,0.0295959325867641,0.701693510686443,6.24240670315947,3.90233877909138,1000,1.48174224426835,2.5954591397885,32.3061749973884,400,271.623610634338,135.6,100,0.205238674772631,59.343544857768,-34.6510483596928,468.923826884035,447.920972328033,30.6882619628437,0.0294815743023673,7.0975196675654,-63.502996859525,29.8429009309849,3.15704268915443,30.1487631797791,8,FALSE,2.15741181760928
294.05040601683,1.04513277817486,0.0154875033289119,0.284310259874785,7.06103568898508,2.3653610167606,1000,1.32010910283609,2.01268181607237,30.5355212938756,400,294.05040601683,70.7,100,0.201638552278899,30.9409190371991,-51.7186589999837,458.145063080125,453.368058369427,12.4557765421095,0.015456316150301,7.14007631052278,-62.4118990614698,28.0660733857726,2.52974117124544,28.3648886680604,8,FALSE,2.17063262581519
294.916341126872,1.01104988817564,0.0151059218392626,0.275661171972842,6.99517952004285,2.35385679586141,1000,1.34268754650859,2.00001401559287,30.7954966958398,400,294.916341126872,70.7,100,0.202141713450847,30.9409190371991,-49.9729562540809,459.715891725818,454.976123593245,12.0739149952841,0.0150762280859199,7.13454647854946,-60.3373450244007,28.3263699555039,2.52601167181697,28.6154766082764,8,FALSE,2.18002008756339
301.37424885753,0.731883353077632,0.0116510135777528,0.220796184332642,7.08378343809969,2.03368307578373,1000,1.30171783390324,2.078491003147,30.3204508921945,400,301.37424885753,59.2,100,0.201185631663431,25.9080962800875,-59.3396304350624,456.848605883137,456.006054655517,9.67531623235869,0.0116333692843265,7.14589263809992,-67.1251048650483,27.8178455765835,2.59240467384116,28.1389651298523,8,FALSE,2.18148576234221
311.241830513327,0.542481709430849,0.00959604599046672,0.167174723915792,7.18158425582079,1.84221982626083,1000,1.29967456058889,1.91095946915597,30.2963692258417,400,311.241830513327,52.5,100,0.201120309394808,22.9759299781182,-56.9592355449648,456.703611651333,457.861883006689,7.32584925944044,0.00958407559272221,7.14702836709866,-62.5255890845251,27.807285028278,2.426148319577,28.1063534418742,8,FALSE,2.19001578396751
309.745905428767,0.56453138518918,0.00982054881046721,0.174308051837956,7.21505598262246,1.84679546488201,1000,1.28220055113503,1.94731815362917,30.0888636289024,400,309.745905428767,52.5,100,0.200719557267297,22.9759299781182,-59.1135003107103,455.455662739629,456.624014609481,7.63992822466365,0.00980801990434712,7.1514725789849,-64.9310171547425,27.5957451215506,2.45554345338164,27.9061260223389,8,FALSE,2.18273760656355
279.391955534331,2.39962081252398,0.0312373129276317,0.600773797237657,6.92578034047995,3.74682275478084,1000,1.34676049490298,2.10657364923996,30.8419281120102,400,279.391955534331,121.4,100,0.202377696071856,53.129102844639,-33.3944991345787,459.996865146986,439.809134479756,26.3107936398898,0.0311105008887258,7.12872271236664,-58.05710642838,28.4544509969558,2.61753310430986,28.7328591346741,8,FALSE,2.10906897733609
400,-0.215196244957608,0.003,0.0473351589672682,7.5764735334783,0.985011593001469,3000,1.20019311866488,1.73649045442322,29.0756372848275,400,400,24.2,100,0.198701442601613,10.5908096280088,-68.718337753885,449.398762608666,457.984783443321,2.0767417361689,0.00299883370344786,7.17556630584908,-68.8874888107318,26.5655580994146,2.2191121781221,26.8937458992004,8,FALSE,2.18189138562713
400,-0.213729628453454,0.003,0.0420083427984424,7.70537760815113,0.985277247889423,3000,1.19899243101243,1.54326558235334,29.060293514378,400,400,24.2,100,0.198671925766278,10.5908096280088,-63.2478395580844,449.307506996911,457.904121341982,1.84306419074092,0.00299883375780812,7.17590089959964,-63.3373465592935,26.5771559064207,2.02540925126066,26.878888130188,8,FALSE,2.18140538418998
400,-0.489165027288297,0.003,0.0474936071989032,7.61768694330631,0.693679843020143,3000,1.18283792084127,1.74504239234539,28.8523451651162,400,400,16.9,100,0.19827223374499,7.39606126914661,-72.8209032337024,448.072124017697,456.804749513937,2.08413045850277,0.002998834494233,7.18043675625771,-72.8922712470377,26.3305202587267,2.22074174126303,26.6775517463684,8,FALSE,2.17479341874782
400,-0.710426971416534,0.003,0.0407415477190721,7.8129729879264,0.458622973603238,3000,1.1690470850481,1.50232906540991,28.6725635281513,400,400,11.1,100,0.19792719100491,4.85776805251641,-68.7613581048139,447.006129157761,455.844668386601,1.78813613605719,0.00299883513044231,7.18435997340736,-68.6579851582622,26.1768319975171,1.97250837557074,26.5035260518392,8,FALSE,2.16903747631213
400,-0.705109512202751,0.003,0.0443928775359864,7.7360901340098,0.459128925999287,3000,1.16423554143482,1.63463197704158,28.6093392988735,400,400,11.1,100,0.197805962251439,4.85776805251641,-72.8458458447841,446.631700702023,455.504830126383,1.94850770915253,0.00299883535407235,7.18574001750699,-72.7906050682808,26.096043422761,2.10288124267455,26.4423351287842,8,FALSE,2.16700417008929
389.405307674776,0.0221405222279256,0.00328430527395003,0.0486822903751168,7.56293776348351,1.25150631119295,1000,1.22934097367885,1.62982267294873,29.4434868863079,400,389.405307674776,31.4,100,0.199412631753757,13.7417943107221,-61.1880820944104,451.59067738259,459.628315010587,2.13510363502889,0.00328290591880999,7.1674643751278,-61.6091021217526,26.9574458003955,2.12374051373673,27.2512903213501,8,FALSE,2.19219656495783
332.829694286365,0.726770425476895,0.0169872003239669,0.0824405159383737,7.90810981231888,1.19250940524266,1000,0.465717804835607,0.551973859260299,14.5635826587677,400,332.829694286365,25.2,100,0.17519769123888,11.0284463894967,-76.4577482593624,369.103466562092,0,3.66019635856218,0.0169494480561159,7.09456641634819,-78.1871420889655,14.1868374473153,0.551973859260299,14.5635826587677,8,TRUE,0
335.021624665252,0.72468693903357,0.0175098890622753,0.0636095873376511,7.96997469830326,1.1930470810247,1000,0.46833913974802,0.420811968544362,14.6496257781982,400,335.021624665252,25.2,100,0.175354921193248,11.0284463894967,-71.383872353414,369.545198409511,0,2.82390726515876,0.0174697685856649,7.09244536207712,-72.417320492048,14.3005781322259,0.420811968544362,14.6496257781982,8,TRUE,0
331.636144895139,1.01931093124604,0.0234089348596075,0.101654561649508,7.96919171837181,1.48758264007082,1000,0.468237569325476,0.496854424030184,14.6463007926941,400,331.636144895139,31.7,100,0.175348843570666,13.8730853391685,-71.6907338020644,369.528121095653,0,4.51290414621559,0.0233372838225576,7.09252730294277,-74.3651063716902,14.2878690630879,0.496854424030184,14.6463007926941,8,TRUE,0
329.838818202457,1.27396630572361,0.0285077175666745,0.104563736574912,7.990311072928,1.74500763243047,1000,0.470992572346957,0.423752587141087,14.7362333933512,400,329.838818202457,37.5,100,0.175513277642079,16.4113785557987,-66.6392290618043,369.990228568812,0,4.64165521770296,0.0284014918158419,7.09031167276807,-69.559023139374,14.4008616959731,0.423752587141087,14.7362333933512,8,TRUE,0
329.83059422358,1.27538674349758,0.0285361579778509,0.105239552204599,7.98343268206324,1.74552735832653,1000,0.47009177357149,0.425883980382248,14.7068862915039,400,329.83059422358,37.5,100,0.175459607681009,16.4113785557987,-66.7882128378105,369.839384527567,0,4.67178660849293,0.0284297313768149,7.09103453231634,-69.7344983688694,14.3707028323117,0.425883980382248,14.7068862915039,8,TRUE,0
342.57376958778,0.409985565389122,0.0112088481943163,0.0397505537580383,7.95770096658475,0.876748345731006,1000,0.466751924917626,0.411986076922047,14.5975844860077,400,342.57376958778,18.3,100,0.175259812869734,8.00875273522976,-73.8016825319865,369.277979244112,0,1.76478867289363,0.01119239686155,7.09372808360575,-73.7445166506546,14.2422040980928,0.411986076922047,14.5975844860077,8,TRUE,0
321.563710878158,2.56852661071405,0.0514124775051405,0.264369174116675,8.02958119124617,3.05414692765374,1000,0.485432869640642,0.581758742821289,15.1991724967957,400,321.563710878158,69,100,0.176361348979629,30.1969365426696,-59.2951719113156,372.375845085842,0,11.7303170179869,0.0510674634081652,7.07892831244659,-69.2990036166475,14.8645171741382,0.581758742821289,15.1991724967957,8,TRUE,0
325.944727620359,2.54630341763847,0.0539828149491668,0.199341629179976,8.21321786403347,3.04872058289167,1000,0.502237219835305,0.424558290037789,15.7208685874939,400,325.944727620359,69,100,0.177320327877303,30.1969365426696,-52.3111484841766,375.078053300064,0,8.84055459363011,0.0536018854089565,7.06614388304049,-59.654706651198,15.432265815089,0.424558290037789,15.7208685874939,8,TRUE,0
326.378663957472,2.30213879868699,0.0490940811482742,0.209863286496686,8.23785110352926,2.80824908886192,1000,0.505965063390899,0.488636911476776,15.8342332839966,400,326.378663957472,63.1,100,0.177529172975543,27.6148796498906,-56.389116520482,375.667183615122,0,9.30616428977556,0.0487786977715224,7.06337192815685,-64.0845933132529,15.5240775473363,0.488636911476776,15.8342332839966,8,TRUE,0
326.102924512815,2.45185581663194,0.0520917580817276,0.195973459177343,8.27859528226193,2.96429029515909,1000,0.512269155619348,0.432529048035656,16.0240551630656,400,326.102924512815,67.1,100,0.177879237694699,29.3654266958424,-52.5106975457377,376.655197963587,0,8.68865106036414,0.0517365920116684,7.05873533470032,-59.695041119699,15.7349541470339,0.432529048035656,16.0240551630656,8,TRUE,0
326.130280430015,2.43619093065387,0.0517781112564956,0.211175697049131,8.33153267059752,2.95708741945747,1000,0.520733808957407,0.467231012744603,16.2752919197083,400,326.130280430015,67.1,100,0.178343269374514,29.3654266958424,-52.9905063765759,377.965869132641,0,9.36039673360724,0.0514268920356734,7.05260797188512,-60.8130883001933,15.9805203623124,0.467231012744603,16.2752919197083,8,TRUE,0
327.199729878404,1.94344488604457,0.0419122090881875,0.159012685254122,8.15719378926911,2.43752783750294,1000,0.493979083019752,0.436767214076301,15.4667103290558,400,327.199729878404,53.9,100,0.176852702473551,23.5886214442013,-59.0532549168126,373.759769482269,0,7.05373627303765,0.0416824248096004,7.07236638769428,-64.4942381610203,15.154968968633,0.436767214076301,15.4667103290558,8,TRUE,0
315.216439259417,2.67960532067188,0.049620466180306,0.316732620195995,8.57579573384933,3.29141594481351,1000,0.611605649292469,0.713723555239052,18.7410670649967,400,315.216439259417,78.5,100,0.18063992723841,34.3544857768052,-53.5091210837575,391.011815450683,264.380756079118,14.0225443193906,0.0493110304652413,7.35573399591901,-65.9129937118154,17.2060521461888,0.874945633575005,17.5123777389527,8,FALSE,1.22868932604399
325.90211818663,2.57292625668177,0.0545158650432614,0.203614998504097,9.0145730945295,3.25597228420932,1000,0.682861958194841,0.426433698719428,20.4304854654216,400,325.90211818663,78.5,100,0.183154757059483,34.3544857768052,-40.6304474592596,400.143163543053,338.420523258564,9.00290681991008,0.0541419573331518,7.34317663895399,-48.4255168260031,18.6295736760433,0.651075871858671,18.8550124168396,8,FALSE,1.57547304858198
325.808816104211,2.63310066072583,0.055720694163312,0.239083404042259,8.97145263520491,3.30023337027128,1000,0.666940689034815,0.487005470400859,20.0688313596944,400,325.808816104211,79.3,100,0.182555556197215,34.7045951859956,-42.9143536614856,398.175100382704,329.462878311368,10.5743990261275,0.0553304313077886,7.34877400131529,-52.1922128240186,18.2934386622468,0.701517901498153,18.5362277030945,8,FALSE,1.53260365659994
325.689031623751,2.7143662260624,0.0573478165441695,0.231268188087438,8.97797712262857,3.38381741600705,1000,0.669246540504153,0.458570856496357,20.1217404497135,400,325.689031623751,81.6,100,0.182654227804696,35.7111597374179,-41.0842764106919,398.462568754471,329.483198102581,10.2282232323806,0.0569344402452511,7.34747142353481,-50.0678398016572,18.3558224289123,0.67375267637853,18.5887705485026,8,FALSE,1.53296990121088
325.800665740764,2.61761962647535,0.0553870098405214,0.244613162318954,9.09724379974518,3.33758785544461,1000,0.719774852349724,0.500563374532487,21.237532794107,400,325.800665740764,81.6,100,0.184557438473888,35.7111597374179,-39.4853836593105,404.561284510666,351.335554828389,10.8079120387629,0.055000306538567,7.32802065884712,-49.0577675336798,19.369698256436,0.74430370822832,19.5985527038575,8,FALSE,1.63898009024951
325.957087591468,2.53867933181671,0.0538301633233177,0.181888854548306,8.91794968593238,3.18804385910501,1000,0.649187173966555,0.387851966916024,19.6552333294141,400,325.957087591468,75.9,100,0.181872806094912,33.2166301969365,-42.3178097333454,395.933275434835,319.093085696135,8.04756540317063,0.0534661574099927,7.35508620153125,-49.1500186383803,17.9437009615001,0.591065973407033,18.1721420288086,8,FALSE,1.48309130060547
308.133691720407,2.90707027169253,0.0496822597402269,0.393594007561362,8.78108812233614,3.69613834917376,1000,0.788799466536922,0.880087771139978,22.6413367696869,400,308.133691720407,95.3,100,0.18702328839717,41.7067833698031,-41.3568656918203,412.333351983756,372.643348230306,17.3686866026208,0.0493697549379795,7.30124888128467,-57.258852680141,20.628489714561,1.1591189330895,20.8965816497803,8,FALSE,1.74475511990664
325.30717685381,3.0083505080607,0.0632340538807173,0.261889794364144,9.17885488137655,3.77986437807909,1000,0.771249289545558,0.46852122144702,22.2964095244074,400,325.30717685381,95.3,100,0.186500182341814,41.7067833698031,-30.6065504683338,410.413398199061,357.734750327179,11.5598453789386,0.0627288960933211,7.30437654431479,-41.1165800778807,20.4297455214326,0.731864838052682,20.6221752166748,8,FALSE,1.67423430773258
322.125630954791,3.16425420671324,0.0637937943414534,0.314917592747305,9.13360331704832,3.96042426507753,1000,0.795866924830353,0.554360548183121,22.7780763162598,400,322.125630954791,101.6,100,0.187376046786092,44.4638949671772,-29.147403058432,413.09634099045,362.036038374081,13.8943428646568,0.0632789763128489,7.2941664130114,-41.9637607026376,20.8846703444651,0.828048896961338,21.0813398361206,8,FALSE,1.69673648013925
322.809023324759,3.52605748897925,0.0717173934624002,0.342179154505327,9.16010997941996,4.32441098478935,1000,0.797966877618867,0.534888910273992,22.8184717799732,400,322.809023324759,112.5,100,0.187508029465199,49.2341356673961,-24.3372259385496,413.321944935674,355.760883323618,15.0961323721822,0.0710671121361237,7.29093821233044,-38.4446407251568,20.9701501376923,0.804737350010959,21.150406519572,8,FALSE,1.66806526040122
320.652592620755,3.50003738933158,0.0692534904982674,0.356253818875048,9.11476488765541,4.30643249925893,1000,0.806009517758274,0.575492927206224,22.9722058598388,400,320.652592620755,112.5,100,0.187769848035302,49.2341356673961,-24.9878391034728,414.181376936184,359.225051716542,15.7149967662206,0.0686467283258027,7.28843943727027,-39.6805577319104,21.1012055699486,0.850185485454396,21.287320613861,8,FALSE,1.6848852459778
325.057011512022,3.2360368164121,0.0677928542360591,0.234899148056294,9.13489613184158,3.97663495306951,1000,0.740291633206971,0.393666426865871,21.6683876814179,400,325.057011512022,100.1,100,0.185407961171331,43.8074398249453,-28.4442161738399,406.934893787245,346.863574942213,10.3742210408913,0.0672134665233617,7.31581085833535,-37.8589601653317,19.8706620198015,0.640496427256073,20.0475687980652,8,FALSE,1.62081888335274
305.395045926017,7.06849794936478,0.117307712856018,0.957944419929012,8.75845184776398,8.02817665184207,1000,0.950975877943058,0.863885886114969,25.5076460015702,400,305.395045926017,317.4,100,0.192835064719618,138.90590809628,53.1591156185197,428.549719290702,337.096840922378,42.14964182319,0.115560954725006,7.21932263110296,10.7230507753435,23.9621884363174,1.16206606802966,23.9114122390747,8,FALSE,1.5962337624955
309.091700981521,7.17109127138471,0.123849164799489,0.90971282000664,8.88883432846106,8.08129422926036,1000,0.902210850800706,0.775285555817357,24.7006796837959,400,309.091700981521,317.4,100,0.191368804583138,138.90590809628,52.8529863465102,423.93673049004,326.788785319599,40.0566792616181,0.12190788517597,7.23482980760355,12.4665537187627,23.2154793412756,1.0521628585508,23.1565737724304,8,FALSE,1.54410591136548
308.484608150846,7.93018226632438,0.136058102479346,1.08570424631428,8.87294875719916,9.10655440471706,1000,0.913066059606827,0.784186564294505,24.8840235240939,400,308.484608150846,530.8,100,0.191802214051892,232.297592997812,133.687360620855,424.981522262996,317.945844629433,47.7956424596342,0.133716375895742,7.22710487336649,83.6711455731121,23.7758716314205,1.0567521241325,23.3800954818726,8,FALSE,1.50392804222125
308.70743626402,7.92131849480943,0.136240421826527,1.07296461952133,8.87553579479931,9.0508505145305,1000,0.917391360058103,0.779112069152764,24.956471007988,400,308.70743626402,508.1,100,0.191939477861609,222.363238512035,125.507604300916,425.39489882833,318.23935272807,47.2315793275011,0.133891950463775,7.22548019153935,76.250487787693,23.8115726606622,1.05301713820762,23.4508161544799,8,FALSE,1.50565485350806
303.910634778991,7.83265198637749,0.127988799532217,1.13989424319186,8.76621330711114,8.99088072249478,1000,0.903588836517481,0.894891615534054,24.7240756548664,400,303.910634778991,508.1,100,0.191443156103266,222.363238512035,121.62727485852,424.069945968089,323.540358131361,50.1902175227727,0.125916161648692,7.23305131028645,69.5950281200218,23.5238664713635,1.16952807981749,23.1949429512024,8,FALSE,1.52913270366402
315.692995897084,3.8535640072551,0.0717630716092279,0.432471258266482,9.01886753759721,4.72375141641127,1000,0.869668069899842,0.668741116990477,24.1375151343238,400,315.692995897084,128.8,100,0.189930424846324,56.3676148796499,-17.8156215656248,420.73955970309,366.522622474689,19.0563733061545,0.0711094656649904,7.26279819380066,-35.932323778241,22.2432029478507,0.967631984839312,22.41233253479,8,FALSE,1.72518259953383
294.891143503289,7.45794231077196,0.111401224783626,1.40226065310196,8.45155045643746,9.49838664806916,1000,0.986839541270603,1.15091747612413,26.075135308393,400,294.891143503289,946.4,100,0.19386226117205,414.17943107221,284.24399742927,431.816220932538,345.240756965593,61.6681658025051,0.10982247838004,7.20875668955766,216.746941299085,25.4657947038121,1.46559472755119,24.4379420280457,8,FALSE,1.63719328034734
296.558044188296,7.47539129065052,0.113461189456831,1.37865413536039,8.47957349151742,9.52475922002135,1000,0.997358357385821,1.10023209818345,26.2376721420228,400,296.558044188296,946.4,100,0.194186050050981,414.17943107221,286.268781420437,432.75522291432,344.398554965062,60.6202879234744,0.111823011493847,7.20458504817053,219.726187066553,25.6461111938282,1.4170117647993,24.6035270690918,8,FALSE,1.63414507293103
295.731272917975,7.40309861071182,0.111472853878874,1.39534049377171,8.42677045529947,9.5383554379348,1000,1.01732942839531,1.12587386862958,26.5416022166897,400,295.731272917975,977.7,100,0.194747956336608,427.877461706783,298.476231914599,434.515185122575,347.691816829481,61.3369545441347,0.109889882284798,7.19855359025857,230.892759580817,25.986935181281,1.45089368877835,24.8904485702515,8,FALSE,1.6511536464382
294.390187813226,7.27504660381217,0.108153502678199,1.413893988302,8.33183427297963,9.54286922893478,1000,1.05109006934807,1.16869531739809,27.0420704079255,400,294.390187813226,1009.3,100,0.195675794356726,441.706783369803,311.094386264218,437.424927743967,353.079080275934,62.1240930836088,0.106660739353044,7.18862382790818,242.372855050871,26.5156114189199,1.50762785141158,25.3630170822143,8,FALSE,1.67905332571118
293.388821756222,7.29371282102526,0.107412590686874,1.430909133622,8.33465887624584,9.52683274824777,1000,1.03515539581831,1.20007610328819,26.8078891908131,400,293.388821756222,1009.3,100,0.195223383087325,441.706783369803,309.343018801008,436.061575312336,352.511252772518,62.8857341346674,0.105941149135809,7.19396616624648,239.945850011993,26.2729864793469,1.53418127586352,25.1327810287476,8,FALSE,1.67510816206547
303.375479389371,7.66353216501621,0.124523749781228,1.2861550765953,8.66336603807829,9.59229944907713,1000,0.991838025726512,0.909953480166697,26.1525868539417,400,303.375479389371,914.9,100,0.19410894272866,400.393873085339,279.17027161821,432.263480434591,334.70336647419,56.5552043147492,0.122552917830986,7.20307252138961,216.773440251407,25.5929007809085,1.21688195901091,24.5641112327576,8,FALSE,1.58847562118411
287.300372235652,6.75991641627254,0.0941730579047843,1.50326181697291,7.9162375610043,9.47846508918355,1000,1.15232404571791,1.41693552262357,28.4516898344962,400,287.300372235652,1136,100,0.198270411794131,497.155361050328,357.700752743153,445.699088775191,371.885482446886,65.9666998548534,0.0930350908620521,7.1620163832577,283.87536036569,28.0316063825437,1.80118883043106,26.6766333580017,8,FALSE,1.77505647649453
286.364727850697,6.72068228454223,0.092855585136071,1.51283091333166,7.88084196005097,9.46152559505207,1000,1.15624411316472,1.45234746658764,28.5037513857342,400,286.364727850697,1136,100,0.198360210546096,497.155361050328,356.956614352468,446.006909261208,373.272174154946,66.3836998635865,0.0917489351152989,7.16127419612786,282.741261269159,28.0715910962113,1.83903327619851,26.7218914031982,8,FALSE,1.78185998253604
285.509781935375,6.60636820274993,0.0905945345303545,1.51954623252636,7.79143170249129,9.44700945320731,1000,1.18140822884461,1.48706477212751,28.8338049103587,400,285.509781935375,1166.1,100,0.198979567570723,510.328227571116,368.746289134004,447.962103595732,376.755937797174,66.6582028866798,0.0895398657325974,7.15474030547257,293.914079376311,28.4379881144674,1.88415801935472,27.0336723327637,8,FALSE,1.80013257759499
281.138730383952,6.43234998714905,0.0849643794492544,1.57471702781115,7.6317831732662,9.37574061315486,1000,1.19610269380201,1.66641027581467,29.0233020398562,400,281.138730383952,1196.3,100,0.19930020561321,523.544857768052,375.947479710148,449.087560870739,382.557020290748,69.0675868788755,0.0840357394804318,7.15228941570762,298.560436918982,28.6218304645361,2.0733715294974,27.1948256492615,8,FALSE,1.82847639059467
284.241319333819,6.48879160089111,0.0880070986925257,1.53170092073809,7.6957985690923,9.42370719427577,1000,1.20358920003146,1.53888389777892,29.1189533589705,400,284.241319333819,1196.3,100,0.199510559477028,523.544857768052,379.939813318041,449.656455842677,380.309528251252,67.1739992397174,0.0870107318702057,7.1492881849684,304.274619160349,28.7553829839944,1.94569697282543,27.3004560470581,8,FALSE,1.81849731191242
293.373758432796,7.012098301256,0.103250431913629,1.4324679058949,8.14330971963877,9.56869793135169,1000,1.12657945049225,1.20439422355636,28.1053164939654,400,293.373758432796,1104.1,100,0.197675711824253,483.194748358862,349.892906469279,443.655167295263,362.429599564525,62.8783932131278,0.101885015928004,7.16685713763046,279.310589684679,27.708846910493,1.5724885694141,26.3765625953674,8,FALSE,1.72875389859795
279.421209078766,5.91721156763688,0.0770465364491069,1.54798969214908,7.23209450791134,9.27621862644953,1000,1.31232922813988,1.7563654234294,30.4449101715716,400,279.421209078766,1310.1,100,0.202000988173101,573.347921225383,422.883845297793,457.598517925157,395.821205068254,67.8063152325117,0.0762790922390994,7.1236628701287,345.286470396339,30.2024028290913,2.20981302574674,28.5454335212708,8,FALSE,1.89947665030077
279.197913608013,5.9632955362221,0.0775030687830326,1.56001422301395,7.26594673391369,9.28628853682995,1000,1.30004331812987,1.76463506373115,30.3007181370537,400,279.197913608013,1310.1,100,0.201722954573854,573.347921225383,421.985070349996,456.729793624253,394.797441035566,68.3422201099102,0.0767268724265687,7.1266647710225,343.908392500468,30.0566133697728,2.21351705269614,28.4069523811341,8,FALSE,1.89376575591962
278.583823403667,5.80005924728036,0.0750002583327579,1.54773245076076,7.1366881892292,9.24196473922926,1000,1.33421407914744,1.79800890477478,30.6984465820623,400,278.583823403667,1337,100,0.202479891119974,585.120350109409,433.081167872112,459.129021830041,398.735976089697,67.7793510032019,0.0742723493434833,7.11876036615484,355.198846674475,30.4893756392492,2.2607902715084,28.7836647033691,8,FALSE,1.91478187869321
276.305279607043,5.60017953913691,0.0710816764379897,1.55430393648692,6.96794129238853,9.16379263008716,1000,1.36555428511739,1.91187308493012,31.0543733905598,400,276.305279607043,1364,100,0.203144369036748,596.936542669584,441.879776292137,461.28409211434,403.77824116427,68.0453039542007,0.070426913718362,7.11219918000253,363.453228108162,30.8605488038092,2.38906955854329,29.1135891278585,8,FALSE,1.94078426270127
278.648098127523,5.86376194120502,0.0758641650762972,1.55472119084971,7.18613712915886,9.25692817756757,1000,1.3198861465502,1.79273802219634,30.532931993552,400,278.648098127523,1323.6,100,0.202163146373897,579.25601750547,427.397543637872,458.129438232639,397.258201265492,68.0958322455705,0.07511981953927,7.12210161161993,349.384324886944,30.3031432824018,2.2498660297731,28.6261415481567,8,FALSE,1.90679044539531
284.879317166241,6.25265510649306,0.0852742808816663,1.51096837623791,7.52335832536561,9.41355108964747,1000,1.26771586552827,1.51971408445415,29.9147015306421,400,284.879317166241,1282.3,100,0.201034907320507,561.181619256017,416.245439629985,454.410218874174,386.210237899098,66.2156627776607,0.0843363568324805,7.1327461191899,340.434698475351,29.695312471647,1.95046522325548,28.0637063980103,8,FALSE,1.85099513263178
273.007768435071,5.17930636321842,0.0640326227134536,1.54859214910484,6.61954219424823,9.00908067996371,1000,1.43840449166526,2.09772059965117,31.8511246524802,400,273.007768435071,1464.6,100,0.204651429987231,640.962800875273,478.674950175571,466.135766140711,413.531650338131,67.7460955243344,0.0634996715810117,7.09703449300019,399.411353266709,31.7831095779148,2.60669887947547,29.8592128753662,8,FALSE,1.99191177711402
274.803045917532,5.44220904894476,0.0682477429193106,1.56527668208804,6.8359319065057,9.11358571637046,1000,1.39167425854738,1.99228991230001,31.3448283564713,400,274.803045917532,1430.2,100,0.203690693305423,625.908096280088,466.03827967105,463.048356917388,407.571068973474,68.5076366207394,0.0676434673380472,7.10674356581649,386.454243287598,31.2432511533184,2.48114747756023,29.3843097686768,8,FALSE,1.96051858779449
273.800049048796,5.17423426156975,0.0643715114541227,1.53166086963712,6.62011166722823,9.01282985057738,1000,1.44404818054776,2.0571867366927,31.9111545059357,400,273.800049048796,1453.4,100,0.204772943199778,636.061269146608,475.875027432637,466.502851002151,413.464643894335,67.0014951261767,0.0638328224525862,7.09563359820315,397.404823525375,31.8337818040931,2.56770308135002,29.9191722869873,8,FALSE,1.99198221894839
270.255985073116,4.9398127859219,0.0597764465534373,1.55998399153634,6.41526728146147,8.90408634628066,1000,1.47380282123919,2.26172205020816,32.2238146347029,400,270.255985073116,1540.2,100,0.205350059643383,674.048140043764,504.522343887047,468.41828635263,419.00212783313,68.2215816123765,0.0593112917166937,7.09024874411405,424.020154477348,32.2480087503419,2.787202866125,30.2036209106445,8,FALSE,2.02019372405838
271.35424783831,4.9781743858858,0.0607549333721583,1.54274701523859,6.45173330223302,8.92422871261239,1000,1.47187742105007,2.19853907836744,32.2037744684985,400,271.35424783831,1508.9,100,0.205319156941662,660.35010940919,494.416514473557,468.295338596782,418.010173044908,67.4687695922167,0.0602744961585975,7.09038853311502,414.932385335528,32.1889353915172,2.7223066705429,30.1884031295777,8,FALSE,2.01537133892081
279.766137860869,5.65888800903504,0.0738943032188539,1.52168273274745,7.0345155987942,9.23120685916765,1000,1.37337865299998,1.75057151283687,31.1419594309638,400,279.766137860869,1404.4,100,0.203340759052852,614.617067833698,461.752716490315,461.815570327734,401.587044915101,66.6108845560275,0.0731866862282917,7.10945525730208,384.154455852779,31.0581363097532,2.22756051654072,29.2109622955322,8,FALSE,1.93099713543156
264.408815377411,3.71097430645825,0.0429699137488907,1.36798529064201,5.40669940872012,8.26867427432818,1000,1.69470444531228,2.76461967004059,34.3648072938733,400,264.408815377411,1619.8,100,0.20945887175302,708.884026258206,532.647439501737,481.693509289067,443.612187609257,59.7080029409598,0.0427276319754458,7.0492692351984,459.292230145281,34.4408471697332,3.38434916946624,32.2135238647461,8,FALSE,2.15128342912722
265.722249049898,3.92489019027897,0.0458913808266483,1.39731433445705,5.58421890548104,8.39345545434137,1000,1.65821955932764,2.64180860798111,34.0311717789697,400,265.722249049898,1590,100,0.208818408408668,695.842450765864,522.89419830585,479.606472101441,439.448822438591,61.0066504760076,0.0456153837630142,7.05552820780564,448.61028730013,34.0755606039016,3.24558567422271,31.9019689559937,8,FALSE,2.12920282297597
263.587840342168,3.67051851527606,0.0422456928731622,1.36796410423221,5.37030568574717,8.23501662223257,1000,1.69878116117009,2.8292098985011,34.401639733786,400,263.587840342168,1608.6,100,0.209525816760146,703.98249452954,526.774054462395,481.924329199144,444.463765225994,59.7051839305345,0.0420114681339076,7.04870066079694,453.585826583862,34.4458804533669,3.45123116143412,32.2460527420044,8,FALSE,2.15558699178159
266.984704039247,4.8040436688205,0.0567038372185601,1.60477170863614,6.28968088111291,8.83080561483798,1000,1.4840821393306,2.46226247670044,32.3303639402423,400,266.984704039247,1628.2,100,0.205533356335876,712.560175054705,532.302439451028,469.072380031685,422.304275453756,70.1740842588695,0.0562850244042615,7.08886788360388,449.107027083615,32.4596169784263,2.99457990057938,30.2938524881998,8,FALSE,2.03651145204254
264.723135127497,3.56101983242005,0.0413293945866195,1.32492537134763,5.28832539119624,8.18850197384272,1000,1.72634193094752,2.77038967474332,34.6483517951533,400,264.723135127497,1628.2,100,0.210012032607808,712.560175054705,537.42011567197,483.472552920132,446.346412925622,57.8134326163767,0.0411050351592407,7.04370697207047,465.7209543286,34.7423822229229,3.40288423146055,32.482099533081,8,FALSE,2.1662522620723
270.753294862474,4.42250042675938,0.0537224019948289,1.4385106827717,6.00735241429387,8.69037418735862,1000,1.58350820112244,2.276420949142,33.3244428799391,400,270.753294862474,1570.5,100,0.207480293835677,687.308533916849,521.50295500079,475.207975795671,429.135500323087,62.8452677505153,0.0533452422736541,7.06833857096003,445.578412808586,33.403967144637,2.84565576063018,31.2489781379699,8,FALSE,2.07546474196923
267.48665345684,1.64119469716708,0.019445512771975,0.791358961507093,3.77289469842068,6.78749365824817,1000,2.13122799999096,3.48709259096244,37.8782387424094,400,267.48665345684,1716.8,100,0.216338775725671,751.334792122538,572.436833242175,504.087523578157,481.468573868043,34.428764133599,0.01939526444666,6.98208367027662,521.838969854597,38.0758975728048,4.28736904578323,35.5209045410156,8,FALSE,2.35733420139378
264.892750656835,1.85449942030024,0.0215508454665983,0.872945885894214,3.92997398019875,6.95904829569402,1000,2.07496489619812,3.50696758469311,37.4681042889281,400,264.892750656835,1695,100,0.215522910723769,741.794310722101,560.714016496589,501.43393700575,477.595555423647,37.9927123114409,0.0214892147502043,6.99003223424863,507.086364932214,37.6123310252801,4.28497893587623,35.1323919296265,8,FALSE,2.33571235930162
268.023111918933,1.52964612082399,0.0181975962352732,0.758164348491629,3.68766555662744,6.67585486109368,1000,2.15756452978506,3.58652014348765,38.0665146805069,400,268.023111918933,1709.4,100,0.216710813001873,748.096280087527,568.285488109522,505.309197374583,483.558453199741,32.9788959613214,0.0181535607012112,6.97853264462638,519.18389560946,38.2410303439455,4.39767998303006,35.6977434158325,8,FALSE,2.36877126467445
267.787275908197,1.57326084253958,0.0186830411911495,0.772535153717258,3.72085937106757,6.72137059548881,1000,2.14713729929155,3.54730992936486,37.9922482420713,400,267.787275908197,1724.6,100,0.216564000233682,754.748358862144,574.546169966544,504.827036797278,482.735323843622,33.6062964089644,0.0186366371950623,6.97993336058765,524.661384588584,38.1975870534122,4.35416413370801,35.6279837290446,8,FALSE,2.36426451302671
262.245381040924,1.43688854118303,0.0163772614658186,0.811468320666907,3.59205843249433,6.48011246090582,1000,2.15472330405503,4.46810203202362,38.0463140972318,400,262.245381040924,1724.6,100,0.216650147728052,754.748358862144,544.007059869666,505.178014789479,485.387051400848,35.2985262740507,0.0163415915869222,6.97951967519043,493.393194788156,38.0855276407358,5.28127089618923,35.6689214706421,8,FALSE,2.3773926265897
264.701596803777,2.37835483952926,0.0275991599631812,1.01297692537745,4.34372693269915,7.40307205321828,1000,1.96475566030024,3.14546772058591,36.6314610697759,400,264.701596803777,1680.5,100,0.213881763419186,735.448577680525,559.475767421716,496.05331840689,467.983621038236,44.1210302926937,0.0274983884173236,7.00578363780311,500.087411866978,36.7881137598689,3.87719231772433,34.3479022979736,8,FALSE,2.28355877180231
288.342166183216,0.682132129663314,0.00959294188433182,0.444052255906166,3.10671215957861,5.74231277152147,1000,2.42421396360153,3.93207342267178,39.852851963993,400,288.342166183216,1772.8,100,0.220293165517343,775.842450765864,596.208885251334,517.011071006644,500.22915468137,19.2835449718367,0.00958063005761338,6.944083358701,559.185805087884,40.1430912095432,4.84739975274329,37.3902606964111,8,FALSE,2.46259126758187
285.125647761524,0.749959122459849,0.0102512474265099,0.472869906363575,3.14742814612401,5.82940010291822,1000,2.39709979472785,3.92706506408821,39.6804265295449,400,285.125647761524,1772.8,100,0.219944093198343,775.842450765864,595.025119139862,515.872778205918,498.781539061574,20.5382923961724,0.0102371958719574,6.94744137468596,556.857666887741,39.9661928366036,4.83213975019372,37.2261486053467,8,FALSE,2.45427792419819
292.13722951906,0.612731979030249,0.00892042066682542,0.414912506836594,3.06665972243472,5.64980835163386,1000,2.45356381368964,3.9360004765313,40.0373343753865,400,292.13722951906,1783.1,100,0.220667346100681,780.35010940919,601.381129543366,518.231044638642,501.748149925331,18.0150098029739,0.00890976812063098,6.9404854213398,565.389984105714,40.350800851774,4.86235358258568,37.5659847259521,8,FALSE,2.4713496494344
262.141233777519,3.84405459896557,0.0437787186224047,1.47389521976962,5.50153570873034,8.34467227782722,1000,1.65641735938272,2.90067458976016,34.0145018825813,400,262.141233777519,1790.9,100,0.208765189627234,783.763676148796,590.614960453198,479.502372760007,441.419553322098,64.3517929440555,0.0435275139497302,7.05652251423195,511.141202015537,34.3522672967292,3.50644479942827,31.876051902771,8,FALSE,2.13844997981032
297.926142256848,0.515932096631492,0.00793768558975338,0.380177386871125,3.01219329409219,5.49347860702352,1000,2.49589567035465,4.06521182934361,40.2995665535409,400,297.926142256848,1790.9,100,0.221199531896836,783.763676148796,602.996932881796,519.968887979198,503.945461668337,16.5028126955341,0.00792924356933748,6.9353884185206,568.366455753957,40.6171039605416,5.00749929070074,37.8155698776245,8,FALSE,2.48399667591644
289.186725572267,0.646911235733344,0.00916712674064107,0.439490797736342,3.08273730529537,5.66843719481866,1000,2.43545867756297,4.11936349345821,39.9237947143169,400,289.186725572267,1761.6,100,0.22043514020937,770.940919037199,587.534639789144,517.479956945041,500.995305997145,19.0842098739215,0.0091558808655668,6.94275196099558,550.957315684078,40.1698011735254,5.03922554186493,37.456958770752,8,FALSE,2.46683594356487
356.283216348853,0.112424653974748,0.00404969662268915,0.211986969678985,2.87572163615101,4.67729961650911,1000,2.76283821591712,4.42361582805668,41.8572381217726,400,356.283216348853,1817.6,100,0.224398362231844,795.448577680525,616.33032468905,530.382023686607,515.016377856017,9.18850830596422,0.00404748833948025,6.90470076068403,588.031178855142,42.2187347950308,5.46176041039336,39.3073892593384,8,FALSE,2.54984886243417
349.920800208335,0.135670607549161,0.0042631587358603,0.224442015879431,2.87665929081389,4.72933626028595,1000,2.74054226935686,4.46710516545921,41.733025822733,400,349.920800208335,1817.6,100,0.224141161738906,795.448577680525,614.218652747135,529.545966522887,514.232551292103,9.72950937901288,0.00426071246030017,6.90716593057279,585.489695286695,42.0856944142096,5.49749358859615,39.1879663467407,8,FALSE,2.5450594759923
374.262936825041,0.0574448303158861,0.00353048270318823,0.19110425573031,2.87924539599556,4.51235529873826,1000,2.82129327834525,4.59561984606067,42.1781961218657,400,374.262936825041,1821.3,100,0.225064157543725,797.067833698031,616.063561187036,532.546935205754,517.011230214224,8.28084214577324,0.00352880270428285,6.89833058018871,588.579781303434,42.5328596116081,5.65398181826346,39.6161069869995,8,FALSE,2.56208913486625
416.969481981592,-0.0301529311490958,0.003,0.168790937015763,2.91026556304297,4.23367798774427,3000,2.93977909894267,4.78365447518449,42.8088486527027,400,416.969481981592,1825,100,0.226381781634237,798.687089715536,618.107384103723,536.820082621454,520.39158554729,7.30959448781758,0.00299878462537097,6.88569687093247,591.35572512445,43.1611621668702,5.88168367323404,40.2252763112386,8,FALSE,2.58357234146415
403.632376823288,-0.00738755053953399,0.003,0.164656559506871,2.89844141342462,4.31758942546158,3000,2.90523747980561,4.64218662888566,42.6276613129871,400,403.632376823288,1825,100,0.226000893697346,798.687089715536,620.067161739268,535.589778487775,519.593633172848,7.13178535772544,0.00299878527318816,6.8893705205263,593.467110457428,42.9942231602604,5.72902384414442,40.0494260787964,8,FALSE,2.57823523419066
338.432820424848,0.184654505714061,0.00471568374984104,0.248616439405344,2.88266333014757,4.83855161069449,1000,2.69758418378562,4.49906733932076,41.4908278524297,400,338.432820424848,1811.5,100,0.223640587605106,792.778993435449,609.062372597731,527.918605894295,512.667163935922,10.7799277135992,0.0047126928376334,6.91196733198822,579.531381339803,41.8215249244849,5.51440818735005,38.9552783966065,8,FALSE,2.53554945582318
668.655207671742,-0.207057541792004,0.003,0.191913700691475,3.18387133830256,3.6770980762855,3000,3.38888474126041,5.47570880323307,44.9882285588425,400,668.655207671742,1831.4,100,0.23099527582251,801.487964989059,623.089801249056,551.785264356895,530.06539780504,8.29366501397961,0.0029987768390608,6.84184663086253,594.717219593378,45.3112606681327,6.71656402179677,42.3397626876831,8,FALSE,2.64846587115942
827.885889852907,-0.245921107737713,0.003,0.199005335004449,3.33344591791659,3.65049857077995,3000,3.57590731261224,5.67308393149333,45.8117143976091,400,827.885889852907,1831.4,100,0.232753868585731,801.487964989059,626.097315604689,557.520565519979,533.763764692113,8.59336878485354,0.00299877390011722,6.8254401347641,597.140886181227,46.1291386526826,6.9720478288171,43.1383590698242,8,FALSE,2.67335532778495
899.673965246264,-0.257146182008867,0.003,0.198654210932163,3.39416692374555,3.66098307846214,3000,3.64707353203112,5.63496623130727,46.1138050832866,400,899.673965246264,1829.8,100,0.233401106050215,800.787746170678,629.159826256566,559.635693241255,535.127280423453,8.57572967425872,0.00299877282245851,6.81944385290727,600.046991997934,46.4392413014379,6.95584554339558,43.431263923645,8,FALSE,2.68254115964159
841.017815635035,-0.247692572369183,0.003,0.197404464169761,3.34522142367105,3.65175115858423,3000,3.58931343519736,5.6104549974608,45.8690784689308,400,841.017815635035,1828.4,100,0.232876685650823,800.175054704595,626.94850682061,557.921745683545,534.022393730455,8.52377319995979,0.00299877369546032,6.82430057728134,598.01760809094,46.189651963691,6.91355537349672,43.1939811706543,8,FALSE,2.67509729827652
873.181653369078,-0.253014488047457,0.003,0.197946044937901,3.37243953858294,3.65613789283549,3000,3.62150929175873,5.61897916661476,46.0059723069878,400,873.181653369078,1828.4,100,0.233169941591608,800.175054704595,628.008681385738,558.879998386999,534.640133034917,8.54603976383846,0.00299877320710417,6.8215828797614,598.988491552747,46.3284432395477,6.93199821495697,43.3267135620117,8,FALSE,2.67925874497608
634.608946690658,-0.194731276292112,0.003,0.187468905809102,3.14905411289246,3.70022151606976,3000,3.34199406866466,5.32657701555491,44.7746352882048,400,634.608946690658,1830.7,100,0.230540512169359,801.181619256017,624.442574624997,550.304914369699,529.110333976867,8.10323390261693,0.00299877760165353,6.8461166551861,596.260483725361,45.1099409997327,6.55274230961283,42.1325902938843,8,FALSE,2.64204499432049
909.924646369133,-0.259696143599796,0.003,0.201587738516104,3.40164608283748,3.66308546066546,3000,3.65699969187747,5.75558247409557,46.1554711267392,400,909.924646369133,1815.1,100,0.233490465432397,794.354485776805,621.27280035326,559.927895111061,535.315642164085,8.70202084326475,0.00299877267384234,6.81861775274548,592.28898121748,46.4411075517808,7.07951014603551,43.4716606140136,8,FALSE,2.68381051272564
942.741853670203,-0.265699100407217,0.003,0.20170248812609,3.42771122571387,3.60734577986894,3000,3.68711438083182,5.74888709003859,46.2811919600255,400,942.741853670203,1815.1,100,0.233760223899343,794.354485776805,622.600361290367,560.810262546193,535.884439169418,8.7059277054417,0.00299877222544664,6.8161265053066,593.538915013134,46.5703489176851,7.08205068860496,43.593547821045,8,FALSE,2.68764413898048
775.685553660831,-0.234076516838483,0.003,0.191968384938336,3.28804429109408,3.64956669143222,3000,3.51915996583873,5.44830405112281,45.5664897310646,400,775.685553660831,1809.9,100,0.232229300109025,792.078774617068,620.926241554539,555.808006275329,532.659656368844,8.29144526464338,0.00299877477510585,6.83031648392079,592.490254319414,45.8659372897243,6.72971627332396,42.9005689620971,8,FALSE,2.66592076896751
808.927877775117,-0.240092419302155,0.003,0.19049957398733,3.31854063568205,3.64935217559811,3000,3.55534336673468,5.38631863788165,45.7233030924798,400,808.927877775117,1802.7,100,0.232564658973008,788.927789934354,620.980418647673,556.902677813956,533.365419558066,8.22677163663546,0.00299877421555905,6.82719730314504,592.568144480462,46.0197435693507,6.67893012158035,43.0526304244995,8,FALSE,2.67067266798033
707.472842718068,-0.216866210972739,0.003,0.186499760825492,3.22393001951292,3.66209092924459,3000,3.43844023933088,5.27870337592788,45.2107719725479,400,707.472842718068,1802.7,100,0.231469697956473,788.927789934354,618.888681121317,553.330820000659,531.062281187628,8.05798476937862,0.00299877604464194,6.83740405953479,590.829094733676,45.5095902221185,6.53502997509644,42.5556011199952,8,FALSE,2.65517085255273
901.920287332192,-0.259550067170062,0.003,0.204673293391406,3.39440830347881,3.66148050791261,3000,3.64972213435113,5.87200593657293,46.1249339371165,400,901.920287332192,1818.2,100,0.233424971521701,795.711159737418,619.418078718827,559.713728137589,535.177584038568,8.83547422248884,0.00299877278276316,6.81922318213881,590.373851137186,46.40163642493,7.19369884308117,43.4420537948609,8,FALSE,2.6828801422556
856.300794054549,-0.248775275380947,0.003,0.191249280447658,3.35941038399329,3.65311400353898,3000,3.60440056748068,5.44118368014746,45.9333798078401,400,856.300794054549,1754,100,0.233014403969864,767.614879649891,603.292844005535,558.371699502501,534.312460041369,8.25748949233143,0.00299877346606456,6.82302372243196,575.385261077045,46.1391657487507,6.74893469443572,43.2563285827637,8,FALSE,2.67705122507638
958.873200980824,-0.267175201253019,0.003,0.192823043972653,3.44226625397679,3.57054022286751,3000,3.70082852360953,5.46642452529726,46.3381049606888,400,958.873200980824,1754,100,0.233882406181896,767.614879649891,606.272684117479,561.210047247703,536.142151057591,8.32221825058145,0.00299877202247601,6.81499941632455,578.110426374675,46.5486250570085,6.8037879869776,43.6487236022949,8,FALSE,2.68938135839388
874.192284512189,-0.253440339744511,0.003,0.196654499462566,3.37308406897598,3.65576359330926,3000,3.62256438406031,5.64893845542861,46.0104378414726,400,874.192284512189,1742.4,100,0.233179511635722,762.53829321663,595.003379151667,558.911277767632,534.660296998397,8.4902428733229,0.00299877319117469,6.82149426878872,567.127002923062,46.1731413692263,6.9622821827045,43.3310432434082,8,FALSE,2.67939459806437
803.665389614498,-0.239941333767597,0.003,0.191372893902108,3.31321137512523,3.64852813854699,3000,3.54991660097673,5.48616225286749,45.6998863199749,400,803.665389614498,1730.8,100,0.232514560820534,757.46170678337,591.497445304793,556.739109064176,533.259966100441,8.26467116047841,0.00299877429911121,6.82766288186322,564.025025693625,45.8539229298572,6.77709585749357,43.0299237569173,8,FALSE,2.6699625630576
400,-0.327533067138082,0.003,0.204097425366288,3.48233517109062,3.44359532648499,3000,3.75116235729185,5.8954924305506,46.5451954472301,400,400,1730.8,100,0.234327331908578,757.46170678337,590.013963515957,562.666556078831,537.081070312719,8.80707484140385,0.00299877128400318,6.81090184393225,561.875699282301,46.6696444019283,7.24823759023128,43.8494834899902,8,FALSE,2.6957119572399
713.699390537399,-0.221267757979257,0.003,0.196928824816454,3.2279722535176,3.65815756652144,3000,3.44683489968925,5.67656487520173,45.2481527125091,400,713.699390537399,1793.8,100,0.231549447212359,785.032822757111,606.474428644072,553.590745978282,531.229911906666,8.50828324573764,0.00299877591121601,6.83665847690601,578.377201226753,45.4839023881422,6.93550693882774,42.591854095459,8,FALSE,2.65629861705007
772.814081037803,-0.233999588678916,0.003,0.190946582933305,3.28500847280235,3.64858456053079,3000,3.5160690340311,5.51389563961874,45.5530194374552,400,772.814081037803,1695.4,100,0.23220050695209,741.969365426696,576.21419803006,555.714049136014,532.599076913545,8.24741805530646,0.00299877482317421,6.83058457277159,549.293951514958,45.6365727262589,6.79434987699436,42.8875064849854,8,FALSE,2.66551295246984
892.723498715439,-0.257124883535418,0.003,0.198281151458872,3.38773977923302,3.65882868973814,3000,3.64070528492048,5.74728147317267,46.0870139747843,400,892.723498715439,1695.4,100,0.233343659668535,741.969365426696,575.770028120878,559.447868963012,535.006203042862,8.55984427339248,0.00299877291802079,6.81997515263254,548.445272800304,46.1543774798858,7.06620400115283,43.405288696289,8,FALSE,2.68172527849532
808.625762563034,-0.240677884448747,0.003,0.18951545008609,3.31779274760378,3.64826839806571,3000,3.55517914011747,5.46175474515682,45.7225949708166,400,808.625762563034,1678.5,100,0.232563143908461,734.573304157549,572.563239390466,556.89773097729,533.362230328425,8.18427754003027,0.00299877421808564,6.82721138115846,545.787185971802,45.7848092048034,6.75431546149518,43.0519437789917,8,FALSE,2.67065119182489
812.417073177756,-0.242197268080012,0.003,0.191905165819848,3.32054586672752,3.64826250233249,3000,3.55941908401013,5.56027120509662,45.7408665308953,400,812.417073177756,1667.5,100,0.232602238887854,729.759299781182,566.363597831304,557.025384029019,533.444528031554,8.28733333986966,0.00299877415289288,6.82684814931282,539.688177395045,45.7721313934245,6.85414243150034,43.0696611404419,8,FALSE,2.67120539045339
786.806281476511,-0.236742905013028,0.003,0.189971074004849,3.29793129551283,3.6478569416864,3000,3.53159883382836,5.49691846083503,45.6205790234792,400,786.806281476511,1667.5,100,0.232344940258425,729.759299781182,566.715645513678,556.185406462078,532.902982717,8.2047537885825,0.00299877458209484,6.8292402266076,540.134397396254,45.6567774036963,6.7821838393301,42.9530200958252,8,FALSE,2.66755892765401
856.623900281457,-0.253039828640035,0.003,0.203444021178073,3.35648512158316,3.65288828815644,3000,3.60577984598076,5.93904751977047,45.939244857436,400,856.623900281457,1712.5,100,0.233026968075032,749.45295404814,576.168525105714,558.412754201201,534.338926016222,8.78396741697136,0.00299877344514152,6.82290728506102,548.646301567374,46.0109299363977,7.24722346135111,43.2620153427124,8,FALSE,2.67722951472356
791.463466313451,-0.238368339034973,0.003,0.190581118600302,3.30163608737775,3.64699588446754,3000,3.53688225793679,5.58368243738344,45.6434958935619,400,791.463466313451,1594.9,100,0.232393946302326,697.986870897155,537.605046367308,556.34536354848,533.006111816937,8.23092101135213,0.00299877450032125,6.82878434751748,511.951630562206,45.5380961853856,6.8705834465464,42.9752426147461,8,FALSE,2.66825327881579
818.287391340179,-0.244725778130696,0.003,0.194925074303824,3.32464130248004,3.64784242523035,3000,3.56598939905449,5.73803149699531,45.769137610912,400,818.287391340179,1594.9,100,0.23266273762719,697.986870897155,535.145920390316,557.222941314418,533.571891587208,8.41751917681562,0.00299877405202377,6.826286217159,509.367449519802,45.6479247104978,7.03393276693941,43.097074508667,8,FALSE,2.67206310224498
799.131925550102,-0.241053426958202,0.003,0.193875496475468,3.30765783078006,3.6466204052043,3000,3.54551985876356,5.7331114693572,45.6808878865074,400,799.131925550102,1564.1,100,0.232473920317463,684.507658643326,522.824944802897,556.606429379292,533.174426094815,8.37290114173021,0.00299877436689966,6.82804066688961,497.513238149464,45.5023468844184,7.02268520425138,43.0115013122558,8,FALSE,2.66938657425159
380.348155732313,0.041829663163218,0.00337983612195535,0.185503602553808,2.88210715941535,4.4274646112406,1000,2.8397403673984,4.87445675163115,42.2781039445316,400,380.348155732313,1559,100,0.225271779075084,682.275711159737,510.864967497909,533.222179564649,517.621474567677,8.03739795178893,0.00337829596223394,6.89634709603645,486.922076266282,42.1259269464726,5.93916057112385,39.7122529347738,8,FALSE,2.56585100975781
835.324058321008,-0.247617746227063,0.003,0.193656039141406,3.33963399303944,3.64899967971346,3000,3.58369513348857,5.71704248688192,45.8450641847544,400,835.324058321008,1559,100,0.232825265857569,682.275711159737,522.856380160423,557.753773552605,533.914107670425,8.36211104455743,0.00299877378113457,6.82477757688575,497.521471459468,45.662774004303,7.01840978855194,43.170696258545,8,FALSE,2.67436792620942
818.542702469736,-0.245216649873383,0.003,0.196921645188487,3.3245279147465,3.64802353696514,3000,3.56637011667954,5.79424565985059,45.770774184755,400,818.542702469736,1615.9,100,0.232666240119253,707.177242888403,541.708802387314,557.234379242126,533.57926547876,8.50372450815001,0.00299877404618467,6.82625369089692,515.630318299084,45.6808876132056,7.09026453285981,43.0986614227294,8,FALSE,2.67211276202563
705.967135350761,-0.218302853648173,0.003,0.185293363800422,3.22108009602601,3.65668790713521,3000,3.43701748029299,5.53843005008298,45.2044274989795,400,705.967135350761,1458.3,100,0.23145616417706,638.205689277899,483.175071723321,553.28671296071,531.033835229797,8.00590922255784,0.00299877606728813,6.83753062232528,459.610945317835,44.8473385623739,6.79431321681018,42.5494480133056,8,FALSE,2.65497948567395
779.802083043575,-0.23582835231836,0.003,0.186549375091487,3.29116623036583,3.64561069693348,3000,3.52397001978944,5.55907638422849,45.5874284525533,400,779.802083043575,1458.3,100,0.232274061723167,638.205689277899,486.247662580177,555.954080373578,532.753837599728,8.05722764587531,0.00299877470038762,6.829899804057,462.462808185043,45.2356057731125,6.84197899775232,42.9208736419678,8,FALSE,2.66655481058552
752.040191629506,-0.22925933484978,0.003,0.183718970821455,3.26581305413901,3.64734548363648,3000,3.49230180283303,5.48313444977311,45.4490444130848,400,752.040191629506,1434.8,100,0.231978332958107,627.921225382932,477.895244722862,554.989209913868,532.131714839923,7.93602959373143,0.00299877519422302,6.8326547097588,454.527365431523,45.0607735071463,6.75621554139825,42.7866773605347,8,FALSE,2.66236705255012
754.716328897341,-0.230099301884167,0.003,0.183954271716992,3.2681540208069,3.64659478969534,3000,3.49545649527847,5.51433748645022,45.4628859727631,400,754.716328897341,1408.8,100,0.232007901885652,616.542669584245,467.512827613581,555.085662392696,532.193907371796,7.94608867125384,0.00299877514482584,6.83237904309354,444.473693259967,45.0239855573595,6.78839793855957,42.8001003265381,8,FALSE,2.662785646225
814.669551583996,-0.243496424180612,0.003,0.188486664813435,3.32189195653284,3.64563634955292,3000,3.56202175297576,5.66550612964663,45.7520716617108,400,814.669551583996,1408.8,100,0.232626216138472,616.542669584245,466.662260875468,557.103678792899,533.49500420454,8.1396198181946,0.00299877411291354,6.82662541716211,443.412769282792,45.3009732066115,6.96018161737368,43.0805263519287,8,FALSE,2.67154530978214
853.516194549045,-0.251816061375581,0.003,0.195556938644863,3.354405744028,3.65053503397251,3000,3.6024779111762,5.84917555291273,45.9252004291362,400,853.516194549045,1486.7,100,0.232996882822469,650.634573304158,493.25437811827,558.314448535901,534.275553048136,8.44354545529898,0.00299877349524394,6.82318611314857,468.80226077169,45.5971691761125,7.15633416995348,43.2483978271485,8,FALSE,2.6768026019877
388.53923990644,0.0229079743775307,0.00320985707960717,0.16673796408496,2.88708404030516,4.37170928588038,1000,2.86361505782546,4.72603411282355,42.4064479820815,400,388.53923990644,1311.2,100,0.225538947098138,573.82932166302,422.698528418873,534.090557068934,518.379630747159,7.22345314208989,0.00320846739389768,6.89379349637522,402.312912705017,41.8308918370994,5.79888373378344,39.8358869552613,8,FALSE,2.57056102682018
474.637862782194,-0.100762495130919,0.003,0.165470434588761,2.97099083213251,3.96661466368514,3000,3.07086808422498,5.02650632476234,43.4776231234758,400,474.637862782194,1311.2,100,0.2277912099316,573.82932166302,424.54203874451,541.37957548623,523.344482251639,7.16122648678906,0.00299878223484227,6.87217445474461,403.989806622378,42.8839006039496,6.16673143318711,40.8742780685425,8,FALSE,2.60334505493333
417.761535290945,-0.0314064865720503,0.003,0.154668029997782,2.91101695459842,4.2032897530595,3000,2.94176832297636,4.72152391506076,42.8192181561454,400,417.761535290945,1231.2,100,0.226403592567659,538.818380743983,396.252826113537,536.890558023668,520.437278348238,6.69792712230746,0.00299878458829791,6.88548675503842,377.153607024793,42.1078403457894,5.82019670280938,40.2353401184082,8,FALSE,2.58387803773722
262.904524140981,1.85590778131883,0.0212544679339583,0.849166633630288,3.92282535092016,6.85602988960004,1000,2.06639317061681,3.70827967917915,37.4046454756562,400,262.904524140981,1263.3,100,0.215390362133638,552.866520787746,391.734079508797,501.024293753478,477.642320231975,36.9600668930098,0.0211945305280386,6.99145604693271,344.170914018211,36.7520277504794,4.48386448910396,35.0691801252819,8,FALSE,2.33546535037431
421.015587851624,-0.0364974112951968,0.003,0.161634445781486,2.91407543743024,4.17223919829223,3000,2.94989858355272,4.9553580824696,42.8615271214168,400,421.015587851624,1263.3,100,0.226492598009696,552.866520787746,402.754608211888,537.178179038812,520.623740018749,6.99932648831912,0.00299878443703719,6.88462960007184,383.150289229162,42.1789110402344,6.05666025194955,40.2764015197754,8,FALSE,2.58512560164145
527.914237113427,-0.143454291245777,0.003,0.177458209293943,3.03086747230748,3.82168594753658,3000,3.17316274912928,5.43139338650785,43.9799572145834,400,527.914237113427,1331.9,100,0.228853533986247,582.888402625821,426.531048517578,544.82338478957,525.571082074828,7.67635114986778,0.00299878043991844,6.86205602029203,405.336491136818,43.3809756833995,6.60424875770346,41.361680984497,8,FALSE,2.61827623008638
356.380297049978,0.110871159971639,0.00400380808003932,0.207928538418735,2.87483017374254,4.55630300495131,1000,2.76346781274806,4.92537788619844,41.8607310804917,400,356.380297049978,1090.1,100,0.224405124345551,477.067833698031,328.991611465922,530.405548648628,515.083752915497,9.01256910280818,0.00400164952799235,6.90464433005396,309.906880955235,40.8448909793783,5.96382559310971,39.3105278015136,8,FALSE,2.55020327897813
382.950257259201,0.0356030242930117,0.00332460751202928,0.169855349907689,2.88358829229839,4.37709060516096,1000,2.84742893955383,4.80547911397175,42.3195530965985,400,382.950257259201,1090.1,100,0.225358036953021,477.067833698031,336.632841416859,533.502509233918,517.86656552663,7.35911037414546,0.00332311708610393,6.89552225796273,318.853041665171,41.332924530025,5.87280824762494,39.7521800994873,8,FALSE,2.5673729971112
357.831119306321,0.106621022801785,0.00398324917832472,0.195306156279818,2.87534665568833,4.57506219782966,1000,2.76823952447913,4.61775182478898,41.8871783572946,400,357.831119306321,1062.2,100,0.224460206420422,464.857768052516,327.309194149045,530.583695583548,515.222562044275,8.46524508111568,0.00398111256634939,6.90411171793023,308.80438162256,40.8651136407953,5.65780558213489,39.3360910415649,8,FALSE,2.55108731572972
366.319711729015,0.0797164146740568,0.00373491610103542,0.183620210169991,2.87651967542731,4.50819127642173,1000,2.79629648708565,4.62259544097422,42.0417682960867,400,366.319711729015,1064.7,100,0.224780813305886,465.951859956236,329.453239020919,531.625900121161,516.180733256848,7.95757330007819,0.00373303669772158,6.90104178917534,311.354232058166,41.0271335047025,5.67235532494627,39.4847997029622,8,FALSE,2.55696859312449
345.482360048547,0.152442493250734,0.00439908371078273,0.218314321919081,2.87752889389701,4.67321123934429,1000,2.72462555094602,4.69566218573045,41.6437328858458,400,345.482360048547,1064.7,100,0.223956169470131,465.951859956236,323.991275204981,528.945558100036,513.689752568952,9.46467407097906,0.00439647967413403,6.90894506666445,304.651212360976,40.6094177381551,5.72054386872064,39.1020145416259,8,FALSE,2.54171834421985
432.750714499022,-0.053460586701779,0.003,0.164514288596669,2.92563521462621,4.10160110664202,3000,2.97836875627393,5.1271308475595,43.008769054102,400,432.750714499022,1173.9,100,0.226802525238736,513.741794310722,365.8661145231,538.180046931246,521.273023713327,7.12303281181436,0.00299878391065533,6.88164839388665,347.297010299983,42.144527475458,6.23762701291531,40.4192981719971,8,FALSE,2.58947088210495
327.870391019368,0.239823132304032,0.0052254282048427,0.245800743114489,2.89465785929701,4.84992023204325,1000,2.65440640953548,4.51902359752227,41.2434731442219,400,327.870391019368,936.5,100,0.223130598038964,409.846827133479,277.080111027832,526.260470839284,511.020644271601,10.6603243623178,0.0052217585860487,6.91686435608557,258.093953564785,39.9934338543064,5.51910595985149,38.7178564071655,8,FALSE,2.52561673705641
305.349203266791,0.415426834971988,0.00689365787519472,0.312959423072362,2.95979067773504,5.17377537869394,1000,2.54396833616717,4.36570137439851,40.5920211212328,400,305.349203266791,936.5,100,0.221794482686919,409.846827133479,275.714434581338,521.912170058535,506.35125920382,13.5812914744292,0.00688728442111855,6.92969976988665,254.003417651342,39.34715274103,5.3259556614313,38.0941171646118,8,FALSE,2.49790395662103
317.142114011327,0.312501999740687,0.00592525451134843,0.26980836240476,2.91812886780588,4.99265155637315,1000,2.60521658581202,4.38485911610633,40.9567259598525,400,317.142114011327,907,100,0.222541512225055,396.936542669584,267.177613336409,524.343161534629,508.997805807943,11.7046846301815,0.00592054044339914,6.92251745187178,247.515915031108,39.6654596557857,5.36729713680083,38.4431610107422,8,FALSE,2.51356494911028
313.311453636982,0.345039822570541,0.00625247153685285,0.27708628572029,2.9311631377852,5.04987146158359,1000,2.58571798814117,4.28089220864648,40.8415595802155,400,313.311453636982,868.5,100,0.22230570486737,380.087527352298,254.509094462535,523.574588361263,508.13656191633,12.0217103049585,0.0062472243733277,6.92477655454935,234.944959584868,39.4929077633905,5.25623287264761,38.3330663045247,8,FALSE,2.50849327569081
322.053347657284,0.276862507010116,0.005581116005422,0.256145855222906,2.90576014408328,4.9095718238553,1000,2.62847647868971,4.44684581057971,41.0929858922352,400,322.053347657284,868.5,100,0.222821193373374,380.087527352298,252.162302658277,525.253596898938,509.970858874137,11.1105621734926,0.00557693180688472,6.91983335969829,233.531926096386,39.7273282722282,5.43765584247813,38.5736389160157,8,FALSE,2.5193469762195
323.631320143665,0.263383335911891,0.00541949701640327,0.263771932140591,2.90020321029277,4.88421889425131,1000,2.6363961415651,4.68061102157495,41.1391054360772,400,323.631320143665,974.1,100,0.222915378007065,426.301969365427,285.700998979302,525.562017971999,510.351247946009,11.4408571680649,0.00541555104793306,6.91893993580241,265.699788724007,39.9303275374397,5.67436024192611,38.6175537109375,8,FALSE,2.52155172513971
272.030930740116,1.16893301938396,0.0143424702268366,0.541294064230905,3.42248816559526,5.71391227202128,1000,2.25304422735244,3.88043107248229,38.730328366766,400,272.030930740116,493.8,100,0.218031236708738,216.105032822757,107.538677442939,509.634236259046,490.386437033427,23.5309721675898,0.0143150524331289,6.96587908131633,81.458076582423,36.7235030987134,4.73008003561502,36.323745727539,8,FALSE,2.40658263922695
264.184726591549,1.76702187358389,0.0204275391841664,0.726805225629014,3.85835289151038,6.18368150597344,1000,2.09069120055155,3.67489046782309,37.583851670537,400,264.184726591549,493.8,100,0.215747461306524,216.105032822757,104.566987769268,502.181763536008,479.235646465921,31.629006525014,0.0203721411338471,6.98794991803099,70.7535218676839,35.5855477828812,4.45996172080099,35.2394199371338,8,FALSE,2.34443173340316
265.462999286598,1.46405436144213,0.0170862472268714,0.6537027443629,3.62634125872503,5.7935441529935,1000,2.16168048079226,3.99277580792242,38.0957311904944,400,265.462999286598,440.7,100,0.216758846201882,192.866520787746,78.8407367545894,505.498974582258,484.84641336144,28.4343539053641,0.0170474188435216,6.97826639585089,48.8878295405102,35.9600523284717,4.80713317833136,35.7205600738526,8,FALSE,2.37517111664182
262.225661077741,1.82833026515364,0.0208357354851908,0.76402812329887,3.89841144904732,6.16890313338294,1000,2.06941225732378,3.81160381649769,37.4270265749053,400,262.225661077741,478.2,100,0.215431659359123,209.277899343545,93.1299784407261,501.168740946497,478.167903481906,33.2537636449133,0.0207781304586363,6.99111520187924,58.0862823138655,35.3729081249486,4.58885963111904,35.088877360026,8,FALSE,2.33814921487927
263.229056337042,1.81914352632273,0.0208831298210156,0.748081939272456,3.89537604757041,6.17423589160976,1000,2.07556708573408,3.71499972440529,37.4725526014535,400,263.229056337042,478.2,100,0.21552503490716,209.277899343545,96.5839942149384,501.462661445787,478.305736006937,32.558299669918,0.0208252547849931,6.99014481559358,62.1106553691953,35.4371560695572,4.49425777081544,35.1334047317505,8,FALSE,2.33914786970298
269.227934678355,1.24105842919207,0.0149008612345642,0.591121915566228,3.4676219142563,5.92309594992913,1000,2.22607402308919,4.03817689683322,38.5457151434334,400,269.227934678355,595.9,100,0.217658077886725,260.787746170678,139.69823661479,508.428623659181,489.022408527422,25.7015188323932,0.0148712847473949,6.9695510627234,110.544431089122,36.6893044105753,4.87782112483837,36.1470909118652,8,FALSE,2.39862423156821
262.769236494961,1.87063069758615,0.0214021434811939,0.770060573050245,3.93393990521582,6.3252670247352,1000,2.0626624282137,3.70636015465174,37.3769435155471,400,262.769236494961,527,100,0.215335397553838,230.634573304158,114.451683744303,500.845549069132,477.375839275311,33.517826828967,0.0213413761329878,6.99199231575864,78.5157728559364,35.4268390551624,4.48045691975353,35.0429601669312,8,FALSE,2.33398334861587
259.274791263751,2.3443607083919,0.0261558528678109,0.923222698044397,4.29312350295975,6.6356186770857,1000,1.94797653992396,3.65689079146966,36.4999817112848,400,259.274791263751,527,100,0.213600224520648,230.634573304158,108.855276084528,495.211702365694,468.916728566116,40.2170172498457,0.0260653696223529,7.00900128833991,66.6083604010375,34.537791128373,4.3850705202532,34.2129201889038,8,FALSE,2.28706152238099
261.644062691351,2.72126355413408,0.0308807708510334,0.960831108763574,4.6033180198826,6.69646217858914,1000,1.88104302105084,3.24316585296335,35.9639800160183,400,261.644062691351,455,100,0.212561704107734,199.124726477024,90.8585544370783,491.791764687275,461.969248110207,41.8757060915428,0.0307548999807675,7.01889511270814,47.5430447236476,33.9455359666173,3.94193029180598,33.7139797210694,8,FALSE,2.25000029494886
257.821918736302,2.33638066389837,0.0258010897728777,0.917043704745231,4.2807102461011,5.72103051862012,1000,1.94305920731203,3.80644982537034,36.4612353927384,400,257.821918736302,317.8,100,0.21351802545871,139.080962800875,24.4595310741786,494.963886697733,469.119386985255,39.9493900635311,0.0257130518793974,7.00992819245479,-15.0319938642771,34.1001816842819,4.53348281782437,34.1734879811605,8,FALSE,2.28774741157787
259.682053963491,2.52532325910794,0.028257194507919,0.928259543495249,4.43895519193905,5.83968298927977,1000,1.91222751058344,3.50879882070232,36.2160379981988,400,259.682053963491,317.8,100,0.21304574391913,139.080962800875,32.7602327931169,493.397796762474,465.632305744218,40.4469488245406,0.0281516982301381,7.01435979080959,-7.46013096886699,33.9103728909129,4.22183620613771,33.9467306137085,8,FALSE,2.26930738449029
259.557161134641,2.13871106155616,0.0239094955464914,0.874306687637773,4.13164225312751,6.51326036128652,1000,1.99221489627526,3.78367695475133,36.8442252188637,400,259.557161134641,536.7,100,0.214276525407651,234.879649890591,111.088553649933,497.417520700399,472.61358746472,38.0740988678725,0.0238337937037323,7.00242834743068,70.8465285676857,34.8828354165294,4.53015114078047,34.5369691848754,8,FALSE,2.30725603398826
297.288974667568,0.571236036174935,0.0087330254115343,0.277139338338446,4.69156989877366,2.41118576058613,1000,1.83969485778114,3.46917119196102,35.6232496226612,400,297.288974667568,83.3,100,0.211651488091249,36.4551422319475,-59.9056333351272,489.626976878861,483.031705231937,12.0836821725197,0.00872294944889906,7.03287772844769,-69.8861221463614,32.9356424799156,4.18478415531961,33.2753429412842,8,FALSE,2.34790668137695
295.905711870843,0.616498928245663,0.00929951057763355,0.278481469770916,4.85078890708585,2.42437112378662,1000,1.80763003547857,3.27138738642181,35.3537045331025,400,295.905711870843,83.3,100,0.211114886303287,36.4551422319475,-55.3519853848336,487.919525424373,481.278312235593,12.1452736424554,0.00928809486367,7.03842022366384,-65.5316604131464,32.6978792879062,3.97478440724988,33.0161628723145,8,FALSE,2.33754166078795
272.383707241405,1.56238730907629,0.0192224205010503,0.54668903320625,5.13363285111568,3.30352703481381,1000,1.74054381468083,3.10646210114472,34.7739474751787,400,272.383707241405,121.8,100,0.210049660659605,53.3041575492341,-39.5235194505441,484.262150913059,468.731379646038,23.8544807624657,0.0191737732704699,7.04772703684428,-61.5437570290598,32.2018320725476,3.77265161806534,32.5003519058228,8,FALSE,2.27359556935592
269.479533120745,1.83568963099952,0.0220823721469268,0.625709620448644,5.17273103606539,3.56707210448343,1000,1.73059076811851,3.09484627063457,34.6860347743696,400,269.479533120745,133.7,100,0.209901470144458,58.5120350109409,-35.2187448957106,483.709357724734,465.495716737074,27.3044164698204,0.0220182056766195,7.04873258325989,-60.7151485366504,32.1339973579387,3.75377211028982,32.428455988566,8,FALSE,2.25757878580363
268.968816294376,1.91166678951488,0.0229065500885891,0.644954381835534,5.31891767977971,3.6038036383158,1000,1.69138026797659,3.07771327620986,34.3347082740211,400,268.968816294376,133.7,100,0.209206098498539,58.5120350109409,-37.2591543391355,481.504947650263,463.186173868859,28.1534851825752,0.0228375826621899,7.0559798817073,-63.5290369347827,31.7828486101677,3.72178632987396,32.0906376838684,8,FALSE,2.2440705901527
277.943632023288,1.09944323698532,0.0141431810085754,0.434605368493417,4.88587656217028,2.89105646440611,1000,1.79119444116651,3.35931651521884,35.2136833910785,400,277.943632023288,105,100,0.21088200603404,45.9518599562363,-51.0921815780734,487.034316590943,475.737452479669,18.9563110502187,0.0141167990296275,7.03991633682721,-68.0112043261484,32.5732880369429,4.05021873717727,32.9035444259643,8,FALSE,2.31013896511416
306.314887621027,0.521946442009815,0.00874749542790241,0.206181937967315,6.14296930734368,2.03367594737824,1000,1.51162887183064,2.57983800556134,32.6122984679403,400,306.314887621027,62.3,100,0.205647901703987,27.2647702407002,-60.3657702329964,470.80644754868,469.631192356919,9.01550965685263,0.00873747756163896,7.09718463615141,-67.4275017424078,30.0254326125436,3.17613890203263,30.3502125740051,8,FALSE,2.26208589393525
308.344784317956,0.515574951911134,0.00883207572257256,0.19175223806421,6.19676475141244,2.03621459504534,1000,1.52054000090758,2.37445411489763,32.7024029611886,400,308.344784317956,62.3,100,0.205826628719603,27.2647702407002,-53.5470448116856,471.361657030772,469.959222807398,8.38383922211966,0.0088218604815944,7.09522036765549,-60.1849666221475,30.1481354590196,2.97397001013102,30.4381103515625,8,FALSE,2.26429260962608
318.178434117675,0.373540611596524,0.0071681201321349,0.162071095949079,6.39101096161185,1.82712196078603,1000,1.45350820863119,2.47621804816228,32.0112530869711,400,318.178434117675,53.7,100,0.204449050853495,23.5010940919037,-64.1749503196676,467.1154398052,468.41241021116,7.09079628988805,0.00716140448260994,7.11061216465164,-69.2739363124927,29.4262546916936,3.05256003726235,29.759298324585,8,FALSE,2.25195476238608
332.271678965405,0.253918658429029,0.00588677429929404,0.125709405813259,6.45569832610064,1.70642480054539,1000,1.45244483508128,2.3381639676378,32.0000338549548,400,332.271678965405,48.9,100,0.20441497741345,21.4004376367615,-61.7423570365035,467.046749728174,469.620532248055,5.50002070863925,0.00588224462735457,7.11123864263933,-65.3634821820282,29.4282538652547,2.91554021084038,29.7424697875976,8,FALSE,2.25756406735722
329.014027944758,0.280374479346818,0.00620169960911087,0.130620936503269,6.5545339920606,1.70858542782506,1000,1.4281507121384,2.30677472670374,31.7414537628143,400,329.014027944758,48.9,100,0.203910207383614,21.4004376367615,-62.3047376321667,465.465683920073,468.096922305315,5.71629679274817,0.0061966764058556,7.11672735985961,-66.1263656739177,29.1753113878602,2.87460846338541,29.4929494857788,8,FALSE,2.24850427703547
274.647494944678,2.00390789957382,0.0250990591904229,0.589528624809862,6.04010388172628,3.5460105878297,1000,1.54159877453635,2.56799370128095,32.9132565041821,400,274.647494944678,122.9,100,0.206397419429353,53.7855579868709,-34.7490202860696,472.66282188774,454.924655408033,25.7684813725927,0.0250166284023616,7.08579044292145,-58.8046198173773,30.4347830512973,3.15617880839414,30.7184844017029,8,FALSE,2.1947721024792
400,-0.375967313156816,0.003,0.0560208421898936,7.07181510941405,0.933974273085157,3000,1.30992737473991,2.05264908074547,30.416827573847,400,400,23.5,100,0.201294529611376,10.2844638949672,-71.6584015136539,457.42922955096,464.822442922554,2.45471064929021,0.00299882894165779,7.14637747052491,-72.0827324657287,27.8485030470601,2.57846298068364,28.1933159828186,8,FALSE,2.22351159102841
400,-0.373745870553688,0.003,0.0528335239892891,7.14089077298393,0.934350342109742,3000,1.3080821471416,1.9364882470721,30.3952180777158,400,400,23.5,100,0.201252547723818,10.2844638949672,-68.2705269083112,457.298994507625,464.715256238447,2.31509646516543,0.00299882901852188,7.14684674724804,-68.6523973831438,27.8439830711205,2.46158352504107,28.1723651885986,8,FALSE,2.22285288911721
400,-0.605574183019801,0.003,0.058471414734084,7.11476648970777,0.674733753158002,3000,1.28030086702743,2.1450203443411,30.0661344784435,400,400,16.8,100,0.200614028308327,7.35229759299781,-79.1451656623728,455.319124087408,463.071869702959,2.56293557579781,0.00299883018853859,7.15399763909865,-79.4793239653396,27.4735662675932,2.65926585110614,27.8533563613892,8,FALSE,2.21277811705432
400,-0.630062359878425,0.003,0.0443852923253478,7.86382712937461,0.481399794243686,3000,1.1114590150104,1.63393347936469,27.8981739957673,400,400,11.5,100,0.196446457786738,5.0328227571116,-76.0408408978684,442.43619995542,451.596248165986,1.94947461992886,0.00299883786532463,7.20127368545405,-75.9192826957271,25.3940017692192,2.08086464657448,25.7543986638387,8,FALSE,2.14377533192865
400,-0.801511786109642,0.003,0.0516749636776645,7.29042121648813,0.464735477320472,3000,1.26624409926418,1.89931100103223,29.8968939470163,400,400,11.5,100,0.200286245135707,5.0328227571116,-74.2620069238682,454.303426697378,462.218256003779,2.26539243672602,0.00299883078985385,7.15767831710316,-74.4442980710618,27.3337831641981,2.4080445470598,27.6893305778503,8,FALSE,2.20756336916603
400,-0.141854529974684,0.003,0.0542898722738937,7.01871515023715,1.19586816137767,3000,1.33769813230259,1.98648191873879,30.7384252834016,400,400,30.4,100,0.201920082838409,13.3041575492341,-65.3452994636701,459.370708173532,466.407604950146,2.37814265203867,0.00299882779728022,7.13939800569663,-65.860735326929,28.1897922844361,2.52308158937739,28.5051498413086,8,FALSE,2.23327544209296
331.910668412701,0.707147677432412,0.0163054608262941,0.0838451155184196,8.11616384091551,1.20561926248583,1000,0.498450552518979,0.584314350013078,15.6048502922058,400,331.910668412701,25.8,100,0.177106763862302,11.2910284463895,-74.4721517887721,374.47585055342,0,3.71884122787054,0.0162705492152642,7.06898297636391,-76.2798720903477,15.2359650499178,0.584314350013078,15.6048502922058,8,TRUE,0
335.302820479786,0.706757150606748,0.0171508937127383,0.0626015791203242,8.20249103041844,1.20741078210157,1000,0.500632791331783,0.423784948218537,15.6718182563782,400,335.302820479786,25.8,100,0.177230016132845,11.2910284463895,-68.669749128485,374.823364865351,0,2.77643328895104,0.0171122632848279,7.06734391944794,-69.6983352458746,15.3346827919797,0.423784948218537,15.6718182563782,8,TRUE,0
330.305679265406,0.981322486268529,0.0221062962649504,0.103826086639322,8.17685816556466,1.48290886880275,1000,0.50155353330873,0.536163020293575,15.6999862194061,400,330.305679265406,32,100,0.177281875394693,14.0043763676149,-70.1193564171785,374.969608045821,0,4.60465076805824,0.0220421535007438,7.06665472889323,-72.8952760885339,15.3473525523907,0.536163020293575,15.6999862194061,8,TRUE,0
329.824716438833,1.27640366159899,0.0285565190027875,0.105938157537106,8.02103782200619,1.75151157788517,1000,0.475058987589623,0.428397996841581,14.8680182298025,400,329.824716438833,37.7,100,0.175754420590239,16.4989059080963,-66.3924566005611,370.668171266808,0,4.70207237522993,0.0284498813209812,7.08706744669525,-69.3740988212861,14.5333850120858,0.428397996841581,14.8680182298025,8,TRUE,0
330.111801412668,1.22837200870163,0.0275948155174895,0.108282575640434,8.23560636373959,1.73404106537059,1000,0.505622810626536,0.452534125723283,15.823860168457,400,330.111801412668,37.7,100,0.177510056383947,16.4989059080963,-64.7556110073148,375.613248087294,0,4.80172349453396,0.0274948975772708,7.06362547764076,-67.8521977437639,15.4954818190899,0.452534125723283,15.823860168457,8,TRUE,0
333.443483628377,0.841089957058211,0.0198405435657274,0.0783026146836759,8.20446991079276,1.34204412867955,1000,0.50092792718284,0.455503653971555,15.6808528900146,400,333.443483628377,28.8,100,0.177246648446456,12.6039387308534,-68.5784813417074,374.870266456073,0,3.47275745748027,0.0197888634695635,7.06712285281861,-70.2883744682971,15.3408527316028,0.455503653971555,15.6808528900146,8,TRUE,0
320.649891862181,2.30549358389266,0.0456160712550686,0.246463926271616,8.2159636296402,2.82337696694682,1000,0.517735580061762,0.611192287584489,16.1867725849152,400,320.649891862181,64,100,0.178179683120886,28.0087527352298,-59.372397257133,377.503685042344,0,10.9254819111987,0.0453433366170474,7.0547656380561,-68.566129061275,15.85452234619,0.611192287584489,16.1867725849152,8,TRUE,0
326.422691435802,2.27981513533988,0.0486471103789899,0.176129034314202,8.43418171182302,2.8180908299784,1000,0.538134303779746,0.417914747000822,16.7791690826416,400,326.422691435802,64,100,0.179276356168432,28.0087527352298,-51.2698244134656,380.604840866615,0,7.80316979483482,0.048336419326089,7.04035101923907,-57.6061053234672,16.4994562044782,0.417914747000822,16.7791690826416,8,TRUE,0
325.616876441461,2.20935326750096,0.0466328639640535,0.21139060318749,8.39175240592314,2.7431034944191,1000,0.533617032082102,0.517409223342757,16.6499428749085,400,325.616876441461,62.1,100,0.179036743721913,27.1772428884026,-55.5148904323618,379.926727010097,0,9.36655103702875,0.0463474197415419,7.04349041897221,-63.2731177141455,16.342850122494,0.517409223342757,16.6499428749085,8,TRUE,0
326.240717988926,2.37482215549079,0.050549368096461,0.195265425521379,8.45021368809529,2.91595797630642,1000,0.540982201620869,0.444142450001272,16.8600829442343,400,326.240717988926,66.5,100,0.179426496194344,29.1028446389497,-50.9356087369171,381.029897812604,0,8.65031034373919,0.0502138947288738,7.03838673585226,-58.1046819885557,16.5778704330789,0.444142450001272,16.8600829442343,8,TRUE,0
326.288563265862,2.34913008816862,0.0500349541798499,0.205251238999105,8.52568454559039,2.90420424648061,1000,0.554924139003058,0.470511792791393,17.2501497268677,400,326.288563265862,66.5,100,0.180151462298746,29.1028446389497,-50.7243370748287,383.083995124575,0,9.08927631355413,0.049705812537411,7.0289327432439,-58.3189006606546,16.9665157843519,0.470511792791393,17.2501497268677,8,TRUE,0
327.436719715259,1.8586389816263,0.0402142010261464,0.157650712996314,8.37657680635341,2.38693385193262,1000,0.528199757646901,0.451405577328088,16.49351978302,400,327.436719715259,53.3,100,0.178746988308371,23.3260393873085,-57.0951534357119,379.107110367028,0,6.98642863857879,0.0400018625062324,7.04729428294213,-62.4964278561177,16.190360376422,0.451405577328088,16.49351978302,8,TRUE,0
315.264891012454,2.49360346541305,0.0462025200016372,0.298140530623938,8.6799162378306,3.13918331134591,1000,0.64540201676629,0.721512545722675,19.5655897827472,400,315.264891012454,75.3,100,0.18168546056207,32.9540481400438,-53.1935730438905,395.448631543141,321.472131166224,13.1923224391232,0.0459342200816329,7.35822397647381,-64.7862274636059,17.7710910819119,0.925094706807976,18.0720782279969,8,FALSE,1.49351155475025
326.180705331195,2.40779997737211,0.051209659473661,0.183710603762826,9.07129383733503,3.11480866412346,1000,0.706845826390493,0.410760845277564,20.9596670355942,400,326.180705331195,75.3,100,0.184042210287326,32.9540481400438,-40.1526615288745,403.036020582959,350.53599679553,8.11914477030819,0.0508792069550062,7.33457055730365,-47.0901987073996,19.1063976234987,0.65013524694928,19.3258771896363,8,FALSE,1.63378984595787
325.293094110273,2.53047152972437,0.0531792357448098,0.240374035541019,9.02358509377958,3.22306568619328,1000,0.692415091857553,0.512163103075714,20.6434603995549,400,325.293094110273,77.9,100,0.183509379024977,34.0919037199125,-42.7612260738516,401.305546554719,343.555433650251,10.6262930149211,0.0528232165565256,7.3398141749025,-52.085287381544,18.8007623312767,0.742822977949955,19.0433497428894,8,FALSE,1.60011065666547
325.831422166635,2.61827704147188,0.0554238914209263,0.224069012181256,9.03339844139584,3.30884931063835,1000,0.69038104270667,0.459876960762047,20.5983611361953,400,325.831422166635,80.1,100,0.183447470194089,35.054704595186,-40.5423034379194,401.059190933968,340.934788776331,9.90580501142775,0.0550373002515439,7.3399608533772,-49.2180040241873,18.781259426082,0.688287558212054,19.010487874349,8,FALSE,1.58787326184631
325.969074910104,2.53131887277059,0.0536827901081345,0.228454335004617,9.12802638344259,3.26769296487966,1000,0.736191913142757,0.483134085917521,21.5832557362308,400,325.969074910104,80.1,100,0.185155489115886,35.054704595186,-38.6905438149874,406.465070220778,357.427250470359,10.0908834760606,0.0533191296653892,7.32172822247735,-47.5782450683241,19.6922816696727,0.735789155433737,19.9144248962402,8,FALSE,1.66883083999062
326.117015047629,2.44376174156035,0.0519296961967611,0.173160770022872,9.00056639479511,3.12143317187055,1000,0.677505724998784,0.383215910826048,20.3097676789133,400,326.117015047629,74.8,100,0.182932972607014,32.7352297592998,-41.1415117696574,399.485427569269,337.947015013328,7.65723187009168,0.051590441024279,7.34598572718782,-47.6130621907317,18.5155288989763,0.606005849233952,18.7371006011963,8,FALSE,1.57266707771699
307.277676630327,2.9576753097323,0.050080462447952,0.406383683855959,8.77120912686653,3.76371867425903,1000,0.805760535241903,0.900772408320947,22.9674696425155,400,307.277676630327,97.9,100,0.187618242793964,42.8446389496718,-39.9186357238497,414.154879687255,375.415078030045,17.9276865326899,0.0497626424852891,7.29427492545606,-56.3957501767456,20.9437531955041,1.18698112261558,21.2080564498902,8,FALSE,1.75941319262526
325.272571250307,3.03799970925326,0.0638276986629219,0.20490397484508,9.20920768062741,3.84003017037656,1000,0.801755875882735,0.365427115160607,22.891090124693,400,325.272571250307,97.9,100,0.187581829533175,42.8446389496718,-25.5052013872181,413.727742264852,363.056890023012,9.03954042601127,0.0633121680718871,7.29177848124048,-33.6783621228777,21.0311216391945,0.641599584665448,21.1890120506287,8,FALSE,1.70207807406432
322.423845803364,3.22908398429142,0.0653510746072903,0.318907789182494,9.16072875077892,4.05385859780554,1000,0.824452887572324,0.547425062663825,23.3190336257696,400,322.423845803364,105.2,100,0.188374620011228,46.0393873085339,-26.0789297711728,416.125198323535,365.53630816164,14.0633093479924,0.0648100456424402,7.28225831379717,-39.1300385322173,21.4194025332869,0.832162998048379,21.6030912399292,8,FALSE,1.71594238584044
323.655116710448,3.79516032837363,0.0780462255035347,0.360197066408452,9.20701454438674,4.63047292461372,1000,0.834844234966131,0.515775982935094,23.5110415844233,400,323.655116710448,123.2,100,0.188821858150248,53.9168490153173,-17.8294071090146,417.20425879135,356.398909590719,15.8805246154,0.0772749878360019,7.2743493307082,-32.8570540688914,21.6817649686388,0.79685048277355,21.8361740112305,8,FALSE,1.67486757319277
324.547723465368,3.81841839482665,0.0794534646866587,0.341382761041018,9.22460317623072,4.64457931844486,1000,0.825690063051945,0.480819570918613,23.3420202748403,400,324.547723465368,123.2,100,0.188521923438327,53.9168490153173,-17.4202345955849,416.254269968032,353.840788409872,15.0533024219184,0.0786546520737463,7.27752785672619,-31.6535620856927,21.5312122852801,0.757353970296042,21.6799006462097,8,FALSE,1.66211962863057
325.388975557449,2.94040156800885,0.0618735607781835,0.196728503899237,9.19172447686608,3.72337323604372,1000,0.782718191664541,0.362929949071489,22.5226934239597,400,325.388975557449,94,100,0.186898819109406,41.1378555798687,-27.8739097573745,411.672194244701,361.181385043164,8.68186693157978,0.0613895410692881,7.30008616781329,-35.6432289134844,20.6644231626465,0.632089377100961,20.8313350677491,8,FALSE,1.69135835621055
305.645613217162,7.12365415176403,0.118537629439808,0.965274081850843,8.73716398554116,8.10994370148952,1000,0.975998844196144,0.85723125572373,25.9058017904041,400,305.645613217162,327.6,100,0.193596116875231,143.369803063457,58.5159642679796,430.839579532561,338.334389214094,42.4561100952388,0.116752126465351,7.21027775326938,15.6399219237646,24.3758498625155,1.16310457006504,24.3016982078552,8,FALSE,1.60410358254889
308.383721012147,7.25008846269114,0.124246351601789,0.93308538782069,8.87216498866223,8.16149112749829,1000,0.902170990522092,0.79097340070853,24.7000023890118,400,308.383721012147,327.6,100,0.191370475908618,143.369803063457,56.2927834522285,423.932874475244,326.458043614194,41.0857911547034,0.122292670237375,7.23472244776935,14.8151079805599,23.2274401050912,1.06757580025029,23.1574363708496,8,FALSE,1.5425660181622
306.483607210376,7.89400221747655,0.132544504522459,1.09806478591051,8.83330955055425,8.97292510285914,1000,0.896860698660379,0.831119756945902,24.6095027830918,400,306.483607210376,493,100,0.19126234300753,215.754923413567,117.313092710006,423.417873292551,319.092206739472,48.3528042783161,0.130323295926562,7.23412437389754,67.1840164551891,23.4190982349375,1.10046300494996,23.101616859436,8,FALSE,1.50788592365583
308.029641938989,7.88313401344861,0.134580327799953,1.09229339660917,8.84431011450443,9.1272351434028,1000,0.935937549767585,0.794950854410259,25.2632902154077,400,308.029641938989,536.9,100,0.19250391512164,234.967177242888,136.922400620665,427.148915969383,321.424991325237,48.0689204761987,0.13228634251781,7.2193400627354,86.5457355601102,24.1510837294058,1.07619864454524,23.7412700653076,8,FALSE,1.52202015010014
303.518186604451,7.76238473792574,0.126321223767321,1.15187415464245,8.72533733604486,9.07742292293124,1000,0.94260610549585,0.905452532636037,25.3721276172913,400,303.518186604451,536.9,100,0.192647402515325,234.967177242888,134.36958219743,427.772416592098,328.843441339811,50.6872946135193,0.124298090879994,7.21951309543324,81.5073245155795,24.2009631425735,1.19456431231713,23.815016746521,8,FALSE,1.55711087077026
317.124711779978,5.50094004393703,0.104211321040042,0.589952655994083,9.07949362620518,6.36563942652928,1000,0.863207772305332,0.618448244863317,24.0232133689996,400,317.124711779978,191.6,100,0.189961936869813,83.8512035010941,7.1396558666077,420.092865257919,338.423129553492,25.9952084768958,0.102837300940452,7.25544444289353,-18.3744724499981,22.3421032329895,0.893978570776471,22.4286775588989,8,FALSE,1.59453581010072
296.820110666748,7.44106771813677,0.113227083826638,1.35970648158032,8.46137959431924,9.50934135208196,1000,1.01353481416118,1.09282791542948,26.4843156107035,400,296.820110666748,910.7,100,0.194652554985878,398.55579868709,273.944144489977,434.183046834666,345.912975310473,59.7733573419935,0.111594423842176,7.19927235492485,208.532524462111,25.8319747318094,1.41526550858675,24.8417735099792,8,FALSE,1.6425421007243
296.329466080044,7.3838948092513,0.111825292006118,1.36187304512566,8.4206350723551,9.50600022573228,1000,1.03025604136495,1.10806984068372,26.7351616426983,400,296.329466080044,910.7,100,0.195119038071252,398.55579868709,274.460252339262,435.638820541846,348.404110637522,59.8548109019189,0.110231420388728,7.19421881867917,208.938681017144,26.0724552093586,1.43719592129999,25.0796284675598,8,FALSE,1.65553317513855
295.554500556849,7.23279174506428,0.108723975960423,1.3690959225128,8.31419487789525,9.51861891546956,1000,1.07569869608104,1.13326648512919,27.3968415229344,400,295.554500556849,941.5,100,0.196358609187878,412.035010940919,287.847571126327,439.496415466992,354.359955051725,60.1355289207831,0.107213890936862,7.18069563092873,221.650920998157,26.7650522755848,1.48001558706724,25.7098364830017,8,FALSE,1.68700503993271
293.242565283139,7.18176793610836,0.105619045321801,1.40932771931414,8.25958859570355,9.50519581187025,1000,1.07237477787699,1.20624337592479,27.3493990420424,400,293.242565283139,972.9,100,0.196243422754929,425.776805251641,297.562408616047,439.218976334541,356.770183745644,61.9061582426985,0.104193799849097,7.18267109430376,229.388934352822,26.7431406195337,1.55430652221521,25.6513867378235,8,FALSE,1.69801230421893
295.582094945809,7.29291768471119,0.109656787904129,1.38557845281473,8.35450354586369,9.53901597395187,1000,1.05573053394217,1.13170049977793,27.1096009845102,400,295.582094945809,972.9,100,0.195816487222467,425.776805251641,298.634367272795,437.818669347774,352.143978397846,60.8757377114078,0.108122126581837,7.18669290081725,231.452229230496,26.535502031149,1.47104057092881,25.4345445632934,8,FALSE,1.67505642121681
303.653836163103,7.63921432645425,0.12448725958833,1.26765429722025,8.65196667077815,9.57469681252859,1000,1.00472472580395,0.90302293832179,26.3504799468728,400,303.653836163103,878.8,100,0.194484328356773,384.595185995624,266.432863043341,433.407831820823,335.78810036733,55.7313325143863,0.122516414125389,7.19876750611575,205.158888865161,25.7301533267641,1.21426261251537,24.7559032440186,8,FALSE,1.59457670285421
293.007762792521,6.93220250365642,0.10172482002987,1.41036276822134,8.08370605345348,9.53029890973198,1000,1.14700530713692,1.21734107678055,28.3807689595201,400,293.007762792521,1051.2,100,0.198194386987934,460.043763676149,330.711507695964,445.280016563466,365.020041875875,61.892369998338,0.100398181091294,7.16129510194606,261.579716500447,27.8869854657091,1.5934844040839,26.6383066177368,8,FALSE,1.7424623417833
291.848362491524,6.95733984387748,0.100999272935138,1.43072706008831,8.09258570049759,9.51796313891396,1000,1.13067116348097,1.25494510650808,28.1608930597911,400,291.848362491524,1051.2,100,0.197764754873005,460.043763676149,328.898178282775,443.982645726442,364.626518151601,62.7992397527671,0.0996922744734081,7.16632023599806,258.952770144446,27.6568018079511,1.62625336224919,26.4215297698975,8,FALSE,1.73936328989361
289.624250061949,6.70826662933937,0.0954210519235295,1.45728161670657,7.89614764431979,9.49638357890976,1000,1.18399802100772,1.33478069984774,28.8673728893542,400,289.624250061949,1127.2,100,0.199083850086144,493.304157549234,358.248338006903,448.161315469812,372.694175987861,63.9235773197325,0.0942513852556146,7.15255759614233,286.354390129538,28.4547171742674,1.72857089347135,27.0861039161682,8,FALSE,1.78126897318603
287.175778951819,6.49483941422168,0.0903802177940686,1.47350540216527,7.72103312371781,9.4431023009938,1000,1.22274193674844,1.42692003089944,29.3609757998684,400,287.175778951819,1155.7,100,0.199999711064063,505.776805251641,368.635437040031,451.098320458473,379.296624571638,64.6063973824407,0.0893288415076548,7.14329266255987,295.748595819482,28.9611452035852,1.83803986156034,27.5457995732625,8,FALSE,1.81517622660592
288.41906158037,6.56659610953742,0.0923969481712774,1.46497401195929,7.78308452066518,9.4710014143232,1000,1.21291046804003,1.38015175913716,29.237218364976,400,288.41906158037,1155.7,100,0.199776009992978,505.776805251641,369.317122880155,450.360594865976,376.982150667213,64.239329614237,0.0912987314883287,7.14538887296548,296.780195424713,28.8535134630363,1.78620609256459,27.4336476325989,8,FALSE,1.80357073237712
294.049370241122,6.95452664813254,0.103055674386116,1.40304384545286,8.10766156936804,9.55359578654983,1000,1.14860803035556,1.18368228609961,28.402174475881,400,294.049370241122,1066.2,100,0.198246359494423,466.608315098468,337.281944370851,445.406470838228,363.971052175843,61.5696213442155,0.101694165144714,7.16042643446704,268.284493873445,27.9453490082024,1.55924569534663,26.6645088195801,8,FALSE,1.73766565630092
283.161752428084,6.10735265874446,0.0820681971672006,1.50854081651588,7.40162836333021,9.35344147113424,1000,1.29147501572078,1.59194465069729,30.1993484906027,400,283.161752428084,1265.9,100,0.201563493693242,554.004376367615,409.456260013732,456.119805370856,390.280201599796,66.0923403957302,0.0811984824643575,7.12750498234433,333.92075075245,29.9290351473311,2.0336203835711,28.3274717330933,8,FALSE,1.87187675750935
282.512075160539,6.1314970442428,0.0819370432186974,1.52283024541229,7.41579472622858,9.35221298523836,1000,1.28146401242392,1.61779661748116,30.0800551638027,400,282.512075160539,1265.9,100,0.201329472945337,554.004376367615,408.260512831347,455.402744845657,389.887851829183,66.7259568526166,0.0810704087452549,7.13014276537419,332.155679552189,29.8032603593814,2.05625078749444,28.2107520103455,8,FALSE,1.86930315345723
280.524766548795,5.8856088737312,0.0773428797164091,1.53062092109399,7.214779522161,9.28618154647951,1000,1.32666249456483,1.70926051243504,30.6114343366728,400,280.524766548795,1331.2,100,0.202329451997832,582.582056892779,432.839725424351,458.603329625971,396.258272909074,67.0348648501251,0.076569151050729,7.11995122692431,355.696931061064,30.4166860901892,2.16722468594048,28.7088689804077,8,FALSE,1.90256535626511
281.84434339281,6.19755335136692,0.0823517542239866,1.54840088951252,7.46144006792774,9.3647665679383,1000,1.26096843723624,1.64351752028744,29.832890748479,400,281.84434339281,1278.4,100,0.200851021312225,559.474835886214,411.17886177461,453.91975456236,388.453386043501,67.8621355882955,0.0814770104924538,7.13540514633379,333.917447656184,29.5716130066961,2.07471635676663,27.9718386332194,8,FALSE,1.86105211525965
281.020545061438,5.9487403301378,0.0784982444780651,1.51863189330521,7.26647541001191,9.29214242756565,1000,1.31513365571361,1.68587769691989,30.4776347192588,400,281.020545061438,1278.4,100,0.202077352875625,559.474835886214,412.969139726855,457.795848320135,394.655635278598,66.5179033585891,0.0777016300441694,7.12251608343899,336.893033670122,30.2003974786245,2.13886634901763,28.5834465026855,8,FALSE,1.89418821657327
287.081836218441,6.27666239114615,0.0872713804255284,1.46830070252385,7.55607586327393,9.42866973729335,1000,1.27637192542011,1.4352363020259,30.0190186734926,400,287.081836218441,1239.1,100,0.201255084415677,542.275711159737,402.539529019636,455.03618759542,384.885163647427,64.3389524058382,0.0862888719355331,7.12987409587105,328.916251658937,29.7506676448395,1.86700809149812,28.1736311912536,8,FALSE,1.84538748223895
275.795464952406,5.40493254850663,0.0683218472485361,1.53752681915693,6.81270567622556,9.10758831251925,1000,1.40575364912722,1.94550004618511,31.4991384980488,400,275.795464952406,1415.6,100,0.203995108356779,619.518599562363,462.581327610072,463.987714634662,408.14109847313,67.2832457386415,0.0677159798857932,7.10337503897027,384.262801952828,31.3842234622072,2.43901308166171,29.5349469184875,8,FALSE,1.96419157956126
275.785874625182,5.35814094451078,0.0677251394520827,1.52813118376768,6.77601129120812,9.09111053037882,1000,1.41588994457096,1.94827969397375,31.6092784343782,400,275.785874625182,1415.6,100,0.204206899981387,619.518599562363,463.049621828152,464.65906131928,409.141130089543,66.8652742135713,0.0671295792432259,7.10116649445523,385.109817528393,31.4935910352116,2.44581279550287,29.6396617889405,8,FALSE,1.96961664543771
275.592139694931,5.30474317460546,0.0669457915996774,1.52605244027915,6.73299752387571,9.07571508937243,1000,1.4263219824157,1.96043469709714,31.7218115894919,400,275.592139694931,1437.3,100,0.204421951675458,629.015317286652,471.449380031838,465.345747804427,410.318326424578,66.7674136113866,0.0663636212960872,7.0989618940119,393.354905001877,31.6401238520695,2.46228099742833,29.7459144592285,8,FALSE,1.97589713026338
279.241514482001,6.07894233780626,0.0790346102356698,1.62344837596264,7.35422436982358,9.35907214905039,1000,1.2725899297493,1.75877555062951,29.973527843725,400,279.241514482001,1461.2,100,0.201097261260623,639.474835886214,477.474712733725,454.763134428901,392.019512001895,71.1427586968051,0.0782283403085132,7.13333313441216,395.191042103566,29.9887268289199,2.19696722742924,28.0948451360067,8,FALSE,1.87868270771831
276.322974344415,5.21132531109498,0.0661554776880432,1.50163378061027,6.6636855268263,9.05520330005569,1000,1.45050592837692,1.92972342829716,31.9795560616108,400,276.322974344415,1461.2,100,0.204923838619405,639.474835886214,482.502263077145,466.9213933713,412.097394983897,65.6832223412309,0.0655864886741179,7.09361877462819,405.11586075006,31.9459110031113,2.4405039062151,29.9935970306396,8,FALSE,1.98595903097119
279.614018969711,5.32974136164725,0.06950831069257,1.4668736150359,6.77564404642893,9.12406845577897,1000,1.44395053368109,1.77078571389629,31.9101178678384,400,279.614018969711,1427.2,100,0.204816220408584,624.595185995624,473.347316639349,466.496510081247,408.730793947053,64.1660862477642,0.0688805035459985,7.09411668673562,397.699147443691,31.8569584434159,2.27581588218715,29.9405212402344,8,FALSE,1.96959662760396
275.106859889711,4.53620164715773,0.0570243701870484,1.39601180343689,6.12066233888469,8.78312282149403,1000,1.58305501667043,2.03220930876301,33.3200550206649,400,275.106859889711,1549.8,100,0.207501844068679,678.249452954048,519.823911270643,475.18076176863,425.995063858967,60.9879618533466,0.0565995522036097,7.06744008263961,445.748655169688,33.4156031502175,2.59743275645692,31.2595167160034,8,FALSE,2.06053830466153
273.952846162822,4.42828928330273,0.0551581614442866,1.3877681518312,6.02845027087822,8.72161413976413,1000,1.59881284142438,2.10068003554833,33.4718940875353,400,273.952846162822,1549.8,100,0.207787434534113,678.249452954048,518.915140200198,476.123165638453,428.363191750749,60.6195724188487,0.0547604461540983,7.06473713850156,445.201344539984,33.5533714007401,2.67335036514771,31.3991084098816,8,FALSE,2.07278567765371
274.555974630458,4.3724412070493,0.0547243760787717,1.37124607207905,5.98679422433193,8.7055723413814,1000,1.61303593335905,2.07353735408941,33.607665274874,400,274.555974630458,1569.9,100,0.208054361960485,687.045951859956,527.808986440272,476.96702914,429.313349225505,59.8902565633932,0.0543327162116352,7.0619509897472,454.527744852222,33.7297221155249,2.6514669575358,31.5294623374939,8,FALSE,2.07820293738009
282.644951415217,6.45815378997974,0.0863999821159703,1.67128885964902,7.66155736718784,9.5094176908606,1000,1.20023501945381,1.6034734478194,29.0761724641681,400,282.644951415217,1590.1,100,0.199414432207041,695.886214442013,526.186710654426,449.401945787624,381.531299263366,73.2991763648063,0.0854396623029258,7.15070435058099,440.600343677749,29.3585625098062,2.01057122702496,27.2521944046021,8,FALSE,1.82397805956598
272.973703638311,4.33663934057039,0.0536002224090899,1.38999555458189,5.95013513393992,8.6765427531351,1000,1.61219841441326,2.16096962319966,33.599703695623,400,272.973703638311,1590.1,100,0.208028084999838,695.886214442013,533.249380334253,476.917514315783,430.349559795664,60.709914062696,0.0532244599649976,7.06246029337237,459.018850442263,33.7384748461932,2.73995808249426,31.5166349411011,8,FALSE,2.08306875452189
275.308964477229,4.79143094873363,0.0603304642399302,1.445042770187,6.32537062933587,8.89325671264215,1000,1.53238328746013,2.00419896146124,32.8213419858951,400,275.308964477229,1530,100,0.206539614213562,669.584245076586,510.617465460286,472.095292030047,420.900285496526,63.1589817092164,0.0598558136838684,7.07718499359916,434.770208509114,32.8883384316166,2.54872532925171,30.7882504463196,8,FALSE,2.03309153957547
269.959814029441,3.15365858573325,0.038075506218862,1.14834902182117,4.9863422375433,8.00122499694724,1000,1.83185945401904,2.50122400357593,35.5578194702366,400,269.959814029441,1646.5,100,0.211811827214109,720.568927789934,556.559831584731,489.212093966884,453.168441194455,50.065922154008,0.0378845065385896,7.02532170443028,491.670167411835,35.7451688440612,3.17347463669747,33.3527021408081,8,FALSE,2.2051173294285
269.075199952365,3.25601676073852,0.0390456937622738,1.18644110752564,5.06444738184803,8.05596128312245,1000,1.8075737771113,2.53753216670598,35.3532274212708,400,269.075199952365,1646.5,100,0.211408440715234,720.568927789934,554.55902605724,487.916507092535,451.395362238824,51.7365011318004,0.0388449774004835,7.02937603326528,488.141667301107,35.53193178625,3.20033297211071,33.1580047607422,8,FALSE,2.19522266052864
268.187885962471,2.87851535761251,0.0342864625158857,1.10122325423189,4.75794332153617,7.80451567167304,1000,1.87868531151694,2.68695966776468,35.9447535377992,400,268.187885962471,1663.6,100,0.212556638659854,728.052516411379,560.680499496413,491.669420928949,458.480943106186,47.9945025831379,0.0341313531545018,7.01826417964931,497.615119770817,36.1353719072108,3.38014398626482,33.7115421295166,8,FALSE,2.23321140828258
269.291924116818,4.22130259844455,0.0507050514853799,1.43624141909044,5.83916764261386,8.59877266800468,1000,1.61663058399801,2.38138936832685,33.6417896757472,400,269.291924116818,1677.9,100,0.208085280914345,734.310722100656,560.879533795439,477.179300024193,433.27430734713,62.7280570014006,0.0503686568264836,7.06242813893923,483.894163176609,33.8868116996209,2.96531989706889,31.5445543924967,8,FALSE,2.09723528325055
267.88173700091,2.86934706030347,0.0340980642846322,1.10507508296693,4.74925005211864,7.79715654579398,1000,1.87916337329245,2.71105709587786,35.9486539506862,400,267.88173700091,1677.9,100,0.212562663301763,734.310722100656,565.492604383905,491.694238562026,458.684849463225,48.1622400625874,0.0339446504757277,7.0182389332324,502.122490259372,36.1602347925664,3.40466607079885,33.7144412994384,8,FALSE,2.23421265124784
269.650013283309,3.69159095450442,0.0444641770514535,1.28828124361408,5.41665594229165,8.31601437735648,1000,1.72405376469565,2.42655298783073,34.6280195852261,400,269.650013283309,1632.9,100,0.210001153376506,714.617067833698,548.190382430286,483.344818753787,443.212120680758,56.2147468539119,0.044204580154336,7.04319264604581,477.731503438004,34.795564678959,3.0542572815165,32.476821899414,8,FALSE,2.15119768581206
273.885797041876,1.51821795221487,0.0189012342334521,0.696339094177101,3.70165461609654,6.75091432017201,1000,2.1829874760376,3.02117622765773,38.2460921016157,400,273.885797041876,1736.5,100,0.21708620285585,759.956236323851,593.762764625478,506.476496514171,483.558640500236,30.284316368687,0.0188537049176061,6.97456044632465,546.469353860153,38.554443575048,3.83970923564258,35.8759708404541,8,FALSE,2.37012126116155
273.635367688518,1.42397525171826,0.0176929026801839,0.677065369141709,3.6269543994406,6.64401203869873,1000,2.20254330131942,3.16982146437129,38.3828091622665,400,273.635367688518,1736.5,100,0.217353704002516,759.956236323851,591.188637521093,507.366547415727,485.393229119737,29.4424304360255,0.0176512346165065,6.9720804988585,544.763282507955,38.6739099009089,3.99689885593603,36.0028495788575,8,FALSE,2.37995958340898
280.516181296292,1.07985328515592,0.0141901991586992,0.54466397529124,3.38492376679352,6.3191370749991,1000,2.30468013705137,3.12617588824272,39.0776950857658,400,280.516181296292,1747.8,100,0.218744199859483,764.901531728665,600.696218123977,511.90851822292,491.999584979265,23.6696550567587,0.0141633322783869,6.95870186102063,559.440751517375,39.4090055129948,3.99337334524175,36.6607055664062,8,FALSE,2.41698951935956
274.47497383154,1.29228865945895,0.0161642263581368,0.642495059701246,3.52745559314232,6.50373083895325,1000,2.23474902044439,3.30432950114983,38.6053390945085,400,274.47497383154,1758.9,100,0.217794104297866,769.759299781182,597.861319422896,508.817762441256,487.930270789385,27.9334210636997,0.0161294196963222,6.96791474521177,552.653758989359,38.9228782953875,4.14475264324702,36.2115097045899,8,FALSE,2.39382938991861
277.723946124497,1.15490914062969,0.0148298402536932,0.584408393435066,3.43286033263198,6.37816221068869,1000,2.27755122673764,3.24566330620716,38.8961743432235,400,277.723946124497,1758.9,100,0.218377524003962,769.759299781182,601.088459018831,510.719116850984,490.558911777961,25.4011513691954,0.014800514201292,6.96227552924031,558.179545066923,39.2281959050697,4.10268626238071,36.4874992370605,8,FALSE,2.40867510616297
269.722643957431,1.77919063763073,0.0214422349149886,0.801499833155521,3.89032919539472,6.95600092415113,1000,2.11064508070389,3.1234427080281,37.7294676478133,400,269.722643957431,1724.6,100,0.216055555115218,754.748358862144,583.719524933356,503.123754325006,478.777826391465,34.8745495511897,0.0213811754945649,6.98458305469972,532.376851892847,37.9918017004829,3.91361705483092,35.3861465454101,8,FALSE,2.34332110240319
301.762920649308,0.492048956249461,0.00786599138103317,0.346924216975081,3.0064338675626,5.51977080545632,1000,2.51402542147718,3.64220806935467,40.4105169098697,400,301.762920649308,1778.8,100,0.221428826307654,778.468271334792,609.472174343791,520.705483305396,504.498795310943,15.0577664271042,0.007857698388477,6.93312581114057,576.017667468802,40.7631555001436,4.59065400832676,37.922981262207,8,FALSE,2.48753564766272
302.224986688001,0.478390595919946,0.00768391528297427,0.347536953748242,2.99755408792451,5.47994815500837,1000,2.51880166982475,3.76524621150749,40.439613417817,400,302.224986688001,1778.8,100,0.221487125379679,778.468271334792,606.853498118315,520.898783410316,504.824142836334,15.083957556448,0.00767600095672082,6.93258454553289,573.448598243214,40.778006905902,4.71562622804045,37.9502792358398,8,FALSE,2.48933418197723
340.927401128859,0.177342078440506,0.00472024791949573,0.222313122486692,2.88394931206893,4.90419680149246,1000,2.70619574458127,3.88459818316282,41.5396875117654,400,340.927401128859,1786.6,100,0.223742643817479,781.881838074398,614.811868107066,528.246598065357,512.874290573296,9.63897523946556,0.00471725078331974,6.91096724781186,586.194828577176,41.9023687326241,4.90276031487643,39.0027465820312,8,FALSE,2.53694092973416
271.80000467133,1.32895622635794,0.0162760060364578,0.68116982025977,3.5457975240167,6.51098411363118,1000,2.21641744986185,3.5224305965995,38.4790708499623,400,271.80000467133,1798.5,100,0.217536060527389,787.089715536105,606.492225236042,507.993930474255,487.287966258258,29.6184076025811,0.0162407299651897,6.97051252756059,559.415552546419,38.832803337103,4.35652189947173,36.0892836252848,8,FALSE,2.38978722467748
367.845724460436,0.0757699430471561,0.00371843388148664,0.18714920702073,2.87730972679823,4.60821879932342,1000,2.80106177621386,4.19593752846086,42.0678701950776,400,367.845724460436,1798.5,100,0.224835277218245,787.089715536105,616.185339512838,531.802023621292,516.313695131519,8.11030875168144,0.00371657088309328,6.90051555393651,588.887664222951,42.4274022334885,5.2472898205558,39.5100479125976,8,FALSE,2.55782228248004
301.863475348239,0.48158156624933,0.00770665397781312,0.350237799196343,2.9988203723722,5.48163539715739,1000,2.51687673962976,3.78801829667346,40.4278935458358,400,301.863475348239,1782.1,100,0.221463066403636,779.912472647702,607.480201240391,520.820916994265,504.748897830537,15.2013488377652,0.00769869303394102,6.93281860732303,573.944672005339,40.7690927394445,4.73771581992215,37.9390144348145,8,FALSE,2.48887911102134
548.033642138919,-0.152582964305096,0.003,0.167062558938946,3.05602571146707,3.82290392816009,3000,3.20739373605121,4.63236134631748,44.1444439489413,400,548.033642138919,1806.8,100,0.229202069244519,790.722100656455,625.676786621455,545.954605145167,526.301904252488,7.22552915304639,0.00299877985231025,6.85874999413357,598.452489605541,44.5040550971838,5.81607941483671,41.5212631225586,8,FALSE,2.62318082638274
526.035793735628,-0.139652958748326,0.003,0.167551421067417,3.03061651437544,3.86614420295116,3000,3.16917244739942,4.66480144749951,43.9606676488007,400,526.035793735628,1806.8,100,0.228812682874772,790.722100656455,623.545043113777,544.690840418256,525.485435135177,7.24794438801633,0.00299878050883228,6.86244395499556,596.411118030281,44.3139833812443,5.83638873488655,41.3429660797119,8,FALSE,2.61770156908879
654.368985936408,-0.200673233587512,0.003,0.183436453357143,3.17046845702615,3.68771131603455,3000,3.36920793399875,5.18659498521043,44.8989601970955,400,654.368985936408,1805.6,100,0.230805144702181,790.19693654267,619.341300911886,551.166209693598,529.666038911801,7.92799183360467,0.00299877715776134,6.84363049925994,591.465804517251,45.2076615519327,6.42129187145654,42.2531795501709,8,FALSE,2.64578064692456
569.25064122454,-0.163007665471643,0.003,0.16416809670061,3.08062940895586,3.79005041004156,3000,3.24230299185461,4.51857172874975,44.3103917058191,400,569.25064122454,1798.4,100,0.229554041378715,787.045951859956,626.12639470424,547.097657542506,527.040123266752,7.09921727601859,0.00299877925954988,6.85541820530121,598.970614698777,44.6690801082184,5.71333915283984,41.6822547912598,8,FALSE,2.62813691455925
622.931085311411,-0.188956817248009,0.003,0.17980934877836,3.13768297333688,3.71293231217298,3000,3.32493525902838,5.07303947030757,44.6961858806755,400,622.931085311411,1798.4,100,0.230373627020537,787.045951859956,617.444004172195,549.761954015911,528.759969970299,7.77273649107538,0.0029987778817716,6.84768647280911,589.827951963966,45.0010511572148,6.2938482456131,42.0564956665039,8,FALSE,2.63969021417164
397.481021621864,0.00432189135616934,0.00304037180461785,0.160189529089858,2.89350928092077,4.37504410370108,1000,2.88862270895838,4.41652051422567,42.5397401581074,400,397.481021621864,1806.8,100,0.225816703428798,790.722100656455,617.871954314541,534.993536071663,519.160277053195,6.93888482018782,0.00303912449133129,6.89114160083166,591.548539492784,42.8988400207305,5.49787396633666,39.9643173217773,8,FALSE,2.57542283633008
770.444533985253,-0.230289303299303,0.003,0.182622251242913,3.28523876454139,3.65044982928842,3000,3.51260156031633,5.11752209550418,45.5378940721823,400,770.444533985253,1790,100,0.232168178712368,783.369803063457,620.362852779848,555.608561843845,532.53106272847,7.88798522829675,0.00299877487714925,6.83088562965464,592.342333046704,45.8372199557725,6.3969014005676,42.8728389739991,8,FALSE,2.6650550981832
842.344374261291,-0.244134979737464,0.003,0.185046065111864,3.34923971415789,3.65172265350036,3000,3.58971853582042,5.18071104873075,45.8708085357346,400,842.344374261291,1790,100,0.23288039037534,783.369803063457,621.802583707722,557.933848404772,534.030195920188,7.99013380269173,0.00299877368928814,6.82426621561081,593.557112878324,46.1690003314507,6.48393636026296,43.1956586837768,8,FALSE,2.67514985195782
907.216696409059,-0.256242365524076,0.003,0.191853011048,3.40180608313193,3.66216483323221,3000,3.65368811414082,5.41820205496454,46.1415830344281,400,907.216696409059,1784.7,100,0.233460677844362,781.050328227571,617.147938330272,559.830485906783,535.252849465019,8.28190782823171,0.00299877272337841,6.81889308245731,588.710167505268,46.4095810302076,6.74111295537364,43.4581956863403,8,FALSE,2.68338734808779
952.3836452037,-0.266100780505001,0.003,0.195417605609432,3.43668401389086,3.58545154033459,3000,3.69526093788948,5.54280776852507,46.3150252326214,400,952.3836452037,1778.9,100,0.233832853196092,778.512035010941,613.823646542765,561.047898214794,536.037625364657,8.43438534037592,0.00299877210478483,6.81545642947026,585.307818582449,46.5621564339971,6.8784666573546,43.6263484954834,8,FALSE,2.68867673713797
991.706359634001,-0.283557918529963,0.003,0.192283449311388,3.46762330249786,3.49951055725149,3000,3.72915886570109,5.41297888875165,46.455009586362,400,991.706359634001,1778.9,100,0.234133505863804,778.512035010941,617.751888155908,562.031912831453,536.671951902212,8.29800172713684,0.00299877160558522,6.8126856041614,589.204526701503,46.7186115256501,6.75900621919096,43.762056350708,8,FALSE,2.69295323565397
757.679657843474,-0.230898303514052,0.003,0.19374649871748,3.27080565283866,3.65064787501081,3000,3.49891279406935,5.53690566114543,45.4780365299534,400,757.679657843474,1794.1,100,0.232040269874024,785.164113785558,612.14035318924,555.191250801908,532.261990067623,8.36895252707819,0.00299877509075777,6.8320773354703,583.93887711444,45.7366087304981,6.81203885907896,42.8147926330566,8,FALSE,2.66324389689683
921.66048793531,-0.25792763135236,0.003,0.189356518565867,3.4137683634009,3.65723219148589,3000,3.66701254228738,5.37056274117169,46.1973866397848,400,921.66048793531,1729.6,100,0.233580381546186,756.936542669584,597.885916238747,560.221961938533,535.505205514312,8.17370316075886,0.00299877252434144,6.81778693648235,570.177674949329,46.3712386072099,6.69756333824543,43.5122985839844,8,FALSE,2.68508805580036
711.854033024844,-0.216920940243901,0.003,0.18164322692815,3.22907072236631,3.66110279648326,3000,3.44359508357435,5.13097472313468,45.2337368736823,400,711.854033024844,1761.4,100,0.23151868995016,770.853391684902,606.784644070835,553.490494982091,531.165258995878,7.8479791637989,0.00299877596267112,6.83694598822233,579.319246084729,45.4745101950594,6.38890756383565,42.5778732299805,8,FALSE,2.65586364370183
849.205493245646,-0.24531348498108,0.003,0.184371915626539,3.35510876357988,3.65222338574427,3000,3.59668889548352,5.18622692903769,45.9005463700257,400,849.205493245646,1753.4,100,0.232944076077365,767.352297592998,608.159806653363,558.141910875342,534.164325661441,7.96079828118853,0.00299877358319676,6.82367563996658,580.386008792514,46.1321074903277,6.49160140185106,43.2244930267334,8,FALSE,2.67605334329233
278.915697532564,0.965845589359751,0.0125245115438951,0.543457142175215,3.2910780403082,6.11448871357982,1000,2.32484897148404,3.67655311258591,39.2112662090374,400,278.915697532564,1742.4,100,0.21900114533157,762.53829321663,586.607160817088,512.785059111843,494.346028584732,23.6144039878873,0.0125035704805294,6.95644969146455,545.809716855364,39.4641677757665,4.55341229358198,36.7819633483887,8,FALSE,2.42930286064872
877.925121170316,-0.253373383022327,0.003,0.194309532688019,3.37668378476345,3.65625784196896,3000,3.62604605502074,5.5752334332277,46.0251643179249,400,877.925121170316,1725.1,100,0.233211073557584,754.967177242888,590.284553338921,559.014440471799,534.726799756156,8.38888458311604,0.00299877313864273,6.821202065355,562.658843390348,46.1651488524949,6.88964839546062,43.3453216552735,8,FALSE,2.67984266265141
986.903088083276,-0.283596822270578,0.003,0.20267404531568,3.46094177119483,3.50664899033607,3000,3.72607209808858,5.82757251286227,46.4423152878704,400,986.903088083276,1755.2,100,0.234106231562238,768.140043763676,599.775085580805,561.942625422372,536.614393965763,8.74651458552231,0.0029987716508521,6.81293676676614,571.394311415181,46.6168301624546,7.1726566497439,43.7497501373291,8,FALSE,2.69256515054128
915.009853177958,-0.257428771738638,0.003,0.189363109946869,3.40802452847922,3.6631370207683,3000,3.66099053561569,5.42751688232086,46.1721912236386,400,915.009853177958,1670.4,100,0.233526330357638,731.028446389497,574.196083199585,560.045184476712,535.39125008535,8.17418459617762,0.00299877261420583,6.81828631249988,547.277637577585,46.2317866471818,6.75266958413656,43.4878711700439,8,FALSE,2.68432005359466
400,-0.371532112847322,0.003,0.191017007720475,3.50018337753923,3.40563451438705,3000,3.76624074480419,5.43317076682206,46.6066923853095,400,400,1693,100,0.234459557921673,740.919037199125,586.294705892946,563.099621778048,537.360248219048,8.24215269756991,0.00299877106473312,6.80968612588161,558.812470414392,46.7143843878073,6.79051385653934,43.9090976715088,8,FALSE,2.6975947138007
889.340283399695,-0.254158447204179,0.003,0.18993946554726,3.38684482120699,3.65779635778286,3000,3.63684401259471,5.47037776868932,46.0707468362204,400,889.340283399695,1656.2,100,0.233308783471544,724.814004376368,567.055361367189,559.333848094149,534.932701432173,8.19985924371398,0.00299877297604572,6.82029779544619,540.370504997819,46.0980026051175,6.7881134268111,43.3895168304444,8,FALSE,2.68123000577597
975.406026179645,-0.275819993050287,0.003,0.196917776724476,3.45320623850874,3.52989853940453,3000,3.71585721084199,5.69787354396937,46.4002315643754,400,975.406026179645,1665.6,100,0.234015826964311,728.927789934354,568.570768459991,561.646698814757,536.423629642856,8.49844151263692,0.0029987718009228,6.81376956414846,541.475593154114,46.4255776573638,7.03983504320509,43.7089525858561,8,FALSE,2.69127897851929
400,-0.460317725546486,0.003,0.201038472163257,3.51961136434404,3.33871673352223,3000,3.79308958758938,5.87448018568475,46.7155878827457,400,400,1616,100,0.234693811556554,707.221006564551,548.890343690484,563.867084614082,537.855009917701,8.67366336874054,0.00299877067648914,6.80753461483798,522.213073495254,46.6370391977546,7.23999919669047,44.0146560668945,8,FALSE,2.70093181585123
935.646802249461,-0.266270905028759,0.003,0.203814455219932,3.42065233984448,3.61846360693505,3000,3.68119382596197,5.97026139420762,46.2565565060832,400,935.646802249461,1665.6,100,0.233707348321549,728.927789934354,560.914790437864,560.637277345625,535.772928472732,8.79729212454322,0.00299877231330778,6.8166145107762,533.815650671255,46.2467407898072,7.30161067613161,43.5696640014648,8,FALSE,2.68689250461841
794.710724211675,-0.235852957775581,0.003,0.179048047116717,3.30696353930388,3.64688781258104,3000,3.53963526640347,5.20093894177739,45.6554235145716,400,794.710724211675,1537.4,100,0.232419455221306,672.822757111597,524.523651645167,556.428630605839,533.059796075853,7.73273628886972,0.00299877445776085,6.82854710188948,499.780175815338,45.4888184062018,6.48869198487444,42.9868087768555,8,FALSE,2.66861473771608
927.671241814823,-0.260526283370801,0.003,0.189096277067979,3.41753579089411,3.63671935769221,3000,3.67287245834174,5.51057188899473,46.2218641973276,400,927.671241814823,1565.5,100,0.233632900260297,685.120350109409,533.379065333306,560.393742796296,535.615939890197,8.16227862681557,0.0029987724370392,6.81730186834336,507.813715316577,46.0824505520549,6.83936992710469,43.5360298156738,8,FALSE,2.68583438165383
274.562302197439,1.14443046086277,0.0143249550151902,0.592058121649409,3.41298365068009,6.27881151185849,1000,2.26814688372182,3.63431840474758,38.8327443974908,400,274.562302197439,1493.4,100,0.218241582844393,653.566739606127,491.264310620997,510.30398585493,490.832835651462,25.7352644146789,0.0142975957475566,6.9637528365648,451.382864801674,38.6390836521389,4.48906188806482,36.4232355753581,8,FALSE,2.40950882213268
810.184447852701,-0.239352975471576,0.003,0.17995716520427,3.32041764089854,3.64667158622073,3000,3.55643224519731,5.26949719276757,45.7279973532848,400,810.184447852701,1493.4,100,0.232574702754789,653.566739606127,507.126924175961,556.935472081973,533.386562023672,7.77146021177436,0.00299877419880989,6.82710397922877,482.904651705998,45.475220371283,6.56244526688571,43.0571823120117,8,FALSE,2.67081504127308
657.524924137897,-0.201594818329357,0.003,0.174425196492269,3.17384865773299,3.68008839011215,3000,3.37346386756337,5.16710983215276,44.9183123249902,400,657.524924137897,1437.5,100,0.230846354058627,629.10284463895,481.405812698224,551.300367812112,529.752589399087,7.53839240653159,0.00299877708866975,6.8432436927078,458.403867303487,44.5618920064933,6.40313945153677,42.2719497680664,8,FALSE,2.64636255692379
717.408320309085,-0.219550434101067,0.003,0.178354624926414,3.23363068481509,3.6544027103131,3000,3.45071432719497,5.29142225926675,45.2653967407993,400,717.408320309085,1437.5,100,0.231586242014725,629.10284463895,481.631327733768,553.710682729683,531.307259273291,7.70566047613097,0.00299877584966686,6.83631459569801,458.397058863912,44.9008069421961,6.55157248571623,42.6085777282714,8,FALSE,2.65681901252792
690.733138764233,-0.211787615374198,0.003,0.175082745903575,3.20765907971614,3.66311566837059,3000,3.41720185168226,5.19960737529055,45.1157901179917,400,690.733138764233,1413.6,100,0.23126713868466,618.643326039387,473.384269067512,552.670777976139,530.636582078628,7.56538314634907,0.00299877638368486,6.83929935922535,450.582680883829,44.7156527158587,6.44930994855071,42.4634828567505,8,FALSE,2.65230726124118
632.319036612094,-0.193056009315982,0.003,0.173325883422434,3.14727341059364,3.69608785447121,3000,3.33853250413482,5.17710693430602,44.7587488102664,400,632.319036612094,1390.4,100,0.230506710746465,608.490153172866,462.071640576522,550.194929163712,529.039365296259,7.49202372320167,0.00299877765837784,6.84643448739961,439.773269122086,44.31303063246,6.40218582123516,42.1171808242797,8,FALSE,2.64156798598675
596.723250395983,-0.177660833215525,0.003,0.166220502965994,3.10975039200423,3.73372440240305,3000,3.28586675541422,4.92612200374196,44.5149919978795,400,596.723250395983,1390.4,100,0.22998846621299,608.490153172866,465.620735622193,548.509419171431,527.951573610238,7.1865662470873,0.00299877852881831,6.85131535802455,443.545022673995,44.0938384564573,6.13463809364615,41.8807334899902,8,FALSE,2.63425850788934
718.032367100362,-0.219139540026484,0.003,0.176868269831502,3.23466743737435,3.65497784521289,3000,3.4513359386071,5.21487544561498,45.2681579970454,400,718.032367100362,1460.7,100,0.231592134245206,639.25601750547,492.081074269386,553.729889803023,531.319645830615,7.64142360063026,0.00299877583981118,6.83625953422864,468.566027696189,44.9543539868194,6.47521922866431,42.611255645752,8,FALSE,2.65690235129344
430.538549407292,-0.0502349739060937,0.003,0.156752319200412,2.92352168315955,4.146250211352,3000,2.97305838099067,4.74439924504021,42.9814119541697,400,430.538549407292,1290,100,0.226744921250536,564.551422319475,419.202783203967,537.993797035216,521.152345110604,6.78713726478782,0.00299878400845197,6.88220207784264,399.261355553712,42.3759561551785,5.85318208975799,40.3927488327026,8,FALSE,2.58866312146706
581.95359655433,-0.172259754425543,0.003,0.169978340987175,3.09251921644439,3.74338041059273,3000,3.26331427077029,5.15902887323111,44.4094136245742,400,581.95359655433,1290,100,0.229764228193144,564.551422319475,421.640749292493,547.780577536808,527.481065116417,7.34977798341628,0.00299877890587917,6.85343183294274,400.852229186364,43.7777835828946,6.36043293768695,41.7783155441284,8,FALSE,2.63109808044577
542.382766488653,-0.151205460074902,0.003,0.16672210223426,3.04822495555865,3.8030151232489,3000,3.19820237771763,5.07753092044395,44.1004506740159,400,542.382766488653,1263,100,0.229108817762555,552.7352297593,410.688611171836,545.651878933564,526.106353496023,7.21110717140078,0.00299878000946425,6.85963386868452,390.437073838954,43.4243383629928,6.25833498584347,41.4785823822021,8,FALSE,2.62186829181376
526.306828065992,-0.141094712723656,0.003,0.164408271464124,3.03000944005669,3.83391951668602,3000,3.16996458917211,5.0197397825531,43.9644988823475,400,526.306828065992,1237.4,100,0.228820796226921,541.531728665208,401.239547620883,544.717164044074,525.502445112378,7.11195191289501,0.00299878049514476,6.86236690072143,381.409755746748,43.2466942218692,6.19157883619709,41.3466831843058,8,FALSE,2.61781569804166
542.675052996249,-0.150655087891237,0.003,0.161167265080091,3.04909390046933,3.807069016118,3000,3.19852539389466,4.89053436423582,44.1019988925188,400,542.675052996249,1237.4,100,0.229112099075137,541.531728665208,405.4050092755,545.662530385971,526.11323426983,6.97083762330371,0.00299878000393358,6.85960275891012,385.556507471973,43.4015266513709,6.071440871791,41.4800844192504,8,FALSE,2.62191447326835
538.675121887477,-0.149197624028661,0.003,0.169270405749308,3.0438557298929,3.81017150851615,3000,3.19184717133194,5.13097815821655,44.0699582868673,400,538.675121887477,1315.6,100,0.229044197914796,575.754923413567,428.929649773435,545.442128817274,525.970851661559,7.32154021954124,0.00299878011839278,6.86024664436943,407.986593180046,43.4820323795253,6.30976621316826,41.4489994049072,8,FALSE,2.62095888196012
447.653288331313,-0.0723294848907221,0.003,0.161825988759322,2.94123449731625,4.04282757758253,3000,3.0127796548847,5.05977839980274,43.1848679206458,400,447.653288331313,1120.4,100,0.227173548101828,490.328227571116,349.202858617056,539.380103573691,522.050325371138,7.00545927007598,0.00299878328117276,6.8780866552488,331.256463317049,42.2365913580675,6.1813593266726,40.5901927947998,8,FALSE,2.59467512584595
453.69939770596,-0.0792477121604418,0.003,0.160692112479469,2.94779144384387,4.02362103641196,3000,3.02623250293163,5.0136992036282,43.2531670079399,400,453.69939770596,1120.4,100,0.227317551583618,490.328227571116,351.027008072957,539.846079411518,522.352029689158,6.95592029171373,0.00299878303704926,6.87670634715272,333.061356062991,42.3121726960139,6.13960551970236,40.6564712524414,8,FALSE,2.59669575549854
427.018974577214,-0.0454049515449513,0.003,0.159657808956982,2.91991753054758,4.12612487092975,3000,2.96461640033667,5.01364236216676,42.9378212296611,400,427.018974577214,1091.3,100,0.226653154511773,477.592997811816,337.178031535503,537.697126873065,520.960097586509,6.91322808190941,0.00299878416428417,6.88308451903895,319.736206905588,41.9384319184413,6.11970002564881,40.3504447937012,8,FALSE,2.58737643595988
288.958497134199,0.654922294236337,0.00926160179870664,0.401122270798823,3.08807686417397,5.58358940842493,1000,2.43277258826379,4.07905249731793,39.9068780341519,400,288.958497134199,1061.2,100,0.220401202405109,464.420131291028,324.895299057623,517.368119626547,500.820205558092,17.4183879887829,0.00925012360544264,6.94307159404747,298.01665584948,38.908345615279,4.99784415017774,37.4410177866617,8,FALSE,2.46586024749024
425.711073691063,-0.0434950754605912,0.003,0.157385153636532,2.91864044978789,4.13297501071408,3000,2.96143477424954,4.95286977552521,42.9213604791713,400,425.711073691063,1061.2,100,0.226618507677707,464.420131291028,327.302761710276,537.585130063466,520.887514138631,6.81492849730188,0.00299878422313065,6.88341781171603,310.272910077704,41.8753823315692,6.05789989292852,40.3344697952271,8,FALSE,2.58689068394424
510.890164752215,-0.130185930286292,0.003,0.158724534301508,3.01261821259873,3.86744902563094,3000,3.14174448802416,4.88511414059509,43.8274169126956,400,510.890164752215,1151.6,100,0.228530613245256,503.98249452954,370.933454233673,543.775895222118,524.894117291836,6.86698421493343,0.00299878098490774,6.86512511111363,352.337632746624,42.9681638499022,6.04797469465732,41.2136821746826,8,FALSE,2.61373473801299
353.106846032341,0.123091479239678,0.00413287308320951,0.200040429533188,2.8755541359626,4.58654250635387,1000,2.75197967848501,4.65000470002998,41.7968701525006,400,353.106846032341,931.2,100,0.224273095586158,407.527352297593,276.359555271811,529.975571020201,514.658598683919,8.67118450110944,0.00413057358352034,6.90590520246808,259.268483208908,40.5326528418293,5.68441641805869,39.2492370605468,8,FALSE,2.54763309195383
325.163295355667,0.257309201078947,0.00540299877001696,0.249061500767973,2.90005463670262,4.89434348972169,1000,2.64232392719612,4.42024365272456,41.1735348705507,400,325.163295355667,931.2,100,0.222986915075814,407.527352297593,277.159734175221,525.792350825556,510.518704782813,10.8024526101463,0.00539907638463738,6.91823985292896,258.040196776467,39.9259587281261,5.4159822169926,38.6509005228679,8,FALSE,2.52263434768276
350.475566862892,0.133253797606053,0.0042350110109205,0.199865361715794,2.87632049889859,4.61590724532291,1000,2.74259140297529,4.53823411588441,41.7444837830545,400,350.475566862892,902.2,100,0.22416477981704,394.835886214442,267.95385277241,529.623047182819,514.3143839552,8.66402377941395,0.00423259684437737,6.90694116272776,251.13910904951,40.4419242264926,5.56935352706398,39.1989364624023,8,FALSE,2.54554732065217
346.685339909627,0.148114213297793,0.00437116877380727,0.205038013476355,2.87748580715744,4.63071740725692,1000,2.72889960939153,4.55629674694421,41.6677615193422,400,346.685339909627,839.5,100,0.224006043814841,367.396061269147,243.22748927267,529.107077125864,513.825952440979,8.88889829511346,0.004368597491973,6.90846340572298,226.978831353009,40.2483533686242,5.58263960576602,39.125192006429,8,FALSE,2.54256951291323
333.820288373017,0.208086863410267,0.00494286518535146,0.225479632425308,2.88755849353613,4.77210358971015,1000,2.67902942871183,4.42376478534913,41.3850209569809,400,333.820288373017,839.5,100,0.223422460323513,367.396061269147,244.323201232498,527.208853635236,511.951834163792,9.77769760736805,0.00493958024623253,6.91405804673335,227.203594470221,39.9771388566907,5.43253437716202,38.853775024414,8,FALSE,2.53124593256689
358.499867194513,0.104402340987429,0.00396373604561464,0.191274238736363,2.87539013101728,4.55496919645786,1000,2.77049584418235,4.60197130361543,41.8996681690549,400,358.499867194513,966.6,100,0.224486105610689,423.019693654267,291.850413576657,530.66784164676,515.299273573822,8.29038995509023,0.0039616202344029,6.90386338555367,274.630146447533,40.7079694990133,5.64280505666529,39.3481092453003,8,FALSE,2.55155892375456
323.616473657081,0.267746215215774,0.00550895963000151,0.233300329312436,2.90350486701478,4.56864044394988,1000,2.6352526964348,4.36891653456268,41.1324552359917,400,323.616473657081,424.7,100,0.222902564326791,185.864332603939,87.5477144364323,525.517536867355,510.222288610751,10.1192396504327,0.00550488242211286,6.91904758070631,75.0119071495377,38.9821941767426,5.3621083768258,38.6115798950195,8,FALSE,2.52087534097218
289.337462135014,0.638927402377631,0.00906689783858,0.365444687762105,3.07725409519794,5.04357904662062,1000,2.43784537796464,4.17538057413348,39.9388102310064,400,289.337462135014,424.7,100,0.220465082490265,185.864332603939,82.9320174108893,517.579240731649,501.168674110763,15.8686530058354,0.00905589594464785,6.94247345879414,64.9992492265668,37.7910823686173,5.09622404878697,37.4710216522217,8,FALSE,2.46778857878474
303.541393212238,0.440801784998123,0.0071780857323972,0.290411411943566,2.97337162934283,4.7325046580125,1000,2.53206758388544,4.20107970389719,40.5201397466975,400,303.541393212238,387.4,100,0.221648486925369,169.540481400438,72.9431129686622,521.43403361814,505.727967349701,12.6036349310184,0.00717117714558072,6.93108792379058,58.4696825858118,38.3141918694466,5.15683538581772,38.0258102416992,8,FALSE,2.4943295049983
283.540151012615,0.793541184169801,0.0106997629202598,0.398889775830287,3.17535648424227,5.07725551775566,1000,2.38128547609072,3.88073535696803,39.5789567407401,400,283.540151012615,374.9,100,0.219739491936069,164.070021881838,69.3500631890482,515.203789070387,497.865442014764,17.3267272225017,0.010684460118929,6.94940036883559,50.4287818587853,37.3779443251255,4.77971576522014,37.1298770904541,8,FALSE,2.44907965028602
295.287219888261,0.54824856458179,0.0082229010226834,0.326095198768078,3.02820164337881,4.82125375208946,1000,2.47944197832525,4.12917705843554,40.1981734919175,400,295.287219888261,374.9,100,0.220992604902583,164.070021881838,67.5699119445322,519.296426854399,503.198691384012,14.1565492379883,0.00821384438307124,6.93738796810775,51.7643922388894,37.9736508481082,5.06545268987423,37.7185726165771,8,FALSE,2.47960087534043
322.638603346035,0.274155668610003,0.00556898893434389,0.238452650087059,2.90546632239328,4.68628605561169,1000,2.63083689795002,4.36910104823801,41.1067461312822,400,322.638603346035,498.1,100,0.222849711040856,217.986870897155,114.955164644442,525.345603277721,510.043917417517,10.3429681321811,0.00556482272541819,6.9195552213417,101.348198183293,39.0876352464548,5.36071470699476,38.5869369506836,8,FALSE,2.51980918059864
266.527586936602,1.48092257478309,0.0174208284067371,0.649333102803983,3.64372447736456,6.01007142262589,1000,2.16224114383882,3.83455164002684,38.0997066741342,400,266.527586936602,516.3,100,0.216770539871845,225.951859956236,112.307337815734,505.524801653343,484.511169616597,28.2441324347628,0.0173804651850137,6.97807947236192,81.5305012408148,36.1255275174619,4.64855112505295,35.7261142730713,8,FALSE,2.37359240106287
264.612007954566,1.68372261082822,0.0195260345726565,0.708262070535506,3.79469989603915,6.16982756588777,1000,2.11037136083032,3.734381674628,37.7274794703967,400,264.612007954566,516.3,100,0.216031402298661,225.951859956236,112.365048495391,503.11088387463,480.764360950178,30.8179708822032,0.0194753924491634,6.98521695762377,79.1007337781137,35.7617630438036,4.52751107785591,35.3746490478515,8,FALSE,2.35283042254523
263.611871515689,1.96480018942687,0.0226185321250732,0.763032849440822,4.01177219912482,6.06596440380634,1000,2.04618912744296,3.52801080612132,37.254021873734,400,263.611871515689,410.3,100,0.215097403696053,179.562363238512,74.9958528384818,500.052983880997,475.615858700339,33.2156260021136,0.0225506933842678,6.994200448981,40.5336673929964,35.1274919750041,4.29467141556142,34.9293775558472,8,FALSE,2.32464431788675
262.693529900512,2.00564499292327,0.0229351925820239,0.767328102042333,4.04060843937146,5.20310137004326,1000,2.03356167097935,3.58154323825891,37.1591255300703,400,262.693529900512,271.8,100,0.214907324570734,118.949671772429,20.5421928422981,499.441761861974,474.901576228955,33.4055680810051,0.0228654628467925,6.99609837468319,-12.4800121305921,34.777620670252,4.3434598580208,34.8386020660401,8,FALSE,2.32052346403024
263.382894303275,1.80351015621865,0.0207279479171991,0.719834132069951,3.88417689440486,5.10010801810299,1000,2.07942802781736,3.71604476779561,37.5010423583528,400,263.382894303275,271.8,100,0.215581554911973,118.949671772429,19.0976253697445,501.646659868633,478.583722854597,31.3280624085372,0.0206709241712974,6.98959473400484,-11.8644978128321,35.1023230636522,4.49684770565828,35.1603507995605,8,FALSE,2.3406915587923
264.649381652894,1.69318582839498,0.0196412347482062,0.70534030569193,3.80229507629882,6.08830771014154,1000,2.10847720209777,3.71772469590708,37.7137140869966,400,264.649381652894,477.9,100,0.216004482924672,209.146608315098,98.3091387666301,503.021780550053,480.587660501874,30.6912235564587,0.0195899959369586,6.98546984928595,65.5897509569032,35.6828140508971,4.51003276504973,35.3618335723877,8,FALSE,2.35188051460892
291.541462228055,0.656412773492447,0.009505150987509,0.31596537688963,3.84119207397388,2.75696011812026,1000,2.09984711942204,3.61680263668361,37.6508399246895,400,291.541462228055,105.5,100,0.215769146881767,46.1706783369803,-39.7672154555294,502.614946586867,490.955729981638,13.7499973971564,0.00949314250809651,6.98992535972499,-51.9146798352054,34.995856019161,4.42234389646828,35.2497520446777,8,FALSE,2.40108788001178
288.354344533649,0.732477515156242,0.0103028990760854,0.335502040225825,4.01554224883754,2.77704368513428,1000,2.04394407423754,3.54538525752413,37.2371929989697,400,288.354344533649,105.5,100,0.214934783615831,46.1706783369803,-40.8540218897242,499.944549142986,488.351214235864,14.6058673804096,0.0102888087757774,6.99835272546343,-53.8073474458088,34.5888834067698,4.33035341661121,34.8517189025878,8,FALSE,2.38547409638193
266.496304768451,1.67504571492287,0.0197035130939951,0.6415132722548,4.15450856187897,3.67650816457415,1000,1.99865548751565,3.54322758870221,36.8937046092233,400,266.496304768451,154,100,0.214333938917416,67.3960612691466,-24.8603234245997,497.735175765029,477.137278632455,27.9357163920648,0.019652075639607,7.00267808505377,-51.2280802323434,34.3143655493909,4.2982150542339,34.5644474029541,8,FALSE,2.32925720626923
270.267422357147,1.37677850857385,0.0166659478291291,0.551139861854312,3.99933241108776,3.42522346515678,1000,2.04641104665731,3.59768720480819,37.2556843729039,400,270.267422357147,142,100,0.215038981156895,62.144420131291,-28.2863042893306,500.063696942567,481.787172046546,23.992354881803,0.0166290975800163,6.99600010630878,-50.719667537882,34.6536463193711,4.37361851729252,34.9014825820923,8,FALSE,2.35420179081157
268.416622379058,1.64192203118791,0.0195932397338275,0.609704021053146,4.47634533781206,3.5518550167054,1000,1.90857142822097,3.3912508190807,36.186700183062,400,268.416622379058,142,100,0.212898941382855,62.144420131291,-30.2177840274056,493.210663688619,474.310102909578,26.5683960317008,0.0195424837682339,7.01762979151223,-55.1141422225429,33.6076984551231,4.11550733909959,33.8761777877807,8,FALSE,2.31052239528131
293.419856596253,0.641195891123043,0.00944712308330069,0.298782085279792,4.2996390816283,2.60029734940206,1000,1.95870378094879,3.44807593705036,36.5841691126364,400,293.419856596253,94.4,100,0.213599844764615,41.3129102844639,-47.204237610857,495.750473159734,486.44755828668,13.0154148528117,0.00943529857813445,7.01235318870003,-58.4395539273997,33.9278453043522,4.20466526081042,34.2127380371094,8,FALSE,2.37143107552698
321.552214509128,0.302353891613816,0.00605315780843132,0.188502333898604,4.52353455987321,2.19646389462866,1000,1.89390274185598,3.40007306953279,36.0684251839342,400,321.552214509128,72.6,100,0.212521737612728,31.7724288840263,-58.0811264494233,492.456779096331,487.736786417277,8.21561308353137,0.00604830932661791,7.02427903272604,-64.3498159225452,33.3815733766469,4.13879631722128,33.694746017456,8,FALSE,2.37367916647822
325.776947969451,0.273325864046915,0.0057838738763614,0.175325043912367,4.44230489598421,2.19793750106477,1000,1.92439645298194,3.30598816531586,36.3132838098685,400,325.776947969451,72.6,100,0.213013669009225,31.7724288840263,-53.2929482612356,494.018466020962,489.084962178615,7.63953347676681,0.00577944381953103,7.01919162301811,-59.1378076416852,33.6433024371126,4.05592946182448,33.931318283081,8,FALSE,2.38196552678755
363.082367023669,0.0924065292108549,0.00393476302069572,0.121783504288238,4.54035649297992,1.98276572756695,1000,1.89020551800948,3.38054129468078,36.0384695730975,400,363.082367023669,60.5,100,0.212439507766709,26.4770240700219,-62.3294244326778,492.265979338839,489.803883021088,5.30797052041559,0.0039327141175301,7.02556183742212,-65.6521984595878,33.3357130380776,4.12102139950335,33.6551656723022,8,FALSE,2.38330390079526
396.953690850152,0.00581297669411307,0.00305988902372232,0.0892768833907375,4.65387800305863,1.87635271850716,1000,1.87041300801334,3.1853334762221,35.8771037897132,400,396.953690850152,54.2,100,0.212105065406117,23.7199124726477,-59.9096190021517,491.239127057977,490.002711220791,3.89177191645966,0.00305865045931499,7.02924150783996,-61.9325951004702,33.1928846308385,3.91999380578126,33.4940805435181,8,FALSE,2.38302324619511
391.57454913653,0.0169054722571409,0.00317207014972742,0.0961766666854812,4.68258826274399,1.87009913180512,1000,1.85306933369131,3.31319564768168,35.734293072266,400,391.57454913653,54.2,100,0.211818488265802,23.7199124726477,-64.9437280961744,490.331690839759,489.255346666233,4.19311403575666,0.00317073968934771,7.03222830124654,-67.1152564341332,33.0296530253627,4.0414674823758,33.35591506958,8,FALSE,2.378378002686
269.366769788904,1.46118165915101,0.0175632969571978,0.5712904022932,4.41489037621356,3.37925807792166,1000,1.91697565838045,3.54930609646314,36.2540553525426,400,269.366769788904,133.9,100,0.213014629562445,58.5995623632385,-37.9228634228729,493.640372022711,476.668330217092,24.8931361303017,0.0175224976517261,7.01682782896404,-60.9652362824433,33.6347639595066,4.27940570754446,33.9317798614502,8,FALSE,2.32227549109241
400,-0.8986488011534,0.003,0.0795568588080472,5.32197487170508,0.806072075161594,3000,1.70470648878375,2.91205447120758,34.4550167725249,400,400,22,100,0.209251136520426,9.62800875273523,-73.8011392994348,482.258977274358,483.735481511447,3.47273399043719,0.00299881452761983,7.05945146275812,-75.0493159375261,31.7491158784231,3.58673273522908,32.1125402450562,8,FALSE,2.34247652746868
400,-0.89137379821704,0.003,0.0755089190357251,5.3934701322474,0.807080330653317,3000,1.69843992698723,2.76305634139847,34.3985601319576,400,400,22,100,0.209138403117684,9.62800875273523,-69.7059824884766,481.905026908899,483.481894536752,3.29621374133007,0.00299881472959816,7.06065491800543,-70.9020591187248,31.714427785485,3.43543795933471,32.057710647583,8,FALSE,2.3408494843746
400,-1.10133155639177,0.003,0.0795794439725212,5.45344995276955,0.566841583734769,3000,1.66816656498341,2.91697928270965,34.1228543635685,400,400,15.3,100,0.208588468934653,6.69584245076586,-78.8075388531195,480.17930995502,482.240472922941,3.474812662405,0.00299881571584166,7.06653718641975,-79.9231964251469,31.4033210241551,3.57823894459355,31.7899589538575,8,FALSE,2.33289540971098
400,-0.728283057564869,0.003,0.0839764489052408,5.15678063031012,1.0086574196242,3000,1.73691595201831,3.07159835949958,34.7419618583498,400,400,27.8,100,0.20982475547843,12.1663019693654,-74.6072426253152,484.060971232805,485.021293260769,3.6646571215426,0.00299881350093427,7.05334045747594,-76.0107117188167,32.0228251027306,3.7580514158549,32.3912239074707,8,FALSE,2.35073795087905
357.316318898301,0.178994076596989,0.00658387057132597,0.00363457666978031,6.68044968083494,0.519339314148095,1000,0.340340859954072,0.0869516686658424,9.75567022959391,400,357.316318898301,10.2,100,0.1665605859264,4.46389496717724,-75.3293518415456,345.043040645393,0,0.162111936893852,0.00657828662749141,7.21513683130338,-73.7880747435504,9.40606343215205,0.0869516686658424,9.75567022959391,8,TRUE,0
371.161450567424,0.0871581830318995,0.00474510605689798,0.00733250871624077,7.56433147856415,0.507878019445639,1000,0.42071618108975,0.196759269273342,13.0057487487793,400,371.161450567424,10.2,100,0.172367232691893,4.46389496717724,-73.1100957368814,361.174071251077,0,0.326035199296482,0.00474217157811269,7.13318928584628,-71.7034795444669,12.662115844,0.196759269273342,13.0057487487793,8,TRUE,0
328.340386511078,1.58987658698672,0.0348329635285693,0.0426228227457682,6.80550563857602,1.94028200359671,1000,0.350328044336297,0.155489948711896,10.1990432739258,400,328.340386511078,40.2,100,0.167344920902434,17.5929978118162,-65.774062927699,347.2111526343,0,1.9002885439483,0.0346769871455489,7.20384687900567,-66.1379704763396,9.88519145383841,0.155489948711896,10.1990432739258,8,TRUE,0
329.050212013058,1.42441560023944,0.0315200563509688,0.0655931981401613,7.83648002368236,1.87609124991998,1000,0.4516166021571,0.251603774758059,14.092248916626,400,329.050212013058,40.2,100,0.174338071969032,17.5929978118162,-61.3312786080258,366.69073535541,0,2.91352477277078,0.0313905356036624,7.10620783939965,-62.7064139122337,13.7905926719801,0.251603774758059,14.092248916626,8,TRUE,0
327.481410724861,1.84340137790899,0.039909109368488,0.0401060546770241,6.91827372315022,2.20316808370717,1000,0.359663773001356,0.131665433968625,10.6022109985352,400,327.481410724861,46.2,100,0.168060265981006,20.218818380744,-61.9191298025702,349.191514108915,0,1.7873930582553,0.039704204113198,7.19361133389952,-62.2521608954141,10.3063786082869,0.131665433968625,10.6022109985352,8,TRUE,0
326.605476834206,2.19129496101832,0.0468747341431328,0.0405301190650533,6.62090659485879,2.52716296976735,1000,0.335712026313554,0.114742569000874,9.54574553171794,400,326.605476834206,53.2,100,0.166190081773943,23.2822757111597,-60.5177615919853,344.020049843562,0,1.80811498413034,0.0465933579091193,7.22049466014724,-60.9236314706716,9.25730446567268,0.114742569000874,9.54574553171794,8,TRUE,0
327.096733680579,1.98257454240306,0.0426956742539373,0.0919633156039279,7.86263069491,2.43748615210751,1000,0.454802106907333,0.257940372967114,14.1999988555908,400,327.096733680579,53.2,100,0.174534337986369,23.2822757111597,-56.4085178109173,367.241255231668,0,4.08441327383517,0.0424582840321757,7.10354316752209,-59.0422603998441,13.9158628880706,0.257940372967114,14.1999988555908,8,TRUE,0
370.942095284756,0.0882114920228133,0.00476619571062741,0.00780945539035869,7.55548356815821,0.507988646474476,1000,0.419773492886615,0.206661245917618,12.9713611602783,400,370.942095284756,10.2,100,0.172305099592328,4.46389496717724,-73.5097124862834,361.000492117244,0,0.347253752995353,0.00476323545295265,7.13404659051192,-72.1152033919356,12.6257966353168,0.206661245917618,12.9713611602783,8,TRUE,0
325.706134100088,2.70244151824748,0.0571090566353387,0.0862413287069745,7.10361457351719,3.07843580488603,1000,0.37575889923634,0.184142853466304,11.2733192443848,400,325.706134100088,67.1,100,0.169255536962733,29.3654266958424,-54.6860429184979,352.506772837575,0,3.84102447360906,0.0566894160519734,7.17663771901997,-57.1785547098355,11.0009548008113,0.184142853466304,11.2733192443848,8,TRUE,0
325.994167618672,2.5160556775249,0.053377186049579,0.106647861392785,8.03982944551462,2.993814163031,1000,0.477580889046597,0.239695237342074,14.9491827487946,400,325.994167618672,67.1,100,0.175903047159594,29.3654266958424,-48.9556089091179,371.086170439741,0,4.73320414258105,0.053005714373632,7.08507084811108,-52.3881575266423,14.6964117828411,0.239695237342074,14.9491827487946,8,TRUE,0
325.692360002796,2.71202183143809,0.0573008764048008,0.0717237067780924,7.40167811084647,3.11617479720593,1000,0.403926420142576,0.1567842158195,12.3814325332642,400,325.692360002796,68.6,100,0.171241513050675,30.0218818380744,-51.0395180182925,358.032425849754,0,3.19105387372799,0.0568767888094627,7.14878604764578,-52.9619256871543,12.1281707101368,0.1567842158195,12.3814325332642,8,TRUE,0
325.471512593899,2.87472229093005,0.060558511516533,0.0693708801338786,7.40476406503857,3.27921770221317,1000,0.404234818389656,0.14470190729876,12.3931323687235,400,325.471512593899,72.7,100,0.171262564109094,31.8161925601751,-49.0732455123567,358.091111899231,0,3.0863398950405,0.0600850132594505,7.14849313350774,-50.9391916253142,12.1495331982409,0.14470190729876,12.3931323687235,8,TRUE,0
325.701073580293,2.70597952194078,0.0571798955567081,0.132772305019742,8.16465270866336,3.20124749307218,1000,0.495061535483908,0.274500734947987,15.5002655982971,400,325.701073580293,72.7,100,0.176914393600251,31.8161925601751,-46.6819971610755,373.933616617151,0,5.88953431230341,0.0567530118826823,7.0715442330435,-51.2884089379116,15.2523275232252,0.274500734947987,15.5002655982971,8,TRUE,0
326.491201371954,2.24587054274604,0.0479674620422095,0.105592833663893,7.97699066785787,2.71526185787742,1000,0.469251214982828,0.262560583309801,14.6794509887695,400,326.491201371954,60.1,100,0.175409443913161,26.3019693654267,-52.9010304560816,369.698408848969,0,4.68759277761558,0.0476675388765693,7.09171043493307,-56.1985830877307,14.408548726144,0.262560583309801,14.6794509887695,8,TRUE,0
325.007457521696,3.28505026269637,0.0687742154692186,0.130296750326397,7.56642118839605,3.70634538074957,1000,0.420939345422867,0.224941047806883,13.013878107071,400,325.007457521696,84.2,100,0.172381923378412,36.8490153172866,-46.1846119041202,361.215115172977,0,5.79351460344586,0.0681628603175747,7.13298664583507,-50.7516189965364,12.7706483249567,0.224941047806883,13.013878107071,8,TRUE,0
325.28204890855,3.02983608553642,0.0636642442550979,0.125320271984289,8.53082930686776,3.58600498560921,1000,0.555908893039586,0.234701412108614,17.2773294448852,400,325.28204890855,84.2,100,0.180202050332994,36.8490153172866,-37.1205935761834,383.227432747911,0,5.54949545614416,0.0631322710062762,7.0282749387243,-41.6033952573194,17.0749724164212,0.234701412108614,17.2773294448852,8,TRUE,0
325.013786721871,3.27872038033608,0.0686474767550539,0.0727423379832481,7.81184591486029,3.72771421174875,1000,0.448653681745848,0.134244119315268,13.9913434982299,400,325.013786721871,85.4,100,0.174154406678435,37.3741794310722,-40.8455009147431,366.175747193385,0,3.23138839881974,0.0680363007281461,7.10870505859667,-43.0228823615909,13.7844497974194,0.134244119315268,13.9913434982299,8,TRUE,0
324.932127217084,3.36240860223611,0.0703231062581989,0.0749918698789748,7.7664569010586,3.80606145409157,1000,0.443287181723596,0.134585727158178,13.8068733215332,400,324.932127217084,87.4,100,0.173818972647031,38.2494529540481,-40.4690285424172,365.23567442828,0,3.33190688196289,0.0696822770130342,7.11327488842185,-42.7561521758591,13.6013943975669,0.134585727158178,13.8068733215332,8,TRUE,0
325.315195453706,3.00156863657557,0.0630982653110833,0.139463556711836,8.85769722194752,3.6330404001745,1000,0.631219182236876,0.258660226064349,19.2249583654562,400,325.315195453706,87.4,100,0.181276561067656,38.2494529540481,-35.2140068594465,393.611117087607,295.139886259497,6.17237517078354,0.0625987942910591,7.35638802965691,-40.3910630001548,17.6657426003984,0.442760833945934,17.853440284729,8,FALSE,1.37151808072723
325.358443632706,2.96542784677002,0.0623746440858949,0.132927437182899,8.43767521584557,3.50442842693357,1000,0.538751684148047,0.252843853863301,16.7967462539673,400,325.358443632706,81.6,100,0.179308964432198,35.7111597374179,-39.7172372075119,380.697147065628,0,5.88907926632605,0.0618647559160002,7.03992421860186,-44.4735616270061,16.5807868165288,0.252843853863301,16.7967462539673,8,TRUE,0
324.05300221358,4.61439239781084,0.0953906837224509,0.262537895508469,8.4283356923795,5.15230737671008,1000,0.537105115086267,0.313380532264298,16.7498226165771,400,324.05300221358,130.8,100,0.179221922925215,57.2428884026258,-23.0532917147446,380.450765837121,0,11.6317309724321,0.0942034775159572,7.04106371171471,-33.8240710881323,16.5856026856821,0.313380532264298,16.7498226165771,8,TRUE,0
325.09578891802,3.19862522277704,0.0670437886133068,0.134754774295317,8.86699310993076,3.83278947637324,1000,0.633872505611046,0.235822758924345,19.2892618735057,400,325.09578891802,93,100,0.181392507664535,40.7002188183807,-32.3481285125253,393.957506901931,295.571851363247,5.96361814242078,0.0664800716109115,7.35496192055204,-37.3896212606401,17.7416864798398,0.420869289279873,17.915470123291,8,FALSE,1.37379175021467
324.491730471031,3.89488613378448,0.0809845236161889,0.11765801717724,8.09970148961577,4.38120389762899,1000,0.485801755342159,0.174349744131355,15.2108173370361,400,324.491730471031,104.8,100,0.17638271664288,45.8643326039387,-32.2380169339791,372.436001594999,0,5.22054216924283,0.080131721897739,7.07864244493507,-36.5478741270836,15.0343150222747,0.174349744131355,15.2108173370361,8,TRUE,0
324.025931645117,4.66720790145377,0.0964481708349536,0.156919046895235,8.14648449058359,5.16053298250496,1000,0.492433775284817,0.189196860116287,15.4186792373658,400,324.025931645117,130.1,100,0.176764422607751,56.9365426695842,-22.7075286037347,373.511029776223,0,6.96118420007997,0.0952401660810943,7.07354355452795,-28.9453817529379,15.2787912214404,0.189196860116287,15.4186792373658,8,TRUE,0
324.204889246134,4.33806929908063,0.0898580636461647,0.214511384170107,8.9919086686258,5.01298817725668,1000,0.674287557805089,0.270421582019523,20.2367774058219,400,324.204889246134,130.1,100,0.183063229161509,56.9365426695842,-17.1520295980445,399.08813053774,306.959942654882,9.48513849334764,0.088845722261767,7.33597972928526,-25.9886432680235,18.685257639543,0.473029798226098,18.8063631057739,8,FALSE,1.43041430004805
324.850130710959,3.45070068150252,0.0720909155096555,0.158428567381528,8.81874257976291,4.07156152394999,1000,0.62051171838133,0.255340477691108,18.9626862702816,400,324.850130710959,99.4,100,0.180967917026288,43.5010940919037,-31.0001569616035,392.200676337471,274.185298777178,7.01284270748575,0.0714394877936616,7.35434799900339,-37.1000806293709,17.5157386581061,0.424414745223278,17.6881909370423,8,FALSE,1.27449533323933
323.007758354954,8.08490232827435,0.164878225677747,0.71230574700407,8.71687908922384,8.88459213261953,1000,0.595142627356826,0.382314368320454,18.3227691847335,400,323.007758354954,636.8,100,0.180652830922823,278.687089715536,167.274975906575,388.775252819219,172.092232666906,31.5353449575039,0.161495355321211,7.32199659947857,132.471219059799,18.1377851193809,0.48654263071671,17.5192985534668,8,FALSE,0.803470631266741
323.097173705482,7.62229548209486,0.155615779156405,0.646551833180649,9.03583602296171,8.32325022920055,1000,0.691383796793415,0.423290541403253,20.6206109421799,400,323.097173705482,346.2,100,0.18415915296639,151.509846827133,61.6334272725026,401.1807167605,263.574486125562,28.5728458906128,0.152593517952864,7.3088534959629,32.2480365552459,19.5386432411547,0.602540433749014,19.3878116607666,8,FALSE,1.23279928141332
323.915132406604,4.89652318525033,0.10103958700234,0.295295508077537,9.04943828828466,5.59454179390416,1000,0.697113210453938,0.325509725963604,20.7471234733717,400,323.915132406604,151.4,100,0.184016180746214,66.2582056892779,-9.29780274136866,401.872238397956,307.430757993117,13.0508461427614,0.0997592819219667,7.32357179954783,-21.8008680225151,19.2103251998588,0.534464293716809,19.3120880126953,8,FALSE,1.43503546067638
320.736717835049,8.23069262771112,0.163035994090798,1.03983168221997,8.91250975592435,9.28489218667233,1000,0.66167224884806,0.537970779082072,19.9472542815593,400,320.736717835049,925.1,100,0.183044404347759,404.857768052516,274.650159126598,397.515130956663,246.372157737304,45.9791100748741,0.159725770263064,7.31800433260834,223.090901870566,19.8384985879986,0.699650037656677,18.7963552474976,8,FALSE,1.15089903406173
315.221447125973,8.21450654788696,0.15212866916564,1.1521436947727,9.04078912446861,9.5575455341838,1000,0.810972593680071,0.639893727290467,23.0663109068761,400,315.221447125973,925.1,100,0.188540377325812,404.857768052516,280.381800114215,414.708120837685,292.432777270011,50.8034042149057,0.149220401517402,7.26099995100264,223.767997474576,22.7430331242889,0.867321818686586,21.6895203590393,8,FALSE,1.37679054783675
319.656706010876,8.23109406130587,0.160851900756471,1.06736247257061,8.92322549790427,9.32248155171037,1000,0.67317321804346,0.556919721834485,20.2114221823161,400,319.656706010876,955.4,100,0.183482530162227,418.118161925602,286.161842022482,398.950187619478,252.973688821419,47.185886812741,0.157627330462438,7.31437807113053,233.127898645145,20.1186689076471,0.725278460370391,19.0290989875793,8,FALSE,1.18232319473684
319.658786472515,8.24667171546792,0.161160257307375,1.08377408855472,8.94767429873859,9.36304460574043,1000,0.682620602683074,0.556834579981623,20.4250662437438,400,319.658786472515,988.4,100,0.183854252611695,432.560175054705,299.152367763195,400.113619284188,256.363637200816,47.9023133384611,0.157921789187804,7.31058140590616,245.086362710014,20.3723322704869,0.729456296482575,19.2262771924336,8,FALSE,1.19878905131021
311.784303061191,8.12599446817599,0.144625341988944,1.21647430163767,8.96941238616618,9.58673669208882,1000,0.83068539754758,0.710511584507927,23.4344843334428,400,311.784303061191,988.4,100,0.189165817151454,432.560175054705,303.364196659793,416.773765467358,301.236791038832,53.6231770878233,0.141992468284114,7.25556465042916,243.395260749768,23.1619590381436,0.949327153957113,22.0151815414428,8,FALSE,1.41930279199997
317.552892167356,8.27035478267872,0.157495305400196,1.08866564119292,9.06832387545102,9.47364066219789,1000,0.77868394693433,0.595059983659606,22.4434771728313,400,317.552892167356,844.8,100,0.187437126596131,369.715536105033,249.5915639277,411.231192755016,282.970799462058,48.0310642561551,0.154385080456622,7.27231491683426,196.495998777445,22.0369822240257,0.807868299458311,21.1133069992065,8,FALSE,1.33017017362483
309.777789499008,8.10042459556746,0.140964019497743,1.25835572519077,8.85809250627883,9.46879997947918,1000,0.745114019540808,0.754203343736473,21.7679246252866,400,309.777789499008,1112,100,0.186099216310003,486.652078774617,343.487628493003,407.484731586261,289.312875325627,55.5552510665039,0.138473676726014,7.29134934243828,280.766298065558,21.7278543268415,0.963346497507165,20.4114923477172,8,FALSE,1.35643227756935
302.784363815686,7.79969563872328,0.125965634766294,1.36904835900527,8.72729326343788,9.64352504596813,1000,0.919374167802084,0.92414394907646,24.9895683337047,400,302.784363815686,1112,100,0.191925660779802,486.652078774617,349.011167214291,425.583848479886,326.849757922143,60.2655111435688,0.123956089157897,7.22792460270354,281.276812513136,24.7740264145927,1.20555969663679,23.4436988830566,8,FALSE,1.54586945064813
307.259376151018,8.04877209462599,0.136261378650453,1.30515383289859,8.8270274704013,9.4981059882918,1000,0.766867920296864,0.811987557030821,22.2090747007248,400,307.259376151018,1144.5,100,0.186863562005506,500.875273522976,355.31609218393,409.928335722313,297.494047644241,57.5990451121008,0.133930692486374,7.28384391509835,290.270300153133,22.1751715401474,1.0321928006307,20.8128480911254,8,FALSE,1.39622660959945
306.997888299123,8.04170970627992,0.135758995973597,1.3078531053766,8.83176743099834,9.51336195733063,1000,0.778828052527341,0.818185054911978,22.4463138850921,400,306.997888299123,1132.6,100,0.187291024849354,495.667396061269,351.406927832356,411.246978778039,300.12314193314,57.7056991031587,0.133443836758111,7.27910208666968,286.333868973743,22.3815546337981,1.04324366281465,21.0368305842082,8,FALSE,1.40948330088389
298.781039295246,7.6143439910759,0.118108282839572,1.42029169324196,8.58372011554103,9.63264927501968,1000,0.962409461821848,1.03427740297837,25.6908567539507,400,298.781039295246,1132.6,100,0.193186680067157,495.667396061269,356.175648993858,429.602258132582,337.483130921423,62.4820540195175,0.116336758763725,7.2150906516405,286.03490618211,25.4470942724124,1.33582203981973,24.0918564796448,8,FALSE,1.59900027430587
305.510252215062,7.8998045832598,0.13126321871324,1.31308618451867,8.80824344504181,9.62661006454653,1000,0.899085401970324,0.854812509820423,24.6474819009669,400,305.510252215062,1042.5,100,0.191323960521311,456.236323851203,323.611810061765,423.633941819363,320.378787172494,57.8193997195686,0.129084267687967,7.23369896604096,258.943615782754,24.3571499025094,1.12575473016061,23.1334271430969,8,FALSE,1.51405475787003
293.026145807378,7.57125490931631,0.111121981113921,1.55730039908325,8.48870366491742,9.58457203019598,1000,0.91092229804824,1.20816344105746,24.8479888610072,400,293.026145807378,1327.4,100,0.191549764263701,580.919037199125,421.171938840011,424.776025070043,338.237753873297,68.5652113225212,0.109556815187998,7.23553294809565,343.512748340259,24.8729112542126,1.49653484407644,23.2499408721924,8,FALSE,1.59804798881484
298.000101785648,7.7636387351934,0.119502271789099,1.476056287772,8.63810346746806,9.58639757807352,1000,0.866674384477563,1.05513058479747,24.084653929471,400,298.000101785648,1270.2,100,0.190188569710469,555.886214442013,401.528270786035,420.440389807094,326.255388784387,65.032396789849,0.117697468482287,7.24944803364692,327.893616600989,24.0923790918269,1.32222903914081,22.5461769104004,8,FALSE,1.53847701907058
298.568997575279,7.781855136352,0.120454484210757,1.47819802870484,8.65305842848146,9.59772129178788,1000,0.863356683812983,1.03871183048589,24.0258576725891,400,298.568997575279,1299.4,100,0.190086369765044,568.665207877462,412.811169360512,420.10781772131,325.0643703345,65.1300915932076,0.118621266802472,7.25041880024717,338.798692445519,24.0906140277503,1.30401479658589,22.4932022094727,8,FALSE,1.53265546311636
289.743178342959,7.03838545835425,0.100224878621231,1.55307999887822,8.13166420252009,9.59457765935003,1000,1.0887775774234,1.32499036865057,27.5821046135194,400,289.743178342959,1299.4,100,0.196646571113653,568.665207877462,418.136170011991,440.581075421046,362.527558217616,68.2071052249799,0.0989399993320676,7.17920986546475,340.59965994907,27.4776906409371,1.68284415756824,25.8558588027954,8,FALSE,1.726245810724
293.040142832362,7.25836412234417,0.10654334711959,1.51507003972073,8.30819676712175,9.62992527767563,1000,1.04463718278435,1.21171932346324,26.9476672567826,400,293.040142832362,1258.8,100,0.195483090350787,550.89715536105,403.465997431211,436.874948971912,353.966304936111,66.5759187089384,0.10509490968414,7.1911742533997,327.974501535947,26.8241081211187,1.54970084668809,25.2649917602539,8,FALSE,1.68267549652867
282.669529372709,7.08780884652178,0.0948439781068646,1.7088544003033,8.09904639258493,9.51626966052527,1000,1.00662940964961,1.58784917579535,26.3795135097774,400,282.669529372709,1427.1,100,0.194311299546563,624.551422319475,452.850303472484,433.575914401745,360.930178948095,75.1347449329325,0.0936969740152706,7.20712236322792,367.799317391851,26.4120955769392,1.92150345904761,24.6675300598144,8,FALSE,1.71198344996299
277.305192377418,6.15899610248048,0.078811743897722,1.6604316611095,7.40140416973408,9.34642660844571,1000,1.23959780578637,1.84315416590248,29.5708580958068,400,277.305192377418,1427.1,100,0.20031152508131,624.551422319475,460.261039889716,452.351513041459,390.455729313614,72.7912093007029,0.0780109746218523,7.14217973673424,376.899212263335,29.5059714073562,2.27038412406028,27.7019872665405,8,FALSE,1.86887082926627
280.986586059181,7.00812524179048,0.0924515913477028,1.73614784994373,8.03199405418127,9.49974064367042,1000,1.01949128563201,1.65832910158255,26.5741439154025,400,280.986586059181,1455.3,100,0.194662016251768,636.892778993435,461.965500597639,434.703941368606,364.031949732183,76.3215459082851,0.0913608618094369,7.2035908844361,375.496933388128,26.6285519027516,1.99829433616752,24.8466014862061,8,FALSE,1.72754242919642
281.505782005355,6.93017816997693,0.0918238193631378,1.73363246186957,7.98604217637513,9.52294003910283,1000,1.05172970894265,1.63862763709531,27.0513964881805,400,281.505782005355,1511,100,0.195565424373887,661.269146608315,485.940857869233,437.479288275013,367.0856245901,76.1769997345796,0.0907462515053053,7.19334607186496,398.918465975068,27.2026769046071,1.99035657426766,25.3068815867106,8,FALSE,1.74451490146993
276.897344759792,6.23706459638941,0.0795463229339367,1.68760478367386,7.45675596376732,9.36394798721379,1000,1.21678262876267,1.85921652069196,29.2860800198857,400,276.897344759792,1449.2,100,0.199764695252783,634.223194748359,466.665929300142,450.651753974028,388.53277195309,74.0021299520144,0.0787313109722255,7.14817448466867,381.988647813406,29.2547836010722,2.27801508197206,27.4279727935791,8,FALSE,1.85810722630659
283.580722497206,6.56451264220627,0.0885288781647767,1.60405995414051,7.74650451932006,9.48346008761423,1000,1.17854698189576,1.56319480258078,28.7966327635589,400,283.580722497206,1361.2,100,0.19889080198152,595.711159737418,439.91570428831,447.741579998257,378.395541811411,70.3686297675586,0.0875216881914025,7.15617230762118,359.55402443728,28.7066263728158,1.96110806697351,26.9890279769897,8,FALSE,1.80760478656916
274.949057133386,6.56906813070243,0.0824754326117743,1.81113395589158,7.68213465585873,9.41674835694465,1000,1.10967395511786,1.93939500343157,27.8735337987627,400,274.949057133386,1565.1,100,0.197063470184766,684.945295404814,500.094739686015,442.291367629994,379.331450561005,79.523862567535,0.0816032451949344,7.17817019602551,409.333381432976,28.0164145468675,2.31876186107914,26.0670113563538,8,FALSE,1.80652244240891
269.882916850455,5.39167234078051,0.0650573223126941,1.67398957967728,6.76674534204167,9.07364612858197,1000,1.37309100272103,2.25206903030503,31.1387483160701,400,269.882916850455,1565.1,100,0.203257783432492,684.945295404814,508.076713823188,461.796076951895,409.62997857578,73.2809702064143,0.0645084113412482,7.11217043034027,422.715026465173,31.2016426354939,2.73789292068825,29.1698293685913,8,FALSE,1.96891894747884
273.744426901503,6.47784873235743,0.0805541588793006,1.82329748841264,7.60794651357841,9.39310441270312,1000,1.12686405680378,2.00071282697336,28.1091887467708,400,273.744426901503,1584.1,100,0.197500463822636,693.260393873085,506.334659275244,443.677978220023,382.162515725402,80.0407885775014,0.0797214028431732,7.17359156333422,414.871786035475,28.2650623125893,2.38765666320513,26.2880220413208,8,FALSE,1.82116670545001
276.871080986156,6.55268289706262,0.0835538937548565,1.78136534379302,7.6862132399062,9.44747223618687,1000,1.13018531680686,1.8501376873692,28.1543044756656,400,276.871080986156,1592.1,100,0.197611566877886,696.761487964989,514.917162559287,443.943813793917,379.749557212561,78.1957556129414,0.0826580731711425,7.17170586442627,425.010525671346,28.3700489263644,2.23573573291277,26.344160715739,8,FALSE,1.81014375992664
267.239461087131,5.1815291285758,0.0612767938880482,1.68087883964774,6.58722383235648,8.97506182034501,1000,1.4038798957011,2.41664445554888,31.4786915415127,400,267.239461087131,1592.1,100,0.203893050754189,696.761487964989,514.976795113504,463.863162415541,414.531771802506,73.5600426145794,0.0607891610630044,7.10592774627795,429.104301780905,31.548797096371,2.91682485692502,29.4844613075256,8,FALSE,1.99423023398714
273.220187146555,5.7351823582856,0.0710238347935605,1.68191430281391,7.05269646736955,9.21570146079136,1000,1.31521843937609,2.05728375826998,30.478622963144,400,273.220187146555,1542.8,100,0.202015548083293,675.185995623632,502.039917632521,457.801808464797,401.396191698217,73.6720719879206,0.0703712716647183,7.1247318024088,416.55674298479,30.5513648787856,2.51752653799391,28.5526819229126,8,FALSE,1.92594104023144
269.789574426352,6.07463696074494,0.0732456743228255,1.8410124581763,7.28506909223481,9.28295891300665,1000,1.20778116760038,2.22038874867762,29.172252508679,400,269.789574426352,1651.1,100,0.199491615938394,722.582056892779,529.754042349004,449.97369181696,393.624196833358,80.7398555040583,0.0725545162794463,7.15254504995908,436.830547156578,29.3787549743255,2.64172957760059,27.290946483612,8,FALSE,1.88130602506697
264.476430934936,4.63469535873326,0.053692499464224,1.61233836495429,6.14191042833315,8.73495454431048,1000,1.5057617933642,2.63460614092284,32.5526833029468,400,264.476430934936,1651.1,100,0.205946500244029,722.582056892779,536.833842961016,470.439378138631,426.038411866726,70.4910161058666,0.053316636278236,7.08497151765169,453.170044927141,32.6835942868401,3.17761726983545,30.4970345497131,8,FALSE,2.05564875323369
268.647891370945,5.94730813391615,0.0710870894769537,1.8450349752646,7.18226039580368,9.24479864340084,1000,1.23245598339297,2.28901389420972,29.4822816629191,400,268.647891370945,1682,100,0.200074739111685,736.105032822757,540.759691436335,451.822311302922,396.96233681771,80.8932980164854,0.0704353348642793,7.1464233366739,447.342378883867,29.7232766713178,2.72083962545672,27.5833959579467,8,FALSE,1.89888570497244
271.605017296123,6.06599579499175,0.0741756404622508,1.81755946924887,7.29177024727184,9.31243871414419,1000,1.22314845666223,2.12488277563693,29.3660715800613,400,271.605017296123,1698,100,0.199875103129028,743.107221006564,552.041685986027,451.128716128755,393.674524679098,79.6964099493996,0.0734664624594286,7.14803569666687,459.496717673215,29.680863731407,2.55069388741664,27.4833380381267,8,FALSE,1.88273354193459
263.426163467201,4.54955370648135,0.0523008336867751,1.61982408120814,6.06877793592196,8.69376292485338,1000,1.5178225677757,2.7123259694031,32.6749818383853,400,263.426163467201,1698,100,0.206176332367837,743.107221006564,552.716669658505,471.192640503275,427.849526883068,70.8105036884792,0.0519440263461476,7.08275104736233,468.274853615145,32.8700964628945,3.26099852466317,30.6099472045898,8,FALSE,2.06503463379546
268.468451119069,4.93630472231989,0.0589222072906806,1.61435448041044,6.40232791548968,8.90412668610819,1000,1.46438668788751,2.36358243142483,32.1255583966387,400,268.468451119069,1643.4,100,0.205148121064647,719.212253829322,539.819776059197,467.815709341867,419.394730202723,70.6061603641293,0.0584703523592309,7.09262874715555,456.023531457638,32.3021027122165,2.88680767849759,30.1041502952575,8,FALSE,2.02140810138122
267.21655350774,5.73711325902385,0.0678354559495048,1.83107866088535,7.01433552702591,9.17444520188454,1000,1.27494843410583,2.38136816467218,30.0019123878064,400,267.21655350774,1693.8,100,0.201057817333777,741.269146608315,545.091193202303,454.933494777191,402.206541754642,80.2430689140255,0.0672408589233917,7.13606510844735,452.109977441549,30.2409740326528,2.83088039900172,28.0751481056213,8,FALSE,1.92676428218511
262.397189932146,4.27162560466666,0.0487386402740756,1.56480669790486,5.84304083852606,8.55175874158275,1000,1.57015594607639,2.81636827745569,33.1946330375944,400,262.397189932146,1693.8,100,0.20717598176354,741.269146608315,551.190471043521,474.403373740929,433.344290117796,68.3727724732785,0.0484281969147182,7.07262887813904,469.077188674838,33.3673462799243,3.38691722681336,31.1000843048095,8,FALSE,2.09454873278489
266.2335461018,5.59477185697668,0.0656662725074671,1.83587517319139,6.8996236420545,9.13288504248725,1000,1.3027235010232,2.44740760021077,30.3322896338162,400,266.2335461018,1764.3,100,0.201683688800001,772.122538293217,571.330714132432,456.919898875075,405.620864984628,80.428863404018,0.0651084308828593,7.12951869756078,477.396986058759,30.6764477635187,2.90855839811932,28.38738489151,8,FALSE,1.94490474230619
271.679379535286,6.35769804327559,0.0777877109198771,1.89060349098047,7.50571053543746,9.38076758625994,1000,1.1450152036975,2.10876430863257,28.3541480365625,400,271.679379535286,1773.6,100,0.197949153701384,776.192560175055,575.036707423986,445.122789553196,385.774141519791,82.9772129154381,0.0770104093384398,7.16906318138723,478.838020717229,28.797917080922,2.50435472120924,26.5146091779073,8,FALSE,1.83953885865516
261.565106040511,3.95543239675504,0.0448596830760692,1.51054888078816,5.58730075120406,8.39523333774633,1000,1.63075745967933,2.92286958462059,33.7751665466652,400,261.565106040511,1773.6,100,0.208297080766578,776.192560175055,581.724589507113,478.009650771487,439.410590347341,65.9668010467981,0.0445961357234347,7.06132673620561,500.979741559443,34.0732343863409,3.51861495227943,31.6478972434997,8,FALSE,2.12726930316553
266.030350623621,4.46043873707789,0.0522731111922803,1.56167952360987,6.012493574263,8.68870043450454,1000,1.55070532860336,2.5545149196784,33.0035463638547,400,266.030350623621,1740.3,100,0.206828423453198,761.619256017505,575.765504758086,473.22081828019,429.214631700254,68.2474506326158,0.0519163269132099,7.07567918553107,493.104178487454,33.3122202819097,3.1143757842152,30.9298524856567,8,FALSE,2.07369387819796
263.26123355144,5.05164201999066,0.0580026874864849,1.77021212234132,6.46191953556466,8.91581139667488,1000,1.40857794774119,2.67222131419462,31.5299066449886,400,263.26123355144,1790.2,100,0.203964982804298,783.457330415755,580.91034969863,464.175185442806,417.773106556658,77.466839744434,0.057565578553947,7.10579778896798,489.395879400811,31.8744759181086,3.17741660548999,29.5200462341309,8,FALSE,2.00986041085772
260.14509353351,3.44941289400463,0.0387236306499487,1.39612918050013,5.1767668118351,8.09751683158814,1000,1.72643699531308,3.13226969108687,34.649195935835,400,260.14509353351,1790.2,100,0.209988815910022,783.457330415755,587.337939013603,483.477856659114,448.889991167107,60.9210970957068,0.038526624449555,7.04447560364773,511.179101001914,34.9514705780525,3.76814075865564,32.4708366394043,8,FALSE,2.17835929643072
262.357519150827,5.00755343468498,0.0571189681537808,1.77897611590229,6.42209113690404,8.89015917831033,1000,1.41286862500781,2.73518717322185,31.5765317907044,400,262.357519150827,1801.6,100,0.204048953034042,788.446389496718,583.140571103418,464.459381460442,418.788305513932,77.847218690187,0.0566949843487181,7.10505199935438,491.187023850169,31.9248706120712,3.2427779358153,29.5615758895874,8,FALSE,2.01495590111702
263.856593264819,4.99016095060333,0.0575473200461575,1.74772898170437,6.4175608968038,8.90139984306231,1000,1.42574378387612,2.63960088022345,31.7155959858936,400,263.856593264819,1807,100,0.204326686522865,790.809628008753,589.733448829187,465.307799838862,418.974024310142,76.4696440454846,0.057116788314398,7.10191143728184,498.909838930621,32.1003688301794,3.15114949266972,29.6988550821941,8,FALSE,2.01674090369954
259.256797928096,3.35768319161541,0.0374559754227046,1.38732371391205,5.099244413408,8.03420509404205,1000,1.74067584618431,3.22649615239343,34.7751102938329,400,259.256797928096,1807,100,0.210229460072116,790.809628008753,591.437510280878,484.269465865429,450.641164036531,60.5299720738144,0.037271565780565,7.04217251481158,515.517822428482,35.0900446738989,3.8688379767063,32.587537765503,8,FALSE,2.18757252832992
264.294100397157,3.7877766900722,0.0438221273269207,1.42499097180851,5.46749489332037,8.33825914077406,1000,1.67867766861845,2.75929739788715,34.2191441214316,400,264.294100397157,1794.9,100,0.20917512188034,785.514223194748,597.784871206884,480.781485993959,442.201396159204,62.2044795570121,0.04357026972473,7.05212783560975,520.152018208364,34.5970099938913,3.37254553430978,32.0755715370178,8,FALSE,2.14357258441382
261.73901843929,4.96438116133704,0.0563732102402252,1.78239402544414,6.38470040859979,8.86780733002374,1000,1.41867950410344,2.78043864062755,31.6394511584608,400,261.73901843929,1812.6,100,0.20416624755937,793.260393873085,585.9829427209,464.843103123564,419.745064505256,77.9923846911764,0.0559601196012849,7.10391216723945,493.798793773541,31.9958100600062,3.29080627347431,29.6195678710938,8,FALSE,2.01988328736696
259.185748105905,3.31384342172486,0.0369482852052921,1.37684209628521,5.06394446105748,8.00717770914059,1000,1.74923032565863,3.24433578892883,34.8502633344517,400,259.185748105905,1812.6,100,0.210375556564498,793.260393873085,593.513986713652,484.742407467601,451.443645735207,60.0685011284138,0.0367687920490224,7.04072352895028,517.968674469665,35.1732659510655,3.89024210640461,32.6583442687988,8,FALSE,2.19191906565289
261.261993298726,4.87350173211978,0.0551509492895587,1.76801570348179,6.3109074044424,8.82582752648708,1000,1.43582381031525,2.82188202812219,31.8235963718231,400,261.261993298726,1811.2,100,0.204518290723423,792.647702407002,585.223288465011,465.967502117798,421.654550079296,77.3501409824861,0.0547553143274454,7.10029088471798,493.653837226392,32.17024566265,3.33942565280124,29.7934894561768,8,FALSE,2.03010691564633
262.175126043473,4.72212856349791,0.0537919757037841,1.71115202458916,6.19766032896572,8.77281601378558,1000,1.47404174584903,2.77642700070015,32.2262996104522,400,262.175126043473,1808,100,0.205301312368055,791.247264770241,588.74269728722,468.433533531459,424.600714467238,74.8342457621773,0.0534150940758017,7.09198913770551,499.450197429639,32.5870933588056,3.30851947454923,30.179615020752,8,FALSE,2.04668458970018
258.295150844488,3.10770312512637,0.0344321610722598,1.33067871948528,4.89533820707638,7.86525374403804,1000,1.78682866378654,3.38217357617043,35.176273666563,400,258.295150844488,1808,100,0.211006913656484,791.247264770241,589.577492640843,486.798017632218,455.2442841633,58.0371854508611,0.0342760939835609,7.0345417730839,516.060640355443,35.4718181407041,4.04416415427885,32.9639587402344,8,FALSE,2.2123149263286
262.540923112798,3.53777883643439,0.0404078303880446,1.38651901804613,5.25908948603905,8.17942000888875,1000,1.72036421184169,2.93080144220877,34.5951780157234,400,262.540923112798,1809.6,100,0.209896457529577,791.947483588621,600.649504538696,483.138549807994,447.034187550769,60.5043958283592,0.0401933818393485,7.04512179906476,524.518057080635,34.971154823455,3.56246228326142,32.4260234832764,8,FALSE,2.16915453244697
260.512319367004,4.6703510456221,0.0525679541962539,1.72810799550374,6.14734728118718,8.73122730812367,1000,1.47553523225068,2.89628011430254,32.2418237459167,400,260.512319367004,1805.2,100,0.205320990837605,790.021881838074,583.266566967495,468.528794102508,425.81268764649,75.5750726000613,0.0522079733004967,7.09202066770242,493.406878744243,32.5676436739195,3.43022374004966,30.1893062591553,8,FALSE,2.05251748676145
259.170915168973,3.15861195717337,0.035213824377271,1.33103262213112,4.94011738160189,7.90812583846814,1000,1.78068366503285,3.29172798017335,35.123462884991,400,259.170915168973,1805.2,100,0.210908212257862,790.021881838074,591.229072982164,486.46458410158,454.257502883243,58.0553257007663,0.0350506282032443,7.03542864812493,517.655462107997,35.4315141354698,3.95059125804926,32.9162216186523,8,FALSE,2.20724126633871
260.499401785785,4.68838896353149,0.0527660963035284,1.73227768236317,6.16143347162444,8.73829657320625,1000,1.4715728167812,2.89504287564599,32.2006016506653,400,260.499401785785,1801.4,100,0.205241277762911,788.35886214442,581.564074120473,468.275875367334,425.45567736268,75.7603200697799,0.052403448150158,7.09285196358588,491.579242887904,32.5192954609864,3.42741267971654,30.1500453948975,8,FALSE,2.05055625576784
261.56954027193,4.54848249345174,0.0515872355382853,1.67355405519464,6.05749984976898,8.68755722712291,1000,1.5076235846395,2.83764272599763,32.571626017647,400,261.56954027193,1792.2,100,0.205964957566477,784.332603938731,583.067966913572,470.555991145064,428.097849335209,73.1667040049521,0.0512401850152987,7.08519450662327,495.497272364472,32.8968201211731,3.38364150379829,30.5061054229736,8,FALSE,2.06552059467337
258.625694382044,2.79209863411652,0.0310077829403704,1.2311873024667,4.64560718204407,7.65281622406548,1000,1.85279127629155,3.4749568174515,35.7319926305903,400,258.625694382044,1792.2,100,0.21209399329769,784.332603938731,584.915498400141,490.317083857393,460.903053188822,53.6703898332331,0.0308809644644296,7.02377477398319,515.673530347399,35.9985644329185,4.16398391341436,33.4887447357178,8,FALSE,2.24324789487247
261.111520994057,2.92456570725028,0.0330601600189082,1.23327950758717,4.76266058332005,7.77533919745402,1000,1.83734238603747,3.20958378073994,35.6036344427867,400,261.111520994057,1800.1,100,0.211855064258024,787.789934354486,595.548607244711,489.502572240779,458.334147935818,53.7676415255925,0.0329160798426857,7.02587409977838,525.922532955908,35.9324936208112,3.89054613383729,33.3735561370849,8,FALSE,2.23007830570183
260.697296143824,4.56408224005258,0.0514400486293467,1.68373476355069,6.06484381259263,8.67743623491317,1000,1.49935509634171,2.89628773887287,32.4873191972144,400,260.697296143824,1745.3,100,0.205796606285676,763.807439824945,562.610117270307,470.037157417305,427.889034776073,73.6177297136725,0.0510950591614221,7.08705781602207,475.193541723258,32.7154977415454,3.43962682514072,30.423348903656,8,FALSE,2.06397029355836
258.48806077148,2.83557496864031,0.0314599748522566,1.23869891515502,4.67956199140222,7.67538929753345,1000,1.84325646908509,3.4685125014678,35.6528990647666,400,258.48806077148,1745.3,100,0.211938733480006,763.807439824945,566.841309579736,489.815066460278,460.130316905174,54.0017854370248,0.0313294668666848,7.02531537744701,497.821320061526,35.8363036258963,4.15368146542435,33.4139032363891,8,FALSE,2.23899582837754
260.605955891979,4.56707189182473,0.0514400158838905,1.68418320760874,6.06667747625452,8.67619925498276,1000,1.49819660482284,2.90232047773369,32.4754699149025,400,260.605955891979,1735.7,100,0.205773139866477,759.606126914661,558.676944616924,469.964269994976,427.84014384906,73.6381642737083,0.0510950392190327,7.08731355913781,471.353497703993,32.6853538372749,3.44526355444635,30.4118099212646,8,FALSE,2.06365999363786
270.493496160423,6.44474480122503,0.0781307403866572,1.91572428363609,7.55792317085723,9.3677390599499,1000,1.11003023073356,2.16678491059942,27.8784548382607,400,270.493496160423,1724.4,100,0.197037739514918,754.660831509847,551.153839924528,442.320290108377,383.163162831696,84.1173110136776,0.0773477165571523,7.17936434117826,454.561094285568,28.2184227257779,2.54984282549202,26.0539878209432,8,FALSE,1.82446701731751
258.437841492711,2.7035044616693,0.0299840818534501,1.19825277479809,4.574277760414,7.57793151827634,1000,1.87007705337208,3.53249992842641,35.8743500810543,400,258.437841492711,1724.4,100,0.212371515711641,754.660831509847,558.577131299449,491.22161776717,462.506390407271,52.2278759762533,0.0298654372501192,7.02106800149906,491.482999985525,36.0154356684579,4.22881376770837,33.6224308013917,8,FALSE,2.25191927966263
261.933588576475,2.53020444532079,0.028772584966902,1.10073439256544,4.45231054593287,7.49487013020318,1000,1.92145490447758,3.30515750572559,36.2898334531795,400,261.933588576475,1742,100,0.213200455638113,762.363238512035,575.725496993506,493.868741086233,465.410866018529,47.9586935964136,0.0286631859948264,7.01264149958383,512.194898607005,36.5178961611533,4.02057302588877,34.0210494995117,8,FALSE,2.26878395366779
260.560539062731,4.52966789440317,0.051002114172764,1.66186761869315,6.03695948335924,8.64845728063564,1000,1.5058974230581,2.91023513580931,32.5540640521554,400,260.560539062731,1673.3,100,0.205924848279301,732.297592997812,535.491043940442,470.447877418948,428.577092461306,72.6571751088118,0.0506628922340552,7.08574896595645,449.762933865834,32.6562751882403,3.45629929073769,30.4863929748536,8,FALSE,2.06767107730176
258.761183040316,2.59958423704242,0.02889755632569,1.15617164578359,4.49317319664055,7.49825765909663,1000,1.89291749550357,3.55471998248554,36.0604482498205,400,258.761183040316,1673.3,100,0.212737116127245,732.297592997812,540.118475835316,492.405965264352,464.354443325551,50.3850394273439,0.0287872822166356,7.0174570373564,475.323798613899,36.1138849462687,4.26030580042048,33.7983675003051,8,FALSE,2.26208074951539
259.679731673914,4.42409836956171,0.0495007739446742,1.64733680920959,5.94873532912338,8.58753142705528,1000,1.52329719843079,2.9871663680065,32.7301752982206,400,259.679731673914,1658.2,100,0.20626030429135,725.689277899344,528.22263694433,471.532884692395,430.720693130301,72.010329236018,0.0491810166356904,7.08240155443301,443.302051857063,32.7909027782139,3.54086801078024,30.651180267334,8,FALSE,2.07899503088663
265.459716529503,5.57651722439392,0.0650755748158341,1.8179133965805,6.88058270576453,9.09781010730405,1000,1.30193364594768,2.49467597358994,30.3229922082421,400,265.459716529503,1645.6,100,0.201660467528573,720.175054704595,524.776333200925,456.863909004396,406.11706737191,79.6428617010135,0.0645277111330371,7.12989766732039,432.889713444089,30.4513571005747,2.95612440452753,28.375811735789,8,FALSE,1.94718047245311
257.057625766587,2.61023627959669,0.0286701684256777,1.18135558050751,4.49382426670516,7.48076902288176,1000,1.88291225256337,3.71009577548239,35.9792059704048,400,257.057625766587,1645.6,100,0.212570463796716,720.175054704595,523.402709124682,491.888668130419,464.253235011662,51.4865671450876,0.0285616472453882,7.01924695857462,458.044741843933,35.9489693014017,4.41261149774872,33.7181949615479,8,FALSE,2.26101100885689
261.025444249112,2.71377689450504,0.0306583971348445,1.1571235309218,4.5943003455948,7.61134935303435,1000,1.87982421545253,3.2989613267082,35.9540439995665,400,261.025444249112,1687.8,100,0.21253938978838,738.643326039387,553.071412589595,491.728536030093,462.152314534779,50.4312076187058,0.030534333798775,7.01917346195425,487.867654589291,36.0792844316783,3.99762706002497,33.7032413482666,8,FALSE,2.25080265129992
259.515214649136,4.28783463450942,0.0479199650084882,1.59676235194777,5.84016989409695,8.50561469393063,1000,1.55105681221349,3.01884820425287,33.0070206248317,400,259.515214649136,1574.7,100,0.206795421939433,689.146608315098,497.759431890401,473.242299274002,433.356920631037,69.7817158096621,0.0476200116625658,7.07691231597447,415.826784774571,32.9223408434912,3.5838408145724,30.9136786460877,8,FALSE,2.09334197874404
257.983275544109,2.50955224395706,0.0277439709942988,1.12856564907396,4.4181604890862,7.40514039709761,1000,1.90795507352541,3.67829332481729,36.1817487800205,400,257.983275544109,1574.7,100,0.212971137654931,689.146608315098,499.695336228967,493.179086108001,466.011466370515,49.1765866781023,0.0276422779313385,7.01524202082851,437.244723381048,36.0415687025948,4.3906194021765,33.9108791351318,8,FALSE,2.27086964488869
258.14855484088,4.25969413313226,0.0471468325719033,1.61096063510645,5.81036239044172,8.47237076369293,1000,1.54940118639852,3.12506211373335,32.9906486063151,400,258.14855484088,1553.9,100,0.206755789542532,680.043763676149,485.608994025885,473.141079185021,434.024980669953,70.403541445782,0.0468564744588448,7.07749710113132,403.420286351117,32.842824042334,3.69038064359821,30.8942527770996,8,FALSE,2.09639582921551
261.078451017173,4.50870213149726,0.050955315966309,1.61706729777006,6.02337067755502,8.61815717824204,1000,1.51327171985175,2.87659698648743,32.6289499223895,400,261.078451017173,1534.7,100,0.206072832812607,671.64113785558,485.149185821692,470.909014184033,428.929680932454,70.693490640227,0.0506166381666821,7.08414761491626,402.740266300577,32.5025704755719,3.42523252128549,30.5591100056966,8,FALSE,2.06983991669285
257.169944439195,2.64387109186555,0.0290624346669757,1.17319261913195,4.52104918734841,7.4885223481926,1000,1.87648966728312,3.68106510891238,35.9268269475683,400,257.169944439195,1534.7,100,0.212468442217124,671.64113785558,482.279338408512,491.555369307026,463.645516814934,51.1332561661416,0.0289509450295244,7.02023695552357,418.480705813425,35.7068958271318,4.38084830007271,33.6690940856934,8,FALSE,2.25773286187486
260.227787636887,2.51391116312016,0.0282384408657077,1.09910739586266,4.43174866196233,7.43968991670074,1000,1.91718488127437,3.46538697378673,36.2557283865194,400,260.227787636887,1594.3,100,0.213125970096625,697.724288840262,514.919287482549,493.651049113707,465.812410072421,47.8894797290511,0.0281330718330148,7.01352601025932,453.25632300398,36.1945277178245,4.1801283620618,33.985273361206,8,FALSE,2.27045502531343
260.570078971977,4.4893660184487,0.050551809230293,1.6034148118531,6.00525894723986,8.584190389957,1000,1.5144959609277,2.91475135154746,32.641346741682,400,260.570078971977,1448.5,100,0.206093738328197,633.916849015317,451.377957457939,470.985384764463,429.361594696481,70.095942576492,0.050218449677411,7.08400135302262,370.503028486955,32.3573134127964,3.46425880064988,30.5693798065185,8,FALSE,2.07196693516352
257.659255960785,2.59921720121303,0.0286698150774805,1.14064598307438,4.48784957698883,7.44506471910278,1000,1.88795166606012,3.65846116962325,36.0201796759564,400,257.659255960785,1448.5,100,0.212653351876931,633.916849015317,451.499243857289,492.149510632539,464.420233113663,49.7103998730662,0.0285612832013462,7.01837925237209,389.972862907081,35.6575604809136,4.36268687766993,33.7580757141113,8,FALSE,2.2621039618451
258.510991055442,4.4034146677861,0.0488623930738035,1.61594703847998,5.9258523120584,8.51552959183745,1000,1.52108298430493,3.07581860218515,32.7078762330766,400,258.510991055442,1424.1,100,0.206210255554583,623.238512035011,436.390842074731,471.395398269796,431.233000998597,70.639873047283,0.0485508334402533,7.08307391723731,355.404054432732,32.341901157255,3.62948536263593,30.6266059875488,8,FALSE,2.08127024552781
264.783491030768,5.56680635979466,0.0646374071277887,1.77021486194761,6.8687170397131,9.03259281843341,1000,1.2997339378862,2.53623825600662,30.2970695703705,400,264.783491030768,1400.3,100,0.201606100714219,612.822757111597,430.625429928757,456.707827895328,406.402071013147,77.555229047679,0.0640969179956485,7.13059293156936,343.3621847505,29.9948462049727,2.99735017414606,28.3487126032512,8,FALSE,1.94835696711935
256.782500187215,2.72685952766387,0.0298935700621105,1.18296623879655,4.58516854805429,7.51667425753754,1000,1.85759225355897,3.67512803183532,35.7716639767307,400,256.782500187215,1400.3,100,0.212163087970659,612.822757111597,430.517725079186,490.569028443781,462.180183499182,51.5666420198082,0.0297756761400535,7.02327277289946,367.839184133356,35.3124668127787,4.36733310199407,33.5220394134521,8,FALSE,2.24962456327857
259.082324481142,2.77649501423694,0.0309344275663367,1.17061005963011,4.6353187981481,7.59477856311138,1000,1.85809817212442,3.44111308682727,35.7758385005646,400,259.082324481142,1470.2,100,0.212181848560675,643.413566739606,465.230280393374,490.595545633748,461.154162943357,51.0275737886242,0.0308081909430552,7.02286706746562,402.055408502652,35.4881634880652,4.13204039621136,33.531078338623,8,FALSE,2.2447601619416
262.679369657332,4.95683283207353,0.056672981704182,1.64718371053912,6.38453952903448,8.76605932041102,1000,1.42599722988155,2.71887676927029,31.71832082723,400,262.679369657332,1302.9,100,0.20432429555767,570.19693654267,397.106137101141,465.32443545721,419.79750253449,72.0704972622201,0.0562553974244723,7.10211425163511,315.946029666707,31.2184436986018,3.23143656565477,29.6976737976074,8,FALSE,2.02064702962258
257.439951125573,2.79665408789653,0.0308000756700133,1.17691144127183,4.6437181244181,7.54995243704446,1000,1.846322467545,3.58042989839932,35.6783768149498,400,257.439951125573,1302.9,100,0.21198365146063,570.19693654267,396.565638436536,489.976735025406,460.893417205727,51.3070402939463,0.0306749683787391,7.02497562612403,335.145348153863,35.0664566515525,4.26755091780698,33.4355592727661,8,FALSE,2.24281754218371
259.094832021027,4.59839595009837,0.0512374269906343,1.62455626684561,6.08265975002676,8.56875236037602,1000,1.48277718730574,3.00606636391738,32.3168785515821,400,259.094832021027,1277.8,100,0.205457423998447,559.212253829322,380.943431034343,468.989556973344,427.374064049535,71.0418157506738,0.0508953203003897,7.0907983139512,301.175004011264,31.708464482549,3.54395411987224,30.2564797401429,8,FALSE,2.06039881143917
265.783231638103,5.73580357205803,0.0670957863474887,1.75037135688856,7.00360583820524,9.04847530372141,1000,1.26540799897588,2.4651156033963,29.8867683599232,400,265.783231638103,1249.4,100,0.200827297270558,546.783369803063,373.776994028329,454.242711891065,402.364992715954,76.7148269578363,0.0665142504278879,7.13879546703804,288.933930231917,29.3435864202739,2.91202852567266,27.9599822362264,8,FALSE,1.9267861236968
257.279172887498,2.96890275614084,0.032660208983252,1.21821643855448,4.77998251107804,7.64992189007433,1000,1.81028411803404,3.52185701559833,35.3761962234956,400,257.279172887498,1249.4,100,0.211392336057219,546.783369803063,375.970817786087,488.061829518824,457.812269507405,53.122514323737,0.0325196850257884,7.03082767626206,313.424721060142,34.6741567211279,4.19419581820041,33.1502265930175,8,FALSE,2.22596963047808
259.09374647843,2.81785913820193,0.0313978301931302,1.15968472768025,4.66829888342751,7.59072499616103,1000,1.84969445685301,3.42238805819975,35.7063484727815,400,259.09374647843,1326.5,100,0.212046056207052,580.525164113786,411.223598517834,490.154274717298,460.408962271966,50.5545627054293,0.0312678156770487,7.02420004285376,350.100234586871,35.1695005651724,4.10982487332642,33.4656410217285,8,FALSE,2.24070745105296
259.141796349798,4.86581538849395,0.0542352298548224,1.66092352389512,6.29222561124982,8.62922920143941,1000,1.42471821918026,2.97015073208679,31.7045650166511,400,259.141796349798,1135.8,100,0.20427551872812,497.067833698031,323.851012375107,465.240458459288,422.007775440616,72.6733699540867,0.0538527309012419,7.1031420679617,244.15608622969,30.8486202238964,3.48485135165094,29.6735730171204,8,FALSE,2.03099199953073
257.678414854805,3.04943899710914,0.0336402633365099,1.21501045289774,4.84600779268353,7.66878578984057,1000,1.7957373868766,3.45597064740667,35.2525145636725,400,257.678414854805,1135.8,100,0.211152718971308,497.067833698031,334.574799634451,487.279685124673,456.337665718966,52.988699849573,0.0334912477307933,7.03316000510275,273.378603386149,34.3632280854865,4.12204681289098,33.0344505310058,8,FALSE,2.21806403266671
259.368980863329,4.65624753568226,0.0519831985341373,1.59700614003273,6.12970075661248,8.53109962018891,1000,1.47189039640827,2.97893195751152,32.2039096077944,400,259.368980863329,1105.3,100,0.205240768585691,483.719912472648,316.210724715541,468.296167604308,426.203869248863,69.8443021533356,0.051631204017574,7.09301516955392,239.438132522919,31.303780973504,3.51226679429227,30.1497945785522,8,FALSE,2.0541150292422
262.087224928959,4.57529659682942,0.052086205229625,1.51539408291651,6.08166048110042,8.5114895954426,1000,1.50484340763485,2.79902484520895,32.5433305991257,400,262.087224928959,1075.2,100,0.205913416048764,470.54704595186,314.399101008544,470.381810070069,427.511350068118,66.2536861587055,0.0517324545208661,7.08565527365152,241.13780479732,31.6441591514626,3.34351710225291,30.4807739257812,8,FALSE,2.06255667334448
257.132493676942,2.96770116596719,0.0326134916893716,1.19291455338342,4.77834084818694,7.58461211886498,1000,1.80982656910526,3.53548025282979,35.3723211357176,400,257.132493676942,1075.2,100,0.211384066842453,470.54704595186,309.868602761687,488.037309762354,457.843012517965,52.0193830318531,0.032473370510537,7.03092425331091,250.32327436971,34.3633348754429,4.20772696555877,33.1462326049805,8,FALSE,2.22608853073714
259.682139014109,3.06668616312717,0.0343136044873557,1.19081868250731,4.86930624857689,7.71394878000282,1000,1.80178711282336,3.27899942334521,35.3040728174121,400,259.682139014109,1165.1,100,0.211263174939073,509.890590809628,352.12745461767,487.605617492564,455.878503761272,51.9309490487085,0.0341585489962955,7.03185878124548,291.440548226843,34.5046616903655,3.94622159337914,33.0878305435181,8,FALSE,2.216242273894
257.444202733395,4.68958457522384,0.051648530535325,1.61396665604917,6.14448972215518,8.44131891021152,1000,1.45326342150034,3.11548452986932,32.0086711625874,400,257.444202733395,951.9,100,0.204852107649377,416.586433260394,250.733352457867,467.099631226287,425.702328055697,70.5992245015259,0.051301248690859,7.09733593938061,175.080730874017,30.8015207369195,3.64278140050168,29.9582223892212,8,FALSE,2.05044877336624
258.766167615108,3.52217493233583,0.0391544891667134,1.28841449217976,5.2279788223334,7.87843824011847,1000,1.70477348853813,3.22345462256971,34.4556192640123,400,258.766167615108,951.9,100,0.209604539397398,416.586433260394,267.22620285811,482.262755597419,447.694666850678,56.2311208637622,0.0389531998944894,7.048482209388,204.901805831185,33.2780714092099,3.85143047457426,32.2842955589295,8,FALSE,2.17132370508283
260.645404547594,4.87391756491537,0.05491174387563,1.58351709321035,6.3076966706029,8.53037146196943,1000,1.43199150571004,2.8639862031728,31.7826255242314,400,260.645404547594,919.4,100,0.20443537931429,402.363238512035,247.567229183379,465.717156029165,421.705716965527,69.2811437554619,0.0545195737936216,7.10124939012625,173.29709607905,30.5867935553866,3.38046948481143,29.7525463104248,8,FALSE,2.03007921380661
267.738365437917,5.91762382492393,0.0702461367107292,1.63877004357483,7.15401876639859,8.86925516189983,1000,1.23341874341825,2.34142656835298,29.4942521800119,400,267.738365437917,811.5,100,0.200090908365667,355.142231947484,211.190914971747,451.893802256616,397.770686164056,71.8492996396365,0.0696096413673785,7.14641357437314,135.546478413533,28.2398901571929,2.77435276033102,27.5914971033732,8,FALSE,1.90275507663874
258.426100008837,3.37089417679106,0.0373828161455112,1.23100608988607,5.10577719913538,7.68486763127447,1000,1.73387303652668,3.29048836754123,34.7150819588618,400,258.426100008837,811.5,100,0.210108200588319,355.142231947484,214.059787207024,483.89195342075,450.470220019302,53.71279816886,0.0371991582250862,7.0434753738057,155.702358285512,33.2844385733244,3.93061526770143,32.5287437438965,8,FALSE,2.18633821496532
260.976199037041,3.26852187843841,0.0369123714807402,1.18591334438954,5.0365319772124,7.75759547858821,1000,1.76707852943573,3.11383690716575,35.005887515863,400,260.976199037041,956.7,100,0.210688112375224,418.687089715536,276.821319519104,485.722859025572,452.107031605783,51.7310703615074,0.03673314249184,7.03741743042792,218.547320190982,33.8713395059226,3.76583954599353,32.8097162246704,8,FALSE,2.19617129119258
259.571207566053,5.08176182067398,0.0568163156079022,1.54911870827163,6.46374983467807,7.6929119330317,1000,1.3786018343873,2.91650863824269,31.2001504721762,400,259.571207566053,430.9,100,0.203306241330327,188.577680525164,56.5854572943598,462.168931469801,417.473131561714,67.8130087012715,0.0563972795278456,7.11330351569714,-10.9155720405542,29.1413942202074,3.41262015374461,29.1938524246216,8,FALSE,2.0062980475546
259.572727427543,4.11815975452972,0.0460431960716446,1.32089651452274,5.70676124365796,7.29203916988276,1000,1.58655126857848,3.04117871747012,33.353874227825,400,259.572727427543,430.9,100,0.207468033851444,188.577680525164,69.1390530397536,475.39054274524,436.564173641507,57.7073087506195,0.0457659413026807,7.07001560477303,11.1058457191158,31.2966817988169,3.62047089579736,31.2429823875428,8,FALSE,2.11089184028223
262.403503960376,5.14297339068481,0.0586844361304019,1.49367407334666,6.52916285211078,7.6466874093688,1000,1.3823921223019,2.7195033885857,31.24223988493,400,262.403503960376,412.2,100,0.203405320237313,180.393873085339,58.3373665583505,462.424642918638,415.926893455882,65.3827852593448,0.0582374077938751,7.11183143256484,-6.84951586209677,29.2100347125163,3.21500612739133,29.242959022522,8,FALSE,1.99928086240805
270.916976375671,6.20826615053691,0.0755135095135284,1.52141195753538,7.3958458348143,8.023510821721,1000,1.17900248845076,2.15424145336095,28.8025565537834,400,270.916976375671,402.5,100,0.198795283600345,176.148796498906,60.0166229374842,447.776717402826,389.900600186543,66.7460508202835,0.0747798554949213,7.15994211594799,-6.54763330965543,26.9097107505823,2.56360551486165,26.9409724871318,8,FALSE,1.86158406665158
259.420060396251,3.81171393089333,0.0425708206694353,1.24554742483452,5.46248276475253,7.01211042546459,1000,1.64884703073846,3.1081231152166,33.9442795684667,400,259.420060396251,402.5,100,0.208613425965984,176.148796498906,60.5753107335736,479.064037978455,442.302351169428,54.3858116182384,0.0423333116704453,7.05839133294868,6.01181757276018,31.8312366519343,3.71280916763703,31.8021202087402,8,FALSE,2.14215935972647
261.718727909259,3.75163304517009,0.0425959499596314,1.21128972374671,5.42601576347347,7.47974281933193,1000,1.67295090145531,2.94806363107041,34.1667575574921,400,261.718727909259,527.5,100,0.209058640860613,230.853391684902,114.647018552809,480.453801159378,443.177989505871,52.8787986331277,0.0423580012841183,7.05361922309824,59.9902007996447,32.3096463537007,3.56090304026271,32.0189051628113,8,FALSE,2.14785239468079
260.038122358622,5.12875311109463,0.0575326102182481,1.56618300665937,6.50254535332742,8.00421175409451,1000,1.37098417962509,2.87955317133762,31.1152087746051,400,260.038122358622,506.9,100,0.20314579032996,221.838074398249,86.1434893125103,461.653196787833,416.448316733365,68.5653064266086,0.0571030793787849,7.11493262778342,17.0902222969468,29.1964076687012,3.37230235534116,29.1142940521241,8,FALSE,2.00091472248103
257.380040440348,3.90460848756102,0.0429842253025413,1.32897339769539,5.52530594761142,7.45388252846428,1000,1.6191166801436,3.24856956733063,33.665346094279,400,257.380040440348,506.9,100,0.208060341276823,221.838074398249,92.3082171877721,477.325874090208,440.76935909408,58.0437989561112,0.0427422937324482,7.06424772244169,33.2841150750196,31.6934490908555,3.84262161297789,31.5323810577393,8,FALSE,2.13296503653971
265.69617927172,5.57286583993581,0.0651499218926087,1.50312033378133,6.88285627410357,7.58149429032077,1000,1.30328708717254,2.48045125717477,30.3389201904841,400,265.69617927172,370.5,100,0.201692206349406,162.144420131291,45.5304017587719,456.959831782863,406.118999363192,65.8507523376885,0.064600782762794,7.12952874390464,-19.7613091354974,28.296876656757,2.94229443482941,28.3916296958923,8,FALSE,1.94729049459175
267.403431482463,5.66233154488793,0.0670644437169359,1.46556413723261,6.98607041149246,7.07493467199771,1000,1.28569841816861,2.37294059295671,30.1306266089659,400,267.403431482463,303.8,100,0.201302133801511,132.954048140044,23.0876916797909,455.706621543252,403.470408434144,64.2175749614374,0.066483020390646,7.13349157428565,-40.0010808098778,28.0054167966309,2.82688827251069,28.1971104939779,8,FALSE,1.93351611498802
259.606571518329,4.02455095394075,0.0450090926269683,1.27269068768765,5.63436764876777,6.39058154264749,1000,1.60564785494939,3.05411696765122,33.5372900501004,400,259.606571518329,303.8,100,0.207823870059229,132.954048140044,22.2430264250397,476.529483593941,438.301744429562,55.5918702180532,0.0447439808509873,7.06638661659622,-32.3960688091469,31.2601851045744,3.64114457379682,31.4169082641602,8,FALSE,2.12038178594025
261.386699694945,3.92934843972671,0.0445068885399611,1.25470232427899,5.56600981739555,7.49502077987827,1000,1.63505760793961,2.94009589188451,33.8155364715046,400,261.386699694945,503.9,100,0.208374395271747,220.525164113786,103.564510918514,478.261191190597,439.913458061558,54.7917762928313,0.0442474304431061,7.06056729626589,47.3745958711499,31.9149776154589,3.53772951378244,31.6856036186218,8,FALSE,2.12993285288276
268.081644249989,2.67053311991083,0.0317834486605957,0.796770996403282,6.7739994126205,3.9706906659285,1000,1.2995953974369,2.75862611956486,30.2954354609531,400,268.081644249989,131.2,100,0.201316733058243,57.417943107221,-57.8607271955583,456.697990205544,436.765980582658,34.9123847689791,0.0316523874011005,7.1404353206146,-90.2291987841674,27.772418246387,3.25171719009575,28.2043952941894,8,FALSE,2.09104016676367
265.641183009258,2.05251259430874,0.0239848260605111,0.713545027939276,5.65615879451592,3.6337058114696,1000,1.58054080048641,3.26539943950595,33.295688834094,400,265.641183009258,131.2,100,0.207145579886533,57.417943107221,-53.9457644868005,475.029661037458,457.672299913375,31.1781380602436,0.0239094570157684,7.07790634158952,-82.7034613003138,30.6857561292345,3.86883313692245,31.0852012634277,8,FALSE,2.21048757066626
266.236577007463,3.57622477586114,0.041975618965856,1.01675369832344,6.88804531014277,4.85208503396265,1000,1.27470511879698,2.66421375813898,29.9989865239617,400,266.236577007463,166.8,100,0.200829517762117,72.9978118161926,-42.1914455865381,454.91593191,425.868658725136,44.5619723160147,0.0417474344353215,7.14384852349315,-84.3812721143071,27.557305219093,3.13827040216282,27.9610919952393,8,FALSE,2.0378945287224
269.378187931444,3.16111673501319,0.0379955742810384,0.877201818853268,6.93981218997716,4.43783418140975,1000,1.27593082064912,2.53742654815533,30.0137198992007,400,269.378187931444,148.1,100,0.200823419241343,64.8140043763676,-43.6910629928529,455.004376022437,429.636570006084,38.4458487403405,0.0378085364117556,7.14471431957221,-79.891328625911,27.5757891741354,3.0157636051436,27.9580440521241,8,FALSE,2.05567584707658
263.964504249491,2.58922513246157,0.0298835640456471,0.845526434272575,5.96028427359969,4.09825577335132,1000,1.50812946276831,3.10669031362563,32.5767690112138,400,263.964504249491,148.1,100,0.205775988828713,64.8140043763676,-47.071836123172,470.587655604457,448.822287997596,36.9692140719409,0.029766879555562,7.09159794324073,-81.6712072396761,30.0195129395066,3.67738491660472,30.4132108688354,8,FALSE,2.16355814237836
280.599584987238,1.16950160383324,0.0153783722728551,0.409812935173012,6.00172250773415,2.68452468063407,1000,1.51480587435335,2.92157018068318,32.6444833745787,400,280.599584987238,88.3,100,0.205774172588007,38.6433260393873,-62.0793879928208,471.004709457561,463.244012333091,17.9183934291769,0.0153474254706918,7.09449782896719,-77.7428685533429,30.0377096545137,3.51135073665226,30.4123177528381,8,FALSE,2.23216562174056
282.558573017895,1.17964095508664,0.015770205876322,0.389970577247981,6.93314909542313,2.4306836385777,1000,1.25091147953071,2.72090831362561,29.7101366730599,400,282.558573017895,72.8,100,0.200038903881263,31.8599562363238,-83.8871855459445,453.184575808217,449.071908053476,17.0980802655295,0.0157379514892103,7.1579441760371,-98.2398148282803,27.0962623407668,3.21127558928956,27.5654401779175,8,FALSE,2.14469649514244
290.223635462331,0.741955458837225,0.01061188834236,0.312079478580986,5.8357784757587,2.2744628493434,1000,1.53236215458174,3.22915046048898,32.8211305736711,400,290.223635462331,72.8,100,0.20607818136059,31.8599562363238,-79.4261835744074,472.093987246252,468.738127546885,13.643174455985,0.0105971382054949,7.09213111046127,-90.4413758396387,30.1257955843926,3.83096045868865,30.561737537384,8,FALSE,2.25939303628708
295.573361028407,0.728322915618358,0.0109502706702978,0.263991767497563,7.00228503322587,1.96548799638058,1000,1.23708838950875,2.65102706232972,29.5397933556849,400,295.573361028407,56.6,100,0.199666760413166,24.7702407002188,-88.1745898546109,452.165863206646,452.79995477149,11.5766943799603,0.0109347209063055,7.16308807078704,-97.0461804756127,26.9157008150606,3.14066869205171,27.3788452148438,8,FALSE,2.16094814084106
302.711189062815,0.59570379857708,0.00961350592629825,0.220084029591601,7.05603082472289,1.83509980388767,1000,1.23933150890241,2.51529511378768,29.5675645190291,400,302.711189062815,52.1,100,0.199708541128957,22.800875273523,-83.2778865950959,452.331827181238,454.21385123026,9.6510346893851,0.0096015185109876,7.16288049842862,-90.4082455821296,26.9683279236419,3.0070879365758,27.3998058636983,8,FALSE,2.16775865533085
337.06293264454,0.20326921490936,0.00507185365987632,0.152402590695283,5.67781264742271,1.77481659892,1000,1.57146668645523,3.29810659817547,33.2074247455525,400,337.06293264454,52.1,100,0.20678968578045,22.800875273523,-86.8712556828129,474.482615338226,476.003101831431,6.66031697480965,0.00506847872681119,7.08550345365942,-90.8792705421447,30.4724047915756,3.92101838886693,30.9108672142029,8,FALSE,2.29655753134957
264.621776899943,2.18583887737488,0.0253504066373103,0.753234240646508,5.78229689469276,3.73105022709262,1000,1.54453317304506,3.2642344549023,32.9424086536928,400,264.621776899943,134,100,0.206457546123786,58.6433260393873,-56.1383914603269,472.842929832785,454.806554690466,32.9231592031486,0.0252663110762792,7.08508773364145,-86.5398041065437,30.3304382700592,3.85317660048374,30.7479887008667,8,FALSE,2.19441995282612
400,-0.0967954008137604,0.003,0.070589825580864,7.09372715009549,1.11747796514173,3000,1.21425247147971,2.58708004889296,29.2541703511645,400,400,27.6,100,0.199045138098594,12.0787746170678,-98.7048554753713,450.461593163999,458.918873412777,3.0964772677189,0.00299883307072189,7.17167409663613,-99.0522034262415,26.5944902600952,3.07529022550193,27.0666422843933,8,FALSE,2.18752806677117
400,-0.416346324381397,0.003,0.0827432767082761,6.10652402404772,1.05675603239355,3000,1.47308024325038,3.03240917194488,32.2162968881082,400,400,27.6,100,0.204813024576671,12.0787746170678,-93.5589216140451,468.372161638946,473.483876165651,3.61948045180471,0.0029988225288455,7.1074412525846,-94.4564777869308,29.484630179524,3.62085125376377,29.9389448165893,8,FALSE,2.27735207151893
400,-0.30525648662096,0.003,0.066938385273375,7.30167499073548,0.852531115844395,3000,1.15777633292583,2.45551185987792,28.5240524955071,400,400,20.7,100,0.197642523565768,9.05908096280088,-100.901067556119,446.126985332009,455.044533032204,2.938318213531,0.00299883565564867,7.18760191571292,-101.06045564516,25.8791416587023,2.92116673391775,26.3597989082336,8,FALSE,2.16425358727352
400,-0.55922899891234,0.003,0.0635657484960178,7.4024100803058,0.581253170105816,3000,1.14047721605711,2.33367842265791,28.2932714990378,400,400,14,100,0.197200811044198,6.12691466083151,-99.3563755539927,444.763400422268,453.78786484666,2.7908776368394,0.00299883647115248,7.19264157813278,-99.4214141114126,25.6639766085229,2.79236524212665,26.1365070343018,8,FALSE,2.156764464736
400,-0.847963972859564,0.003,0.0751208339703417,6.46585793589218,0.549065793135801,3000,1.39702467087992,2.75729419058623,31.403652011257,400,400,14,100,0.203218579338685,6.12691466083151,-93.8001792837458,463.40627551788,469.631698343385,3.28856984572794,0.00299882542759256,7.12498871401438,-94.3963801942011,28.6974836975188,3.3167573111451,29.1503911018372,8,FALSE,2.25326090941982
400,-0.194022179328968,0.003,0.0824762906168107,5.99328559767215,1.31342700502152,3000,1.50741232468789,3.01817430658082,32.5694777393719,400,400,34.7,100,0.205508758603279,15.1859956236324,-87.1982897824345,470.542765066541,475.132717603116,3.60659796257918,0.00299882126790604,7.09983513743121,-88.2504289787785,29.8568272079122,3.61958336024236,30.2817468643188,8,FALSE,2.28773087505313
377.180094492828,0.0546472148057903,0.00376016264041486,0.0442691225547402,8.41613672439398,0.796508623148403,1000,0.741853082319063,1.2994139668641,21.7006877343984,400,377.180094492828,17.7,100,0.184998269730169,7.74617067833698,-90.4339210867509,407.113256866447,401.023959146627,1.95553426239544,0.0037583701653382,7.33406225322573,-90.1163137340838,19.4114061437054,1.58269324428636,19.8314523696899,8,FALSE,1.86923536470855
400,-0.145397616815681,0.003,0.0440949229631944,8.19351989298264,0.773036314762433,3000,0.918425878571343,1.61966199727733,24.9737482619941,400,400,17.7,100,0.190941237616323,7.74617067833698,-87.8517999062694,425.493525264207,433.122488166494,1.94201209647388,0.00299884807177065,7.26510395926932,-87.4942897840135,22.5240387551552,1.98566790100432,22.9357342720031,8,FALSE,2.03801398999098
336.967556603927,0.270463162873233,0.00673679822327207,0.0808471105199676,8.39904585698662,1.011733237217,1000,0.741256218504175,1.32424764935095,21.6883490753315,400,336.967556603927,23.3,100,0.184998570520142,10.1969365426696,-89.4489730896901,407.045115036239,398.309146390222,3.57132152889016,0.00673104621218357,7.33344321043122,-90.7314398219122,19.4086620319517,1.60553923664552,19.8316111564636,8,FALSE,1.85673791886793
319.211690063382,0.540081342708207,0.0104958008718576,0.124332142396364,8.40828909976337,1.2795573928931,1000,0.739453083924673,1.30760965862891,21.6510133665115,400,319.211690063382,30.1,100,0.184960496232671,13.1728665207877,-86.2350150905875,406.838975889103,394.593041386687,5.49232564173541,0.0104818449779479,7.33309297498793,-89.4706482886072,19.3944186022033,1.58585712632553,19.811510403951,8,FALSE,1.83950296256045
329.870899702811,0.31667590761271,0.00708971736223496,0.103198529986536,8.21127995960063,1.22722014728832,1000,0.910522676118672,1.60325390337374,24.8412622066484,400,329.870899702811,30.1,100,0.190728468422111,13.1728665207877,-83.118655081617,424.737672801073,428.446331886828,4.54551436999671,0.00708328880410926,7.26677698704198,-85.4221257984304,22.4238629224096,1.96292220049266,22.8257155418396,8,FALSE,2.01554666480882
400,-0.361989887738681,0.003,0.0453095614457645,8.16495209932416,0.556491677048829,3000,0.918477494604138,1.6653731909204,24.9746097796037,400,400,12.7,100,0.190942837262387,5.55798687089715,-91.6336319487335,425.498443648012,433.128743443849,1.9955051551721,0.00299884806880533,7.26508525010092,-91.2313707758322,22.5072800292819,2.03140156048778,22.9365611076355,8,FALSE,2.0380486719682
298.811772784937,1.88709123569475,0.0292796143082245,0.343353037504746,8.40590258400055,2.61684872757312,1000,0.729639214548018,1.29535648260493,21.4461975456619,400,298.811772784937,64.7,100,0.184737061519722,28.3150984682713,-73.2482772458658,405.709532544814,375.899528780118,15.1692162975154,0.029171244119802,7.33165483162985,-86.2443780145022,19.2913652219176,1.55816631037411,19.6934957504273,8,FALSE,1.75270179523456
296.134894352558,1.55582589846904,0.0235176924516252,0.322091158690312,8.27288503043572,2.46505153706373,1000,0.909121023786186,1.51009582203113,24.8176454703313,400,296.134894352558,64.7,100,0.190816406068883,28.3150984682713,-66.1687433742659,424.603041669422,413.511635763671,14.1863031896555,0.0234470620373998,7.26244609120065,-78.2978184439615,22.5026389842494,1.85762433237886,22.871196269989,8,FALSE,1.94644920034234
300.110803710733,2.0003269622529,0.0314401685826884,0.34778743666331,8.47943527341965,2.75391867951214,1000,0.753459272211112,1.22295824431428,21.9386632742476,400,300.110803710733,68.8,100,0.185625352289947,30.109409190372,-66.3658131127417,408.429181928264,380.468438475935,15.3581884286155,0.0313150707530102,7.32116211869377,-79.7031575204899,19.789952085705,1.49633552407902,20.162115573883,8,FALSE,1.77654770036463
299.834429100192,2.11965495151284,0.0332237809969035,0.364572873565656,8.47808698784612,2.8644563899976,1000,0.744655293143519,1.21325874575252,21.7584840041184,400,299.834429100192,71.6,100,0.185317917723204,31.3347921225383,-65.6528591981795,407.432558097296,376.739383956838,16.1019427679332,0.033084177580116,7.32427912285289,-79.7372996178016,19.6279328145408,1.48135897855143,20.0000972747802,8,FALSE,1.75838672933825
294.846096933167,1.78471369978929,0.0266468815996259,0.360073074594405,8.28046055660125,2.70046785194474,1000,0.915623477251439,1.49007333618862,24.926900861546,400,294.846096933167,71.6,100,0.191044422010472,31.3347921225383,-62.2211508292124,425.226138748628,411.496084282196,15.8573862242023,0.0265562002181858,7.25914940105242,-76.0763785408915,22.6307961195209,1.83813503267153,22.9890594482422,8,FALSE,1.93784141330376
299.111568460575,1.16891587908332,0.0181905513778933,0.259929172342316,8.22698288970401,2.08223017445148,1000,0.913243741855109,1.57478271548464,24.8870064017516,400,299.111568460575,54,100,0.190902667079875,23.6323851203501,-72.4860935691786,424.998536252259,418.775832186654,11.4479239583036,0.0181482664499026,7.26251346412901,-81.7842344585303,22.5308315842844,1.92779132131985,22.9157962799073,8,FALSE,1.97121012184429
297.399880098153,2.53871802189549,0.0388480319585845,0.438119548723181,8.46462590636829,3.29431741296206,1000,0.75538952536687,1.24639617613538,21.977885716822,400,297.399880098153,84,100,0.185749870582895,36.7614879649891,-61.304031666606,408.646374742987,374.672861508243,19.3460043474938,0.0386571400991144,7.31817635371738,-78.6536499484143,19.860273138028,1.5164764326298,20.2276859283447,8,FALSE,1.75019978847732
295.763227101013,2.0923789850652,0.0315153856005485,0.39326560604319,8.28444929807674,3.07345408199468,1000,0.980893851753852,1.37608172105187,25.9824943282103,400,295.763227101013,84,100,0.193057803022134,36.7614879649891,-48.7402595152126,431.281702951193,414.112664856499,17.3018084606565,0.0313881937937409,7.23471370316369,-64.3255455249776,23.7217951921046,1.7473121647693,24.0257439613342,8,FALSE,1.95675036687614
299.008056313645,2.59109838292957,0.0402809383689228,0.431085401847243,8.52782971980381,3.37288051161795,1000,0.781561479614468,1.18346654171634,22.5000221050283,400,299.008056313645,86.8,100,0.186697839397181,37.9868708971554,-55.5448877291739,411.545945478209,379.209153335082,19.0262549170695,0.0400754294508838,7.3069919197782,-72.7132766735581,20.3857370955517,1.46483546166291,20.7259206771851,8,FALSE,1.7741014278432
300.450455828852,2.64284920707972,0.0416807471318522,0.425424012824307,8.57781688144713,3.44506228506697,1000,0.801981889712367,1.12931498539588,22.8954109579757,400,300.450455828852,89.3,100,0.187424097734989,39.0809628008753,-51.0324534263959,413.751896854142,381.921827992359,18.7694933621677,0.0414604848506132,7.29829266125842,-68.0542762156322,20.7877224016556,1.41898220675691,21.1064887046814,8,FALSE,1.78892225329427
293.50848659134,2.18011252253774,0.0321415932526068,0.423999283357884,8.16629658057436,3.20165451146992,1000,1.02133555222492,1.45326928628378,26.6018505329419,400,293.50848659134,89.3,100,0.194230680525676,39.0809628008753,-46.4605763465966,434.864700469884,417.290840280216,18.6431029947491,0.0320090569636871,7.22099442971684,-63.3983862780604,24.326199631823,1.84013205217445,24.6263365745545,8,FALSE,1.97551395838743
297.022694037845,2.04790982157048,0.031222836428602,0.37733552180362,8.36119926270181,2.99265509890536,1000,0.944578477775676,1.33367032661518,25.4041711593974,400,297.022694037845,80.5,100,0.191971097831327,35.2297592997812,-51.1802961291809,427.956115545899,410.666995558521,16.6099343890161,0.0310982082626316,7.24741371147754,-66.0409239144396,23.1555951420434,1.69041674376827,23.4671025276184,8,FALSE,1.93706863177901
289.871100178148,3.42171555216328,0.0487804651004743,0.641577451538325,8.31221208886253,4.33304957734841,1000,0.910862342857,1.44946701976721,24.8469798506939,400,289.871100178148,122.2,100,0.191070583167129,53.4792122538293,-41.615926084056,424.770271994796,391.394146046009,28.254288449597,0.0484772305905739,7.25431899499453,-68.0771394370704,22.6817700348628,1.78015726989324,23.0025763511658,8,FALSE,1.84440349952806
289.484917159321,3.02271812524428,0.0429417897492806,0.58670321352286,7.99060129702708,4.1176400678869,1000,1.0944843074683,1.50158527227047,27.6622444282021,400,289.484917159321,122.2,100,0.196334899716822,53.4792122538293,-30.6121123608487,441.050891595349,413.433869343687,25.7703779667989,0.042704684584679,7.19459218562548,-54.8847282124974,25.4370217179727,1.90803532424638,25.6978073120117,8,FALSE,1.96443711619039
288.669447547331,3.32116163219845,0.0468359122314636,0.640132679774833,8.28068543091371,4.22431833954679,1000,0.902716924272345,1.50641266803497,24.7092761429569,400,288.669447547331,118.5,100,0.190799150162276,51.8599562363238,-45.8248270031123,423.985674646495,392.138526879384,28.1944857995865,0.0465564390132377,7.25788492372839,-72.1232970986828,22.5225663191401,1.83515793551423,22.8622727394104,8,FALSE,1.84700340354648
290.202164281941,4.50252915807924,0.064382358984706,0.804826845617602,8.36125170677669,5.41800675663091,1000,0.91448094126843,1.37476391249235,24.9077600687319,400,290.202164281941,161.8,100,0.191305455681176,70.8096280087527,-23.5027070578949,425.116926911616,378.240039264986,35.4394367940133,0.0638547492302574,7.24834420270688,-57.4264873080949,22.853035350903,1.69612997969177,23.1238746643067,8,FALSE,1.78388540442525
282.43886784914,3.89270419886098,0.0519868457563976,0.819473451924679,7.70269590834343,5.04755430621496,1000,1.15389125334681,1.72787620598416,28.4725247912779,400,282.43886784914,161.8,100,0.197963262478138,70.8096280087527,-18.5507648512347,445.822258954297,409.398132949937,35.9658457613234,0.0516387581246503,7.1741788730591,-53.0526825035098,26.2689306469696,2.14875523558273,26.521728515625,8,FALSE,1.95079627565288
294.574925043674,2.63146867797937,0.0391884206080811,0.477530906844239,8.18410737720708,3.68832996682013,1000,1.05655876871972,1.34158391506832,27.1216226858401,400,294.574925043674,105.5,100,0.195273967794461,46.1706783369803,-34.6413396274072,437.888790554461,413.891712086105,20.9860511836494,0.0389912104665987,7.20753515996461,-54.1600314432464,24.9016616164801,1.73661311399489,25.1585416793823,8,FALSE,1.96308100645781
283.839594455222,7.06406701077329,0.0954794533470192,1.45326142830388,8.09708945780525,9.02008185502466,1000,1.02598515086356,1.54193220880899,26.6714804988954,400,283.839594455222,629.1,100,0.194870698951878,275.317286652079,155.419545513296,435.268903699159,361.959034819291,63.8791940735292,0.0943160737890877,7.20055123190871,89.1282467033314,25.3761938366609,1.88189204440738,24.9530501365661,8,FALSE,1.71843036232927
278.292045694157,6.0718110948715,0.0783265859424633,1.40130184557957,7.34327967402259,8.77756882437808,1000,1.26772258207367,1.80130101594819,29.9147827498466,400,278.292045694157,629.1,100,0.200976801317172,275.317286652079,162.821171045231,454.410705989316,392.39722609997,61.4114417633196,0.0775347886903666,7.1348254094387,98.6314369523237,28.5072577137087,2.23851001412399,28.0346832275391,8,FALSE,1.88009952230751
283.692563340378,6.90773615885652,0.0932480114872139,1.44905519318266,7.9915484792885,9.09022012820455,1000,1.07803814933677,1.55097360803387,27.4301448600696,400,283.692563340378,682.6,100,0.196300213475201,298.730853391685,178.742118682884,439.691248727848,367.780717727175,63.6494502426063,0.0921356291898342,7.18463404910172,112.031712390472,26.213265396398,1.91069918728031,25.6802072525024,8,FALSE,1.74993760756721
282.037433077576,6.88838420464482,0.0916818770584518,1.50539053510066,7.96356709950473,9.17907179807933,1000,1.06999438481285,1.61776250144277,27.3153331006209,400,282.037433077576,774.3,100,0.196068214924573,338.862144420131,210.6153026339,439.01984297385,368.555606024745,66.1315158097016,0.0906067722452601,7.18761630708223,140.64712802821,26.2313716031024,1.97594637877192,25.5624361038208,8,FALSE,1.75289699680012
279.398968816572,5.92952248757513,0.0771928405088906,1.3967665634575,7.2417583770611,8.95806854129254,1000,1.30918830187153,1.75690022835054,30.4081759338479,400,279.398968816572,774.3,100,0.201930385262212,338.862144420131,221.040066810721,457.377084935943,395.533732939586,61.1844058441569,0.0764225743859883,7.12441851658488,155.449685270105,29.2561768294842,2.20915244159983,28.5102801322937,8,FALSE,1.89789580155417
280.780670875913,6.22422563746461,0.0819700160726468,1.32668652290761,7.47703180035057,8.32230412943154,1000,1.24625456545773,1.68739522045309,29.6529602271717,400,280.780670875913,447.7,100,0.200497553259138,195.929978118162,96.5127926130386,452.84244895181,388.00834686085,58.1549892397556,0.0811038055524967,7.13944306710097,37.3100229997736,27.9737401573089,2.11399455804305,27.7950916290283,8,FALSE,1.85786859814344
280.599252436469,6.8975898708457,0.0906984255552894,1.58365380273072,7.95653183300948,9.29826772041064,1000,1.05424572178246,1.67710799694048,27.0880255342415,400,280.599252436469,944.5,100,0.195626389083437,413.347921225383,271.613758464217,437.692843338507,368.244322968349,69.5847439849976,0.0896468911496083,7.19288356295723,196.679870084856,26.2726408675089,2.03058675788181,25.3378915786743,8,FALSE,1.75013395556716
273.162184461085,5.83352473858482,0.0722088209937662,1.54345394006137,7.12765445752969,9.01329342945473,1000,1.29144135338431,2.05563450579804,30.198948914266,400,273.162184461085,944.5,100,0.201479248712965,413.347921225383,275.405634692245,456.117402144058,399.121000009455,67.6247177316444,0.0715349416339214,7.13046516071831,202.071170581146,29.2542433752287,2.50665231598281,28.2854642868042,8,FALSE,1.91348462746175
279.59708985047,6.91769830966534,0.0902057210899058,1.61538704448936,7.9605375578714,9.30398099251615,1000,1.03814422374557,1.71916758861277,26.8520874326901,400,279.59708985047,977.4,100,0.195172891365318,427.746170678337,281.353209805195,436.318643599424,367.440101845258,70.9949558823877,0.0891662728758013,7.1981911373256,204.805135142053,26.0797113600861,2.06739180381421,25.107063293457,8,FALSE,1.74502413923312
279.246672472196,6.89466277799126,0.089644404959712,1.62868725491853,7.94208254720934,9.31804682895536,1000,1.04285599350144,1.73483741283188,26.9215064602448,400,279.246672472196,1012.7,100,0.195300649134721,443.194748358862,294.438714821448,436.722631862991,368.288022157979,71.5749782731732,0.0886175888316177,7.19684206799706,216.975669436747,26.2027683516106,2.08514615761076,25.1721275647482,8,FALSE,1.74937889549662
272.571088939278,5.91760003873263,0.0729097389671306,1.58960996944301,7.1874264695587,9.07230965041616,1000,1.26709177789071,2.08183384752945,29.907152930352,400,272.571088939278,1012.7,100,0.200916256631446,443.194748358862,298.643470583734,454.364947578118,397.217201346608,69.6660099213466,0.0722233620788345,7.13661270968496,222.707598633842,29.0712314957859,2.52388311656626,28.0044360160827,8,FALSE,1.90271691426925
276.599640884633,5.80310804601874,0.0738332590170599,1.46288048235964,7.12671687158447,9.01601928460842,1000,1.32092635876898,1.88929732641201,30.5450087485081,400,276.599640884633,909,100,0.202169445445938,397.81181619256,268.750030778681,458.202317494846,399.140615142958,64.0730704966693,0.0731280813666275,7.1224468009596,199.027595705938,29.5845374497799,2.34874601825484,28.6292757987977,8,FALSE,1.91573294971035
271.626385392119,5.78050829932845,0.0706964993057087,1.60380076685189,7.07703413042065,9.06883539527365,1000,1.29401624751333,2.1371148633609,30.229483212937,400,271.626385392119,1099.8,100,0.201525975689791,481.312910284464,331.438644742929,456.30107613394,400.617778794776,70.2671559725569,0.070050406084672,7.13025263715406,253.99276149612,29.5265057222055,2.59045267320271,28.308765411377,8,FALSE,1.92071780156001
276.147141395049,6.80204452230881,0.0862268160618198,1.70791641086767,7.85204258524056,9.3240944358917,1000,1.04582599453114,1.87592235723957,26.9651028392922,400,276.147141395049,1130,100,0.19535665585669,494.5295404814,333.599111464618,436.976487023138,371.467038824003,75.0547430933497,0.0852763944883135,7.19691593702996,251.711778993518,26.3962676850361,2.22991165881172,25.2006416320801,8,FALSE,1.76446120721212
277.032243058828,6.85968905593527,0.0875834607536951,1.70731104411444,7.8982461421794,9.35075649314905,1000,1.03427954244684,1.83378001797814,26.7949130513705,400,277.032243058828,1160.2,100,0.195043403726768,507.746170678337,345.631178259955,435.986124339395,369.39762927437,75.0397364430174,0.0866035132954446,7.20022979968123,263.454845996923,26.2919184988347,2.18264896330059,25.0410890579224,8,FALSE,1.7538239934481
269.33996732116,5.6702307375082,0.0681342652913067,1.64156675215201,6.97783630288892,9.03730197883717,1000,1.30524565331243,2.26566341673317,30.3619403262414,400,269.33996732116,1160.2,100,0.201762748949469,507.746170678337,350.677460725596,457.09849218963,403.510157538496,71.9135460683837,0.0675337801921879,7.12813535603958,271.090660142137,29.7268810589325,2.72529952298622,28.4267807006836,8,FALSE,1.93515962555783
273.407355043651,5.89305502363264,0.0730869148605063,1.59544578145591,7.17442913964957,9.12677349730274,1000,1.27874315241761,2.04061773507217,30.0474717112216,400,273.407355043651,1113.6,100,0.201191201624123,487.352297592998,338.700657080987,455.207035984364,397.672002790672,69.9124435424866,0.0723969158850502,7.13350196721842,261.415332026029,29.3945016808078,2.4864775955704,28.1417455673218,8,FALSE,1.90572614389981
274.621277682464,6.71911827929414,0.0841389102951204,1.77747855642306,7.7826116168623,9.36542524808889,1000,1.05967960675776,1.95016771046733,27.1668366732301,400,274.621277682464,1326.1,100,0.195724652734549,580.35010940919,405.667434660412,438.152593978411,374.325890099386,78.097499772523,0.0832332458798485,7.19313060864939,318.8928787697,26.9033923853437,2.31067048401005,25.3878602981567,8,FALSE,1.77897637507339
269.198808551143,5.67428358055386,0.0681093499740127,1.68721554395139,6.97995023770987,9.09567075639585,1000,1.30336792354158,2.27322978837432,30.3398709903035,400,269.198808551143,1326.1,100,0.201719426416661,580.35010940919,412.725180078603,456.965558243876,403.437069149393,73.9148729334269,0.0675093427308599,7.12862316951345,329.486783731779,29.9852434519066,2.73224688375468,28.4051942825318,8,FALSE,1.93467670777172
274.751648807851,6.74284878914085,0.0845239607902712,1.78648886887112,7.79969837077804,9.37659095497193,1000,1.0530048357339,1.94319726310504,27.0699711939685,400,274.751648807851,1355.7,100,0.195542981946857,593.304157549234,416.513640834129,437.587572958333,373.489373459122,78.5004147981513,0.0836102848136657,7.19513376550283,329.070051220578,26.858928016951,2.30104275563792,25.295464515686,8,FALSE,1.77450667828251
274.837538423969,6.73315049133052,0.0844602943164755,1.79080099501068,7.79396888127582,9.38510339827429,1000,1.0570134396437,1.93941458261461,27.1282181588581,400,274.837538423969,1383.9,100,0.195653543514551,605.645514223195,427.619805645926,437.927264771023,373.847160329923,78.6856074641711,0.083547829396044,7.19387886111107,339.695425199998,26.9659295961779,2.29872510265499,25.3517017364502,8,FALSE,1.77651642240795
268.710626402455,5.79298643883445,0.0692756084488294,1.7466637168818,7.06681713327337,9.15126788469719,1000,1.27143922901745,2.29372139139575,29.9596600880023,400,268.710626402455,1424.6,100,0.200987744620906,623.457330415755,446.737794453755,454.679919360299,400.719834754299,76.5463685734576,0.0686556543094551,7.13655522752367,360.051254974568,29.7648512588884,2.74066849718914,28.0401496887207,8,FALSE,1.91951039928162
270.036328065333,5.74866994483496,0.0694468866098158,1.69098247828279,7.04216367064081,9.1321698660213,1000,1.29112518662049,2.22336303008358,30.1951954650433,400,270.036328065333,1343.2,100,0.201448406708322,587.833698030635,419.994707831255,456.094827722887,401.597608479945,74.0896238121299,0.0688234282332707,7.13137302389242,336.402325946063,29.88267297306,2.67690493928178,28.2700824737549,8,FALSE,1.92511299128839
273.889996854128,6.71764276657165,0.0836326097479002,1.83270769760299,7.77494042041917,9.39353258419461,1000,1.05357508229347,1.98543520191795,27.0782706684412,400,273.889996854128,1482.5,100,0.195551713762149,648.796498905908,462.580458272926,437.635962777,374.305705886747,80.5309777302334,0.0827380111834085,7.19521979845652,371.940870022323,27.0670350961431,2.34417691758681,25.2999067306518,8,FALSE,1.77836393778936
267.560283544109,5.6081817051164,0.0664830820784199,1.74398280448032,6.91866715261537,9.09845373537314,1000,1.3082930513522,2.36936029723773,30.3976895234353,400,267.560283544109,1482.5,100,0.201818437130082,648.796498905908,468.575897337452,457.313887885984,405.16334163631,76.3981156710284,0.065911204184824,7.12785108260138,381.379381171014,30.2836215259614,2.83163662112306,28.4545240402222,8,FALSE,1.94316548321306
272.99234931924,6.64979322654864,0.0822027671917375,1.84521625663958,7.72112348820665,9.38159699146107,1000,1.0677510187934,2.03172285436175,27.2831587222929,400,272.99234931924,1504.9,100,0.19593121936246,658.599562363239,470.367753832798,438.831828979548,376.607904379658,81.0654603768421,0.0813378563904438,7.19116701034288,378.976659399717,27.2944192575149,2.39659876148267,25.4928483963012,8,FALSE,1.79031032599172
273.28109853654,6.63820512756959,0.0822464908000163,1.84352465492504,7.7157794512473,9.38999660791525,1000,1.07402921126261,2.01786262840855,27.373031220275,400,273.28109853654,1526.9,100,0.196103241946542,668.227571115974,479.768992792809,439.357158649256,377.029545854509,80.9842865642317,0.0813804286580094,7.18918784045317,388.195689105543,27.4261271982879,2.38491930614734,25.5802230834961,8,FALSE,1.79280813677893
266.110311796357,5.52980018094414,0.0648439751333147,1.76583179219745,6.84922984458143,9.06728784039943,1000,1.31731797697485,2.45895212963444,30.5030750094641,400,266.110311796357,1526.9,100,0.202010311569009,668.227571115974,482.694776931101,457.949298424574,407.110896098802,77.3480648135189,0.0642996964376732,7.12604816762422,394.172645229219,30.4410073919868,2.92592172182036,28.5500750541687,8,FALSE,1.95299995529537
269.206639667769,5.72483528779891,0.0687202291493991,1.73159340147827,7.01847974532635,9.14681636009733,1000,1.29133404985991,2.26999056680804,30.1976751378783,400,269.206639667769,1459.7,100,0.201447048156842,638.818380743983,462.257040129897,456.109741159314,402.26545534097,75.8690227835592,0.0681097061316127,7.13153632983925,375.77341186787,30.0706848169214,2.72429740754042,28.269404888153,8,FALSE,1.92827024972531
270.645273124875,6.44307158628263,0.0782021189952525,1.88402252962339,7.55803049404237,9.35046397161544,1000,1.11178028211719,2.15890129629138,27.902604426019,400,270.645273124875,1613.2,100,0.197084647216772,705.995623632385,509.792726568403,442.462245301853,383.21954565044,82.7234183178103,0.0774176115271479,7.17881469272352,415.657980617919,28.0570748756575,2.54251565832197,26.0777292251587,8,FALSE,1.82487520086029
265.217019595258,5.29551725303255,0.0616851406300946,1.75027142693523,6.66326930289026,8.99703474832705,1000,1.36585221243318,2.52934620468921,31.0577175720303,400,265.217019595258,1613.2,100,0.203069299888586,705.995623632385,516.305707808733,461.304376413792,412.379890169595,76.6272675888358,0.0611916339994125,7.11493854240279,427.47768901059,31.1302581050357,3.01611469950431,29.0763521194458,8,FALSE,1.98136545258446
269.973162726972,6.41816243228639,0.0774971206753198,1.89715241618456,7.53494169301278,9.34097533856827,1000,1.11364367218517,2.19533157147713,27.9282762642983,400,269.973162726972,1630.3,100,0.197128181866429,713.479212253829,514.854511744059,442.613185995044,383.965403356422,83.2981444350204,0.0767265873195162,7.1784642347065,420.022117955813,28.0999851904233,2.58018206154998,26.099760055542,8,FALSE,1.82851620875629
272.147756366513,6.52513697984312,0.0801288934745032,1.87839630696241,7.62801108208874,9.38758559473155,1000,1.09957628813077,2.07845742481113,27.7333993190078,400,272.147756366513,1648.8,100,0.196775805335944,721.575492341357,525.422344676339,441.46834886931,380.692650200914,82.4888878053105,0.0793058098254725,7.18193898444385,431.121293077036,27.9734339092074,2.45620685907604,25.9213457107544,8,FALSE,1.81205360825338
263.815870021123,5.26647304789765,0.0607156496141981,1.77893706770125,6.63200327635128,8.97733257257407,1000,1.36365741869889,2.61855608269433,31.0330642741568,400,263.815870021123,1648.8,100,0.20301246503936,721.575492341357,526.185285821235,461.154856317614,413.165615970415,77.884391073714,0.060237528633786,7.11576383965992,435.865664330162,31.1421187555989,3.10555178843645,29.0481538772583,8,FALSE,1.9849103968985
266.906742803109,5.41355689141706,0.0638607230072206,1.73974302486181,6.76506867340263,9.05226528025003,1000,1.34951373763798,2.41978040860218,30.8732354715226,400,266.906742803109,1590.3,100,0.202726422130655,695.973741794311,510.396101644729,460.186390075522,409.599761118886,76.1789367347889,0.0633321878269664,7.11829460137691,422.193255678255,30.9337150229887,2.898765653485,28.9061555862426,8,FALSE,1.96707988527998
271.15169252751,6.52640415215876,0.0795248995108218,1.91750195918987,7.62041639012535,9.38592312846839,1000,1.09073198076131,2.12930637248465,27.6095975661007,400,271.15169252751,1725.8,100,0.196533821609453,755.27352297593,551.500636963404,440.742209341503,380.602466521682,84.2162052645726,0.0787144374976473,7.18482834946384,454.84266376875,27.9628303310729,2.50443269346535,25.7987017631531,8,FALSE,1.81089580294757
265.949506118921,5.43641811101569,0.0636724551589442,1.79598214547859,6.77654353558274,9.07341456992526,1000,1.3381290289353,2.47487597881837,30.7433624853886,400,265.949506118921,1725.8,100,0.202470347034651,755.27352297593,558.570852993691,459.400562041685,409.215869742054,78.6512329999067,0.0631472295665583,7.12117328784999,466.651703523076,31.0190833531382,2.9501461893434,28.7789206504822,8,FALSE,1.96444183490645
271.491073734988,6.57082093267989,0.0802775782024708,1.92281046442316,7.65396055470097,9.39728749763816,1000,1.07978858498604,2.11017084380506,27.4550159904517,400,271.491073734988,1742.9,100,0.196244153698723,762.757111597374,557.741484407816,439.836793613871,379.163750968319,84.4613814474325,0.0794521405753544,7.18798460565816,460.702153888828,27.8428030594533,2.48082969250378,25.6517577171325,8,FALSE,1.8032582733192
273.128713711874,6.64954261565887,0.0822879742268648,1.90824784466176,7.72209774368286,9.42938009331796,1000,1.06907264927415,2.02499083570778,27.3021217318994,400,273.128713711874,1756.5,100,0.195968112965645,768.70897155361,565.456547826681,438.942633793901,376.631010681944,83.8330899883207,0.081421226386453,7.19072662200279,468.846046075862,27.7405183750223,2.39026607653758,25.5115919113159,8,FALSE,1.79052982058348
265.628198371729,5.51646031619776,0.0644554370991931,1.82784273716526,6.83583582151938,9.10029210766374,1000,1.31731505348288,2.48861372692844,30.5030409884212,400,265.628198371729,1756.5,100,0.202006898831839,768.70897155361,567.990574823537,457.949093191545,407.464646592505,80.0644390757952,0.0639176430810718,7.12616507923745,474.476063091645,30.824504126791,2.95596133827006,28.5483760833741,8,FALSE,1.95466490504711
267.035313054714,5.39076843824821,0.063653377950326,1.76057751270485,6.74828568881274,9.06768907046638,1000,1.35555664024137,2.41379827431517,30.9417264857255,400,267.035313054714,1706.7,100,0.20285890274443,746.91466083151,554.849880176964,460.601217383157,410.081476866822,77.0862958491981,0.0631281508746157,7.11686870220999,464.522846185765,31.203230492289,2.89505885242438,28.9719386100769,8,FALSE,1.96978787564858
272.252753904197,6.62472521514984,0.0814187164244242,1.93172742471684,7.69746241774414,9.42086426295911,1000,1.06930906178521,2.06953227009282,27.3055113523805,400,272.252753904197,1799.4,100,0.195967630506943,787.483588621444,579.768600708169,438.962442262703,377.40534941069,84.8646143858871,0.0805701111912789,7.19091316690305,481.77460679283,27.8016771339988,2.43557909503624,25.5113468170166,8,FALSE,1.79416453536386
266.862922800813,5.56105991585345,0.0655791344641362,1.82502596378554,6.87803395489285,9.1355656000388,1000,1.31488171863205,2.41264352919043,30.4746977482665,400,266.862922800813,1799.4,100,0.201961164392133,787.483588621444,586.7770505369,457.778135655478,406.318848131343,79.9428258353484,0.0650225282037784,7.12644571295238,492.866546338748,30.889862813176,2.87805966284049,28.5256061553955,8,FALSE,1.94909159287105
271.886880086338,6.5698728678645,0.0805139632915664,1.93216933983261,7.65673080427227,9.41308405986932,1000,1.0835292346785,2.09002317528274,27.5080302857634,400,271.886880086338,1808.7,100,0.196347435132292,791.553610503282,583.702129155944,440.147151798876,379.225949049736,84.8681686304489,0.0796835417737522,7.18675394971898,485.567886608776,28.0138666570778,2.46181306518155,25.7041673660278,8,FALSE,1.80386291973556
273.331464681201,6.64769711611985,0.0823968012400552,1.9203971799226,7.72262208023181,9.44152205647509,1000,1.0714654383583,2.01506263520684,27.3363943663392,400,273.331464681201,1818.2,100,0.196034446372248,795.711159737418,589.294297799581,439.14294916658,376.711675303449,84.3640796887166,0.0815276778489513,7.18994423313665,491.528647369997,27.8823015740079,2.38109600287702,25.5452861785888,8,FALSE,1.79110818775042
265.945492280329,5.47468854505946,0.0641187617760764,1.82720206076307,6.80589851941149,9.10028515281353,1000,1.3291940900045,2.47247924643279,30.6406594137695,400,265.945492280329,1818.2,100,0.20227316175713,795.711159737418,592.749462177045,458.779845147689,408.366461665986,80.0260695897284,0.063586333782738,7.12327263735025,498.566060892235,31.0735352083209,2.94424081171681,28.6808729171753,8,FALSE,1.95978649659421
268.387844660706,5.62586440852285,0.0671120229481985,1.8090748113823,6.93756956583183,9.17213213087568,1000,1.30955467859433,2.32126445065654,30.4124653763345,400,268.387844660706,1790.8,100,0.201852703919074,783.719912472648,586.405844508435,457.402937433954,404.656299355923,79.248266585557,0.0665292798715256,7.12734145959999,493.189994839006,30.8371037985883,2.78336468912546,28.4715929031372,8,FALSE,1.94087247319733
271.08563593088,6.41252854423407,0.0780972283833323,1.9305541602253,7.54004017546598,9.39080828947675,1000,1.1244473840361,2.13719753528458,28.0762772006151,400,271.08563593088,1847.7,100,0.197417234138079,808.621444201313,600.067496944466,443.4841287226,384.161992323347,84.7526978581352,0.0773144067511437,7.17504727037403,501.515882552547,28.6354048704822,2.52534253609208,26.2459535598755,8,FALSE,1.83032364073958
265.770349645507,5.2483723861947,0.0613879659304549,1.7847479021562,6.63018726617078,9.02582937883576,1000,1.37998232313151,2.49927698818631,31.2154935510411,400,265.770349645507,1847.7,100,0.203376485286429,808.621444201313,606.691954333802,462.262135045906,413.322184023167,78.1250826987908,0.0608989566106476,7.11160284194402,513.871263105838,31.6988292389868,2.99118585684842,29.2286691665649,8,FALSE,1.98682438447615
271.954054482571,6.39306879075044,0.0783882692264285,1.91169369910109,7.53318896582041,9.40080313344288,1000,1.13708896047968,2.09332306348577,28.2476603170859,400,271.954054482571,1849.7,100,0.197749106219804,809.496717724289,603.62210600111,444.494274088652,384.73461081911,83.9110647399849,0.0775992140453313,7.17121194134533,505.764381312921,28.8246099647309,2.48564311572696,26.4136281013488,8,FALSE,1.83403221573709
271.640691370674,6.3870644161296,0.0781234592167161,1.9184435310285,7.5264007793123,9.39667732591985,1000,1.13631488792931,2.10958154074607,28.2372210275767,400,271.640691370674,1857.7,100,0.19772686120085,812.997811816193,605.938122846978,444.432694800557,384.917656198398,84.2082563648579,0.0773397328040992,7.17151952017728,507.731147541886,28.8226485738551,2.50185411469973,26.4023949305217,8,FALSE,1.834826097055
266.3372799379,5.28293067155785,0.0620542666119776,1.78499620318322,6.66048950753583,9.04602935512201,1000,1.37570169260681,2.46264699407876,31.1678675052573,400,266.3372799379,1857.7,100,0.203288765589644,812.997811816193,611.429130959835,461.972870313869,412.508039480352,78.1392556834618,0.0615546856645389,7.11243701723642,518.470861597526,31.6771671151414,2.95241244079265,29.1851892471313,8,FALSE,1.98267825812599
269.379118837628,5.43283036258571,0.0653010913565463,1.76122046371198,6.79547218087258,9.12992057678787,1000,1.36066650877285,2.2774159929833,30.9994045453469,400,269.379118837628,1840.5,100,0.202986360662098,805.4704595186,610.114755942492,460.950771699489,408.818679212647,77.1097041661842,0.0647483041771734,7.1151229901374,518.220802117239,31.5250363053872,2.75876621485081,29.0352005958557,8,FALSE,1.96420394949117
273.602245077041,6.59804965503761,0.0819566032365254,1.92069229798949,7.6909080793339,9.4492754051214,1000,1.08950383817735,2.00347591955158,27.5923268154285,400,273.602245077041,1867.1,100,0.196520341623372,817.111597374179,609.706924831186,440.640981739994,378.390656386492,84.3568829994621,0.0810960455560544,7.18447732697312,511.362505955391,28.22503403754,2.37620823873494,25.7918667793274,8,FALSE,1.80046003610111
267.278716191651,5.55308785897635,0.0656902681493843,1.83220768943983,6.87464391517743,9.14791231805584,1000,1.31948022997957,2.38900336956052,30.5282167627747,400,267.278716191651,1867.1,100,0.202066756134194,817.111597374179,613.457494205598,458.100985718667,406.449196989196,80.2533117410496,0.0651316887520076,7.12524818334206,518.499909426232,31.0658088736479,2.85588976313637,28.5781722068786,8,FALSE,1.95004455589611
274.778319847302,6.69114792906231,0.083893617420143,1.9146837113054,7.76493523586632,9.47313791580737,1000,1.07026806821562,1.9435713017872,27.3192536531716,400,274.778319847302,1869.3,100,0.196013672273649,818.074398249453,611.261121411652,439.042757218708,375.321933287178,84.1139439719789,0.0829927937394207,7.18987014714163,513.157239795783,27.9746102723529,2.30799733723794,25.5347347259521,8,FALSE,1.78451892721947
273.219192376326,6.60122399115226,0.0817482983459056,1.92798283048194,7.6898083615825,9.44368189017893,1000,1.08522218887785,2.02219667510604,27.5319635187638,400,273.219192376326,1866.9,100,0.196403142325133,817.024070021882,608.528442992759,440.287316386755,378.269143639712,84.6819618657649,0.0808922497889839,7.18586033158001,509.909685813066,28.1582155554615,2.39359215052626,25.732428073883,8,FALSE,1.79953544488075
268.615956394101,5.52873460241465,0.0660678376445537,1.8025984633398,6.86460127929313,9.15603191643626,1000,1.33381326981783,2.31423315788952,30.6938406938084,400,268.615956394101,1866.9,100,0.202394088585614,817.024070021882,617.014731620069,459.10118362439,406.817767827534,78.9438897800966,0.0655025540960447,7.12153342107258,523.2014486783,31.2525125997344,2.78565758126669,28.7410097122192,8,FALSE,1.95283098158921
270.741033716346,5.60978919564387,0.0681385283055968,1.78291400374073,6.94050372330684,9.20599881225908,1000,1.32859154549406,2.19284920403366,30.6337086097987,400,270.741033716346,1865.6,100,0.202294216643621,816.455142231947,620.160567453798,458.73785861218,404.676235852706,78.0855882766059,0.0675374741258504,7.122221524196,527.10352752704,31.2213346397548,2.66045517500856,28.6913452148438,8,FALSE,1.94236339495493
274.95652545951,6.69591318262469,0.084073011098796,1.9085938686237,7.76974953143728,9.4742604674253,1000,1.07030516263144,1.93494107494262,27.319784958651,400,274.95652545951,1855.5,100,0.196016120626904,812.035010940919,606.404224105671,439.045862580584,375.168709113389,83.8463101359473,0.0831683433761138,7.18980469271396,508.68947907428,27.9546333093641,2.29923821358974,25.5359783172607,8,FALSE,1.78380664139031
267.704591256977,5.51876290577825,0.0654943735997671,1.81388240135339,6.85108593110469,9.14054934134609,1000,1.33027593311514,2.36663530125516,30.6531313837587,400,267.704591256977,1855.5,100,0.202309447402483,812.035010940919,610.673995068345,458.855189674013,407.16568736882,79.4413141703638,0.0649389011616007,7.12259006359523,516.560344444321,31.178176257306,2.83741423636347,28.698920249939,8,FALSE,1.95421113381974
275.112901144088,6.70027658111448,0.0842331368857127,1.9049578570548,7.77409610686574,9.47609222580505,1000,1.07027920051449,1.92739006213795,27.3194131036709,400,275.112901144088,1849.7,100,0.196016689533992,809.496717724289,604.509790503242,439.043689169538,375.027644198099,83.6865533206538,0.0833250334375174,7.18976477486328,507.000726013387,27.9469061784888,2.29155138809312,25.5362672805786,8,FALSE,1.78314582309233
274.089537640427,6.71375806948993,0.08371664336112,1.92187291982817,7.77405570437472,9.45882633508703,1000,1.0567213349503,1.97590301656202,27.1239812034398,400,274.089537640427,1838.1,100,0.195639541882797,804.420131291028,597.081792523585,437.902548505719,374.47046763926,84.4453302576998,0.0828201293997603,7.19419474938489,499.064850416804,27.7160259524395,2.33569174939657,25.3445809682211,8,FALSE,1.7794002352187
268.875168275442,5.52511684489788,0.0661551248453681,1.78998326431803,6.86348065641683,9.15379387784836,1000,1.33631007491232,2.29990693455133,30.7225101393195,400,268.875168275442,1838.1,100,0.20245098062923,804.420131291028,606.830154732649,459.274483689947,406.860945878986,78.3892582721941,0.065588301795852,7.12088403406972,513.832336633781,31.2360474349795,2.77209843613912,28.7692937850953,8,FALSE,1.95321635422422
271.158207220899,5.68945653797135,0.0693299570379419,1.79082339433681,7.00428284876887,9.23383150880433,1000,1.31262941127057,2.16637896586696,30.4484163149235,400,271.158207220899,1858.2,100,0.201941982730879,813.216630196937,617.170482448524,457.619657064731,402.800051249419,78.4453560704513,0.0687081136444869,7.12589579929046,523.878834278833,31.0292701223865,2.62738219330542,28.5160551071167,8,FALSE,1.93236120780684
274.943036015852,6.67404966004521,0.0837894547726936,1.89220715326546,7.75474054125912,9.46595576270136,1000,1.07718700295093,1.93627652384082,27.41803671867,400,274.943036015852,1805.4,100,0.196201619172738,790.109409190372,588.063208390138,439.620405430655,375.914990756531,83.1188393020879,0.0828905912602154,7.18774044765695,491.527294318155,27.9678939350102,2.30321675901049,25.6301684379577,8,FALSE,1.78786828071234
266.114673209051,5.37249086318886,0.0630013410985517,1.79737065998363,6.72835492669001,9.06668411825206,1000,1.35393074416499,2.4694936912808,30.9233284460633,400,266.114673209051,1805.4,100,0.202817158840414,790.109409190372,589.914685601194,460.489759034133,410.600176583535,78.6988571981406,0.0624868184450608,7.11746339408171,497.051980293494,31.3385568722257,2.95085140228705,28.9512138366699,8,FALSE,1.97211460939336
275.237646546999,6.64814639815049,0.0836613293895115,1.88049803933922,7.73950513765837,9.4674252921339,1000,1.08790215804748,1.92313895153602,27.569773920298,400,275.237646546999,1795.6,100,0.196490868174109,785.82056892779,585.735798876015,440.508820601844,376.790925518367,82.5927459721884,0.0827647931842536,7.18445946182882,489.748705176139,28.1072514460513,2.29393796680075,25.7769212722778,8,FALSE,1.79285264802016
277.070215915899,7.06053282569194,0.0901755924221682,1.8978144128192,8.02287826265266,9.48045520445444,1000,0.957947548148996,1.82665538970387,25.6196197216302,400,277.070215915899,1783.2,100,0.192839167636035,780.393873085339,573.681964122747,429.192773978465,360.587701866253,83.5038369982801,0.0891406603030499,7.22511096025279,477.4353153775,26.1724777063975,2.14632054688912,23.9135190645854,8,FALSE,1.7061006570448
268.150867029335,5.45943189364155,0.0650095540985511,1.77458809573902,6.80829828218433,9.11589781815758,1000,1.34686060784591,2.34486938623486,30.8430676257638,400,268.150867029335,1783.2,100,0.202677255822872,780.393873085339,585.387806160878,460.003762378831,408.420948456412,77.7065589002424,0.0644619368868606,7.11860645327434,493.62695758741,31.2522467807527,2.82180160939338,28.8817348480225,8,FALSE,1.96133277774134
268.874852688537,5.46727580949743,0.0654624042753984,1.77154605931748,6.81892162615535,9.13183551466537,1000,1.34963839122449,2.30344938475852,30.8746514063522,400,268.874852688537,1815.8,100,0.202743087908767,794.660831509847,599.231906997476,460.194963084606,408.141874931252,77.5708867885014,0.0649071002180301,7.11778471202612,507.21354197117,31.3504716154609,2.78087873686699,28.9144325256348,8,FALSE,1.96021888071743
274.466066602461,6.70611966983272,0.0838722189371676,1.88530914388238,7.77232646380825,9.44850361286199,1000,1.06261384868588,1.95802067206216,27.2092260088014,400,274.466066602461,1729.5,100,0.195803414363212,756.892778993435,557.4333058103,438.400025061469,374.776180505009,82.8320645645344,0.0829721511362494,7.19228342026976,462.023080542332,27.6239140132325,2.3197677076854,25.4278998374939,8,FALSE,1.78132617130749
265.956783175309,5.49701522984014,0.0643856796806881,1.81059407231201,6.8230991142128,9.09366985403398,1000,1.32403660903301,2.47028542645495,30.5810617800752,400,265.956783175309,1729.5,100,0.202158866567865,756.892778993435,559.04737368658,458.419937462868,407.86583250655,79.3030712709464,0.0638489190463376,7.12448886479113,466.507066509828,30.8624381674787,2.94001271477746,28.6240119934082,8,FALSE,1.95704978666698
273.648063233994,6.59784857041722,0.0819838430553513,1.87947460169346,7.69119111354278,9.42730700438058,1000,1.0899449168283,2.00123889726453,27.5985317217684,400,273.648063233994,1714.3,100,0.196532439163092,750.240700218818,552.322416839245,440.677348029598,378.397971634169,82.5461093406063,0.0811226991719777,7.18433341766288,457.267438571241,27.9738162731153,2.37410409350496,25.7980008125305,8,FALSE,1.80053090923789
273.290320412081,6.61261383894879,0.0819353414037877,1.88460789033479,7.69829124222397,9.42063239950297,1000,1.0822464245706,2.01829243195281,27.4898703292378,400,273.290320412081,1699.8,100,0.196324119698777,743.894967177243,545.537718800638,440.040820642724,377.893622112517,82.7800393606813,0.0810754940214712,7.18672511094421,450.452398625517,27.8350118260123,2.38849122487369,25.6923376719157,8,FALSE,1.79753265732213
268.033891269826,5.65882542124979,0.0673241756996037,1.80005882734195,6.96039288362219,9.16289902278841,1000,1.29937140599867,2.33932009710854,30.2927930732721,400,268.033891269826,1699.8,100,0.20162077333519,743.894967177243,550.770730832692,456.682082800264,403.944199121456,78.8621683798082,0.0667379657890706,7.12988276738289,458.930792098301,30.5564339109625,2.79772211469915,28.3560266494751,8,FALSE,1.936766423797
268.670736340709,5.63081702759157,0.0673157963638157,1.79266464710838,6.94321511965179,9.16918405344561,1000,1.31023582196695,2.30508987419927,30.4204368355967,400,268.670736340709,1741.7,100,0.201870029288324,762.231947483589,568.537343932798,457.450984382065,404.505836267601,78.5287449795905,0.0667295054712818,7.12710705272826,476.511756335848,30.7658136525083,2.76722618119798,28.4802222251892,8,FALSE,1.94021461040755
274.000109331102,6.63439421105787,0.0826683086118071,1.85561518747477,7.71941622332224,9.42014008149273,1000,1.08152859241252,1.98284890075676,27.4796990243402,400,274.000109331102,1626.7,100,0.196310547499242,711.903719912473,519.365687767457,439.981273487974,377.203232423479,81.5070998440621,0.0817930910737494,7.18672781860644,426.216191546708,27.7128396657995,2.3522087514673,25.6854510307312,8,FALSE,1.79424799360904
265.979801026518,5.47949351176982,0.0641914811220132,1.78124667436193,6.80982863786427,9.07012905494323,1000,1.32828655314587,2.47010265744483,30.6301890920017,400,265.979801026518,1626.7,100,0.202253301786541,711.903719912473,520.693020462296,458.716599960659,408.254972275411,78.0141080668605,0.0636578650769201,7.12347856631671,430.457161275512,30.7367362657504,2.94148092319487,28.6709942817688,8,FALSE,1.95919481023287
274.357342662337,6.67271118190313,0.083382177060689,1.84927977869798,7.74874132173324,9.42390472672098,1000,1.07245676090393,1.96432366857483,27.3505709583862,400,274.357342662337,1605.2,100,0.196069414912777,702.494529540481,511.23647551024,439.225828007583,375.926471056512,81.2384559688561,0.0824921799166767,7.18933851533538,418.582338660734,27.5533990513505,2.32992490288089,25.5630455017089,8,FALSE,1.78752545667729
273.087122824353,6.58746129644747,0.0814930084113544,1.85451358636951,7.67924270953929,9.3953738306383,1000,1.08835505732939,2.02920318876849,27.5761544577645,400,273.087122824353,1586.1,100,0.196485656423697,694.135667396061,502.833579632653,440.546207867105,378.714242881245,81.4516998722637,0.0806421660490991,7.18497011485215,410.165190557704,27.7257942273367,2.4019053678935,25.7742783228556,8,FALSE,1.80187613490888
267.755220619065,5.57878246905971,0.0662320345267729,1.75950186466697,6.89745434251559,9.11428220755765,1000,1.31652919863707,2.35999837967718,30.4938931579601,400,267.755220619065,1586.1,100,0.202004304104544,694.135667396061,508.51169222679,457.893911114694,405.808068223924,77.0710213934455,0.0656642896153256,7.12583285988878,419.547274388575,30.5598051245378,2.82534433534891,28.5470843315125,8,FALSE,1.94680882644758
268.040554291782,5.51829234754638,0.0656555343519058,1.75624745554673,6.85290938498413,9.11070140245367,1000,1.33254019539738,2.34745210214098,30.6792020126112,400,268.040554291782,1648.3,100,0.202361870219218,721.356673960613,533.517985825126,459.012715150831,407.130733304493,76.9151684881869,0.0650972887227767,7.12197500891309,443.987477328901,30.8561129899504,2.81884750497702,28.7249898910522,8,FALSE,1.95421212155905
273.799440463925,6.61629678464144,0.0823117337333512,1.82283970580792,7.70527498030097,9.39038935857108,1000,1.08546545203595,1.99321508032004,27.5353994531174,400,273.799440463925,1499.5,100,0.196414243289273,656.236323851203,471.416669583697,440.307441627774,377.79490427852,80.0633686021785,0.0814438776542702,7.18561621928703,380.940534079414,27.5503646299623,2.36424373381995,25.7380590438842,8,FALSE,1.79734040923323
265.280474463459,5.31922560978318,0.0619905051112435,1.72745599175538,6.68200514827306,8.98210955105194,1000,1.36084111705802,2.52369140549537,31.0013716213531,400,265.280474463459,1499.5,100,0.202961413445794,656.236323851203,473.339366224452,460.962696549393,411.859677607231,75.6323394239473,0.0614921986956702,7.11607069589485,386.67835810622,30.8804019529642,3.00843365308106,29.0228204727173,8,FALSE,1.9785511486358
273.107728257847,6.55525124917211,0.0811077184152323,1.8193728511737,7.65712161097989,9.3693041426028,1000,1.098455851817,2.0293186876683,27.7177707568609,400,273.107728257847,1474.2,100,0.196753758228503,645.164113785558,461.571549007191,441.376632569962,379.758503524721,79.8977657023479,0.0802645144193089,7.18198753716094,371.496471446866,27.6784446920695,2.40587896755138,25.9101758003235,8,FALSE,1.80759495653739
272.627767812601,6.54907162433572,0.0807259286315286,1.82109474083919,7.64877501343536,9.35589524889582,1000,1.09628624675971,2.0534322053956,27.6874623449696,400,272.627767812601,1449.1,100,0.196692611262267,634.17943107221,450.984261765954,441.19880822559,379.941513969692,79.9757844791446,0.0798906928046353,7.18276500189729,361.119589779976,27.5978824347766,2.42954096093013,25.8791920344035,8,FALSE,1.80827031056612
266.870158083053,5.34119326737958,0.0629897866110888,1.68965774715415,6.70896992447474,8.99587817650978,1000,1.36581132746771,2.42690434080757,31.0572586887035,400,266.870158083053,1449.1,100,0.203079777857295,634.17943107221,458.176748716247,461.301592994494,411.180545861037,73.9732134861103,0.0624752435870834,7.11455819915768,373.541082560081,30.8764023450256,2.91233967607458,29.0815501213074,8,FALSE,1.9757085673961
266.771076132966,5.4784392863362,0.0645603083612809,1.73996908161751,6.81414634509509,9.05732976506824,1000,1.33364027671689,2.42338697246873,30.6918523212166,400,266.771076132966,1520.8,100,0.20237717437999,665.557986870897,482.944029174047,459.08916619797,408.183848402691,76.2016905529067,0.0640204594000913,7.12202752895552,395.503832759583,30.6309891745342,2.8962393101107,28.7325997352601,8,FALSE,1.95925258595651
274.177907214022,6.72600592467866,0.0839283733385283,1.79163746850687,7.78321309693856,9.36352898894845,1000,1.0533868598444,1.97123284529061,27.0755317406738,400,274.177907214022,1342.6,100,0.195548845618969,587.571115973742,410.489039477413,437.619993103189,374.03483486208,78.7264227801499,0.0830274666616081,7.19519093256381,322.984632535761,26.8329861379121,2.32967741415984,25.2984476089478,8,FALSE,1.77708413172601
264.974751984595,5.28011636807132,0.0613954182835953,1.68710203175158,6.64988192065873,8.92441395617701,1000,1.36782416759396,2.54535812403719,31.0798340445147,400,264.974751984595,1342.6,100,0.203110173791334,587.571115973742,414.023875888898,461.438541822698,412.740103516057,73.8602413640207,0.0609064913672182,7.11454504619383,330.721990603591,30.6857390670859,3.03309593044392,29.0966281890869,8,FALSE,1.98320585542783
272.207668040955,6.44878483287743,0.0792284546666286,1.77680933145149,7.57497982228162,9.30268523402836,1000,1.12288305525494,2.07828889404319,28.0549355984165,400,272.207668040955,1314.7,100,0.19738543484648,575.361050328228,401.671446463395,443.358460322774,383.063661260479,78.0044067290742,0.0784229218738221,7.17517528538969,315.001507932314,27.7306621196182,2.46494601990887,26.2298774719238,8,FALSE,1.82505812649274
272.550481821056,6.52499549909877,0.0803804199876371,1.77568163913362,7.6314146475068,9.30775124081929,1000,1.10295530637856,2.05817625816236,27.7804357736805,400,272.550481821056,1285.4,100,0.196867989019969,562.53829321663,389.754791557383,441.744468798586,380.705888598188,77.9746919243682,0.0795520615139988,7.18083464213391,303.460501473554,27.4126999930328,2.43690686533164,25.9680404663086,8,FALSE,1.81239530737189
267.715026041976,5.25434384030213,0.0623613218074806,1.61412258579187,6.64684656947774,8.92826652065689,1000,1.39056895668902,2.38362212728431,31.332648233306,400,267.715026041976,1285.4,100,0.203615271682065,562.53829321663,399.734228710785,462.974271618142,412.920269101766,70.6480467476916,0.0618565465494462,7.10876991409073,319.922691440521,30.8854341831406,2.87814726196601,29.3469648361206,8,FALSE,1.98568339718543
266.698255216634,5.46593260618962,0.0643777554670021,1.70148019395333,6.80409484789256,9.01452308765835,1000,1.33607108470434,2.42849057513956,30.7197682649246,400,266.698255216634,1368.9,100,0.20243025057212,599.080962800875,425.771796857056,459.257907581726,408.470362499498,74.5141639840361,0.063840901202763,7.12147523980559,341.54899166632,30.398525673493,2.9023567331809,28.7589883804322,8,FALSE,1.96077988449238
273.097953274701,6.57668828597124,0.0813667861420937,1.74281631457579,7.67205354046453,9.28012077928546,1000,1.09171669344219,2.0290376440394,27.6234310436648,400,273.097953274701,1168.3,100,0.19657514470134,511.291028446389,345.8809986766,440.823302921559,379.061498960076,76.5425011779221,0.0805184472924546,7.18397369781277,262.16487731823,27.0671740462746,2.40302278251194,25.8196525573731,8,FALSE,1.80377848629168
266.82502842951,5.38567826594675,0.0634929320497033,1.63219174411112,6.7431284272112,8.92146435268588,1000,1.35536608210513,2.42647135910238,30.9395713421488,400,266.82502842951,1168.3,100,0.202853281875461,511.291028446389,351.758501351588,460.588160122916,410.219203516382,71.4651619225708,0.0629703454667325,7.11696351162023,272.525600782671,30.2781818589935,2.90782766004644,28.9691481590271,8,FALSE,1.97042318312166
273.770862353215,6.58438362699461,0.0818962608092681,1.72210154349484,7.68313073169045,9.27779748972405,1000,1.09505745107158,1.99568944704305,27.6702700016955,400,273.770862353215,1136.9,100,0.196669110757576,497.549234135667,335.648740724117,441.097961860199,378.832883124894,75.6292403644042,0.0810367635238551,7.18279029870962,253.089751027429,27.0718179679579,2.37041863903298,25.8672823905945,8,FALSE,1.80298761110098
272.937070821334,6.52364509803641,0.0806083498352196,1.7211780318176,7.63379943514606,9.24739161590288,1000,1.10655427393382,2.03891189069488,27.8303757434902,400,272.937070821334,1108.6,100,0.196965587702217,485.164113785558,324.275173688559,442.037775090578,380.753178591345,75.5776788982855,0.0797751779050468,7.17967387808043,242.056957666471,27.1699892672805,2.41871769770466,26.0174622535705,8,FALSE,1.81291348991969
268.038028545791,5.35066469154965,0.0636599853059146,1.58583921906545,6.72365290026069,8.89703316893257,1000,1.37091142280686,2.35838907325069,31.1143952163946,400,268.038028545791,1108.6,100,0.203197780567767,485.164113785558,332.694727376,461.648259250034,410.807844062216,69.4240873500972,0.0631343748588399,7.11311721921359,255.958761061763,30.3701998991148,2.84488752601108,29.1400775909424,8,FALSE,1.97431762545219
267.16468081289,5.47595491306354,0.0647222888034549,1.65299019750248,6.81483472215043,8.96760339033906,1000,1.33672601366301,2.4005623578683,30.7272809305603,400,267.16468081289,1199.6,100,0.202447940861298,524.989059080963,363.093589922666,459.303326763429,408.188102869583,72.389987342308,0.0641796770395335,7.12120888456498,282.667679113951,30.1247228255891,2.87431226163769,28.7677826881409,8,FALSE,1.95949824241941
274.607268531911,6.73655451971204,0.0843480026348724,1.68941048523238,7.7944370291018,9.22619305228398,1000,1.05365631604508,1.95027175607858,27.0794525940184,400,274.607268531911,981.9,100,0.195559658477725,429.715536105033,275.600956196912,437.64285428247,373.691297816884,74.2340666919649,0.0834380869870391,7.19497920932627,196.038558128211,26.2353783920993,2.30848451712077,25.3039484024047,8,FALSE,1.77550419161367
269.914418883018,5.85015179932675,0.0706067257556068,1.62167665315058,7.11839091501474,9.00577869242358,1000,1.26556019661579,2.22467343893074,29.8886120464398,400,269.914418883018,981.9,100,0.200860664886493,429.715536105033,282.136387229777,454.253766507449,399.206728012556,71.0732772869163,0.0699629316813445,7.13770562671761,205.286194546643,28.9598522126527,2.66835121393234,27.9766578674316,8,FALSE,1.91195417900821
274.707225778624,6.76348487346174,0.0847527968703665,1.68319490395977,7.81334324604257,9.20969197075448,1000,1.04550481929692,1.94465217495253,26.9603943112055,400,274.707225778624,949.5,100,0.195335998980609,415.536105032823,262.925624299926,436.949064642557,372.717962929772,73.9691048345319,0.0838344876788366,7.19746162663075,183.963820846701,26.0638837845297,2.29966770381827,25.1901254653931,8,FALSE,1.77026884581245
274.653771881054,6.70150004295446,0.083940321416035,1.64728035942598,7.77144260848709,9.13323669832488,1000,1.0655269397717,1.94915658888181,27.2511941591204,400,274.653771881054,849,100,0.195884069156884,371.553610503282,226.637888285764,438.645100865717,374.932871637098,72.3712682690902,0.083038682819378,7.19134494419075,150.175996427051,26.1827763332187,2.31187677088451,25.4688906669616,8,FALSE,1.78230349215876
267.676989093477,5.70422421011498,0.0676814670166856,1.60479491718934,6.99283343271289,8.84257285640736,1000,1.28597137796469,2.35691596411159,30.1338808471105,400,267.676989093477,849,100,0.201313742879824,371.553610503282,228.907036119845,455.726181008769,402.92626557047,70.317944668422,0.0670893219801793,7.1332362659207,154.236245872391,28.9420626596591,2.81037059199437,28.2029032707214,8,FALSE,1.93097757638911
269.761392924374,5.60608726866588,0.067581515706189,1.58237283911133,6.93155714895785,8.95077557418178,1000,1.3230948446733,2.24611608515417,30.5701540945207,400,269.761392924374,1012.9,100,0.202165055344029,443.28227571116,297.132795503541,458.354089325396,404.909962153365,69.3068934538574,0.0669903330429129,7.12377035317231,221.538863804283,29.6902015807948,2.71239231839408,28.6270914077759,8,FALSE,1.94306268674476
275.59438286245,6.85862380068212,0.0865664970302023,1.52951595693127,7.89660759611606,8.12702382719278,1000,1.01365629089652,1.89934857034509,26.4861528438379,400,275.59438286245,383.3,100,0.194448831398138,167.746170678337,48.8554127479655,434.193695852822,368.61079190861,67.2450356771075,0.0856099769880654,7.20728483020719,-17.9065143964785,24.6528444817636,2.24166582699871,24.737777709961,8,FALSE,1.74837513387689
271.742073626162,6.27588433208549,0.0768281540778759,1.51055089151361,7.45312215865373,7.93947787847577,1000,1.16610526109053,2.10852041467449,28.6339386128832,400,271.742073626162,383.3,100,0.198480575406432,167.746170678337,53.4791585662994,446.777355540941,387.947000229301,66.2797519650127,0.0760692066404983,7.16323373543428,-12.4554741729402,26.7230917175664,2.51226740921905,26.7825331687927,8,FALSE,1.85140544409051
275.314119888874,6.8375276390567,0.0861025610349887,1.53915763232243,7.87482570786996,8.25336481646723,1000,1.02162958513004,1.91334272570127,26.6062631966531,400,275.314119888874,408.5,100,0.194673161782653,178.774617067834,58.4783382553287,434.890307705371,369.663768082217,67.6614281111818,0.0851558871332053,7.20479914730986,-8.94149139281458,24.8098632839482,2.25885066386441,24.852288722992,8,FALSE,1.75397447366113
278.241133248287,6.92325226416404,0.0892947362351467,1.47375776486171,7.98363766400149,8.04051307358238,1000,1.00459849527784,1.77669349693857,26.3485538397448,400,278.241133248287,362.7,100,0.194209301642448,158.730853391685,45.2043995541251,433.396682832193,365.510213653823,64.8013086634756,0.0882776337711809,7.20947054382206,-19.0828536515352,24.5249254676538,2.11374676366702,24.6154108047485,8,FALSE,1.7331430349963
270.317744910389,6.07345113116105,0.0735341564640213,1.49817383963477,7.29483242688476,7.73098101068278,1000,1.20954126746172,2.19174300836298,29.1945763358506,400,270.317744910389,362.7,100,0.199537267505522,158.730853391685,46.0464122449979,450.106612864168,393.468767079193,65.7027866040025,0.0728375139098493,7.15197133200171,-19.1228540378933,27.222458322861,2.61343503687145,27.313862323761,8,FALSE,1.88071401208964
273.170788495936,6.08946069914255,0.0753829693939726,1.47235011044175,7.32210241043797,8.39796661862907,1000,1.22768799395486,2.04397162655786,29.4228604992041,400,273.170788495936,494,100,0.199995397464604,216.192560175055,101.975792859156,451.467558648536,392.852440130733,64.5558786817068,0.0746504690013036,7.14643511811934,36.4012139266083,27.7177641731162,2.47025090832483,27.543637752533,8,FALSE,1.87922274667107
276.629394872123,6.99009260295102,0.088959931131342,1.55108489501886,7.98061659566862,8.53347885510032,1000,0.979265643026831,1.84831453694627,25.9570269278109,400,276.629394872123,467.5,100,0.193465981971118,204.595185995624,79.5571636417779,431.134848678601,363.594305273893,68.2265081369154,0.0879515943644031,7.21811982431019,11.034889328646,24.2872960000535,2.17654748191282,24.2350344657898,8,FALSE,1.72199246202105
268.672825169311,6.18063779198576,0.0738915408561578,1.58475168488696,7.35661290318552,8.29117234956865,1000,1.17022855255541,2.27595571513648,28.6880483520279,400,268.672825169311,467.5,100,0.198560778146111,204.595185995624,78.944353398932,447.097869732728,390.80447030327,69.5327994656876,0.0731892085906613,7.1629297062643,9.15769698993835,26.8666322715073,2.68367638826995,26.8229269981384,8,FALSE,1.86512135388951
278.513204002824,7.04023531150107,0.0910077776137512,1.48504533190402,8.08508831349675,8.03866162965599,1000,0.938543627803503,1.76172241874276,25.3059160073527,400,278.513204002824,356.7,100,0.19225580789576,156.105032822757,37.7280212792082,427.393026576816,357.985913673751,65.3609530127035,0.0899547150694136,7.2316901702594,-26.9173295954163,23.486424553439,2.07374834895838,23.6136665344238,8,FALSE,1.69224947292887
280.549611437183,6.83157272587881,0.089797744181737,1.39166872873626,8.14810770407553,7.77287211446363,1000,0.925894360811772,1.68053844625988,25.0979032702588,400,280.549611437183,317.7,100,0.191856459454437,139.037199124726,25.2142677499193,426.20276311303,357.721173764516,61.2633719549503,0.088773025462608,7.23657910865628,-35.1180530522187,23.2421518813751,1.98876644292752,23.4080476760864,8,FALSE,1.68985559417242
270.847085230731,6.22595793034124,0.07571471358861,1.50293621350409,7.46218799104562,7.44412247512027,1000,1.15285832474867,2.15472684502922,28.4587958916562,400,270.847085230731,317.7,100,0.198133721644379,139.037199124726,25.9221093050926,445.741094841365,388.10412244438,65.9568209279489,0.0749779233655984,7.16739555627634,-38.9577725313813,26.4219052612958,2.55481572960038,26.6077160835266,8,FALSE,1.85107980812955
273.724292847616,6.3038602097434,0.0783792042248398,1.50399966581858,7.48442062538816,8.50002383594092,1000,1.17508243956569,2.00798377508813,28.7515018681433,400,273.724292847616,506.1,100,0.198720307663082,221.487964989059,104.006304548405,447.473950605762,387.124031178751,65.9845697905306,0.0775891296157018,7.16020012150849,36.9949957271034,27.0798677463886,2.41349854964878,26.9032411575317,8,FALSE,1.84826071061161
278.540446958986,4.49180299491005,0.0580622985155709,0.983434880831373,8.04590636612938,5.41219383877321,1000,0.919279581138305,1.86565488502056,24.9879911008862,400,278.540446958986,165.5,100,0.191406016744877,72.4288840262582,-41.6910047343802,425.57484277172,384.254062283843,43.3020216079758,0.0576328527534255,7.24849019492195,-82.8064129595279,22.7852481410965,2.19326159049381,23.1757783889771,8,FALSE,1.81221271190914
272.199735098175,3.96351258374751,0.048691751426606,0.992089065518264,7.49154231962125,5.08688049985207,1000,1.12229276049677,2.24127130712445,28.0468746817758,400,272.199735098175,165.5,100,0.197118543800503,72.4288840262582,-38.464448094119,443.311001178471,410.236514382913,43.5597943177725,0.0483866963202238,7.18446781943436,-79.8338596913016,25.7150166504985,2.65332650705021,26.0948829650879,8,FALSE,1.95199171668792
279.559154897852,4.87535936918546,0.0635533447172618,1.03619967869643,8.11642193706972,5.76165966563585,1000,0.884892058109068,1.79522787080216,24.4035490037041,400,279.559154897852,178.3,100,0.190360844963098,78.0306345733042,-37.0654236273283,422.247612381113,375.474563220057,45.6491651449037,0.0630399656085893,7.25951694730681,-80.60104819499,22.2558798164996,2.10554114254607,22.63543176651,8,FALSE,1.7681172371941
281.648873646357,4.3410971354061,0.0575879569862968,0.905374684077046,8.14553219838466,5.23731009472926,1000,0.895270436335801,1.73170570483263,24.5822967671666,400,281.648873646357,156.2,100,0.190646786598228,68.3588621444201,-41.4447943251138,423.263145270761,381.888902559558,39.8800420487772,0.0571659905201383,7.25743243791674,-79.2431830700059,22.4101928402081,2.05014362291594,22.7834577560425,8,FALSE,1.79883901112415
274.369623399291,3.91013748638177,0.0488655950897576,0.944098915062138,7.69185469782639,4.96805068916261,1000,1.05700769226487,2.12685823507208,27.1281348048768,400,274.369623399291,156.2,100,0.19536593853104,68.3588621444201,-43.2874056119994,437.926778515761,405.222335185957,41.4884339249093,0.0485592142764633,7.20451606339048,-82.5376536507574,24.8137284197155,2.51430246709729,25.2053670883179,8,FALSE,1.9227677165589
280.16458403027,2.54175317255367,0.0333006631617949,0.613343393086931,7.66905002406647,3.63585334378737,1000,1.09377249137675,2.02633685778584,27.6522712086613,400,280.16458403027,107.8,100,0.196235357126765,47.1772428884026,-54.2449953226423,440.99240356897,422.146860348143,26.9418413230114,0.0331579578934602,7.1976742439295,-79.032127061312,25.2719315750822,2.44053681780448,25.6472930908203,8,FALSE,2.00497811784101
286.642749068979,2.00265671121011,0.027737067366325,0.45901050754199,8.11174735709746,2.86960710351724,1000,0.86679332865673,1.82438451492743,24.0867576753879,400,286.642749068979,76.1,100,0.189497386430642,33.3041575492341,-80.0977416877273,420.452292983686,404.287364347431,20.2301888644894,0.0276390681152326,7.27700572183082,-97.7816407630109,21.7281866681474,2.1510608239083,22.1875357627869,8,FALSE,1.89922191260095
283.496952280142,1.62583278574698,0.021910059760333,0.43424999838652,7.65379317211405,2.68773954226492,1000,1.06176131003236,2.18181238976341,27.196921940408,400,283.496952280142,76.1,100,0.195273239261737,33.3041575492341,-76.3407277517658,438.328194107281,430.053167843339,19.083991919472,0.0218483069519761,7.21101125776742,-92.9087625643618,24.7177185209485,2.59287431464423,25.1581707000732,8,FALSE,2.03875124033483
290.967946517756,1.52206727023995,0.0219171039756722,0.356337585501341,8.13305511874084,2.38386227829947,1000,0.861696172786011,1.79173503221316,23.9963452174232,400,290.967946517756,61.9,100,0.189285336451439,27.089715536105,-84.4827015644341,419.940959398026,408.705994680618,15.7067079426275,0.0218559010750923,7.28067114020803,-97.6506549444787,21.6188296817348,2.12007086213409,22.0773324966431,8,FALSE,1.91901272078009
295.627035567119,1.2976751279429,0.0195200785408597,0.295987895694577,8.20586725384005,2.15479923214976,1000,0.857047377748157,1.67095729279865,23.9134181657112,400,295.627035567119,55.2,100,0.189114072859426,24.1575492341357,-81.5307852620093,419.472370222258,410.153792549742,13.0477264354576,0.019471532557418,7.28316129746574,-92.1848462253508,21.5555749850802,1.99884798537919,21.988265991211,8,FALSE,1.92515217450023
293.009843754449,0.998598818160555,0.0146539038298049,0.287569867071161,7.72080712036058,2.03164086255065,1000,1.03296949918728,2.15975141120057,26.7754836802116,400,293.009843754449,55.2,100,0.194414007264007,24.1575492341357,-86.4818856240358,435.873168755607,434.267265484491,12.6432018410208,0.0146262980941189,7.22237389597367,-96.5267516725414,24.2631095543422,2.56508486742398,24.7199935913086,8,FALSE,2.05549008890303
274.925759081708,3.14813753351289,0.0395176253946315,0.789001753666217,7.65483700493827,4.20533351682281,1000,1.05668350684132,2.19961275980033,27.1234324240627,400,274.925759081708,127.2,100,0.195280123874689,55.6673960612691,-57.9382293757026,437.899347279585,413.604473203577,34.6741554746358,0.0393170926594896,7.20739782633791,-90.1693016705028,24.7339968686075,2.59442551839332,25.1616764068604,8,FALSE,1.96175601720227
319.782635250698,0.442287419121317,0.00865651852030462,0.129601252289789,8.22726311978366,1.23442494067634,1000,0.792115731455628,1.64889356443222,22.7056510076315,400,319.782635250698,29.5,100,0.186829878653694,12.910284463895,-97.7470580823117,412.692085351783,408.637752630268,5.71965953886246,0.00864699576098885,7.31201774200968,-100.88889829803,20.3235074566918,1.9541421447302,20.7951841354371,8,FALSE,1.91046687219442
338.368912595715,0.222971494368988,0.00568029569873621,0.102075865560391,7.92092046990888,1.19347380401087,1000,0.970481137795071,1.97676842793368,25.8188906080363,400,338.368912595715,29.5,100,0.19253930857501,12.910284463895,-94.2322289788437,430.338957816046,436.517160061574,4.49200766214648,0.00567615643100327,7.2459163806721,-96.1688276883053,23.3057533096971,2.36313962799763,23.759464263916,8,FALSE,2.05942634412026
348.224680400283,0.172586743068715,0.00523361788140454,0.0757293843840175,8.25421523123928,0.947300451863433,1000,0.774701427915609,1.59349622005849,22.3648730280479,400,348.224680400283,21.8,100,0.1861910448157,9.54048140043764,-99.8268942517113,410.793949210479,407.941709948298,3.34322722427943,0.00523013940487851,7.32011213897051,-100.611025175049,19.9899118168725,1.89242503978154,20.4597692489624,8,FALSE,1.90510377908554
400,-0.0681356957643168,0.003,0.0405718029490451,8.31709476897615,0.707532642559162,3000,0.775661759854306,1.49045345496749,22.3838642902306,400,400,15.6,100,0.186208104010784,6.82713347921225,-96.7725988922308,410.899558076651,410.102809016007,1.79110901863805,0.0029988567653536,7.32037174285197,-96.1187380912211,20.019873656156,1.79118174709652,20.4687360127767,8,FALSE,1.91512827745389
400,-0.265352564568402,0.003,0.0523214090275891,7.98788988918502,0.678078574068751,3000,0.94342484871246,1.92052241335625,25.3854372102768,400,400,15.6,100,0.191707263878719,6.82713347921225,-99.7240595851187,427.84871053489,436.041716137371,2.30343918613691,0.00299884665114515,7.2561518053509,-99.4013195635105,22.8628558926599,2.29734411858117,23.3311557769775,8,FALSE,2.05428143329933
316.399788252299,0.426940174215035,0.00801809787835688,0.15405984131392,7.80949844067101,1.42243961137251,1000,0.995467760068679,2.11399284273565,26.2085853644339,400,316.399788252299,36.5,100,0.193289905392827,15.9737417943107,-95.6706167021803,432.587071426165,436.888375397802,6.77711650561565,0.00800984234750471,7.23672138729724,-99.7825807767456,23.6734304620684,2.50908114112918,24.1447887420655,8,FALSE,2.06379662236835
322.654320042606,0.792105280170098,0.0160786266378224,0.117953032638918,7.42823476805448,1.21981641443718,1000,0.427687168616088,0.817870414050547,13.2576715946198,400,322.654320042606,25.6,100,0.172822874247638,11.2035010940919,-92.9714357860997,362.447618617118,0,5.24343939932045,0.0160449539809361,7.12691496597627,-95.8896167453312,12.7977240905448,0.817870414050547,13.2576715946198,8,TRUE,0
322.560615735735,0.656817091118326,0.0133163510814865,0.111431550164378,8.01094480322931,1.17894898222459,1000,0.522111547583922,0.933400747662478,16.315797328949,400,322.560615735735,25.6,100,0.17841815790377,11.2035010940919,-86.5629217468519,378.177500622264,0,4.93902923866612,0.0132929997955098,7.0516210892387,-89.2439259622252,15.8831560437438,0.933400747662478,16.315797328949,8,TRUE,0
318.983365685269,1.089759614837,0.0211182714316797,0.151999637728444,7.47313776451855,1.5218422615222,1000,0.432043732968258,0.80316356641385,13.4130358695984,400,318.983365685269,32.3,100,0.173104274550118,14.1356673960613,-89.0243630533143,363.234709935564,0,6.75592897169432,0.021060188823529,7.12305100643535,-93.5078653388062,12.9642694528128,0.80316356641385,13.4130358695984,8,TRUE,0
319.56016387488,1.43627986685699,0.0280329978724122,0.177738246922868,7.52728307528837,1.86843060477608,1000,0.432089051130486,0.710472140294637,13.4146437644958,400,319.56016387488,40,100,0.173107188412061,17.5054704595186,-81.3486557221663,363.242862391801,0,7.89992095050871,0.0279307439524475,7.12301103947635,-87.1310712136035,12.9964787483804,0.710472140294637,13.4146437644958,8,TRUE,0
312.05880053058,1.27448605974104,0.0227533161502092,0.197434749857789,8.00509304000328,1.79947467493552,1000,0.524936438378049,0.967174911918376,16.3985157012939,400,312.05880053058,40,100,0.178571157092958,17.5054704595186,-82.3907440657826,378.609961231673,0,8.75029136858397,0.0226852056488846,7.0496065784149,-88.8894084335231,15.967469922977,0.967174911918376,16.3985157012939,8,TRUE,0
336.153902773165,0.353011912741806,0.00868078788355991,0.0679930686482922,8.00802687428028,0.86793805073345,1000,0.514915587744278,0.875153023772994,16.1030464172363,400,336.153902773165,18.5,100,0.178025046860591,8.09628008752735,-87.4088663965197,377.066917604597,0,3.01430226125,0.00867086575475966,7.05680768566135,-88.1981567697656,15.6757891211661,0.875153023772994,16.1030464172363,8,TRUE,0
308.910872060735,2.85390413757021,0.0491897770533032,0.380428589687558,7.5899399323271,3.30489792113847,1000,0.450738943209008,0.862007009110526,14.0624284744263,400,308.910872060735,75.3,100,0.174283780178265,32.9540481400438,-73.4305832262925,366.538485089874,0,16.8983954002016,0.0488750956950447,7.10694565656605,-88.1668608150128,13.6383359236311,0.862007009110526,14.0624284744263,8,TRUE,0
306.550079486618,2.54870683153453,0.0428196265878422,0.36516093401745,8.36534410663159,3.1530525233679,1000,0.604154985427387,0.946711635596243,18.5531707860701,400,306.550079486618,75.3,100,0.180529585565088,32.9540481400438,-63.9291622299061,390.005977822056,236.443310595591,16.1675069236993,0.0425887648512261,7.34814128687219,-78.176035520864,17.0894906238697,1.09006179191748,17.4531831741333,8,FALSE,1.0999876119368
309.42002005136,2.94447593324483,0.0510361353736762,0.38609844695722,7.7273592277458,3.41270776771157,1000,0.467961963210627,0.84411940390074,14.637274980545,400,309.42002005136,78.5,100,0.175332346318093,34.3544857768052,-68.9989477169985,369.481766997317,0,17.1407985467293,0.0506967952712665,7.09274974439402,-84.0617449925307,14.2321192135768,0.84411940390074,14.637274980545,8,TRUE,0
314.266118984987,2.86843335777381,0.0525283895485494,0.341212471839934,7.81295565173687,3.33844488054065,1000,0.469762491488738,0.727868156524656,14.6961445808411,400,314.266118984987,76.3,100,0.175439965983017,33.3916849015317,-64.1261867644061,369.784183690126,0,15.1472354594376,0.0521689121454055,7.09129915229712,-77.3595339898045,14.3232154587346,0.727868156524656,14.6961445808411,8,TRUE,0
305.379760276876,2.51983829771407,0.0418110054706262,0.370824772834415,8.44128215985126,3.15649973083121,1000,0.636472930650442,0.983569060598869,19.3520227446248,400,305.379760276876,76.3,100,0.181338439272387,33.3916849015317,-63.3871593132637,394.295807262072,315.567719808205,16.4114323943595,0.0415912539966647,7.36126352630867,-77.8800823997706,17.5248777223675,1.18115399640844,17.8865475654602,8,FALSE,1.46547517916465
308.505376985229,2.10099674424128,0.0360521904060635,0.300106512791533,8.16005552013724,2.6521866052303,1000,0.551062166348591,0.929437872466117,17.1430897712708,400,308.505376985229,61.1,100,0.179952289901322,26.7396061269147,-69.7497767007396,382.519390992706,0,13.2911828623335,0.0358810553920574,7.03152501034877,-80.9687890206435,16.7494432853364,0.929437872466117,17.1430897712708,8,TRUE,0
304.393819333829,3.2294354029398,0.0530325909727803,0.461171578754162,7.85927310628884,3.72904341033639,1000,0.499271413003914,0.968240426033919,15.6300749778747,400,304.393819333829,88.2,100,0.177153182331652,38.5995623632385,-67.5702360016207,374.606719675733,0,20.4541713420824,0.0526650230020172,7.0683655069156,-85.8722075423367,15.2147654549839,0.968240426033919,15.6300749778747,8,TRUE,0
307.198154975868,2.827971926716,0.0478432286762709,0.391986604043922,8.6525384492735,3.53146624942038,1000,0.703250839681695,0.910011383545683,20.8815015206881,400,307.198154975868,88.2,100,0.183882903108775,38.5995623632385,-50.9188494541607,402.607731889373,351.994407580205,17.3253731432406,0.0475547684521392,7.33702756387912,-66.5756818234226,18.9312694184424,1.14924513361729,19.2414636611938,8,FALSE,1.64003785949427
313.429758982266,3.30587460611522,0.059954201883758,0.39136850661636,8.17523241136114,3.83320923859726,1000,0.526996316578397,0.732089875399978,16.4585528373719,400,313.429758982266,91.1,100,0.178682258929589,39.8687089715536,-52.8613329555966,378.92407409666,0,17.3444187677944,0.0594835140869869,7.04814516373879,-68.4699247035791,16.1264571232824,0.732089875399978,16.4585528373719,8,TRUE,0
312.61810091172,3.38539159676265,0.0608260164941936,0.406408878407448,8.11269888601249,3.90386435359004,1000,0.518110755896895,0.748556880751238,16.1978772481283,400,312.61810091172,92.9,100,0.178200199365277,40.6564551422319,-53.6982440813058,377.561642315973,0,18.0154782330555,0.0603420281628461,7.05449488854446,-69.9468291357719,15.8589235557515,0.748556880751238,16.1978772481283,8,TRUE,0
305.934908911172,2.9210256434891,0.0487538570205308,0.413072059610443,8.67865455093704,3.65804575833158,1000,0.736753640401704,0.940244257557822,21.5949481634585,400,305.934908911172,92.9,100,0.18514070540436,40.6564551422319,-47.7717136901245,406.529573916633,361.662969473893,18.2456303822067,0.0484537739799565,7.32296018044457,-64.3894360518742,19.6060405517479,1.19587897229078,19.9066247940063,8,FALSE,1.68832336945217
309.264030675566,2.79056831780919,0.0482853151394263,0.371592709521031,8.63223369111019,3.46243544978219,1000,0.671635279284919,0.855960977909124,20.1763595404647,400,309.264030675566,85.2,100,0.182684853373956,37.2866520787746,-52.3968424660451,398.759491244722,337.799177018748,16.4340524685813,0.0479920006729948,7.34923234631991,-67.161418011906,18.2926712033152,1.07695075228885,18.6050748825074,8,FALSE,1.57128465795732
300.00654305091,3.86157794587789,0.0606311457704874,0.586990265351941,8.37458795563534,4.4968240738406,1000,0.634724847603847,1.07090107222961,19.3098613412395,400,300.00654305091,115.5,100,0.181385762680012,50.5470459518599,-52.3151954909097,394.068520346656,300.844998275061,25.9775430033764,0.0601698367585428,7.35655024356687,-76.4087760843738,17.5567978360789,1.2592974313898,17.9118623733521,8,FALSE,1.39799896788742
302.841706906377,3.57330557131072,0.0577421165535055,0.520531944172498,8.67064805037708,4.35113997159181,1000,0.777396232648737,0.997852585356911,22.4181052436382,400,302.841706906377,115.5,100,0.186679395071293,50.5470459518599,-38.1996388535066,411.09002068951,363.594342559579,22.9742549093674,0.057320552394058,7.30349810414874,-59.6492429140794,20.4370448077246,1.26709650253103,20.7162427902222,8,FALSE,1.70186245341603
309.346442486504,5.05207628105304,0.087495958618391,0.625399335528264,8.56769983339652,5.68174741204409,1000,0.628553404300413,0.790779877320279,19.1600802370887,400,309.346442486504,155.4,100,0.181319953922135,68.0087527352298,-26.1358259114213,393.261863457174,275.948986100295,27.678292557826,0.086537689846108,7.35017181440285,-52.5185486430621,17.6323973257357,0.962854008502656,17.8766579627991,8,FALSE,1.28342227428961
307.157162549051,6.44250547291976,0.108946575225119,0.819776914157076,8.18438761745815,6.98817078579221,1000,0.541601450995218,0.826554055990072,16.8776205380757,400,307.157162549051,225.6,100,0.179459049193283,98.7308533916849,-4.54683993228286,381.122073280324,0,36.3157235531372,0.107400029886293,7.03796113374015,-39.8465277545319,16.6840755723924,0.826554055990072,16.8776205380757,8,TRUE,0
301.614039691634,6.1501338430598,0.0981424745790027,0.874055871247899,8.70209980233936,6.94590913643931,1000,0.793034561843922,0.972050028870908,22.7234227824679,400,301.614039691634,225.6,100,0.187527889786607,98.7308533916849,5.74405821935407,412.791254411605,332.998466729454,38.5608844733565,0.0969277681136463,7.28493044388081,-31.9932592427045,21.0106653107909,1.22426189616201,21.1607966423034,8,FALSE,1.56262614016451
307.53119711572,3.2290296821209,0.0548250350489278,0.435217664890678,8.76196294163131,3.99523583228886,1000,0.765871368812639,0.88131588554821,22.1891405673163,400,307.53119711572,103.5,100,0.18624558625051,45.2954048140044,-39.7409391300015,409.817680731743,363.625880616616,19.2130351636092,0.0544451384056186,7.30910336456211,-57.4890768517217,20.2195551307663,1.14710199685992,20.4884357452393,8,FALSE,1.70070482207701
300.58413477607,7.86968160480377,0.124287436345005,1.2161263654023,8.59017230461794,8.94430430547267,1000,0.700839259996076,0.981890376426378,20.8288424833315,400,300.58413477607,620.7,100,0.18431592728363,271.64113785558,147.763624537312,402.319392160474,290.591388103095,53.7395636577498,0.122353564810322,7.31488953405181,91.7131318008298,19.8994101167194,1.18092262217333,19.4708003997803,8,FALSE,1.35804208355122
293.614766682348,7.697548312511,0.113603369387986,1.33749832238652,8.53735543239373,9.05100631056955,1000,0.826032394577288,1.18787512687004,23.3483746913305,400,293.614766682348,620.7,100,0.188784206214272,271.64113785558,149.88541782936,416.289955758552,325.628000947699,58.9693230633879,0.111975016433671,7.26700295131344,88.6140544287335,22.2334210096181,1.44368887316771,21.8165655136109,8,FALSE,1.53180917771964
301.937618438742,7.86303687769859,0.125895342484554,1.20449075264501,8.54537089821259,8.9600884933515,1000,0.665480348454477,0.945735114181964,20.0352283099149,400,301.937618438742,686.8,100,0.182957063625716,300.568927789934,171.244067990805,397.992607357728,275.533854812163,53.2623596898294,0.123915084578472,7.32830643462503,115.107945861764,19.286870753535,1.12650808091499,18.7499132156372,8,FALSE,1.28531509427772
299.451821557249,7.82415894555037,0.122174382292259,1.28421912348334,8.50862092169373,9.0724821547869,1000,0.671938454242153,1.01347261626202,20.1832778131574,400,299.451821557249,835,100,0.183184411372097,365.426695842451,224.880478093823,398.797112473232,281.314093097215,56.7813263981765,0.120308264775957,7.32703323082367,163.998985013058,19.6359291715816,1.19942899467418,18.8707709312439,8,FALSE,1.31250688191346
294.058240627788,7.71182421483527,0.114288876404394,1.39411225031866,8.54809141291753,9.28737838378388,1000,0.826534007326467,1.1738306469142,23.3576809583519,400,294.058240627788,835,100,0.18880630490046,365.426695842451,231.069411834019,416.342222998002,325.141493066565,61.4647067248703,0.112640863773725,7.26659465585848,165.309505181748,22.6057620144954,1.42941764338477,21.8280744552613,8,FALSE,1.52960650309055
300.281931337167,7.85330177669727,0.123654007863317,1.2145511740993,8.69651611965221,9.00823394027739,1000,0.820703310873155,0.990236751416977,23.2491554265658,400,300.281931337167,557.7,100,0.188674260311185,244.070021881838,132.382261035744,415.733011657142,316.668064803309,53.5516344003315,0.121726969774864,7.26601425043511,76.8354647787013,22.1207888039691,1.23800984094958,21.759292602539,8,FALSE,1.48986282402683
294.300543062907,7.75055627529934,0.115126180284713,1.41414814642345,8.47440141837491,9.19397304980123,1000,0.714022054919799,1.16584596085135,21.1145173548193,400,294.300543062907,979.7,100,0.184756615894933,428.752735229759,276.739146542716,403.88549368436,301.750258975113,62.4759451716572,0.113464410669592,7.31230805823443,208.982928928868,20.680827923727,1.37552045032727,19.7038278579712,8,FALSE,1.4106894968481
287.754560487599,7.48792651597602,0.104738000471848,1.53024430806999,8.37626123846984,9.35794051031323,1000,0.881250808961026,1.38786345284994,24.3403382412947,400,287.754560487599,979.7,100,0.190554798630146,428.752735229759,282.069185681506,421.888926157715,340.206630814461,67.4074679084417,0.103348828909905,7.24845571687527,209.163026741698,23.7223096034268,1.66971948009338,22.7358536720276,8,FALSE,1.6044845692671
293.899401433354,7.74555820190637,0.114616853848186,1.43122900989318,8.47881865262525,9.22338158031307,1000,0.723748248433119,1.17842652982016,21.3219255300812,400,293.899401433354,1010.7,100,0.185120494981678,442.319474835886,288.746027848667,405.02539000469,304.856155749051,63.2188580277987,0.112968789943848,7.30843599998956,219.955756388932,20.9248038971011,1.39267251022756,19.8959608078003,8,FALSE,1.42596472228091
294.014149274478,7.75106386950718,0.11482240633762,1.44212902915974,8.49695097970744,9.26413210533995,1000,0.73660901940743,1.17477495992163,21.5919387106732,400,294.014149274478,1045,100,0.185603049294924,457.330415754923,302.921853412027,406.512970913545,307.964623651296,63.6847046787229,0.1131672619809,7.30303043892401,233.307743271095,21.2424726628772,1.3944512813581,20.1503678957622,8,FALSE,1.44157081491102
285.368532375397,7.37299778550344,0.100983597270287,1.58161569531279,8.2917692681885,9.38327183887924,1000,0.912517838368142,1.47742120663559,24.8748164863831,400,285.368532375397,1045,100,0.191523795104587,457.330415754923,305.823537716778,424.929009606305,346.871117979562,69.6366731620369,0.0996897817964569,7.23803497666217,230.098292400863,24.3232988912283,1.77315891685436,23.2365455627441,8,FALSE,1.63827092363902
291.853563540093,7.61646384810144,0.110574057470277,1.45968306650234,8.48770194270316,9.37421232101233,1000,0.863199994861534,1.24557519527491,24.0230752481157,400,291.853563540093,946.1,100,0.190008645021936,414.048140043764,273.096982843542,420.092084251357,333.163569630907,64.3168180030648,0.109027967789266,7.253506716056,203.450688873218,23.411748571234,1.5170665284657,22.4529013633728,8,FALSE,1.57017388474289
290.000129970587,7.65670103912588,0.109285290537947,1.53061149942077,8.43100678563701,9.30289437032848,1000,0.766243244840805,1.30700018975178,22.1965822780781,400,290.000129970587,1123.6,100,0.186651416468591,491.728665207877,329.704299918046,409.858987277276,318.921372196131,67.556193448089,0.107782743838548,7.29246751846563,255.6058498455,21.8997754064234,1.54201265856217,20.7015609741211,8,FALSE,1.49502130395697
284.394390250004,7.29837767392138,0.0991191089406267,1.61432506711968,8.24138875493025,9.41934000375626,1000,0.937280985331804,1.51589194643173,25.2852786503001,400,284.394390250004,1123.6,100,0.19227899227172,491.728665207877,335.940917189247,427.274826906885,350.999501352116,71.0500920229519,0.0978709120634438,7.22968655529896,258.028365269581,24.8456692910664,1.82184026400503,23.6255950927734,8,FALSE,1.65968355752674
289.745910453177,7.64827037508946,0.108913189273039,1.54433283024121,8.42933554409246,9.32253555337191,1000,0.773194414336743,1.31580038499528,22.3350232285776,400,289.745910453177,1155.8,100,0.18689936477908,505.82056892779,342.085074892298,410.627998047045,320.588565842341,68.1532577344433,0.107420233459233,7.2897250621348,267.084116953029,22.0841137852244,1.55383725328266,20.8316211700439,8,FALSE,1.50340205853374
290.519365377268,7.66286699809372,0.109891918194879,1.54148984111249,8.45172242837188,9.35312888655938,1000,0.781013881681953,1.28932960631246,22.489277593051,400,290.519365377268,1183.6,100,0.187186247792895,517.986870897155,354.322365760562,411.48612313467,321.268962909132,68.0179277396113,0.108371476579108,7.2862242343879,279.133380896846,22.2915875821714,1.52994002058669,20.9819609324137,8,FALSE,1.50731666063729
281.949909028491,7.17075066492198,0.0953691169097752,1.66169136556338,8.14169684156477,9.42094853756904,1000,0.965791784767791,1.61514283282012,25.7446377705083,400,281.949909028491,1183.6,100,0.19311473412225,517.986870897155,357.127689462134,429.911595806938,356.906105129999,73.1044178109574,0.0942116266407923,7.22081886280238,276.625164037669,25.3645671806093,1.93393844769821,24.05495262146,8,FALSE,1.68968514904835
285.189479162394,7.27321381005774,0.0994613499156075,1.60238025228956,8.23700600734361,9.44727233811207,1000,0.958219380151151,1.48596845290568,25.6239691591386,400,285.189479162394,1138.6,100,0.192918699563517,498.293216630197,344.231327464137,429.217766986996,352.735137298749,70.5019481175362,0.0982032888149487,7.22221118326329,266.607789201811,25.2162987843468,1.79916311807368,23.9543523788452,8,FALSE,1.66961678029343
284.990264169915,7.48526530792008,0.102184043352404,1.6743654154565,8.32570050979515,9.40612376021102,1000,0.834066797555854,1.48978776450716,23.4967592851303,400,284.990264169915,1345.7,100,0.188974089930093,588.927789934354,411.823480465693,417.123921908988,336.17092657014,73.8145002439516,0.100864758005558,7.26733752810533,329.442420413391,23.4651087116386,1.75561516625852,21.9154272079468,8,FALSE,1.58133207718351
279.368035965408,6.94348694284106,0.090369899772809,1.72585014987065,7.97485085091991,9.44784739008588,1000,1.0270635082866,1.72838346712904,26.6875843363508,400,279.368035965408,1345.7,100,0.194861244951806,588.927789934354,418.792815246421,435.362426877264,366.426860612002,75.8613895883126,0.0893271941813013,7.20173814977923,333.896997676996,26.5331715828377,2.07258569095325,24.9482293128967,8,FALSE,1.73935502345412
284.145858381505,7.4481205134838,0.100935840959488,1.69470668821523,8.30138933314825,9.41704602283799,1000,0.847134764764886,1.52275611860984,23.735080578334,400,284.145858381505,1372.2,100,0.189404498687721,600.525164113786,421.611496108999,418.465981036067,339.028522106304,74.6950975149942,0.0996475617798153,7.26262516408522,338.098998565327,23.730705306671,1.79432542212928,22.139271736145,8,FALSE,1.59580884218897
285.781910876879,7.4933312230502,0.103003105496355,1.67701425183162,8.34321722160277,9.44008253485373,1000,0.843585568898856,1.45987915105051,23.6707192975382,400,285.781910876879,1398.2,100,0.189300880225379,611.903719912473,433.681867334611,418.103224516651,336.831823945301,73.9191389524992,0.101662002305564,7.26337250702288,350.624611411691,23.7356353327452,1.72881658659284,22.0854134559631,8,FALSE,1.58530584157512
277.138215809703,6.81681469891284,0.0871110047033589,1.76360908857027,7.87081085541015,9.42680647276321,1000,1.05002893195512,1.83018765288065,27.0265862763086,400,277.138215809703,1398.2,100,0.195480820734901,611.903719912473,436.615860627965,437.334683906191,371.023626679929,77.4974249392618,0.0861408865132707,7.19530565846357,349.620019417709,26.9248968056624,2.18497339237541,25.2638368606567,8,FALSE,1.76274941565187
279.404742242407,6.94190249404567,0.0903767723251727,1.72839084583225,7.9741713102644,9.45185900867245,1000,1.02798270336188,1.72684256526229,26.7012979520349,400,279.404742242407,1358,100,0.194887369969767,594.310722100656,423.548847982053,435.442080702268,366.494126638992,75.9720881462239,0.089333865842297,7.20143630501637,338.418382841579,26.5680224253165,2.07136336736284,24.9615507125854,8,FALSE,1.73974723944954
282.651024524266,7.37485241280762,0.0986696958819216,1.75055201398094,8.25246334228932,9.4508372044575,1000,0.871962367407611,1.58279855888576,24.1779038299348,400,282.651024524266,1497.7,100,0.190207709133004,655.448577680525,468.603384144028,420.968248557046,344.133539454773,77.1254477824284,0.097436782692399,7.25380308948781,381.474979156694,24.353883928583,1.86513955585619,22.5560956001282,8,FALSE,1.62180822980662
276.295892046387,6.7126787658335,0.0851961160998034,1.79077281505815,7.79301919472496,9.43368023844898,1000,1.07665060494698,1.87170994192012,27.4104011734229,400,276.295892046387,1497.7,100,0.19619827499235,655.448577680525,474.631768148553,439.575735163976,374.653176578317,78.6632702730195,0.0842669536440142,7.18748536188396,385.446874786687,27.4617383002035,2.23734292989804,25.6284708976745,8,FALSE,1.78193027574835
282.108956968281,7.36083574964461,0.098029329950957,1.76453538218596,8.2385689931152,9.44806839181551,1000,0.872154824311361,1.60482176022426,24.1812869988534,400,282.108956968281,1519.9,100,0.190209214504293,665.164113785558,476.03967666919,420.987408965259,344.691665781733,77.7414654418687,0.0968122894887264,7.25392470724814,388.121071657782,24.3859546028675,1.88764723608856,22.556875705719,8,FALSE,1.62441129313441
283.411584138168,7.38040298966351,0.0993880752000201,1.75100744136828,8.26654806295132,9.47791209047404,1000,0.880537453982015,1.55259455229049,24.3279240664719,400,283.411584138168,1542,100,0.190491800824637,674.835886214442,487.302902979978,421.818509416216,344.578990173515,77.1345444621049,0.0981366695047999,7.25035052785798,399.667704720363,24.5876658962739,1.83766170288568,22.7032432556152,8,FALSE,1.62468081085665
274.411078674568,6.65926004200484,0.0832497023668795,1.82939444299133,7.74005078950603,9.41153867025358,1000,1.07721755922874,1.96217790905385,27.4184715682338,400,274.411078674568,1542,100,0.196198128450483,674.835886214442,487.932496411529,439.62294953559,376.386965949463,80.3598081615464,0.0823623393923919,7.18789286311089,396.743325673931,27.5152852602418,2.32955869171759,25.6283965110778,8,FALSE,1.79007505715602
277.370602160466,6.72794946818371,0.0861382712860603,1.7670612755696,7.81281413251561,9.44536955502809,1000,1.08113781077963,1.82221163751942,27.4741590154292,400,277.370602160466,1474.1,100,0.196327745051368,645.120350109409,467.882041519684,439.948842456614,374.156173290193,77.616750898957,0.0851883398850089,7.18580782443107,379.886193168748,27.5014185722568,2.18866298214161,25.6941771507264,8,FALSE,1.77998186470277
280.26579776206,7.27011891845845,0.0953306603930875,1.81966740442984,8.17301020433723,9.46534246612951,1000,0.897749443481898,1.68259279015143,24.6246863165145,400,280.26579776206,1629.9,100,0.191013991801877,713.304157549234,516.507711163995,423.504244624221,349.985132143652,80.1381981969894,0.0941779376439645,7.24516781207565,425.1604429401,24.9793894654386,1.97669928873622,22.9733352661133,8,FALSE,1.65135105040123
274.422751765702,6.5468260539727,0.0818516783620683,1.8345597000488,7.66216125250409,9.41937718940692,1000,1.1120034133107,1.96536115489788,27.9056807608102,400,274.422751765702,1629.9,100,0.197120116513902,713.304157549234,523.710984819896,442.480330949914,380.034742686518,80.5502089621017,0.0809925037587886,7.17765398633571,431.315544728921,28.1499172515826,2.34605217089167,26.0956788063049,8,FALSE,1.81000195450528
279.227780443556,7.20800366680975,0.0937037722622558,1.83785978501028,8.12907950880895,9.46751808608506,1000,0.916162603574426,1.7280811608794,24.935924499114,400,279.227780443556,1647.8,100,0.191583018604961,721.137855579869,523.024407938889,425.277632316795,353.384825891594,80.916408228281,0.0925888772826353,7.23891485828741,430.708980891511,25.3010817887058,2.03006416409962,23.2670922279358,8,FALSE,1.66883227117819
281.130952498184,7.253145978199,0.0958002647853892,1.81519643204206,8.17651240557287,9.4994835475101,1000,0.918338325435372,1.64694291544135,24.9722868113654,400,281.130952498184,1667.6,100,0.191666968054439,729.80306345733,534.083191251492,425.485181974401,351.848817976226,79.915251923483,0.094635007020963,7.23749136255625,442.450731530746,25.4002314330052,1.94830082230865,23.3103814125061,8,FALSE,1.66190539885934
272.124733300661,6.41050917491169,0.0787070506571445,1.86397355683325,7.54702541023821,9.37713184570295,1000,1.13341180556131,2.08396386422215,28.1980060583546,400,272.124733300661,1667.6,100,0.197656193589442,729.80306345733,535.143969910421,444.201430672784,384.214951080882,81.8201806447426,0.0779117060261212,7.17220236628135,441.165855172114,28.4694538724687,2.47473338112155,26.3667039871216,8,FALSE,1.83130207123299
275.394467946835,6.58469264498212,0.0829671067881421,1.81724366146485,7.69676126404218,9.43317126395707,1000,1.10866665502341,1.91776611425663,27.8596119624345,400,275.394467946835,1608.4,100,0.197040729906843,703.894967177243,517.099493531963,442.209552353916,378.833286086376,79.7930199259386,0.0820845641017786,7.17832731805714,425.623370309762,28.0824394842215,2.2963792067937,26.055501461029,8,FALSE,1.80411050140551
277.084436731279,7.05926967335762,0.0901698992655175,1.88387373887542,8.02232386029561,9.47341370722989,1000,0.958637385840132,1.82604701828413,25.6306550361921,400,277.084436731279,1731.4,100,0.19285990133197,757.724288840263,554.277529116633,429.256187918439,360.658027111834,82.8895935371623,0.0891350632682167,7.22487220928435,459.131921289763,26.0965941865781,2.14596608026026,23.9241652488708,8,FALSE,1.70648978732128
271.856028606301,6.26129148998176,0.0767137434227408,1.85877490319351,7.43740628089373,9.36071562227695,1000,1.17324525800436,2.10360952986344,28.7275157860893,400,271.856028606301,1731.4,100,0.198660258712099,757.724288840263,561.606156862383,447.331760285086,388.486528777945,81.5519193868953,0.0759568331917407,7.16122279827805,467.096463788833,29.1027725355995,2.50993293480577,26.8730149269104,8,FALSE,1.85450085917894
276.956362150429,7.0607660787105,0.090095137913963,1.8896664588317,8.02173078495109,9.47250633879611,1000,0.956547605966141,1.83178593746645,25.5972004367952,400,276.956362150429,1744.6,100,0.192796342617618,763.501094091904,558.79901963673,429.063964201132,360.522954910374,83.1470961063872,0.0890621135936098,7.22562371748567,463.290268289374,26.083403759321,2.15100076120772,23.8915271759033,8,FALSE,1.70567326089186
279.045521608273,7.10205065247742,0.0921871569966234,1.86206948121414,8.06912607545772,9.50870241068085,1000,0.962571647024239,1.73843090227185,25.6934399097759,400,279.045521608273,1758.1,100,0.192993717073303,769.409190371991,568.331476807457,429.617112111738,359.311170883481,81.9247709224206,0.0911054860622227,7.22289542515118,473.748286054616,26.235058839767,2.05833722011128,23.992857615153,8,FALSE,1.70058229462288
269.463943205514,6.09518093482998,0.0733100468463292,1.8786310210104,7.29782344362082,9.3012643869417,1000,1.19998961626814,2.23700023617218,29.0730377773504,400,269.463943205514,1758.1,100,0.199300043292128,769.409190371991,568.764933957853,449.38330130787,393.111909338474,82.397357261072,0.0726178849921274,7.15469240804935,473.186562474517,29.4556354812592,2.65558390312084,27.1947441101075,8,FALSE,1.87829366724293
273.159178663364,6.30971850687343,0.0781013166216531,1.83953543320337,7.48254354373849,9.38386761193251,1000,1.16988717939557,2.03583958355383,28.6835757743929,400,273.159178663364,1715.2,100,0.198586853990813,750.634573304157,557.707075805655,447.071370283796,387.053214254017,80.7107006646854,0.077316976343281,7.16176777448418,464.126722211775,29.0514701533035,2.43979882784535,26.8360576629638,8,FALSE,1.84751811142912
274.364705295543,6.84441374550374,0.0855328288836717,1.92583894037319,7.86239941611195,9.45738033496931,1000,1.01412309110774,1.9585231620595,26.4932107551607,400,274.364705295543,1803.1,100,0.194454097957983,789.10284463895,580.778705863745,434.234606922478,369.539839225689,84.6691206040793,0.0845989124102414,7.20744132537546,483.076363851827,27.0317194767547,2.30178294974546,24.7404670715332,8,FALSE,1.75274368362746
269.448856661453,5.96254107890746,0.0717064028940297,1.86381074507645,7.19930030012458,9.27817474049637,1000,1.2342707507902,2.24427428574084,29.5048378586743,400,269.448856661453,1803.1,100,0.200123733983139,789.10284463895,588.153084024245,451.957029673332,396.508752834129,81.7145510897121,0.0710432332839436,7.14574600142243,492.641613863764,29.9647369520379,2.6761619138567,27.6079421043396,8,FALSE,1.89689575433469
274.77165901855,6.88146130911304,0.0862752733369552,1.92551060352032,7.88996821783613,9.46358593371002,1000,1.00456478203904,1.93799082075801,26.34803938036,400,274.77165901855,1811.6,100,0.194184691697434,792.822757111597,583.964045672926,433.393704995893,368.101300095497,84.6659670827697,0.0853255476264858,7.2103902166359,486.204005715422,26.9079766031814,2.27727622018712,24.6028327941895,8,FALSE,1.74520658617045
276.744486745979,6.90755911501482,0.0879886065819566,1.89706895374222,7.92613267258016,9.49812332659018,1000,1.01459122623017,1.84552938030481,26.5002855880849,400,276.744486745979,1821.6,100,0.194486811275972,797.199124726477,592.451334333061,434.275618979339,367.464153997386,83.4029049650509,0.0870004805853767,7.20654830825238,495.671488951717,27.1084539605875,2.18711275027799,24.7571709950765,8,FALSE,1.74311459300841
268.418003714458,5.94784228154265,0.0709692552306049,1.88475869386856,7.18100175431142,9.26436859461109,1000,1.23068893929686,2.30174767177959,29.4602866943463,400,268.418003714458,1821.6,100,0.200031055265708,797.199124726477,592.672891003751,451.690973903862,396.968742505865,82.6366920150131,0.0703196960531053,7.14693850172312,496.149782512386,29.9346890901631,2.73306966520677,27.5615072250366,8,FALSE,1.89877946930967
271.321541005768,6.00169875351761,0.0732277171350583,1.83501934948015,7.24178747447883,9.30952659070956,1000,1.23755732092921,2.14253817645984,29.5456031687204,400,271.321541005768,1793.4,100,0.200215679601083,784.857768052516,588.381928488838,452.200579603679,395.328990415771,80.4486601652323,0.0725361163634205,7.14440163662145,494.086909809488,30.0181494297503,2.57416847104501,27.6539955139161,8,FALSE,1.89160765480433
274.05275011856,6.78742104316091,0.0846104876980111,1.93619914106007,7.82252593779585,9.46037347523609,1000,1.03138080114255,1.97531169795666,26.7518884672839,400,274.05275011856,1850.6,100,0.194938097718404,809.890590809628,599.541719839089,435.736023935033,371.735564877926,85.1042503944272,0.0836958216792883,7.20206384205079,500.880157643856,27.3648842985571,2.32542386386714,24.9874138832092,8,FALSE,1.76447458407472
268.437526881701,5.73815961130734,0.0684774687397297,1.8475241217643,7.02338351840093,9.21421739933429,1000,1.28297609540568,2.31200746538074,30.0981331047779,400,268.437526881701,1850.6,100,0.201250820301411,809.890590809628,607.280201127572,455.511355190294,402.049559109512,80.9561774992194,0.0678714212541528,7.13377691208304,511.883295472426,30.624458705296,2.76367568767434,28.1715030670166,8,FALSE,1.92663003776128
272.745163850112,6.62747635205484,0.0817676940857794,1.93724531855714,7.70367307213327,9.43630316625192,1000,1.07278125859593,2.04478154243783,27.355208651202,400,272.745163850112,1853.9,100,0.19606535300064,811.334792122538,601.629744812865,439.252943318774,377.355713061064,85.1029329997617,0.0809116965071399,7.18972132420388,502.814933022317,27.9517338393959,2.41177837060353,25.5609827041626,8,FALSE,1.79422594703942
274.860659343679,6.66943408475517,0.0836763824063225,1.90720966766519,7.75085563755575,9.47191959124583,1000,1.07794110762268,1.94034320135078,27.4287648580241,400,274.860659343679,1858.7,100,0.196221225038105,813.435448577681,608.029839573293,439.683174067504,376.06772887109,83.7770456260994,0.0827799055078013,7.18753968257489,510.320933646584,28.0672968581591,2.30763825125258,25.6401201883952,8,FALSE,1.78864466962891
266.588732438766,5.47161257174844,0.0643917016323762,1.82437660760147,6.80768711995893,9.11276278818024,1000,1.33406693652292,2.43455834330325,30.696755857815,400,266.588732438766,1858.7,100,0.202385316327657,813.435448577681,609.749020240056,459.118802865955,408.358794182176,79.897991355127,0.0638546528161972,7.12197134726754,515.210279804481,31.2096392112071,2.907723447808,28.7366480827332,8,FALSE,1.96010777508176
271.672933752058,5.93709157792417,0.0726377749486259,1.82897878494887,7.1957510155923,9.30555317811169,1000,1.25620974948489,2.12720958245367,29.7749292485699,400,271.672933752058,1843.3,100,0.200656555462823,806.695842450766,609.012246403511,453.572509594437,396.878433350273,80.1666590972541,0.0719567653235012,7.13957648101241,514.388780091381,30.3375839061642,2.56578695515868,27.8746242523194,8,FALSE,1.90030499625051
271.44124416637,6.43972180622614,0.078645353924855,1.93351774928086,7.56217601924617,9.40182585508048,1000,1.11935343432314,2.1177524126904,28.0066727602132,400,271.44124416637,1866.3,100,0.197287998277125,816.761487964989,607.411549255197,443.074366767375,383.340705085849,84.8881801211865,0.0778517098318395,7.17640556054961,508.542914328417,28.6030805111835,2.50365794347813,26.1806077957153,8,FALSE,1.82606496449794
266.538790680963,5.29789983341714,0.0623240555374443,1.78694089305207,6.67333856428142,9.05481838816468,1000,1.37357125119121,2.44956700680359,31.1441090787827,400,266.538790680963,1866.3,100,0.203244466073587,816.761487964989,614.967228606902,461.828620312427,412.159618631088,78.2260563228681,0.0618201693639718,7.11287195423207,521.830300625704,31.6711979106083,2.93832970594423,29.1632266044616,8,FALSE,1.98088247432106
271.438150301648,6.40144274284106,0.0781759778449227,1.92652739940136,7.53501932158698,9.39674152389879,1000,1.13053433505539,2.11942189709811,28.1590378110469,400,271.438150301648,1864.8,100,0.197576933024689,816.105032822757,607.737483961402,443.971710965604,384.494217374589,84.5693010340186,0.0773913861281308,7.1732136189713,509.144454494223,28.7530804317541,2.50963108452691,26.3266630172729,8,FALSE,1.83237479377396
272.769718846216,6.43866387010549,0.079453456567105,1.90918471848422,7.57220544019775,9.42066385438538,1000,1.13044733216568,2.0503943482178,28.1578580270915,400,272.769718846216,1866.2,100,0.197585072179545,816.71772428884,610.93270795501,443.964757471893,383.364703365893,83.8076704002148,0.0786431062135242,7.17285685908264,512.993993641249,28.7756599274047,2.43950507989697,26.3307752609253,8,FALSE,1.82708276616623
266.259195783327,5.29888880062729,0.0622053747266198,1.79220641681102,6.67236609982321,9.05191688109957,1000,1.37160885291688,2.4661461889934,31.1221920219654,400,266.259195783327,1866.2,100,0.203200395120973,816.71772428884,614.211587140242,461.695580200237,412.175808402082,78.4582298556999,0.0617034338381954,7.11338319903513,520.874104900334,31.6445699203938,2.9543584766587,29.1413741111756,8,FALSE,1.98081791078985
269.942464881548,5.56967450639118,0.0672358981463891,1.7882515843063,6.90456363093346,9.18438714902003,1000,1.33280121829746,2.23829358257324,30.6822045720499,400,269.942464881548,1866.6,100,0.202381381505188,816.892778993435,619.350497601599,459.030859995123,405.704413181999,78.3160564251677,0.0666505304948666,7.12143702175305,526.083865995804,31.2600650436482,2.70822166193039,28.7346916198731,8,FALSE,1.94751295217682
270.74889083855,6.2754055717467,0.0762280781328609,1.91410097609262,7.43914445233751,9.36690790420695,1000,1.16087461719032,2.16041909418746,28.565021177632,400,270.74889083855,1855.5,100,0.19834269769493,812.035010940919,605.170301914587,446.36937884289,388.1535091145,83.9923295356388,0.0754810565545059,7.16491973956855,507.139107690698,29.1327243624446,2.56286369754015,26.7130661010742,8,FALSE,1.85195507655783
265.271857010177,5.07452940440776,0.0591349880026426,1.75388410591703,6.49190713344953,8.95715074942477,1000,1.4156702492455,2.54349497674627,31.606899618286,400,265.271857010177,1855.5,100,0.204126589154319,812.035010940919,610.649255105628,464.64455379693,417.047576968613,76.7463372111397,0.0586805858850054,7.10379047413084,518.98980645308,32.0974710399364,3.04993087340821,29.5999627113342,8,FALSE,2.00693690695182
270.65541858184,6.29209137162926,0.0763755344624519,1.91730570856071,7.45047498383858,9.36751741250295,1000,1.15549462686327,2.16461523204195,28.4938112843806,400,270.65541858184,1849.3,100,0.198206625009736,809.321663019694,602.225015376599,445.948124847158,387.686063126026,84.1385540705857,0.0756257909353349,7.16643230642289,504.143052821936,29.0493327150671,2.5650594365685,26.644476890564,8,FALSE,1.84933439381663
272.112210466482,6.41020360667344,0.0786955712323856,1.90929681475278,7.54667520741979,9.40401796047258,1000,1.13341279078386,2.08461305359506,28.1980193838166,400,272.112210466482,1840.1,100,0.197656125620083,805.295404814004,600.042439379557,444.201509242272,384.225118418663,83.809673649179,0.0779004577598927,7.17220551240203,502.38765256489,28.7612228666439,2.47539253620044,26.3666696548462,8,FALSE,1.83134972897038
265.993516610189,4.97236579797598,0.0582564863228838,1.71253643801274,6.41629585183219,8.92343245233572,1000,1.44228989963996,2.50780384600818,31.8924775126015,400,265.993516610189,1840.1,100,0.204681825040132,805.295404814004,607.897608968159,466.388617244226,419.051896452141,74.9170552744554,0.0578150695402677,7.09786989187027,518.041743717417,32.3692386867826,3.024243345605,29.874213218689,8,FALSE,2.01826429391247
267.283233969807,5.13597616373042,0.0607580967325762,1.73346753049603,6.55192722101192,9.00343155220478,1000,1.4142021617485,2.4174623107033,31.5909939847303,400,267.283233969807,1857.5,100,0.204109595920624,812.910284463895,615.527794243206,464.547559931201,415.479905895012,75.8535701114997,0.0602784995444615,7.10364912419659,524.600835417727,32.1161215494494,2.9216978694192,29.5915613174438,8,FALSE,1.99943266728649
271.161062074087,6.30279210105591,0.0768056809787505,1.89363537355244,7.46214135174421,9.36705037574558,1000,1.15643283938136,2.13775702007655,28.5062533615718,400,271.161062074087,1786.5,100,0.198234139700111,781.838074398249,579.711866874687,446.021706523149,387.364707773669,83.098692910196,0.0760474685060337,7.16603157041845,483.245149346731,28.9636464197728,2.53816020409804,26.6583485603332,8,FALSE,1.84790480123856
263.534716735165,4.90264204420209,0.056404687823158,1.72717563981007,6.34720681395838,8.85987906647018,1000,1.44296324541704,2.66841728071299,31.8996326845419,400,263.534716735165,1786.5,100,0.204679453851111,781.838074398249,582.253945990296,466.432377814101,420.804190831516,75.5575515624294,0.0559908111091498,7.09826979575528,492.495235726755,32.2448961845286,3.18706573887003,29.8730430603027,8,FALSE,2.02658962423924
270.542320181143,6.26537647111094,0.0759848235339848,1.89223885266053,7.43030468810878,9.34881247137492,1000,1.16205700999519,2.1717038694747,28.5806271645175,400,270.542320181143,1763.1,100,0.198370792751697,771.597374179431,570.052484506999,446.461738515713,388.4424935579,83.0318610826195,0.0752425113088523,7.16465139598583,473.899561898462,28.9883745514815,2.57476917539575,26.7272238731384,8,FALSE,1.8534032913791
270.840653472187,6.28298234967998,0.0763743449069942,1.89456146002214,7.44534593997913,9.35860286622395,1000,1.15947288714547,2.15529066177613,28.5464996308696,400,270.840653472187,1781.1,100,0.198308185659866,779.474835886214,577.25173792102,446.259782840085,387.936583175788,83.1363222478227,0.0756245053225446,7.16528084599136,480.808435725302,28.9895867775958,2.55712170847657,26.6956728299458,8,FALSE,1.85082680092381
265.431979471315,4.82722133028271,0.0563199739483708,1.67300188255725,6.29906774572234,8.849521238214,1000,1.47029239653638,2.55523927913411,32.1872573555634,400,265.431979471315,1781.1,100,0.205246815845578,779.474835886214,586.005608943431,468.194023203636,422.074713178796,73.1677275719431,0.0559069771635362,7.09207502616436,498.413638549892,32.5552261428622,3.08329435614695,30.1527733802795,8,FALSE,2.03448397528389
265.170296935076,4.95973935682713,0.0577537728078332,1.71896962241557,6.40156492208099,8.90600283788266,1000,1.44019117064416,2.55957922736459,31.8701543447686,400,265.170296935076,1818.4,100,0.204633303376639,795.798687089715,597.855792396874,466.2521099792,419.42644619544,75.2002353392698,0.057319951475752,7.09850359096481,508.01079074469,32.2967617899096,3.07584042918383,29.850266456604,8,FALSE,2.01988788816457
270.265317045214,6.22499759068048,0.0753339243964267,1.88027889513054,7.39888558179482,9.33203871711198,1000,1.17106245872769,2.18810419810423,28.6989684782382,400,270.265317045214,1725.8,100,0.198593763236448,755.27352297593,556.122341890265,447.162575029568,389.575872367444,82.4980655841158,0.0746039728598625,7.16225956276843,460.846025847133,29.039138391164,2.59486551772767,26.8395366668701,8,FALSE,1.85943181136813
263.322225648032,4.9462561791757,0.0568179999589188,1.7281921431722,6.38007102124495,8.86525133574372,1000,1.43217883731311,2.67800913392008,31.7846308182366,400,263.322225648032,1725.8,100,0.204456296243957,755.27352297593,558.259928549699,465.729406722665,419.940064425654,75.6101246863578,0.0563981969917535,7.10063508746272,469.141308747062,32.0215046868516,3.19253077482961,29.7628765106201,8,FALSE,2.02175430761654
270.710147746853,6.3269701982158,0.0768314383951709,1.88613040514677,7.47602814221593,9.35217859725049,1000,1.14608599450259,2.16027362934357,28.3684773783353,400,270.710147746853,1707.6,100,0.197968915500688,747.308533916849,548.271606219711,445.207415537202,386.686516711518,82.7800917700755,0.076073034643371,7.1690361111366,452.982652305906,28.6846073750818,2.5570479120733,26.5245809555054,8,FALSE,1.8438964228299
270.486799521929,6.23980805698145,0.0756423033888779,1.86124434419464,7.4113556846399,9.32596589132402,1000,1.16868522574075,2.17573567635453,28.667817712979,400,270.486799521929,1657.4,100,0.198536183195871,725.339168490153,530.662794970798,446.97801517701,389.156327458845,81.6652136881386,0.0749064525843804,7.16284811267717,436.888137940323,28.8956212307592,2.58140314207084,26.8105409940084,8,FALSE,1.85727671897056
263.333632986229,4.84438524793171,0.0556524516417777,1.687073719818,6.30038587026965,8.81243787780037,1000,1.45442222896648,2.68711433637463,32.0208899948608,400,263.333632986229,1657.4,100,0.204912100188512,725.339168490153,533.836737921803,467.174448105405,422.009526955556,73.7949984345345,0.0552493659681387,7.09587199242231,447.129685409663,32.1419093579437,3.21048474199162,29.9878087043762,8,FALSE,2.03308129048462
263.986516869237,4.89892362209671,0.0565491283870282,1.6993594026579,6.34696366068212,8.85035865007635,1000,1.44643271284467,2.63973605590227,31.9364474307752,400,263.986516869237,1705.1,100,0.204753395445743,746.214442013129,552.887413796031,466.657583112516,420.822823417119,74.3380545782143,0.0561330882106983,7.09742995784486,465.130823767857,32.149859656855,3.15941455876025,29.9095282554627,8,FALSE,2.02691917531245
269.697207669723,6.24920682980116,0.0752971987008734,1.86924965792556,7.41209165105307,9.31055011772387,1000,1.15999758669744,2.21733693040614,28.5534352893714,400,269.697207669723,1622.1,100,0.198312698246204,709.890590809628,514.998514199416,446.300820269312,388.922865812382,82.0254197742259,0.0745682769666442,7.16545154285472,421.312745205396,28.7079621666088,2.62027526144421,26.6979471842448,8,FALSE,1.85548810512656
262.330134547124,4.78762362404742,0.0545994763337978,1.68379050812384,6.24999876179632,8.7711061216071,1000,1.46082743741982,2.75901707779259,32.0882534045625,400,262.330134547124,1622.1,100,0.205035726744365,709.890590809628,518.419710011902,467.587080980935,423.272629137438,73.6470172434641,0.0542113844266863,7.09473085732717,432.279924506941,32.1316541051733,3.28571443068533,30.048758983612,8,FALSE,2.03949442095051
268.53055287338,6.07647976538693,0.0725662619962412,1.85315875135524,7.27717947187147,9.25777848324037,1000,1.19803145724858,2.28897728318784,29.0480020099804,400,268.53055287338,1601.3,100,0.19924540020382,700.787746170678,507.551342786061,449.234414472946,393.659825066299,81.2823009911158,0.07188808114597,7.15546162945873,414.721043284007,29.1486219586587,2.70754118957711,27.1672925949097,8,FALSE,1.88070941507069
269.991621714982,6.17423146625398,0.0745622689669024,1.84270055320887,7.35981305958922,9.29587436979971,1000,1.18278995489618,2.20494262859655,28.8517235058296,400,269.991621714982,1596.9,100,0.198882412904253,698.862144420131,507.922933202293,448.068434677646,390.974111676319,80.8379036306569,0.0738468164403771,7.15915238958559,415.541226983512,28.9690323668297,2.61645263494646,26.984808031718,8,FALSE,1.86691547411163
263.376687728282,4.7527823805409,0.0546173272099931,1.64976482116364,6.22871107559954,8.76337327031191,1000,1.4743997173813,2.69356072349753,32.2300220001001,400,263.376687728282,1596.9,100,0.205316093372165,698.862144420131,512.282427202968,468.456373863477,423.843190489249,72.1490723798579,0.0542288154995817,7.0916612746925,427.749259818163,32.2488511288138,3.2248726685321,30.1868944168091,8,FALSE,2.04312758329104
263.445278309926,4.96170407623839,0.0570468157132554,1.71117613964566,6.39288530313522,8.8585904976489,1000,1.42952570009441,2.66860828861294,31.7562057907572,400,263.445278309926,1644.6,100,0.204402289181638,719.737417943107,527.842532071735,465.555775801102,419.608629851539,74.8676006585882,0.0566236696420116,7.10118197307613,440.301186289013,31.8558201090469,3.18197980602786,29.7362027168274,8,FALSE,2.02000307392978
270.14436937976,6.23144874677098,0.0753418145139528,1.79249257397039,7.40273196522432,9.25627060147743,1000,1.16833373656518,2.19423838354482,28.6632064958648,400,270.14436937976,1370.2,100,0.19852480675373,599.64989059081,421.818980135269,446.950699818966,389.401011733271,78.6490517905963,0.0746117894625552,7.16303880190951,333.915407521387,28.3984044862593,2.6000433210496,26.8048114776611,8,FALSE,1.85839501820372
262.912874289725,4.94597041384912,0.0566450992669897,1.65516179634857,6.37744417404408,8.78422783765394,1000,1.42978595654658,2.70464084691723,31.7589964439009,400,262.912874289725,1370.2,100,0.204404220910049,599.64989059081,423.260967694836,465.572820026522,419.993662046667,72.4167866074554,0.056227873393969,7.10124185511787,341.027933386673,31.3788572899715,3.21852730539126,29.7371568679809,8,FALSE,2.02183957592003
269.635697774587,6.21847201843371,0.0748915327513826,1.83176968504595,7.38937249270764,9.27785264288189,1000,1.16801577426977,2.22201785314477,28.6590339255631,400,269.635697774587,1493.5,100,0.198513041318055,653.610503282276,467.097822434998,446.925983941694,389.780639162453,80.3728724920363,0.074170188398005,7.16326471258517,376.296769613007,28.5946849255178,2.62810133209041,26.7988858222961,8,FALSE,1.86014810326698
270.530867527522,6.22517037383413,0.075490575977798,1.79784191493281,7.40110255838885,9.27474857495222,1000,1.17301551383546,2.17404447886959,28.724513624472,400,270.530867527522,1425.7,100,0.198644370896085,623.938730853392,443.879482033255,447.31396575403,389.556614587584,78.879156643485,0.074757538954432,7.16165441753677,355.149467143653,28.5602756543531,2.58134910426013,26.8650166193644,8,FALSE,1.85949700510763
263.888354440205,4.87374993011552,0.0562179951263867,1.63128638650829,6.3266859798209,8.78093422535712,1000,1.45130704541591,2.64841073849748,31.9880203881761,400,263.888354440205,1425.7,100,0.204852249768166,623.938730853392,447.776173173167,466.973205324996,421.345610274722,71.3568310345642,0.0558067368921393,7.09641347898738,365.858111804299,31.7207231357158,3.1701084818321,29.9582924842835,8,FALSE,2.02972790389258
262.522086511259,4.8129415881969,0.0549648550061715,1.65894568336962,6.27099142902015,8.75824374278037,1000,1.45647056447141,2.74360445315153,32.0424644979935,400,262.522086511259,1498.6,100,0.204948555353338,655.842450765864,472.176191863471,467.306572443676,422.74102394354,72.5633687430978,0.0545716186780611,7.09561145324828,388.394495936884,31.876989922091,3.26841701392353,30.0057843526204,8,FALSE,2.03668014537311
271.864159430375,6.49771031982941,0.0796155450499682,1.80323823749316,7.60656847398694,9.31584686442705,1000,1.10548277576519,2.09387000059845,27.8155244281652,400,271.864159430375,1356.4,100,0.196929077527998,593.610503282276,415.26269082872,441.950535429343,381.549620717086,79.1823974179258,0.0788027363472669,7.18029622681866,327.108901128966,27.5563335243585,2.47411246843485,25.9989762306214,8,FALSE,1.81654819754381
262.457604112772,4.85038957982676,0.0553665648867403,1.63765899123989,6.29997649366852,8.73684410419373,1000,1.4479601227796,2.74403457003665,31.9526268908911,400,262.457604112772,1356.4,100,0.204774774808338,593.610503282276,417.994460494767,466.756582834746,421.992338080237,71.6382500904659,0.0549676822201993,7.09743420950591,336.64339403033,31.5415386655634,3.26550416468264,29.9200758934021,8,FALSE,2.03255099748896
269.640672284363,6.18403723388794,0.0744796933369512,1.77554074497144,7.36440432992147,9.22017075846039,1000,1.17745150767578,2.22331151587822,28.7823769162809,400,269.640672284363,1299.8,100,0.198747756171866,568.840262582057,394.943059831422,447.657028850889,390.724286063351,77.8967738131007,0.0737659690877589,7.16069235302211,308.484189307996,28.389761943422,2.63303773596718,26.917055606842,8,FALSE,1.8653213094389
271.164524446359,6.28957647035244,0.0766468082517736,1.7325274947384,7.45279575212041,9.21644789701372,1000,1.16007814722962,2.1381166205418,28.5544998882731,400,271.164524446359,1175.7,100,0.198325851963431,514.5295404814,350.110935292755,446.307119619235,387.733351534122,76.0253615563711,0.075891608750615,7.16502442119547,266.703301685535,27.9770506697737,2.5399245960272,26.7045764923095,8,FALSE,1.84992339596358
265.105412744652,4.84535099772551,0.0563947013784834,1.54399432968769,6.31151765454569,8.70305773584135,1000,1.46450301835199,2.57393436309269,32.1267761414663,400,265.105412744652,1175.7,100,0.205127927233819,514.5295404814,357.147438737099,467.823173857821,421.75538466593,67.5295100355545,0.0559806863975453,7.093359975904,281.478061075162,31.450734057502,3.09993854693964,30.0941996574402,8,FALSE,2.03257648402609
263.201747709995,4.98110836684509,0.0571679947363587,1.64940229510551,6.40662142883874,8.79047536403106,1000,1.42379344336639,2.68253142959033,31.6946113217405,400,263.201747709995,1332.6,100,0.204281966787515,583.194748358862,409.471097165923,465.179699850835,419.238398295457,72.1690372177378,0.056743132806972,7.1024794738331,327.871790632886,31.2548512712586,3.19381359459042,29.6767592430115,8,FALSE,2.01785207872896
270.011492352851,6.30946272112275,0.0762071823400411,1.73333259419168,7.45817093032993,9.15928592914049,1000,1.14544744437111,2.19789145974714,28.3599339012339,400,270.011492352851,1070.3,100,0.19794735105429,468.402625820569,306.843794393687,445.156958162466,387.196990377898,76.0747746985472,0.0754610312563172,7.16940974974807,224.568680071441,27.5844888863398,2.59497208578862,26.5136995315552,8,FALSE,1.84623436967869
263.83198608942,5.14575094257754,0.0593309788166599,1.61519069780026,6.53871359659411,8.75932445268653,1000,1.3910400895861,2.62750174306837,31.3378411719708,400,263.83198608942,1070.3,100,0.203598874917534,468.402625820569,310.278139748158,463.005856452493,415.735135795798,70.6953549459478,0.0588739399130998,7.10956419607737,232.912786477025,30.4587689312676,3.1253083544741,29.3388447761536,8,FALSE,1.9989963958172
271.622050028557,6.37053798613237,0.0779101373678627,1.73025253421307,7.51465467618338,9.2238286041044,1000,1.14082200025283,2.11118317111689,28.2979052314564,400,271.622050028557,1145.1,100,0.197841885489696,501.137855579869,338.050517202072,444.79074834876,385.397075347935,75.9435136906903,0.0771305278613091,7.17025635587931,255.069129954865,27.6765483301855,2.50520812134361,26.460470199585,8,FALSE,1.83743503187137
271.791787667473,6.3726521018249,0.0780391825997245,1.71998340945655,7.51753047562851,9.21476753346107,1000,1.14155808854453,2.1023987900348,28.3077932165682,400,271.791787667473,1117.7,100,0.197861971729638,489.146608315098,328.138444888127,444.849110680991,385.330698300647,75.4920432173998,0.0772569738067874,7.1700015011152,245.861651197376,27.6428311858538,2.49657151595127,26.4706093470256,8,FALSE,1.83718386954262
266.167538156264,5.11129883405387,0.0599621817004726,1.57135939891039,6.52608915211695,8.79442892733707,1000,1.41291536894438,2.48586348314518,31.5770389590878,400,266.167538156264,1117.7,100,0.20407508671252,489.146608315098,334.740201198372,464.462473540418,416.157342575742,68.7611372953462,0.0594950543767219,7.10418980890907,258.551897358714,30.8186448995533,2.99049323461713,29.5744986534119,8,FALSE,2.00254030567586
264.193790757506,5.01991958653762,0.0580343111217186,1.5935164286962,6.44291476726072,8.74580791005273,1000,1.42119502980435,2.61549481295464,31.6666090198884,400,264.193790757506,1135.2,100,0.20423447222408,496.805251641138,337.418770879846,465.008802191153,418.317270892953,69.7253622521708,0.0575965455571509,7.10282655873523,260.21130032212,30.9056604216286,3.12497465150777,29.6532888412476,8,FALSE,2.01332017864077
271.585675231589,6.47154228017706,0.0791230908007086,1.70785933390635,7.58612566118734,9.15953769599561,1000,1.11093773103341,2.10908092354233,27.8909825097515,400,271.585675231589,984.4,100,0.197069818330104,430.809628008753,275.112612121187,442.39392552878,382.35383936813,74.9890130694832,0.0783200890056304,7.17879308515156,194.77665567372,26.9977452389342,2.4916416873118,26.0702242851258,8,FALSE,1.82075822462571
266.212010209669,5.45088467755912,0.063967279331797,1.61440981243767,6.78952719107742,8.84510444178184,1000,1.33640386399958,2.45822187912871,30.7235860238915,400,266.212010209669,984.4,100,0.20243417451793,430.809628008753,280.009400694816,459.28098811452,408.861583494291,70.7008931512346,0.0634372240190652,7.12151500680713,203.523214132179,29.7379059529528,2.93260817063792,28.7609391212464,8,FALSE,1.96264690264507
271.755162106306,6.5202111351086,0.0798235371997483,1.70045216736426,7.62163238344865,9.13807844419252,1000,1.09760407331508,2.09855790909195,27.7058789359941,400,271.755162106306,935.6,100,0.196720610196451,409.45295404814,256.002857952476,441.306854931005,380.82294572599,74.676579225654,0.0790067609260743,7.18263252921887,176.492438209655,26.7333829299473,2.47586240913974,25.8933801651001,8,FALSE,1.81249877089399
273.452400930896,6.55456791383177,0.0813204459680668,1.64579798621266,7.66000431244941,9.09619867004533,1000,1.10136677411307,2.01231006212012,27.758341134507,400,273.452400930896,843.1,100,0.196833227152307,368.971553610503,224.951389320906,441.614749652465,379.773803345455,72.2724042981971,0.0804727250962332,7.18103626018707,148.605682100784,26.6578689128582,2.38971757399218,25.9504338900248,8,FALSE,1.80790724448221
264.872784945712,5.38946450098778,0.0626197449879706,1.59518953859455,6.7337825273379,8.70670348134363,1000,1.34202395020769,2.54337447529979,30.7879183888945,400,264.872784945712,843.1,100,0.202548484205138,368.971553610503,224.097001617951,459.670044850248,410.369921901886,69.855309010955,0.0621116276101028,7.12051969594645,149.975527077709,29.5377796873992,3.02102724240139,28.8177556991578,8,FALSE,1.97016268973671
265.776156467906,5.22306643014459,0.0610947276422426,1.58111222273483,6.61073999985278,8.7820904972923,1000,1.38566399392017,2.5008342522192,31.2784798203737,400,265.776156467906,1019.6,100,0.203497680082307,446.214442013129,295.379297097122,462.644901256653,413.858186567084,69.207146347191,0.060610274111027,7.11032400289167,219.879201595321,30.3458623382678,2.99498633675875,29.2887210845947,8,FALSE,1.98975873577896
271.564550451464,6.57557238911584,0.080384381373013,1.58477218815629,7.66205660100042,8.26939905952712,1000,1.07699032958745,2.10600596339066,27.4152375443613,400,271.564550451464,431.1,100,0.196168970888833,188.665207877462,63.9389738853808,439.604029012622,378.868192807495,69.6152851436385,0.079556852751864,7.18882282992586,-5.52553030033515,25.587319299753,2.47559064094116,25.6135950088501,8,FALSE,1.80164253551121
268.56988636781,5.94168566156091,0.0709793844152046,1.52934893790693,7.17994973896056,8.06726003380149,1000,1.23250095061744,2.29345861249702,29.4828409729332,400,268.56988636781,431.1,100,0.200074919935521,188.665207877462,69.7951733525747,451.825651454772,397.061432058442,67.0524245779198,0.0703295960471721,7.14644333545978,2.66805281360019,27.5962492619292,2.72539811033716,27.5834865570068,8,FALSE,1.89935441592639
270.647088725637,6.48737647217649,0.0787427420951691,1.59981948137366,7.59169512814919,8.39942587295575,1000,1.09725835678158,2.15688316250536,27.7010496970139,400,270.647088725637,471,100,0.196702629396226,206.126914660831,78.6587025326047,441.27852076701,381.74549173707,70.2578430109206,0.0779478709822002,7.18306197503639,8.17694029855456,25.9231839792588,2.53494428214462,25.8842687606812,8,FALSE,1.81678093633266
275.339763662594,6.66921540628251,0.0839977331351126,1.52025021246413,7.75870862852113,8.41025099193183,1000,1.0804024614374,1.91747587242484,27.463728728817,400,275.339763662594,451.9,100,0.196290659735608,197.768052516411,79.6213092146774,439.887788764498,375.964812076284,66.7769905167592,0.0830942874277893,7.18667839870148,12.5028273858034,25.7348320353666,2.28537817813219,25.675359249115,8,FALSE,1.78836947970196
265.231279368061,5.42632162530071,0.0632165178996623,1.50181369592957,6.76556625513653,7.95920012598129,1000,1.3354264197086,2.5187250786829,30.7123697394443,400,265.231279368061,451.9,100,0.202405716269968,197.768052516411,77.273743669988,459.213181747251,409.499300469828,65.7708031193322,0.0626988151328978,7.12198334569498,11.185062717888,28.8004787010897,2.99351841009745,28.7467908859253,8,FALSE,1.96557885351901
268.259991684046,5.61141588753807,0.066875342534567,1.49679272113971,6.92660894876154,8.35750829309288,1000,1.31185111129295,2.32926124472988,30.4393241035083,400,268.259991684046,544.7,100,0.201903161539842,238.380743982495,117.301042065981,457.564840075726,404.987477887846,65.566847229568,0.0662966434012478,7.12682777562596,50.3089415986092,28.7380397638208,2.7923780589223,28.4967231750488,8,FALSE,1.94260092845948
272.031084560171,6.56455695424779,0.0805425669043815,1.56920249076347,7.65898688193045,8.22739022049949,1000,1.08431694219703,2.08265697940393,27.5191707270946,400,272.031084560171,421.6,100,0.196368975338563,184.507658643326,62.0191470450694,440.212391447497,379.25726370003,68.924564918294,0.0797115294180304,7.18650165482777,-6.72174814636944,25.6831210785526,2.4547016969172,25.7150955200195,8,FALSE,1.80407520707508
263.845524730703,5.59140097138164,0.064477117651838,1.56256228779943,6.8830450826309,7.86886850362019,1000,1.28686815567093,2.59205297814381,30.1445674081152,400,263.845524730703,421.6,100,0.201307207402783,184.507658643326,58.8437331796225,455.790416576253,405.877898112937,68.467637473748,0.0639395465080668,7.13396138128034,-9.35978836239924,28.1547910362925,3.04887059962347,28.1996421813965,8,FALSE,1.94492522671873
273.942461160983,6.68273303574687,0.0832578405356897,1.5251781930817,7.78991374012685,7.82841986600311,1000,1.04677692296264,1.98218386747266,26.9790352697726,400,273.942461160983,345.1,100,0.195359634523383,151.028446389497,34.0109576205225,437.057636801115,374.111463597487,67.0241755265899,0.0823714773806354,7.19750273844915,-32.1408291262967,25.0495021080346,2.33880780391653,25.2021579742431,8,FALSE,1.77687729552954
276.086143433784,6.50586376604957,0.0824375701106304,1.43224719419882,7.87562201797809,7.55206260762965,1000,1.02951045584543,1.88744630167089,26.7240636267997,400,276.086143433784,307.9,100,0.194868006728235,134.748358862144,22.2580340244234,435.574336415262,373.467783771816,62.9555813825432,0.0815691900393149,7.20332516575573,-39.6255761690054,24.7636240777488,2.23855147899051,24.9516773223877,8,FALSE,1.77238630441199
266.99075234821,5.77079348338672,0.0681366464432974,1.49876831901173,7.06560758039703,7.1544861125744,1000,1.25611139065795,2.39028082837244,29.7737289092383,400,266.99075234821,307.9,100,0.200616177310074,134.748358862144,21.6054153385861,453.565320517086,400.922099120468,65.6943679659461,0.0675371876134935,7.14094849275798,-42.8841744179182,27.6491356599099,2.83300514716045,27.8544311523438,8,FALSE,1.91929775689451
268.038994002176,5.65407002640852,0.0672709243197354,1.50547211415593,6.95784280618182,8.31385675878007,1000,1.30021562204079,2.33923076392696,30.3027497659738,400,268.038994002176,524.5,100,0.201639757668844,229.540481400438,108.491412837072,456.742025129675,404.035820660105,65.9554576229459,0.066685621017069,7.12968193877215,41.3660516064649,28.5638303347246,2.7979738322744,28.3654894828796,8,FALSE,1.93726028309421
273.303926695338,4.67080787043804,0.057881026010813,1.11330538454417,7.73856728870848,5.70808095770451,1000,1.03567060334291,2.1160678745178,26.8155170812456,400,273.303926695338,187.4,100,0.194845299149787,82.0131291028446,-32.9628228731591,436.105932962776,395.471542803322,48.9367855150272,0.0574519076608945,7.20866965970478,-79.7441790029102,24.5619321155385,2.48836520375362,24.9400978088379,8,FALSE,1.87541927240769
265.302901956449,3.9258732232681,0.0457604798127133,1.11202906517699,6.77867881022303,5.23796682001137,1000,1.31031610140856,2.66924149521721,30.4213760774198,400,265.302901956449,187.4,100,0.201685111564263,82.0131291028446,-31.0735642730987,457.45664579093,424.29080918322,48.7174582821863,0.0454890331106693,7.13352588594072,-77.5971304789204,28.0162337636657,3.15245224347857,28.3880939483643,8,FALSE,2.03328212905554
274.123348973117,4.66398395314577,0.058172626017787,1.09587638706828,7.8209041834726,5.66700584737954,1000,1.00153269202366,2.07360415474097,26.3016993580242,400,274.123348973117,183,100,0.193874430176246,80.0875273522976,-36.2226662605395,433.125538788865,392.305101981979,48.1938070947108,0.0577398534874123,7.21981709870001,-82.2089097406204,24.0549164770928,2.43282365606616,24.4441685676575,8,FALSE,1.85753079036668
275.587948120958,4.84429642699906,0.06113297400006,1.10497037423302,7.84372201939968,5.86188415380533,1000,1.01585643392915,1.98682124615649,26.5193900993567,400,275.587948120958,192.4,100,0.194309992875701,84.2013129102845,-27.139099526471,434.386380321213,390.942718173208,48.5832619049056,0.060654844156908,7.21417543290581,-73.7363129120586,24.3174543794062,2.34918947745212,24.666862487793,8,FALSE,1.85252761156374
268.167472265982,4.33332992969988,0.0516071016077816,1.14422899508676,7.20617988850704,5.53320595073085,1000,1.19804916765949,2.43656586416831,29.0482286272794,400,268.167472265982,192.4,100,0.199069765262092,84.2013129102845,-29.5168077938442,449.235761992168,412.543399663747,50.1918863217952,0.0512634707978481,7.1617130395989,-77.5530006999243,26.7088373940992,2.87385923477349,27.0790233612061,8,FALSE,1.96920526607332
272.485541998823,3.06699863068163,0.0377625085560117,0.810618786862956,7.20634321366876,4.27902327133192,1000,1.21139946874362,2.36000173033904,29.2181091861057,400,272.485541998823,137.6,100,0.199279655136004,60.218818380744,-46.0798699589999,450.246764586167,426.060101761848,35.5543526125378,0.0375781996777511,7.16212813066369,-79.4243137885012,26.8054057374626,2.81477681530376,27.1845021247864,8,FALSE,2.0336070613193
279.129773328107,2.23323036514079,0.0290080592219627,0.572281074447534,7.71083030808992,3.26803344172443,1000,1.03456273487043,2.17337840022523,26.7991098690162,400,279.129773328107,94,100,0.194578074461461,41.1378555798687,-71.9100343755214,436.010526055623,421.282929341498,25.1586800398157,0.0289000116928863,7.21760961162812,-94.5205539610584,24.3560779381694,2.56793843130368,24.8037614822387,8,FALSE,1.99534838677755
278.378335813448,1.88722085822068,0.0243622863417186,0.52506544187853,7.20855028911445,3.09637032587299,1000,1.20891636690178,2.36954274873886,29.1866542729134,400,278.378335813448,94,100,0.199102885431162,41.1378555798687,-63.5379305537472,450.059439763659,438.366412141277,23.0317526166949,0.02428549165512,7.16680036028401,-84.2296750091725,26.6939020765225,2.83573246006268,27.0956726074219,8,FALSE,2.09098166549149
282.58629013956,1.91728192756297,0.0256372493128972,0.485370483192748,7.81632755729514,2.9179391645395,1000,1.00048344404625,2.08549000592777,26.2856308166335,400,282.58629013956,81.6,100,0.193580390988715,35.7111597374179,-76.0896822281751,433.032580418647,421.285463434186,21.3484477607454,0.0255529593423243,7.22983297476321,-94.8972353396362,23.8449362158083,2.46906673156568,24.293643951416,8,FALSE,1.99198686521751
285.76588212705,1.85108579271296,0.0254410322330219,0.445322835262526,7.92973839921519,2.83427117723148,1000,0.983027755182831,1.92770787640156,26.0158075497387,400,285.76588212705,78.2,100,0.193070974575942,34.2231947483589,-71.7067569720548,431.473855705193,419.794716103926,19.5919498070212,0.0253580935330542,7.2357847612229,-88.9259146665012,23.6123748173591,2.30437292473693,24.0325021743774,8,FALSE,1.9833053753613
281.976295686029,1.3271192907257,0.0176542335723,0.410821610030583,6.97376522711075,2.58857639027074,1000,1.26130431927455,2.55778841474386,29.8369735717593,400,281.976295686029,78.2,100,0.200301222553805,34.2231947483589,-72.94534056238,453.944222103713,447.91071961301,18.0099863678589,0.0176138032805097,7.15462160812632,-88.4782835130175,27.2740747796181,3.0503193795496,27.6968293190003,8,FALSE,2.14014425275899
268.695980054607,2.99131454425081,0.0357678100042631,0.853001255251907,6.86307534548714,4.28119332132822,1000,1.28916931365102,2.62209829003475,30.1719554020965,400,268.695980054607,142.7,100,0.201111575573298,62.4507658643326,-48.197408429669,455.955073349005,432.454183194858,37.3799635503021,0.0356019499331686,7.14193385375348,-83.2335760334585,27.7035910830303,3.10744614063245,28.1019926071167,8,FALSE,2.06996279497982
299.3303824474,0.962773336523192,0.015015175948856,0.241397307354535,8.10022042076269,1.88275530644448,1000,0.919924960829744,1.77035394606799,24.9987495861912,400,299.3303824474,48.7,100,0.191084840973836,21.3129102844639,-82.2572137646566,425.636274573956,422.427535624401,10.6307672926105,0.0149863475890299,7.26102326942028,-90.5061738121532,22.583835562264,2.1284476958571,23.0099425315857,8,FALSE,1.98880705460549
303.36306196416,0.634009019773068,0.0103006104502573,0.210763112245493,7.44983363457902,1.77226801117458,1000,1.1382036735516,2.24901515589092,28.2626810705042,400,303.36306196416,48.7,100,0.197205669081949,21.3129102844639,-82.4421969961814,444.582889746941,446.741676126754,9.25361014250108,0.0102869034961401,7.19114764648431,-89.2483154952205,25.7146968423786,2.70034263214259,26.1389646530152,8,FALSE,2.12371641748904
314.710528311649,0.516665724468668,0.00951090798545651,0.148664793424577,8.13499435181112,1.43119466759265,1000,0.914498389982722,1.72090980352396,24.9080525651033,400,314.710528311649,35.9,100,0.190871955870408,15.7111597374179,-85.5267288712929,425.118595653159,426.743501991525,6.54766586293558,0.0094993390256035,7.26461477216005,-89.7171482593026,22.4777356536226,2.08058473056591,22.8999190330505,8,FALSE,2.00813353205281
367.682098568912,0.0831877289490572,0.00404175042338175,0.0643662383249511,8.11959402808079,0.99399831532594,1000,0.910796720825093,1.7526370197205,24.8458753946815,400,367.682098568912,23.4,100,0.190712400456459,10.2407002188184,-92.1732467282885,424.763974783692,431.241043136803,2.83511801583408,0.0040396605667845,7.2675732325873,-92.5789494340522,22.381930934714,2.11457837822967,22.817403793335,8,FALSE,2.02847160134645
400,-0.135760724633944,0.003,0.0566901831665622,7.60785498516056,0.972977120677048,3000,1.10872357745713,2.07779444671238,27.8603990212343,400,400,23.4,100,0.196374458859301,10.2407002188184,-87.6324650600592,442.214177406017,451.383890124982,2.49001368406902,0.00299883799848154,7.20209921879871,-87.7303971114151,25.3014596163088,2.52361293946285,25.7178773880005,8,FALSE,2.14252163323376
292.235620537211,0.994581432493497,0.0144901406493385,0.293529181638148,7.43798084363063,2.14233354803859,1000,1.14766545670283,2.22681204179392,28.3895893501761,400,292.235620537211,60.6,100,0.197484851757899,26.5207877461707,-75.9910498130346,445.332120248239,443.494492946047,12.8857123326094,0.0144630158026554,7.1871333918139,-86.499954893308,25.8686994667828,2.67819098039284,26.280131816864,8,FALSE,2.10945753331213
329.053628657869,1.42368963445439,0.031505520856486,0.0551997192886022,6.4862928854462,1.749281797991,1000,0.325527571770684,0.21141276556793,9.07348775863647,400,329.053628657869,35.7,100,0.165358585159432,15.6236323851204,-71.7441203953096,341.726991156334,0,2.46365960912296,0.0313783711021257,7.23257705185683,-72.5490884299943,8.73058012630051,0.21141276556793,9.07348775863647,8,TRUE,0
329.643630861041,1.30846044086008,0.0291983690013435,0.053756058347654,7.34145543948189,1.70649358136169,1000,0.397981464601287,0.224359005024876,12.1541333198548,400,329.643630861041,35.7,100,0.170832884647152,15.6236323851204,-66.1898982203676,356.893729988719,0,2.39217677186763,0.0290879395467358,7.15448142060289,-66.9826796328288,11.8340797924964,0.224359005024876,12.1541333198548,8,TRUE,0
327.791447290316,1.74379469695767,0.0379147559275491,0.0397688870311298,6.525945379179,2.07237960668836,1000,0.328488486665704,0.135444793127531,9.21229314804078,400,327.791447290316,42.8,100,0.165602689081445,18.7308533916849,-65.788775325672,342.399770784199,0,1.77471969854838,0.0377306724448197,7.22902161723103,-66.0504098428407,8.89994836676063,0.135444793127531,9.21229314804078,8,TRUE,0
326.862890128511,2.07707006417536,0.0445876906046479,0.0386232827492088,6.52951431060088,2.40596697825473,1000,0.328756554232798,0.114972899932058,9.22479812304179,400,326.862890128511,50.3,100,0.165624692187923,22.0131291028446,-62.1635245873423,342.460430229483,0,1.72357559295089,0.0443333144338494,7.22870147982781,-62.4561001059138,8.92943733849984,0.114972899932058,9.22479812304179,8,TRUE,0
327.176286658134,1.95221930047811,0.0420878929223504,0.079001890781895,7.37142095616183,2.35325188942727,1000,0.400922246844013,0.226663753053327,12.2669923305512,400,327.176286658134,50.3,100,0.171035696199406,22.0131291028446,-60.5452875529094,357.458777244678,0,3.51525186862454,0.0418587383876186,7.15165241000832,-62.5642802882816,11.9679323399351,0.226663753053327,12.2669923305512,8,TRUE,0
328.677371655937,1.50719582365926,0.0331775056489702,0.0631729707839903,7.36949604486979,1.90799479254173,1000,0.400732317879358,0.230733531011736,12.2597284317017,400,328.677371655937,40.2,100,0.171022637890915,17.5929978118162,-64.5048099722628,357.422389147983,0,2.81095103760454,0.0330349476995615,7.1518344251064,-65.7436261285633,11.9454790270862,0.230733531011736,12.2597284317017,8,TRUE,0
324.81459432657,3.49018425098306,0.0728814668251094,0.136948297035819,6.66906910873862,3.83015079577336,1000,0.339450030074638,0.220791818519139,9.71549248695374,400,324.81459432657,86,100,0.166489632120433,37.636761487965,-51.9680527532793,344.847072886276,0,6.10849819313246,0.0722031098574169,7.21616165730168,-56.7668394047403,9.4465702459087,0.220791818519139,9.71549248695374,8,TRUE,0
324.960283666419,3.33308795709143,0.0697360399191104,0.12972111600872,7.66040125210009,3.7646395349062,1000,0.431187888991427,0.221161954251787,13.3826386928558,400,324.960283666419,86,100,0.173049194280487,37.636761487965,-44.6116945735234,363.080613955151,0,5.76588321960161,0.0691067408281886,7.1238066642947,-49.1828441412799,13.1466236003656,0.221161954251787,13.3826386928558,8,TRUE,0
324.835657220444,3.46662873205591,0.0724098314912463,0.0801417012575777,6.98547631539013,3.83248137032238,1000,0.365386980176302,0.137655828768767,10.8442280292511,400,324.835657220444,86.5,100,0.168490657138206,37.855579868709,-46.5276794600936,350.384364377316,0,3.57082258944052,0.071737538117489,7.18748101052205,-48.9509813801607,10.6114065986319,0.137655828768767,10.8442280292511,8,TRUE,0
324.879809968015,3.41814110598836,0.0714389983807841,0.0701871809072994,6.96781923205945,3.78246132008324,1000,0.363871234673576,0.124309276552362,10.7805027961731,400,324.879809968015,85.1,100,0.168377260143889,37.2428884026258,-46.6975916037687,350.069980367276,0,3.12747578761667,0.0707846757110989,7.18909416549529,-48.6848103861579,10.5489992907802,0.124309276552362,10.7805027961731,8,TRUE,0
325.028443026921,3.26412057354037,0.0683551552496892,0.155027907847696,7.82739067462945,3.71497522355007,1000,0.450519143474798,0.266145203129938,14.0549511909485,400,325.028443026921,85.1,100,0.174270168629727,37.2428884026258,-44.9885308080282,366.500316753671,0,6.88629017049366,0.0677490172541618,7.10713068348538,-50.6332695266556,13.8114057908124,0.266145203129938,14.0549511909485,8,TRUE,0
325.666817959135,2.72994333248005,0.0576597058219489,0.106745569311606,7.56152756876236,3.15058538256858,1000,0.420417058148984,0.22208933394258,12.9948456287384,400,325.666817959135,69.8,100,0.172347530808933,30.54704595186,-51.5476542262112,361.119028510011,0,4.7464213960391,0.0572293944610006,7.13346108532212,-54.9660713666716,12.731435384064,0.22208933394258,12.9948456287384,8,TRUE,0
324.628322671678,3.71315749382009,0.0773459008353809,0.170461162363704,7.19259934511078,4.09755146281776,1000,0.383851730396053,0.256546267252536,11.5999760627747,400,324.628322671678,94.3,100,0.169839370923482,41.2691466083151,-46.4440700092979,354.128964204454,0,7.58964501348133,0.0765772903492349,7.16840489078081,-52.7831362956552,11.3482600029189,0.256546267252536,11.5999760627747,8,TRUE,0
324.804655467942,3.50156628576474,0.0731093611793327,0.126660968190851,8.21253876801864,4.00408245290515,1000,0.502135310722822,0.206856222510606,15.7177577018738,400,324.804655467942,94.3,100,0.177314599186275,41.2691466083151,-36.0480312789542,375.061896515827,0,5.61727398581405,0.0724124290484352,7.06621998002538,-40.6453795886765,15.521122036937,0.206856222510606,15.7177577018738,8,TRUE,0
324.516239762052,3.86094618629731,0.0803049682850619,0.0916622913385785,7.23389205979933,4.24924530239445,1000,0.387694445179172,0.140214535090963,11.7526783943177,400,324.516239762052,98.8,100,0.170112755794119,43.2385120350109,-40.3115549802475,354.889207754399,0,4.08059333124294,0.0794762977684465,7.16456276424681,-43.3625634765165,11.5457769522062,0.140214535090963,11.7526783943177,8,TRUE,0
324.473632160093,3.92014936740372,0.0814903513018075,0.122730202119969,7.33047334740316,4.31767993665236,1000,0.396912100202313,0.179850163922099,12.1128872235616,400,324.473632160093,101,100,0.170758804006424,44.2013129102845,-40.1469365188014,356.687391845536,0,5.46178294920881,0.0806360987522834,7.15551588545205,-44.5456839255635,11.9000718774416,0.179850163922099,12.1128872235616,8,TRUE,0
324.613684484339,3.73193780738381,0.0777219256423516,0.163697250193351,8.22615823610116,4.23657545063454,1000,0.504187903532436,0.246797433363208,15.7802939414978,400,324.613684484339,101,100,0.177429783266337,44.2013129102845,-34.5616664593398,375.386786749014,0,7.25935638002118,0.0769345834048884,7.06469056329348,-40.796420283303,15.5828848391693,0.246797433363208,15.7802939414978,8,TRUE,0
324.792386355554,3.51553713965299,0.0733890896097832,0.11907347606638,8.1231707209108,4.00503157903904,1000,0.489105048880871,0.194763308655385,15.3147020339966,400,324.792386355554,94,100,0.176573415926127,41.1378555798687,-36.6815628588749,372.972985980239,0,5.28282016606026,0.0726878102186427,7.07609321579161,-40.9427181898881,15.1169042655947,0.194763308655385,15.3147020339966,8,TRUE,0
324.24028268264,4.27813596293968,0.0886580612565855,0.309435536715386,8.09164795110275,4.76349636998641,1000,0.484678954846682,0.396816643189223,15.175345659256,400,324.24028268264,116.6,100,0.176317633376563,51.0284463894967,-34.8460179882742,372.252779858828,0,13.7302691592384,0.0876371346247799,7.07951330602206,-47.395877066351,14.9464827455519,0.396816643189223,15.175345659256,8,TRUE,0
324.319282917354,4.15017238178994,0.0860959378533814,0.341811096816586,8.53040196354252,4.70657838294487,1000,0.555826919102812,0.450363073820246,17.2750687599182,400,324.319282917354,116.6,100,0.180197842290011,51.0284463894967,-31.1798474797224,383.215500725091,0,15.1362841862576,0.085125910801867,7.02832964720923,-45.158326968476,17.0554224145115,0.450363073820246,17.2750687599182,8,TRUE,0
324.01275675131,4.69333099993724,0.0969712149806968,0.375956490153135,8.00736112837134,5.16751099868454,1000,0.473240349509369,0.437793333023444,14.8092195987701,400,324.01275675131,130,100,0.175646802221422,56.8927789934354,-32.1327141072359,370.365577588798,0,16.6877955957122,0.0957527019586769,7.08851456085426,-47.6400339420804,14.579469827774,0.437793333023444,14.8092195987701,8,TRUE,0
323.552031668218,5.82800414701905,0.119689965104793,0.480832888764704,8.09077431149437,6.31480255272854,1000,0.484557479490429,0.446786126370844,15.1715030670166,400,323.552031668218,179.5,100,0.176310583967791,78.5557986870897,-12.8850873579291,372.23293578935,0,21.335588639393,0.117836770961846,7.07960765792644,-33.3891523820167,15.0102772952338,0.446786126370844,15.1715030670166,8,TRUE,0
319.460251140092,5.64990816980676,0.110137208376013,0.571308355670358,8.79930955303917,6.28882466585509,1000,0.637342905050292,0.572948525334325,19.3729622175597,400,319.460251140092,179.5,100,0.181773748657742,78.5557986870897,-8.9698737568291,394.40872590688,269.266145474256,25.2784887621106,0.10862147890367,7.34208852057319,-33.4209346610539,17.963632763794,0.74315262404972,18.1192426681518,8,FALSE,1.25371954940788
324.226752989266,4.30086184322293,0.0891130853283485,0.316642800356745,8.37768370088769,4.82990553012499,1000,0.528386449658234,0.403702363255444,16.4989371299744,400,324.226752989266,119.8,100,0.178757018077704,52.4288840262582,-30.5424699479996,379.135473678876,0,14.0322284272149,0.0880770336675402,7.04716247635378,-43.4719957822217,16.2880580223289,0.403702363255444,16.4989371299744,8,TRUE,0
315.715054271349,7.78089416024088,0.144946441664144,0.934497505264233,8.35017943620804,8.60648491861979,1000,0.544616103841486,0.631995232690637,16.9627122879028,400,315.715054271349,587.8,100,0.179617051025979,257.242888402626,139.346154997455,381.569542649542,0,41.3944055557118,0.142220960180073,7.03589685870937,95.5134193937859,17.4267819623459,0.631995232690637,16.9627122879028,8,TRUE,0
308.591079247364,8.04129534181632,0.138125572000987,1.0922741099382,8.78989098589762,9.0004276322296,1000,0.716925792852655,0.781113256313425,21.1767330641868,400,308.591079247364,587.8,100,0.185023063866833,257.242888402626,143.510201785939,404.227172565486,284.633221322338,48.2492622722865,0.135737709761765,7.30393458117545,92.9074115954757,20.2793828585891,0.980205066536744,19.8445405960083,8,FALSE,1.33219246817854
312.91243111619,7.76937177531063,0.140071636991668,1.00525885202172,8.33819200806135,8.7180964293846,1000,0.551395109812726,0.688527581798518,17.1523489952088,400,312.91243111619,690.2,100,0.17996950979138,302.056892778993,176.471223449267,382.568196869061,0,44.5207276187006,0.137523153131496,7.03130073911941,128.657446862537,17.7778636886612,0.688527581798518,17.1523489952088,8,TRUE,0
315.621415061033,7.79820985268646,0.145104299884042,0.996581141136363,8.36075383921964,8.7909799332642,1000,0.546923965177648,0.633788038773512,17.0275363922119,400,315.621415061033,785.4,100,0.179737481284617,343.719912472648,213.849024899591,381.910695509656,0,44.1417057891005,0.142372335750304,7.0343250771113,165.479082129515,17.8317268758094,0.633788038773512,17.0275363922119,8,TRUE,0
307.703498152376,8.04248216531345,0.136811968336027,1.1706965559627,8.78415599913328,9.23168374280394,1000,0.725110142055876,0.80162167936035,21.3507448164734,400,307.703498152376,785.4,100,0.185323649317306,343.719912472648,217.762785240957,405.183968875645,287.813137451361,51.7055310450175,0.134467983404515,7.30095553344868,161.946488942348,20.7614003290277,1.00483727540215,20.003119468689,8,FALSE,1.34762534778444
311.200026111426,8.03534540501724,0.142095166404041,1.02062018040191,8.81273096081911,8.83298963731731,1000,0.699580281028235,0.723122066428157,20.8012794964321,400,311.200026111426,504.9,100,0.184386635430226,220.962800875274,113.032411240953,402.168530083578,276.496013001082,45.0986902594583,0.139571335208399,7.30982146320689,66.2622875119184,19.8180975905776,0.912678588736603,19.5082144737244,8,FALSE,1.29306502270768
306.71154367696,7.94651943431662,0.133741243853598,1.19970263552805,8.61460492947668,9.14434790228806,1000,0.654470702828915,0.825537129247961,19.7794925650817,400,306.71154367696,923,100,0.18257773287751,403.938730853392,263.810996175222,396.605800202526,264.041594154303,53.0609400443663,0.131509109423328,7.32980437763773,205.628076592792,19.5070598640909,0.996582836493753,18.548038482666,8,FALSE,1.23145408241572
296.061021676379,7.73172059413046,0.116791051546444,1.42295562678514,8.59412886801784,9.45588485033855,1000,0.853937660823871,1.11233829675666,23.8576943339464,400,296.061021676379,1023.4,100,0.189747753595551,447.877461706783,305.982413419509,419.157716445474,326.866600682102,62.7067260736113,0.115067957375577,7.25515165569898,237.075332896425,23.4346110474701,1.37652658996148,22.3175468444824,8,FALSE,1.54014748946395
301.095517656442,7.88636032074898,0.125191459249371,1.33114269665002,8.59443148837024,9.25739280995039,1000,0.697138228779525,0.968014457794871,20.7476736257408,400,301.095517656442,1056.2,100,0.184179862543228,462.231947483589,311.903630954083,401.875247499675,288.682914833597,58.8261163755929,0.123229898994987,7.31611758351082,246.862856802169,20.5522656818295,1.16488670122374,19.3987770080566,8,FALSE,1.34889661768424
304.926090774712,7.95169764169278,0.131314649107312,1.26942496612733,8.64649515417919,9.25291164239409,1000,0.682743015628173,0.868797742448669,20.4278150546817,400,304.926090774712,1039.5,100,0.183664197203397,454.92341356674,308.154072526033,400.128604918415,278.862141145866,56.1134423690848,0.129159289425622,7.31999198737634,245.871525541582,20.2737450575009,1.05583352833504,19.1254965464274,8,FALSE,1.30231850825429
294.834760612472,7.71600895676885,0.115194672635218,1.44438792228624,8.56627116565468,9.43447099299374,1000,0.841907008882333,1.14972490180965,23.6401858374403,400,294.834760612472,1039.5,100,0.189333780213424,454.92341356674,309.97262784228,417.931212691596,326.572119964339,63.6644249478543,0.113519193942224,7.26029588185191,240.048232229166,23.2327868306897,1.41048448238153,22.1025161743164,8,FALSE,1.53766966312395
297.964928705029,7.80352056477947,0.120075307037476,1.38546746459077,8.64231451444573,9.43249692512445,1000,0.829472102822093,1.0557516279171,23.4120773731803,400,297.964928705029,991.2,100,0.188948385244233,433.785557986871,294.029256923542,416.647830694002,320.850340635607,61.0792057604028,0.118256795973677,7.26365823858485,227.043991950367,22.970593249411,1.30892742838684,21.9020481109619,8,FALSE,1.51002926221837
297.343152307717,7.82704649180458,0.119707902700718,1.41774302916967,8.58549667211305,9.35102673225908,1000,0.748960372781037,1.07351501785342,21.8468549250931,400,297.343152307717,1118.4,100,0.186094081756613,489.45295404814,335.437708007907,407.921135121099,306.93588157609,62.5922172875095,0.117908406452908,7.29639239738261,266.059654060538,21.6553407666882,1.29570446550662,20.4087924957275,8,FALSE,1.43806242936558
291.11715693398,7.49638230617636,0.108094221799803,1.51746876360105,8.42782890939387,9.50091673632867,1000,0.924878066353402,1.27151277889212,25.0810675217665,400,291.11715693398,1118.4,100,0.191963697771369,489.45295404814,341.426739895597,426.106536653061,342.217788810208,66.7977119768323,0.106611782696797,7.23139955831199,267.527286848578,24.727980885538,1.56688389595076,23.4632911682129,8,FALSE,1.61777635355364
295.286591812971,7.77508558962644,0.116577590618635,1.46199831566316,8.56196146307833,9.3909230171457,1000,0.778142655122579,1.13526657410776,22.4328171758945,400,295.286591812971,1148.2,100,0.187131234019145,502.494529540481,346.65972316199,411.171874989723,315.338889300891,64.5121737844946,0.114867752481888,7.28533849848913,275.081797225861,22.2439176245299,1.37092425721935,20.953143119812,8,FALSE,1.47967405608246
304.38455328302,7.87027029100994,0.129233537867067,1.29109032344944,8.51779313940053,9.16847066954211,1000,0.636584985182218,0.882834862180148,19.3547213980482,400,304.38455328302,1175.2,100,0.181858993624842,514.310722100656,355.27541593191,394.310358716397,255.380362334344,57.1239374357832,0.127150064598851,7.33660980476973,290.939700502362,19.5204114782382,1.04450042829481,18.1647669474284,8,FALSE,1.18995445061982
286.785702780169,7.27686228252032,0.100914197501489,1.58646170403272,8.25697644874551,9.49111712657501,1000,0.974621655392121,1.42639308310115,25.884155343503,400,286.785702780169,1175.2,100,0.19342068525108,514.310722100656,361.185643018431,430.714851859695,353.009823875409,69.7841711578394,0.0996182714363559,7.21610067042317,283.794627954637,25.5562585800294,1.74435867472419,24.2118234634399,8,FALSE,1.67233188006306
289.887827669394,7.44582306301394,0.106166474978468,1.53728511248327,8.38664736590519,9.49626379081501,1000,0.934530754861767,1.31378054118351,25.2402309024064,400,289.887827669394,1131.5,100,0.192247862096627,495.185995623632,345.649002002882,427.01690282853,344.804652372403,67.6604378166134,0.104735529518724,7.22852829423534,270.786796335271,24.8901850978343,1.61389461204034,23.6095781326294,8,FALSE,1.63065276977703
289.31559644402,7.58586278684395,0.107604143142278,1.61979036497594,8.43160405776792,9.47413782280664,1000,0.838976946728159,1.33149048833662,23.5867410455953,400,289.31559644402,1376.8,100,0.189179671988697,602.53829321663,430.252321182566,417.630256458883,332.397905461009,71.401180463429,0.106141480927291,7.26376239734724,349.742343084263,23.6683686129389,1.59583968625474,22.0223875045776,8,FALSE,1.56435354101765
287.652477373316,7.53726243433331,0.105332020233554,1.65113905434651,8.38916542450222,9.4671338883406,1000,0.845423250604416,1.39077638983182,23.7040776347675,400,287.652477373316,1402.8,100,0.18937960273455,613.916849015317,438.308658983995,418.291211120391,335.159509749992,72.7757403430607,0.103929727836956,7.26194842829031,356.242698343238,23.8033255502491,1.65895769556605,22.1263332366943,8,FALSE,1.57774439807321
293.624236372103,7.70182140441357,0.11367409226654,1.5510033001371,8.53763058122311,9.50569594956725,1000,0.828350231185046,1.18759976944884,23.3913296188264,400,293.624236372103,1346.8,100,0.188863784574614,589.409190371991,423.349490060946,416.531246674956,325.908096579646,68.3798652920431,0.112043518988435,7.26606787097658,345.976798296381,23.4857483344812,1.44424121023295,21.8580055236816,8,FALSE,1.53332409514482
288.64466681524,7.56819008254398,0.106706575878759,1.66052297983375,8.41487003976702,9.49145747786467,1000,0.84015246669028,1.3551243795504,23.6082050999306,400,288.64466681524,1488.5,100,0.189212698223562,651.422319474836,471.494679814844,417.751104468936,333.300664492087,73.1954806542961,0.105268014069904,7.26357831137655,388.187112819153,23.8665219678767,1.62047028538639,22.0395631790161,8,FALSE,1.56864192091451
290.567657500412,7.61501046761197,0.109253430745846,1.62420388844001,8.46214932483949,9.50845870447999,1000,0.840350020265043,1.28834784523441,23.6118093223523,400,290.567657500412,1453,100,0.189237997708648,635.886214442013,460.637244149309,417.771399716743,331.232116445699,71.5936336160253,0.107745688639268,7.26272260559526,379.164085157637,23.837422296667,1.55219443769262,22.0527191162109,8,FALSE,1.55909020614143
287.485348021223,7.54601040470383,0.105297604487712,1.68258677205232,8.38721333727285,9.4746232846056,1000,0.834781678916215,1.3966451976594,23.5098928596427,400,287.485348021223,1511.7,100,0.189021099676914,661.575492341357,478.167312730249,417.1977968699,333.705488188322,74.1751868667632,0.103897013618114,7.26610719364766,393.749104833264,23.7923830060478,1.66083022580037,21.9398922920227,8,FALSE,1.57000056761996
292.89263798285,7.67438889287642,0.112495372925111,1.61690151301119,8.51937164463328,9.55019483657284,1000,0.83800063527595,1.21119200103948,23.5688915057505,400,292.89263798285,1534.3,100,0.189182479955482,671.466083150985,493.811114345092,417.529779041901,328.244427994927,71.2737378832232,0.110897460713534,7.26264609476177,411.810255198754,23.9622351123703,1.47216315837001,22.0238478978475,8,FALSE,1.54504360790296
288.334752801373,7.55999904029021,0.106295248517362,1.66801785958719,8.40712811255764,9.49041308886466,1000,0.840653251234463,1.36615696252905,23.6173399045235,400,288.334752801373,1499.8,100,0.189226538844069,656.36761487965,475.367551766713,417.802543665498,333.709130728681,73.525342205331,0.104867668269705,7.26350882719463,391.639350243009,23.8899845458236,1.63194580736601,22.046760559082,8,FALSE,1.5705793454415
291.943341530472,7.64720868443548,0.111112161641153,1.61956852666358,8.49568948600388,9.5366185048982,1000,0.841603582187042,1.24226420638266,23.6346599276894,400,291.943341530472,1499.8,100,0.189293772743604,656.36761487965,480.003385141108,417.900087866379,329.877785126634,71.3873111445713,0.109552822911525,7.26166549561692,398.235064590281,23.9564604845052,1.50543117455839,22.0817184448242,8,FALSE,1.55294148286519
289.088251954774,7.57199989808216,0.107187205035565,1.69071192757936,8.42452204616419,9.52760586619941,1000,0.846134871011409,1.33957665644997,23.7169757824006,400,289.088251954774,1615.4,100,0.189417058511991,706.958424507659,520.326959815967,418.36391395775,333.725699109694,74.5185565500247,0.105735255475548,7.26110591771077,434.47447185253,24.1912999502179,1.60687016869192,22.1457986831666,8,FALSE,1.57117709923397
288.107297802252,7.56099198102509,0.106093063521802,1.70773800440563,8.40247753429057,9.5044066818189,1000,0.835124872474565,1.3741983547796,23.5161939080215,400,288.107297802252,1634.4,100,0.189038533206137,715.27352297593,525.256030191191,417.233243080447,333.099253977365,75.2832947589304,0.104671301505769,7.26572979511352,438.562295544313,24.012396821764,1.63802449591297,21.9489641189575,8,FALSE,1.56722978906403
294.92218015437,7.72264314024536,0.115389121912494,1.63559271711657,8.56869572605613,9.60094881537915,1000,0.838999636600367,1.14698144376544,23.5871556290851,400,294.92218015437,1680,100,0.189237274485582,735.229759299781,550.921936145675,417.632590419571,326.013489966551,72.0956704367537,0.113708268010026,7.26136858348116,466.664600040085,24.2493156303029,1.40654528263199,22.0523430506388,8,FALSE,1.53481257844628
289.541743251659,7.58216334764115,0.107771704233137,1.7031203856391,8.43551904961476,9.54471810653486,1000,0.846986698323469,1.32374222784743,23.7324009291275,400,289.541743251659,1680,100,0.189449853575232,735.229759299781,545.295958448816,418.450873145158,333.359083860338,75.0642269639627,0.106303883319391,7.26059721537059,458.274044257941,24.3205404597291,1.59099038216938,22.1628398895264,8,FALSE,1.56956103960112
292.311762357781,7.65903910367014,0.111664740936091,1.64283722622403,8.50504902038161,9.55587967107613,1000,0.839181651481916,1.23011442224283,23.5904809523715,400,292.311762357781,1597.3,100,0.189216257804568,699.037199124726,516.946228027788,417.651311185693,329.089784341884,72.4157671439219,0.110090129379814,7.2624398108042,433.24271631888,24.0807418034369,1.49203722080567,22.0414142608643,8,FALSE,1.54906669150718
290.908036744435,7.62177775824426,0.109691591988031,1.69588164324745,8.47023919258149,9.56116065447551,1000,0.841934075914177,1.2768374837582,23.6406786767958,400,290.908036744435,1718.3,100,0.189294495499143,751.99124726477,561.028505996329,417.933988706065,331.090441233358,74.7510121395558,0.108171661174106,7.26197174513329,473.923935427972,24.3130570972041,1.54100595999348,22.0820941925049,8,FALSE,1.55858448429091
292.706528826678,7.66209571278612,0.11212024729204,1.68145920804163,8.5138095347375,9.59102660860828,1000,0.845036849723643,1.21732049996374,23.6970695549507,400,292.706528826678,1742.4,100,0.189416425369045,762.53829321663,572.440979338508,418.251712732327,329.518237096223,74.110764143212,0.110532333412374,7.26002266077229,485.659203737362,24.4322892766564,1.48114043345939,22.1454696655273,8,FALSE,1.55159988942338
289.050599881551,7.57845909518817,0.107242209089392,1.722874980483,8.42488496792839,9.53735306650691,1000,0.840091244825137,1.34079506619025,23.6070879791599,400,289.050599881551,1731.2,100,0.189214561450504,757.636761487965,563.377096027285,417.744814151868,332.851018009485,75.9438717990587,0.105789239517121,7.26343848613835,475.05783748074,24.2763811924053,1.60578688962006,22.0405321121216,8,FALSE,1.56655586703831
301.766453295758,7.90329430308327,0.126316417741878,1.51789457014617,8.61036126402988,9.41734298920683,1000,0.6980010343042,0.950005204235948,20.7666346267085,400,301.766453295758,1744,100,0.184220568335617,763.238512035011,571.50194945076,401.978966515946,288.101075241187,67.0776988813405,0.124319538963452,7.31541596692177,492.033607144861,21.7196189271128,1.1467152811863,19.420327595302,8,FALSE,1.34630703140649
291.064204595608,7.62699265699469,0.109923998179933,1.70110224438706,8.47427228205214,9.56523383165961,1000,0.840746327548232,1.2715554760058,23.6190371086929,400,291.064204595608,1744,100,0.189256243347149,763.238512035011,570.800188374288,417.812101352032,330.73573303336,74.9825658175509,0.108397745816803,7.2623630130553,483.224845416416,24.3368299846037,1.53513629001015,22.0622062683105,8,FALSE,1.55683084038244
293.553450824433,7.68584656155214,0.113362649717848,1.65913747341789,8.53497326093944,9.59209121886284,1000,0.842290957423129,1.19002627853239,23.6471753314848,400,293.553450824433,1702.7,100,0.189333325217849,745.164113785558,558.239930962789,417.970583682326,328.125434982498,73.129978209324,0.111739755403071,7.26070850829676,472.781501114723,24.3282518532948,1.45205871822683,22.102279663086,8,FALSE,1.54489566839879
292.129059098243,7.64659021610673,0.111294328589957,1.7040898576026,8.49940814962241,9.59271261810542,1000,0.84625997656334,1.23621240013995,23.7192422041982,400,292.129059098243,1795.4,100,0.189451359533792,785.733041575492,591.820286073794,418.3766900498,330.36189106053,75.1068992188338,0.109729512566438,7.25980131227532,503.572195658769,24.5348610482608,1.50099884490346,22.163622379303,8,FALSE,1.55561982489517
293.717852459247,7.69625798118971,0.113691790025459,1.68341377156639,8.53961267300532,9.5993102019103,1000,0.836527989310955,1.18471991920768,23.5419282868967,400,293.717852459247,1795.4,100,0.189141455475219,785.733041575492,592.891042815634,417.378033902785,327.058697870783,74.2071569557394,0.112060001328457,7.26285448240681,505.519006823344,24.3819152746766,1.44440760496901,22.0025100708008,8,FALSE,1.53941821609592
290.908061590628,7.6213258631593,0.109685088053373,1.71761416498205,8.47016171866982,9.57221160064553,1000,0.842373660724169,1.27684341102573,23.6486804657364,400,290.908061590628,1793.8,100,0.189309222502495,785.032822757111,589.478006889164,417.97906228899,331.156168954717,75.7083776724496,0.108165301345903,7.26180272787119,500.716365529335,24.4468914967807,1.54118017370522,22.089750289917,8,FALSE,1.55893017581937
303.194027925942,7.93166125691677,0.128639227899532,1.52139839814554,8.63674540822434,9.43451759050408,1000,0.695860542801265,0.912581111127309,20.7195520685177,400,303.194027925942,1814.6,100,0.184153748154218,794.135667396061,599.273489417185,401.721456070434,285.602044127596,67.2348287912384,0.126568875956156,7.31556216860631,518.974577318703,21.8100887941896,1.10714487920222,19.3849497749692,8,FALSE,1.33460229354855
292.946170595785,7.68008164811859,0.112635017714783,1.69749643641467,8.52100228159626,9.58912299769037,1000,0.834176290304804,1.2094122951326,23.4987715811808,400,292.946170595785,1814.6,100,0.189054174353629,794.135667396061,599.084416570577,417.135240223923,327.592965273799,74.8312211193455,0.111033479979223,7.26409880907773,510.955165042005,24.3616832229917,1.46886956031953,21.9571027755738,8,FALSE,1.54166880560697
293.323270527841,7.68787930057541,0.113147935354167,1.69885794007286,8.53009209283426,9.59787554276496,1000,0.835452048705436,1.19729606734347,23.5221984670973,400,293.323270527841,1833.2,100,0.189101104805843,802.275711159737,606.603021442844,417.267023508015,327.352991480105,74.8894748334345,0.111531738841269,7.26344207016604,518.221827508507,24.420517928949,1.4569159427367,21.9815196990967,8,FALSE,1.54067876800059
293.490614957932,7.68392060188925,0.113267335164938,1.69861555295915,8.53337358121448,9.60985291329541,1000,0.842740965079153,1.19203732370926,23.6553633276169,400,293.490614957932,1833.2,100,0.189347753335685,802.275711159737,607.319684292142,418.016709231114,328.265035896595,74.8695154007406,0.111647117179681,7.26056275852973,518.917356237851,24.5530196049661,1.45429556179319,22.1097793579102,8,FALSE,1.54558396970673
290.202826589651,7.59897763094739,0.108660977314728,1.74303339836287,8.45192180211379,9.57602588999275,1000,0.846634238824887,1.30090739116782,23.7260203681976,400,290.202826589651,1849.8,100,0.189444587830404,809.540481400438,610.012603795896,418.41490112106,332.578838965805,76.8235771776121,0.107168973411447,7.26046195124698,519.630497413446,24.6067357269176,1.56747033347441,22.1601037979126,8,FALSE,1.56591657028499
297.412657110479,7.78423237091587,0.119132918712465,1.66075062962844,8.62911869092855,9.65307094583452,1000,0.837677232342553,1.07192475241203,23.5629742645083,400,297.412657110479,1853.4,100,0.189219854720024,811.115973741794,618.56864811163,417.49647411127,322.772953019522,73.2052522991311,0.1173419171188,7.26073397200983,531.511822376565,24.545765020009,1.32870344292088,22.0432847340902,8,FALSE,1.51968953041814
292.778360206474,7.67308898333754,0.112356322005555,1.7114306112581,8.51669205084183,9.59574174756254,1000,0.836932795906049,1.21487867003405,23.5493447680407,400,292.778360206474,1853.4,100,0.189145404685953,811.115973741794,613.701497987334,417.419768673336,328.209300485982,75.4420274992019,0.11076242905166,7.26310579987084,524.597920095242,24.473685748506,1.47553681790182,22.0045642852783,8,FALSE,1.54478048276244
296.147425046721,7.75720777473921,0.11727298228841,1.66780003348429,8.59863903525499,9.63090187520317,1000,0.834329373311211,1.1095050501416,23.5015845514864,400,296.147425046721,1835.8,100,0.189093082104883,803.413566739606,610.482328578405,417.151062379235,323.823013747838,73.5206688623483,0.115537502865017,7.2626148486718,523.335825725905,24.4406936262093,1.36618447198246,21.9773459434509,8,FALSE,1.52423860803554
292.475280689141,7.66178462580128,0.111874548728581,1.71792220834517,8.50887402764199,9.59773388215211,1000,0.840490460654622,1.22478605083544,23.614371040686,400,292.475280689141,1860.8,100,0.189261885279739,814.354485776805,616.404693008219,417.785825110819,329.098715711938,75.723755311943,0.110293933133755,7.26186538273619,526.947405853051,24.5457431879985,1.48706755243725,22.0651397705078,8,FALSE,1.5492312701782
293.047410070751,7.67772243990519,0.112706976871679,1.71113417998385,8.52307486539924,9.60243554706908,1000,0.83867411917599,1.20620326361672,23.581206785034,400,293.047410070751,1861.6,100,0.189206748266273,814.704595185996,617.220239716694,417.599101435871,328.164651109526,75.4266364001391,0.111103019163624,7.2623183808691,528.036553029738,24.5220445062125,1.46729531782263,22.0364689826966,8,FALSE,1.54473780233741
269.974822787911,6.05258741410125,0.0730837578107057,1.8855963575283,7.27006199438075,9.31319125660812,1000,1.21489277539249,2.21147737332332,29.2622519731218,400,269.974822787911,1855.4,100,0.199664654312217,811.99124726477,607.540515409811,450.509748667082,394.179168196145,82.6881662010288,0.0723954550803972,7.15062850232729,510.595167809825,29.818805214825,2.63542369248834,27.3777885437012,8,FALSE,1.88446342942062
285.14281156824,7.38274320980921,0.100917988939864,1.81050995352572,8.29279950264493,9.57062670427096,1000,0.904703825056396,1.48579602086449,24.7429802589883,400,285.14281156824,1846.2,100,0.191276860954301,807.964989059081,606.436259022274,424.177610761014,346.076364441376,79.7244390209524,0.0996263501869553,7.24091212226613,513.156219654662,25.531784204433,1.7787371585765,23.1091124216716,8,FALSE,1.6338678373167
262.750314206429,4.63351768512934,0.0530037667246303,1.68615480517349,6.13122394681474,8.74648115523741,1000,1.49627031567579,2.74772195755321,32.4557471468763,400,262.750314206429,1846.2,100,0.205748235354468,807.964989059081,605.77596797736,469.842969907101,426.287668086542,73.7252482530742,0.0526375694496544,7.08727017519187,517.04067991086,32.8934912644657,3.28826900496601,30.3995628356934,8,FALSE,2.05618431118295
280.753548951667,7.03170017966829,0.0925812480662151,1.85033910322681,8.04451358649091,9.56208966762194,1000,1.0085654864378,1.66750555967073,26.4089693561523,400,280.753548951667,1838.8,100,0.194349521327469,804.72647702407,605.150393369058,433.746491643484,363.025589079199,81.3539926191565,0.0914880105434189,7.20716095602488,510.042508207252,27.106304185278,2.00352277689268,24.6870560646057,8,FALSE,1.72191329154657
292.880153397361,7.67375470280069,0.112472848609837,1.70635567142221,8.51900478260855,9.59741606872513,1000,0.838572313492746,1.21160340935617,23.5793458080778,400,292.880153397361,1838.8,100,0.189201606224596,804.72647702407,608.443227072334,417.588625490286,328.34243254154,75.2161944303328,0.110875524793672,7.26242987319594,519.688063177816,24.480034807489,1.47280155428261,22.0337948799134,8,FALSE,1.54555092816435
270.354029401367,6.12105732460452,0.0741267123696124,1.88377115466064,7.32343986496584,9.3281136693049,1000,1.19971266008225,2.18805173012117,29.0694992744414,400,270.354029401367,1823.2,100,0.199299988235874,797.899343544858,595.10025848214,449.362255709174,392.367959694503,82.6228073843328,0.0734191014791565,7.15452542894275,498.588523338337,29.5770343139988,2.60581465087134,27.1947164535522,8,FALSE,1.87478282088916
275.11813900443,6.31095723197654,0.0793419893542763,1.83750510424849,7.49818285412452,9.42851046958753,1000,1.18431965279071,1.94020028816054,28.87153664135,400,275.11813900443,1834,100,0.198960211704721,802.625820568928,606.748458568512,448.186030222387,386.827920536292,80.6069222600027,0.0785321598290324,7.15728904566241,511.911291004389,29.468969739915,2.34806083576979,27.0239384969076,8,FALSE,1.84759814444241
264.585861849927,4.92938498396265,0.0571525799776883,1.72557150090431,6.37434529591891,8.88959336666836,1000,1.44334672666609,2.59886612408208,31.9037061779218,400,264.585861849927,1834,100,0.204694156677811,802.625820568928,602.603940162242,466.457292412353,420.124984441265,75.4868434378624,0.0567276777772042,7.09795760588639,512.341944753204,32.3478418563054,3.11684545450457,29.880298614502,8,FALSE,2.02340756341976
271.148259845654,6.14038433759061,0.0748191167845846,1.86124418809662,7.34353275854602,9.33566269232237,1000,1.20044704940041,2.1453590773084,29.0788803378748,400,271.148259845654,1778.2,100,0.199323904487751,778.205689277899,579.79533146197,449.418052136825,391.794474772533,81.6338155389604,0.0740982479817807,7.15411342628285,484.658239298375,29.5226204864566,2.56276180871769,27.206729888916,8,FALSE,1.87215044895883
292.765067636273,7.66683930510002,0.112250894802762,1.69614899751685,8.5157135503108,9.59546196189788,1000,0.842209751856153,1.21538080411951,23.6456973109976,400,292.765067636273,1796.7,100,0.189322476174361,786.301969365427,592.736183302473,417.962257936363,329.02618818919,74.761746282864,0.110659533075778,7.26108084000088,504.81216930738,24.4732987289316,1.47806987196222,22.0966401100158,8,FALSE,1.5490572009818
270.545125922647,6.20797938205545,0.0752903440532711,1.88697000492746,7.38860665992752,9.34194832656738,1000,1.17783859320556,2.17404874845614,28.7874157309222,400,270.545125922647,1784.7,100,0.198764190862668,781.050328227571,579.388256370871,447.686912592149,390.02809504402,82.7847496364116,0.0745610391373393,7.16033973309563,483.190597334676,29.2321962702389,2.58320322267438,26.9253263473511,8,FALSE,1.8620893835711
285.203809184923,7.30403359394866,0.0998950526873176,1.78718769222703,8.25388015325782,9.59144243372126,1000,0.944778677934899,1.4848816668904,25.4074199087521,400,285.203809184923,1774.1,100,0.192514421887799,776.411378555799,582.450322168954,427.974743252119,351.084240123942,78.648954997254,0.0986268606791102,7.22679463704044,490.72885217374,26.067986691517,1.7929796903834,23.7466713587443,8,FALSE,1.66074855000784
272.342118818774,6.34040471447713,0.0779788494502907,1.87546311581297,7.49846290216906,9.38730632274987,1000,1.15508842208451,2.07567493017825,28.4884212777587,400,272.342118818774,1774.1,100,0.198209395185209,776.411378555799,577.287047199999,445.916251507398,386.243823290914,82.3022329093829,0.0771974194494264,7.16607024574188,481.662310875461,28.9436081499047,2.4746080245978,26.6458735466003,8,FALSE,1.84254773115843
263.995663732716,4.82804360637185,0.0557346909075619,1.70466344398374,6.29141225072799,8.83769272614894,1000,1.46181586094767,2.64593770610174,32.0986223150655,400,263.995663732716,1806.8,100,0.205066382352842,790.722100656455,592.044852784949,467.650619749021,422.255075794744,74.5588784218714,0.0553303208899609,7.09416646023352,502.947600403853,32.4874616479788,3.17174212716038,30.0638689994812,8,FALSE,2.03475331558432
270.985528388116,6.19553122389748,0.0753958673297553,1.85945682225022,7.38283855579921,9.33504937859072,1000,1.18452138476643,2.15145503529189,28.874147628135,400,270.985528388116,1719.3,100,0.198932652938304,752.428884026258,556.162394583741,448.201528759212,390.33772337614,81.5709883680617,0.0746643316654934,7.15841306971564,461.759098062822,29.2152224888423,2.56283614508514,27.0100784301758,8,FALSE,1.86406919795919
292.307622313858,7.66791311836694,0.111789797635499,1.6767427958695,8.50563571349942,9.56383099766779,1000,0.830940245325971,1.2301408664786,23.4391866679334,400,292.307622313858,1719.3,100,0.18893822054443,752.428884026258,562.23881119701,416.800197817871,327.823584396496,73.9206398534134,0.110212364694699,7.2656273705653,475.941599533269,24.1360907747006,1.48890135805481,21.8967571258544,8,FALSE,1.54242954207902
275.637582534115,6.80035429168734,0.0858520134972135,1.87240759204979,7.84594827945993,9.46569565641553,1000,1.04180599036517,1.89965425601779,26.9060638455629,400,275.637582534115,1709.2,100,0.195241251157684,748.00875273523,550.32890657055,436.632738373103,371.480879031229,82.2880260936782,0.0849099729508603,7.19831964478708,455.681357321071,27.305936486907,2.25251249262114,25.1418809890747,8,FALSE,1.76418285648824
281.354604698673,6.96066972789783,0.0921102990648131,1.78131415580102,8.00471488266411,9.54818489157612,1000,1.03990913687393,1.64416582323942,26.8781269297425,400,281.354604698673,1655.9,100,0.195237477836764,724.682713347921,539.449973523195,436.470149176569,365.93826829832,78.2848238830575,0.0910265878908922,7.19704868358673,448.985328849134,27.272591575739,1.99154963779062,25.1399593353271,8,FALSE,1.73816759441539
277.796548498663,6.90399173672531,0.0887002841780828,1.83383157702224,7.93411023923347,9.49070706819337,1000,1.02608895509497,1.79824656413233,26.6730314134302,400,277.796548498663,1655.9,100,0.194820454120539,724.682713347921,532.879232707732,435.277909993254,367.785240934119,80.6094401548316,0.0876956503426759,7.20255858165385,440.358626997635,27.0174835222378,2.14337023025521,24.9274272918701,8,FALSE,1.74560412156014
285.649619868501,7.23912662461436,0.0993932790733986,1.75618778864931,8.22212692892541,9.60487825234172,1000,0.97813416671836,1.46922762910436,25.9393041488763,400,285.649619868501,1702.1,100,0.19351317710321,744.901531728665,558.322032953655,431.032674836583,354.610917371741,77.2464208239061,0.0981357503299106,7.21535795124844,468.51034158889,26.4789413836987,1.78952286938146,24.2592144012451,8,FALSE,1.6800897476312
270.712201388024,6.1637756802424,0.0748508531537496,1.83292435310252,7.35754032486211,9.30776413286086,1000,1.19099491448774,2.16718870946978,28.95769832097,400,270.712201388024,1620.5,100,0.199089682833902,709.190371991247,518.901251732653,448.697688955894,391.208666685588,80.4008963422268,0.0741296389374702,7.15675082279182,426.632113194247,29.1269033152272,2.58129198878283,27.089035987854,8,FALSE,1.86866233311603
293.171330264176,7.68169240213911,0.112896160859469,1.63107754127164,8.52621146893429,9.56385810981022,1000,0.837571122394202,1.20219958747883,23.5610322934532,400,293.171330264176,1594.8,100,0.189170901702798,697.943107221006,516.863028703524,417.485544247341,327.856097731338,71.899041639095,0.111286933813102,7.26269093393566,433.668254465672,24.0590861006788,1.46276431833103,22.0178260803223,8,FALSE,1.54320621313094
275.822715328725,6.8150975853487,0.0861664363235994,1.84440417322324,7.85741847713141,9.45140777337908,1000,1.03846080459156,1.89058737473812,26.8567615174783,400,275.822715328725,1609.1,100,0.195149890533104,704.201312910284,512.727771140035,436.345835916836,370.948754081358,81.0609936796432,0.0852176492767862,7.19930330407074,420.274491627864,27.0909801159592,2.24202037333319,25.0953464508056,8,FALSE,1.76141506667274
285.388548549838,7.35326443663376,0.100730569206543,1.73291020074455,8.28198343055262,9.54888520644983,1000,0.923334819455038,1.47702570416052,25.0554669674638,400,285.388548549838,1585.3,100,0.191860106410319,693.785557986871,510.035494268135,425.960245267756,348.225258538593,76.2852014206475,0.0994425127791994,7.23419189215388,422.543883660302,25.4066600094821,1.77684748099086,23.4099267323812,8,FALSE,1.64554023508255
278.052199420723,6.89477717824714,0.0887676059988237,1.80892368761058,7.93059309483275,9.48245940683198,1000,1.03177773346028,1.78713205295513,26.7577870777018,400,278.052199420723,1585.3,100,0.194982123020401,693.785557986871,507.18294361851,435.770305984984,368.1796904833,79.5082205470927,0.087761196474827,7.20068546226028,416.399348062325,26.9867096104026,2.13421398812265,25.0098562240601,8,FALSE,1.74793085364173
280.499151180273,6.93145375639161,0.0910670793340685,1.7869126471243,7.97756836143237,9.53185213528249,1000,1.04203490716402,1.68052141145343,26.9094318988772,400,280.499151180273,1639,100,0.195288877830058,717.286652078775,531.999487573687,436.652343070753,366.999485694026,78.5288741467422,0.0900075817814427,7.19667813882833,441.490342542959,27.263273711156,2.02944889799909,25.1661338806152,8,FALSE,1.74329801826197
277.654201718955,6.92518235614717,0.0888690675275487,1.79508320608593,7.94641023459205,9.45609133155438,1000,1.01706106419092,1.80402756893705,26.5375577978844,400,277.654201718955,1493.9,100,0.194564460791718,653.785557986871,470.946533946825,434.491730000054,366.909713269697,78.9161653834986,0.0878610311447561,7.20546889362509,381.722958634156,26.607836904088,2.14582689188553,24.7968125343323,8,FALSE,1.7407452635521
281.049358240129,7.04949250693124,0.0930464019504616,1.75075715932554,8.05874710264191,9.50645878071235,1000,1.00478741697517,1.65477920204424,26.3514364394361,400,281.049358240129,1493.9,100,0.19424405467179,653.785557986871,475.508136190362,433.413368417679,362.312632177907,76.9796821527872,0.0919423859019536,7.20827758397336,388.070965820289,26.4735951732035,1.98911652207025,24.633171081543,8,FALSE,1.71826535789315
275.314908753031,6.8454798636413,0.0861981330845967,1.8212838528994,7.87244333854449,9.41440534839667,1000,1.02295871059445,1.91341598728928,26.6261940557253,400,275.314908753031,1470.5,100,0.194711767463554,643.544857768052,458.29955026087,435.005983045866,369.689084962552,80.0621803075163,0.0852493075338124,7.20433475237875,368.283754088542,26.6195256354405,2.2593246387493,24.8719863891601,8,FALSE,1.75420766656521
281.350139949356,7.00634687930084,0.0927113335369009,1.72700972686505,8.03438933677729,9.5037320630112,1000,1.02366705335875,1.64330558401194,26.6368054118796,400,281.350139949356,1445.7,100,0.194783104530756,632.691466083151,459.186158271956,435.067578977841,364.145312300113,75.9152897479843,0.0916142850817871,7.20214316995263,373.178204777298,26.6796803346748,1.98454283130299,24.9083776473999,8,FALSE,1.72842776447967
276.974513592464,6.88077236060377,0.0878113326810527,1.78854194909977,7.91126200671751,9.43546440640265,1000,1.02639858937531,1.83581700378897,26.6776566543404,400,276.974513592464,1445.7,100,0.194822247394916,632.691466083151,452.353968217034,435.304769994959,368.575555933105,78.6185816188222,0.0868266454546885,7.20272481049204,363.892668819155,26.6554309707571,2.18172431816382,24.9283418655396,8,FALSE,1.74931478880082
281.018040379115,6.99172532047206,0.09225959786394,1.75147303105281,8.02175268667703,9.51504670258451,1000,1.02573514777467,1.65739916994747,26.6677446175825,400,281.018040379115,1518.4,100,0.194838368659007,664.507658643326,486.211265904059,435.24720968887,364.698034351725,76.9885375778142,0.0911730709178841,7.2016029709214,398.442910688997,26.8279278034066,1.99970374434571,24.9365634918213,8,FALSE,1.7311811257612
275.427338032633,6.86193488652797,0.0864833613414246,1.78733963777842,7.88418744234612,9.38376656438813,1000,1.01812307797063,1.90765214468021,26.5535567791569,400,275.427338032633,1341.2,100,0.194576088374971,586.958424507659,409.441197727715,434.58451972787,369.049770449671,78.5752879472845,0.0855284777677448,7.20583671545298,322.166584998386,26.3311382543919,2.25162405983363,24.8027477264404,8,FALSE,1.75080905271651
277.471030709531,6.82215495083043,0.0874160585337825,1.74263276118862,7.87743582354769,9.4168807274446,1000,1.05126452735652,1.81503117671726,27.0446146052494,400,277.471030709531,1341.2,100,0.195517605295459,586.958424507659,415.822216298631,437.439757042785,370.85366675265,76.5742838002869,0.0864391067924155,7.19481971107581,330.272842387562,26.851800318561,2.17001472297542,25.2825536727905,8,FALSE,1.76206093245895
274.294466467091,6.78797883370944,0.084780260258364,1.79078901053184,7.82535000620201,9.35774137430891,1000,1.03338947017544,1.96364523422414,26.7817149904679,400,274.294466467091,1311.5,100,0.194996154701083,573.960612691466,397.314760807959,435.909393027835,371.748165768155,78.710595862473,0.0838618511925509,7.20136069524199,310.204544930317,26.4895644187472,2.31434200766067,25.0170083045959,8,FALSE,1.764706685872
280.724443770491,6.98924031160628,0.0919998699061717,1.6909318617619,8.01743505693041,9.45150377562407,1000,1.02373132648229,1.66969768684999,26.6377678945083,400,280.724443770491,1286.9,100,0.194779355811797,563.194748358862,398.502742287015,435.073166241806,364.760718836193,74.3295292077763,0.0909195248108379,7.20233639095308,315.63714959495,26.4046075042328,2.01149437445059,24.9064655303955,8,FALSE,1.73130236411281
276.414872893217,6.8761107592102,0.0873545262913566,1.75581980649854,7.90293228789295,9.3840752584045,1000,1.02262115534039,1.86146581089148,26.6211347108494,400,276.414872893217,1286.9,100,0.194711261834375,563.194748358862,391.263095778747,434.976617277405,368.665092406142,77.1844525110736,0.0863801841656132,7.20409771110826,305.813171193787,26.3228869282154,2.20637965355162,24.8717284202576,8,FALSE,1.74940629059176
279.717899045367,6.940273937236,0.0905908018265726,1.72563807521996,7.97609587111897,9.46001262860578,1000,1.03155163716126,1.71344722619254,26.75442745317,400,279.717899045367,1369.1,100,0.194990087850745,599.168490153173,428.48063147905,435.750779983018,366.5926984233,75.8472422724462,0.0895428021930635,7.20021044309474,343.33546479566,26.6440065928837,2.05906132397956,25.013916015625,8,FALSE,1.74051143754501
272.592177676212,6.78103722599415,0.0835620547035635,1.78846459876739,7.80459251575828,9.28451273319227,1000,1.01945509814092,2.04711053185477,26.573599765548,400,272.592177676212,1172.4,100,0.194591127290881,513.08533916849,339.999942419621,434.700784553286,371.679237226304,78.624159226416,0.0826703125263771,7.20627642698749,254.503425604709,26.0177399054196,2.39376233760303,24.8104238510132,8,FALSE,1.76317591453482
278.879413591045,7.01431910995395,0.0909236306792567,1.69664590476484,8.01496446107197,9.38025571993997,1000,0.995961717913331,1.74775830583756,26.2161902172519,400,278.879413591045,1172.4,100,0.19397129060226,513.08533916849,350.361285207661,432.631030564548,363.380315677208,74.6105166213323,0.0898696481901087,7.21187101961014,268.528398702285,25.7665797408213,2.08053283639477,24.4937200546265,8,FALSE,1.72247016262537
273.177888534157,6.76260069324668,0.0837197270681142,1.76585348225034,7.79825635250696,9.2826976868435,1000,1.03157448705936,2.01874102077482,26.754767019279,400,273.177888534157,1143.6,100,0.194936526343893,500.481400437637,331.60501236443,435.752753497706,372.521363893649,77.6168888434248,0.0828241417174196,7.20226841361869,247.294843703339,26.1603855370236,2.36960259356193,24.9866127967835,8,FALSE,1.7681542224955
282.479064680991,7.29905378878707,0.0975127938032314,1.64519905111288,8.21726578794137,9.37254714257218,1000,0.912404686398294,1.59115372568965,24.8729154801682,400,282.479064680991,1111.6,100,0.191494028490918,486.477024070022,326.544230083538,424.918167758049,349.772698586787,72.4372487515832,0.0963060353599729,7.23912863174977,247.558409059097,24.3902307262918,1.88918649064014,23.2211899757386,8,FALSE,1.6517255044296
274.694879611008,6.82357850356106,0.0854973266218771,1.73580240540969,7.85249015735789,9.29402284603248,1000,1.02465138182081,1.94338500414981,26.6515389975111,400,274.694879611008,1111.6,100,0.194754388326974,486.477024070022,322.132753930271,435.15311413663,370.430451215962,76.3028776205537,0.0845637390376702,7.20399131980435,239.358989340244,26.029563575929,2.29042706643002,24.893729686737,8,FALSE,1.75780931077412
278.79371031842,6.9319076096451,0.0897917600361694,1.69521645847274,7.96193972611384,9.39373524984054,1000,1.02562311384735,1.75356233627867,26.6660701609856,400,278.79371031842,1202.1,100,0.194815807365872,526.083150984683,363.714397671106,435.237486495774,366.808901878791,74.5165286708445,0.0887623681875674,7.20238240134223,281.581428998499,26.261548579974,2.09769460596759,24.9250574111938,8,FALSE,1.7410127497918
271.055004092941,6.698297758933,0.0815585478403995,1.76084989694213,7.73611069967917,9.17483968821062,1000,1.03366958604786,2.12783012370167,26.7858697958463,400,271.055004092941,987.8,100,0.194978543875521,432.297592997812,268.227671542389,435.933547276729,374.559936948207,77.3953540955909,0.0807083653425567,7.20223704922775,185.802288659364,25.8899370557965,2.48109394551547,25.0080318450928,8,FALSE,1.77783795075353
276.272313254322,6.88516592487283,0.0873689553639833,1.68014135541275,7.90761538482517,9.25850548817973,1000,1.01784174099193,1.86774630429549,26.5493201309687,400,276.272313254322,987.8,100,0.194575008457792,432.297592997812,278.029590476807,434.559946877318,368.26405065829,73.8626607221554,0.086394502497335,7.20566304147605,198.798753512785,25.74534042052,2.21095117474727,24.8021965026856,8,FALSE,1.74712362828311
272.024917121949,6.732547338986,0.0825968863768634,1.73675852765801,7.7678107599552,9.17092805294472,1000,1.03098088736486,2.07717970001799,26.7459432546989,400,272.024917121949,953.6,100,0.194910866431841,417.330415754923,257.432550991407,435.701473085411,373.445991797876,76.3390071061319,0.0817251013270372,7.20279845256542,176.322188588407,25.8103737275332,2.42868752620449,24.9735307693482,8,FALSE,1.77241248535067
277.583015969466,6.90186396744376,0.0885187077700482,1.61587720650218,7.93131995704283,9.17836339208805,1000,1.02443816280617,1.80781011291004,26.6483487024977,400,277.583015969466,840.2,100,0.194772121200646,367.702407002188,225.377785056136,435.134591954851,367.809110678712,71.0305506483755,0.087518241253501,7.20315274685829,150.283589698844,25.616001336829,2.15248730199474,24.9027752876281,8,FALSE,1.74557341486964
273.735308927168,6.8324211213928,0.0849577851896799,1.6869821902361,7.84916165250592,9.11950991120245,1000,1.01191502331429,1.98921929329679,26.4597965747701,400,273.735308927168,840.2,100,0.194386198376283,367.702407002188,216.825889523685,434.040947715395,369.852325887346,74.1703220484419,0.0840364306309981,7.2083443749164,138.909615469538,25.3645623850919,2.33212068411908,24.7057905197143,8,FALSE,1.75400605505576
277.098697573378,6.89921701833309,0.0881358900923202,1.67344713151291,7.92465382314056,9.28762127793544,1000,1.02084996964091,1.82967426070419,26.5945604282364,400,277.098697573378,1017.8,100,0.194666934362236,445.426695842451,291.080817621501,434.822397564412,367.848877758631,73.5650259788376,0.0871441855552376,7.20444359963437,211.793058870948,25.8540728426843,2.17336943873237,24.8491110801696,8,FALSE,1.74544934806685
270.022606110484,6.64735495805556,0.0803045137736436,1.61860926965855,7.70619396202171,7.92400217101901,1000,1.03447214112823,2.18273833019257,26.7977674248328,400,270.022606110484,365,100,0.194991216078924,159.737417943107,31.252249440861,436.002720520005,375.71176700825,71.1429486899439,0.0794801558940117,7.20235310463231,-38.839195409382,24.8301449295872,2.53725167230273,25.0144910812378,8,FALSE,1.78327634359503
274.386682942505,6.81098089150251,0.0851438343953025,1.54411368513608,7.86153379209739,7.99796881352268,1000,1.01495253152762,1.95752280053889,26.5057436915422,400,274.386682942505,365,100,0.194474815883729,159.737417943107,39.6351806938456,434.307261011867,369.943716062501,67.8859513494307,0.0842183274188702,7.20728432961269,-27.5085061055205,24.6205692862845,2.30137135278177,24.7510461807251,8,FALSE,1.75469751081705
271.126471023028,6.70672210411754,0.0817202821506931,1.60073601633278,7.76259070554749,7.89611973831865,1000,1.02051300767321,2.12272179046705,26.5894995428222,400,271.126471023028,356.9,100,0.194606770528746,156.192560175055,29.6242149503989,434.793032152808,373.358500294754,70.3707249610264,0.080867239562713,7.20648186274786,-39.6751072594386,24.6302021823885,2.47114625447145,24.8184080123902,8,FALSE,1.77109153043201
282.480234499691,7.10403784241826,0.0949144422375177,1.39822119328645,8.25885747263939,7.96140193861692,1000,0.837489566550344,1.5947918602325,23.5595395320811,400,282.480234499691,335.3,100,0.189036213211851,146.739606126915,27.1776139887096,417.477142785676,342.68554660439,61.6387412310276,0.0937752824680007,7.26821185414904,-33.5875608894148,21.7897816176737,1.86642527866386,21.9477569035122,8,FALSE,1.61178262856892
272.024791844261,6.65833267277566,0.0817122010592411,1.56322748600984,7.77827098203653,7.74557536008397,1000,1.02503690050779,2.07775397342582,26.6573056458723,400,272.024791844261,335.3,100,0.194735449834435,146.739606126915,24.0690395821195,435.186595584432,373.734048687355,68.7174249604034,0.0808591529415903,7.20500196111353,-43.4733945741295,24.6778024588275,2.42780844273085,24.8840684890747,8,FALSE,1.77323715679756
275.116794835233,6.85000853381783,0.0861207136781134,1.56325451376645,7.87693782937385,8.52091694956924,1000,1.01745697524278,1.92244066908096,26.5435240545783,400,275.116794835233,473.6,100,0.194554192807402,207.2647702407,82.2305588301375,434.526330924091,369.307707578493,68.7247685549962,0.0851738202977844,7.2061650093068,13.1507426029562,24.8539567373281,2.26644837270106,24.7915711402893,8,FALSE,1.75195291428904
270.947690122578,6.69176226468191,0.081421626163918,1.60420933144048,7.74605098369973,7.93555691655561,1000,1.02682961278518,2.13275084754662,26.6840928537726,400,270.947690122578,363.9,100,0.194784031902069,159.25601750547,32.450529679421,435.342148781954,374.130751183547,70.5172405981378,0.0805745448315467,7.20450351313368,-37.0646161374466,24.7329798816684,2.48366945436741,24.9088506698609,8,FALSE,1.7752421839117
273.312941444991,6.72649199276807,0.0833731871579362,1.55381836623125,7.79314286582946,7.96076746286042,1000,1.03622448246531,2.01242768705917,26.8237132915682,400,273.312941444991,363.9,100,0.195064897115784,159.25601750547,38.8547327347981,436.153599274386,373.189612277554,68.2927016416221,0.0824847900187188,7.20086487443348,-28.6615534251362,24.9159748461667,2.36521127306749,25.0520420074463,8,FALSE,1.77167128412185
271.856164064303,6.5255444478282,0.0799623263305941,1.53667176606981,7.76579560165045,7.58003506443247,1000,1.02765527677041,2.09235463360856,26.6964144298331,400,271.856164064303,316.4,100,0.194795879516564,138.468271334792,16.5057772964313,435.413714120109,375.46274296671,67.5480539663406,0.0791452035000314,7.2046719584608,-49.698555013953,24.6790805903785,2.44468251023715,24.9148936271667,8,FALSE,1.78152080266636
276.705837610333,6.09932931956154,0.0776706799232441,1.33292236002329,7.8991155523763,7.12688014778671,1000,1.02104040299469,1.87281918735618,26.5974198383218,400,276.705837610333,268.4,100,0.194589789470466,117.46170678337,7.11511461456227,434.838989736606,376.909626339558,58.5977319529606,0.0768997980283262,7.20752232040783,-50.129220967125,24.5719785959259,2.22450200545801,24.8097410202027,8,FALSE,1.78767881811907
273.585531432289,6.04853824547576,0.0751230221940324,1.39144872729721,7.80219779638809,7.08299594794197,1000,1.02756177288412,2.02488049762597,26.6950195467191,400,273.585531432289,268.4,100,0.19475483046725,117.46170678337,1.32062105678813,435.405612012228,379.659587031168,61.1656709503685,0.0744015112317175,7.20615185897137,-58.2702276406582,24.6175275273858,2.38086999264273,24.8939552307129,8,FALSE,1.80106431600616
275.438362463462,6.83466306517191,0.0861506640287176,1.54328630453095,7.8717162483281,8.38119774385873,1000,1.02520323641043,1.90771338793435,26.6597930543936,400,275.438362463462,436.5,100,0.194775220123792,191.028446389497,69.5647260008156,435.201038198704,369.911187426002,67.8395039982186,0.0852027837597047,7.20361454328775,1.67980259296007,24.9123276127813,2.25445624209279,24.9043560028077,8,FALSE,1.75543705158589
272.057807207521,5.0176172630255,0.0615733269261656,1.20819021784165,7.72252154191949,6.05235857017152,1000,1.03255250006455,2.15792429685707,26.7692939578226,400,272.057807207521,204.8,100,0.194787356253262,89.6280087527352,-28.6265796305297,435.837188479955,391.951062262601,53.1090916288345,0.0610879379059694,7.2085791758858,-79.585152944881,24.5331300111866,2.52618737068573,24.9105463027954,8,FALSE,1.85874765502718
274.956377586152,5.05017667887023,0.0634093646231282,1.15808148894016,7.80575512694824,6.08364342954756,1000,1.03132179021214,2.00588276125324,26.7510113418652,400,274.956377586152,204.8,100,0.194767429409426,89.6280087527352,-21.7484502105029,435.730926355052,390.231133037869,50.9069353629146,0.0628947071366752,7.20843093580722,-70.7439275815079,24.5648865519749,2.37226659217744,24.9003820419312,8,FALSE,1.85062929993397
272.480072845253,4.92656088268243,0.0606560582850154,1.18105113520628,7.7310978612631,5.96107315490421,1000,1.03250832574078,2.14154762917254,26.7686381102574,400,272.480072845253,199.9,100,0.194778720123577,87.4835886214442,-29.7138757185909,435.833376230099,392.757340052838,51.9163453014344,0.0601849867518808,7.20886726108242,-79.4826534547951,24.52922613548,2.51050567856197,24.906141281128,8,FALSE,1.86249682912936
275.911719944902,5.81197667233425,0.0735371509889098,1.29182975124145,7.85620197574658,6.8460846408333,1000,1.02949533845061,1.92144772898144,26.723838521751,400,275.911719944902,249.2,100,0.194796923790007,109.059080962801,-1.41459072620452,435.573028534605,381.200313128906,56.7854129089092,0.0728456262013474,7.20599680145647,-56.6681163682098,24.6465930102124,2.27935596546948,24.9154262542725,8,FALSE,1.80841226747845
273.619594565598,5.80176198427999,0.0720766452090793,1.33840590537545,7.80689673321561,6.82867275167678,1000,1.02217344007213,2.03396948222131,26.614421688819,400,273.619594565598,249.2,100,0.194577596155295,109.059080962801,-6.92165675191212,434.937655426944,381.875528040894,58.839153347432,0.0714124504290869,7.20882657293923,-64.0324726942663,24.499866872679,2.39032363827996,24.8035173416138,8,FALSE,1.81090434720523
277.680569240699,4.4598040354356,0.0572435293893905,0.994131154070686,7.8723422592744,5.48542887895938,1000,1.02436546582518,1.90922437731865,26.6472608202498,400,277.680569240699,174.8,100,0.194520989672996,76.4989059080963,-29.7921135994773,435.128276074547,395.097430323261,43.7053302888869,0.0568240008284379,7.21253965610747,-71.5672861365515,24.4354141741011,2.27777253252393,24.7746210098267,8,FALSE,1.87263981042313
280.282157684857,2.06540158850973,0.0270863299778897,0.532299325460047,7.7038106054466,3.106363679536,1000,1.04075224083341,2.16446696207107,26.8905504764149,400,280.282157684857,88.9,100,0.194735343279093,38.9059080962801,-72.7689268557486,436.54244698593,423.561109044199,23.3991797142072,0.0269920822729848,7.21617914936697,-93.6411135431189,24.4404080150432,2.56300724978522,24.8840141296387,8,FALSE,2.00653634677621
282.987829313176,2.0682481865415,0.02775083072869,0.505045471384225,7.7793044984169,3.11468332950538,1000,1.04622720486494,2.00328027071308,26.9709826756653,400,282.987829313176,88.9,100,0.194893303761115,38.9059080962801,-64.8333978915154,437.010732893834,423.418881036817,22.19940399101,0.027651883718399,7.214223114406,-84.7434451850276,24.5630122115593,2.40345686724501,24.9645762443543,8,FALSE,2.006406431311
288.314089221308,1.28090779756166,0.0180063136779476,0.349268039574424,7.70980632924514,2.3266949953546,1000,1.0456866436664,2.13480751253463,26.9630600902085,400,288.314089221308,64.4,100,0.194797028498025,28.1838074398249,-80.3202810182609,436.964589931703,432.291138973301,15.3528967716334,0.0179646209050507,7.21728115908729,-93.1587884015512,24.4742258501995,2.54260120372055,24.9154796600342,8,FALSE,2.04758043017428
299.689793133381,0.871863273052017,0.013646132868427,0.234089939879149,7.86509072641058,1.9073060788971,1000,1.03538175049452,1.88715795200924,26.8112409460389,400,299.689793133381,51.2,100,0.194473185365299,22.4070021881838,-75.5660029179437,436.081065997053,435.407949932069,10.29161986835,0.0136221888431661,7.22188994470817,-83.6062490201636,24.3544588748152,2.29427893824593,24.7502136230469,8,FALSE,2.06102732299195
297.918001874678,0.851869218728877,0.0131017886639048,0.245180009139445,7.75155322940818,1.89694170317725,1000,1.04501102662357,2.05853774742657,26.9531523359777,400,297.918001874678,51.2,100,0.194737134161748,22.4070021881838,-81.9806731039852,436.906890031822,436.750436523152,10.7777818718063,0.0130797062673438,7.21894797364708,-90.3219452739928,24.4572096473024,2.4700155767021,24.8849277496338,8,FALSE,2.06822458634387
276.570355863374,3.97022753382499,0.0505011505441536,0.91963320369274,7.82751546704736,4.99064825769325,1000,1.01954334351844,2.00463157931072,26.5749266738786,400,276.570355863374,154.4,100,0.19432948901328,67.5711159737418,-42.1587028143583,434.708482471277,400.669320954615,40.4339799270737,0.0501745088685921,7.2161299202933,-80.426798961916,24.2958141304798,2.37655174639223,24.6768226623535,8,FALSE,1.89810401152508
400,-0.0209637661490694,0.003,0.056971237184747,7.77176823707667,1.00459459873741,3000,1.02554345204139,2.08827476702881,26.6648794261263,400,400,23.7,100,0.194107333842302,10.3719912472648,-96.0114085553674,435.230572265198,444.36719216516,2.50515865731517,0.00299884219798391,7.22823231570655,-95.9401844137477,24.109549064156,2.49984681820655,24.5632886886597,8,FALSE,2.10159073746661
400,-0.0140324827266558,0.003,0.0516171434396389,7.88982155895351,1.00592752775991,3000,1.01994531156101,1.89226214886017,26.5809694442015,400,400,23.7,100,0.193949073152426,10.3719912472648,-87.7786307265827,434.743540255588,443.850319081028,2.26990446014752,0.0029988424915136,7.23006601276569,-87.6960574861761,24.0677109433167,2.30149800386673,24.482355594635,8,FALSE,2.09861384956654
400,-0.305629484197702,0.003,0.0554275330743397,7.80148898920787,0.719585274832486,3000,1.02520744755108,2.03397665175347,26.6598560230953,400,400,16.9,100,0.194097856049899,7.39606126914661,-96.0483279611631,435.201403817888,444.336349467853,2.43728980755836,0.0029988422155616,7.22834209837187,-95.9102049155302,24.104852119186,2.44540860448761,24.558443069458,8,FALSE,2.10141295363728
400,-0.423640597710252,0.003,0.0461684967654813,8.14095541901936,0.499383344151257,3000,0.923020678392212,1.69707961929044,25.0502505151952,400,400,11.4,100,0.191083341138805,4.9890590809628,-93.0552732190975,425.930441079289,433.675466468212,2.03319133244443,0.00299884780832329,7.2634421631226,-92.6510429477282,22.5731078318527,2.06508315289922,23.0091676712036,8,FALSE,2.0410828439916
400,-0.533862650238528,0.003,0.0537310709799625,7.84132649693698,0.487522143755542,3000,1.02138156199913,1.97372960019396,26.6025411029669,400,400,11.4,100,0.193989747859786,4.9890590809628,-95.7756352651671,434.868707858853,443.983541042239,2.36281849787285,0.00299884241607002,7.22959462351432,-95.5739440937954,24.051238123579,2.38356523962318,24.5031604766845,8,FALSE,2.09938062628241
355.408326095892,0.128735780028601,0.00453305172082156,0.0838066047492755,7.78688917621434,1.16236445902673,1000,1.03360828448497,2.03276528440493,26.7849606395718,400,355.408326095892,28.7,100,0.194346949654274,12.5601750547046,-90.6668250728551,435.928261747952,443.676608586519,3.68473571381158,0.00453040765480197,7.22515548628959,-91.880109608866,24.2510194286544,2.44646339263594,24.6857423782348,8,FALSE,2.09921826133702
328.753351689575,1.48962859724703,0.0328257696197363,0.106155220732908,7.86340510679617,1.94458956458688,1000,0.454897083961713,0.37595676099553,14.2031998634339,400,328.753351689575,41.8,100,0.174540170859283,18.2932166301969,-64.6641419339263,367.257619411741,0,4.71471107268069,0.0326852657494974,7.10346403669145,-67.7150181815006,13.8773233402754,0.37595676099553,14.2031998634339,8,TRUE,0
329.171904926046,1.33042613830829,0.0294908056751042,0.130290580203545,8.50873972541802,1.88349599520759,1000,0.553016314313565,0.50695275503371,17.1973552703857,400,329.171904926046,41.8,100,0.180053226093701,18.2932166301969,-61.3099713363858,382.805493935804,0,5.77003672452928,0.0293761738903343,7.03021082853413,-65.4048999419542,16.8793164037743,0.50695275503371,17.1973552703857,8,TRUE,0
326.731363668599,2.134026886099,0.045728096375661,0.135060886606652,7.90243633220293,2.59388681291476,1000,0.459733198587045,0.344290785325059,14.3653140068054,400,326.731363668599,57,100,0.174835745050309,24.945295404814,-57.465548866112,368.087094173698,0,5.99757701785398,0.0454557396246603,7.09945878225393,-61.9378064381425,14.0670719820235,0.344290785325059,14.3653140068054,8,TRUE,0
325.577220971016,2.79460300717124,0.0589543403131172,0.167953427910157,7.51570655496352,3.21042109212114,1000,0.415578735108318,0.330160457187321,12.8174015680949,400,325.577220971016,71.2,100,0.172027101289764,31.1597374179431,-55.2085464336544,360.224113253405,0,7.46928584926616,0.0585048405929878,7.13788743005401,-61.2028101391562,12.5242852953534,0.330160457187321,12.8174015680949,8,TRUE,0
325.96867228286,2.53157235053689,0.053687865312434,0.173543239071251,8.53453786941348,3.088369087303,1000,0.556621629533588,0.374979266262627,17.2969713211059,400,325.96867228286,71.2,100,0.180238614513366,31.1597374179431,-45.9463705968609,383.331115407053,0,7.68478408419908,0.0533090311895779,7.02779964195751,-52.2900956202554,17.0426174655229,0.374979266262627,17.2969713211059,8,TRUE,0
333.433498720138,0.841924209532724,0.019857247207263,0.0637920235929765,8.49686211449037,1.39144243109191,1000,0.549490974346829,0.377614064736431,17.0993189811707,400,333.433498720138,30.4,100,0.179870901815344,13.3041575492341,-61.8778724206969,382.288735973978,0,2.82535395530292,0.0198052266045384,7.03258539321682,-63.0895975091422,16.7926421245234,0.377614064736431,17.0993189811707,8,TRUE,0
324.124776927073,4.47962191778213,0.0926922706439788,0.320538595336225,8.061715375767,4.96096776998844,1000,0.480552590656436,0.392432141382096,15.0442752838135,400,324.124776927073,123,100,0.176077284950222,53.8293216630197,-32.6145706783619,371.576348844675,0,14.2247224140242,0.0915774050422582,7.08273305931541,-45.7031102792877,14.8236866437373,0.392432141382096,15.0442752838135,8,TRUE,0
323.358025680773,4.17320860371873,0.0854879979501968,0.393455456039585,8.88939545342555,4.81987352928581,1000,0.646094283009612,0.516303945079146,19.5820238809973,400,323.358025680773,123,100,0.181953968778887,53.8293216630197,-28.2225743866368,395.537446614333,293.693691301931,17.4074795360471,0.0845725790248834,7.3469379160578,-44.5272927814928,18.0082858517651,0.703390131908339,18.2154707908631,8,FALSE,1.36655309013417
323.947021773278,4.82820604929903,0.0996717217762497,0.299786795749531,8.10823247130308,5.31621460619051,1000,0.486997060754238,0.34097901325594,15.2484896183014,400,323.947021773278,135.6,100,0.176451855101066,59.343544857768,-25.6818079614054,372.630664152195,0,13.3012019070291,0.0983829087621932,7.0777177916558,-38.0347794377078,15.0647825270501,0.34097901325594,15.2484896183014,8,TRUE,0
323.754340177569,5.27053747627327,0.108528208058055,0.324643706616725,8.11805732815228,5.76032461365309,1000,0.488381321430882,0.336558621671866,15.2920018037161,400,323.754340177569,153.1,100,0.176531733788659,67.0021881838074,-18.8497506650398,372.855597984142,0,14.4034736565676,0.107001706855624,7.0766501005188,-32.4438899525461,15.1352749347151,0.336558621671866,15.2920018037161,8,TRUE,0
323.852578470086,5.03580859164698,0.10382839922725,0.42473305409595,8.90652056702441,5.68244010511763,1000,0.645630647181091,0.455816773301479,19.5710193176262,400,323.852578470086,153.1,100,0.182049768170617,67.0021881838074,-14.9626417480266,395.477972814367,280.14108701977,18.7903563729872,0.102480209794301,7.34170248295016,-32.9362878841665,18.1132353710913,0.634590145223302,18.2665967941284,8,FALSE,1.30442252349776
324.683867771788,3.64399659262815,0.0759611415004323,0.282688777190848,8.86037390335775,4.27637451738187,1000,0.631979094477327,0.421581947570149,19.2434024802602,400,324.683867771788,105.7,100,0.181376292704399,46.2582056892779,-32.759498503347,393.710448380072,287.48834434176,12.5105918805932,0.0752380960923806,7.35284215560657,-44.1802731427009,17.7013917415104,0.601348389871018,17.9067969322205,8,FALSE,1.33660554803967
323.358580767028,6.47976828404649,0.13273977297859,0.479714664048673,8.36095128820483,7.00896955727241,1000,0.525581115962663,0.394122997422105,16.4173307418823,400,323.358580767028,221.6,100,0.178605970345811,96.980306345733,7.86434107996737,378.708380056453,0,21.2605289939318,0.130454619325663,7.04914852040965,-13.0651529923482,16.3539706060727,0.394122997422105,16.4173307418823,8,TRUE,0
323.394763031094,6.34813667301431,0.130104207232486,0.567996490554012,9.09826929579095,7.07053433406641,1000,0.719936929575866,0.473304658467117,21.2409843291521,400,323.394763031094,221.6,100,0.185082706052631,96.980306345733,14.7232767306256,404.580257895791,291.686017107039,25.0894716004509,0.127983866290431,7.30520491962251,-10.1100493793104,19.8287088039059,0.677824204247119,19.8760194778443,8,FALSE,1.36496485130783
323.329078775945,6.59173368440529,0.134981576232538,0.477756796565839,8.38549142681386,7.12545364570768,1000,0.529707862530515,0.384010162646269,16.5372266769409,400,323.329078775945,230.4,100,0.178827918701179,100.831509846827,11.7908845571374,379.335989578936,0,21.1713195849766,0.132618310037404,7.04623101430172,-9.14825925071471,16.4928433507065,0.384010162646269,16.5372266769409,8,TRUE,0
323.334379673987,6.57140962946506,0.134574642194412,0.508824011225774,8.41060644438265,7.10929131624112,1000,0.534013491647454,0.41139742653062,16.6613281567891,400,323.334379673987,228.7,100,0.179057845836598,100.087527352298,10.6179448297355,379.986434789898,0,22.545344336928,0.13222449097949,7.04321371438529,-11.6316899863884,16.6048721426937,0.41139742653062,16.6613281567891,8,TRUE,0
317.733457394294,6.38547599465093,0.121863651170238,0.674142776315505,9.02636832605042,7.13712229397481,1000,0.748955927768161,0.600413021230767,21.8467639439633,400,317.733457394294,228.7,100,0.186108906200456,100.087527352298,15.4824027361347,407.920631887143,305.22492841667,29.7626390130926,0.119999096584011,7.29572735737176,-13.9250187795197,20.3513396156365,0.821429310364898,20.4165873527527,8,FALSE,1.43017659121063
323.247886051848,6.19132095829876,0.1266473963756,0.584126602672117,9.07421774497608,6.90358100091366,1000,0.710068007507765,0.503195962273608,21.0293895603646,400,323.247886051848,211.6,100,0.184684615897486,92.6039387308534,9.55843874857,403.418336244219,291.60203395278,25.8071967887711,0.12463875772129,7.31036560578633,-15.8483743804914,19.5916698143289,0.705195907625924,19.6657810211181,8,FALSE,1.36360853924647
322.844293010881,6.35668519561286,0.129350007791824,0.602687156268441,8.84876893465604,6.9909233499984,1000,0.631613210112136,0.509167481075184,19.2345247337463,400,322.844293010881,216.5,100,0.18167162961692,94.7483588621444,6.76446122784878,393.662634683214,251.10104819387,26.668295674551,0.12726312068828,7.33772798894262,-19.4229500379746,17.9742000273545,0.667141999140889,18.064688205719,8,FALSE,1.16983652802733
320.255965930575,6.16466289107437,0.121370919107751,0.619883426176255,9.11258199082646,6.94174537096374,1000,0.774866377813811,0.555170339470969,22.3681367061503,400,320.255965930575,216.5,100,0.187047667129166,94.7483588621444,13.5712617070226,410.812096810472,310.879945500541,27.3541468057853,0.119518665313055,7.2851989772734,-13.4378675121224,20.8463014344802,0.786825377966681,20.90935754776,8,FALSE,1.45877915839031
321.002162632953,6.14068933538061,0.122040911036183,0.603184887521797,8.85568047431178,6.78741825848152,1000,0.644505345088987,0.542029545730789,19.5442769660602,400,321.002162632953,204.9,100,0.182118774668436,89.671772428884,2.07029261213468,395.333472610088,266.305524610053,26.6841899049637,0.120181226099332,7.33658973410784,-24.0176974521845,18.1915012390727,0.712136097417188,18.3034129142761,8,FALSE,1.2408640517841
321.479230816738,6.02146990584344,0.120398550818509,0.585407372562319,8.86341436300317,6.66776919961477,1000,0.6442775047785,0.534325005365355,19.5388567491227,400,321.479230816738,198.1,100,0.182099937194692,86.6958424507659,-0.283565979506292,395.304189718934,267.31947908426,25.8979839882564,0.118588347965338,7.33715289574719,-25.547489814352,18.1743330469541,0.704994057646371,18.2933637301127,8,FALSE,1.24549301901002
316.349781440522,5.77103794748805,0.108315379019345,0.625131327609909,9.03454741640241,6.5608393336325,1000,0.788063444349659,0.631465701525825,22.6270260047462,400,316.349781440522,198.1,100,0.187425550114672,86.6958424507659,5.20117095180098,412.253560905046,323.818604672535,27.580459365877,0.106837478632528,7.28383546278163,-21.8178771027936,21.0048509833348,0.875777957669466,21.1072487831116,8,FALSE,1.51977722163457
319.699323747489,6.1278227429117,0.119809284239026,0.621446734298472,9.06707950880668,6.87878260607905,1000,0.748801045060615,0.565443072022924,21.8435934463373,400,319.699323747489,212.4,100,0.18608888744759,92.9540481400438,10.2774313897303,407.903095551789,306.824251584736,27.4364469918331,0.118006770457725,7.29642865944615,-16.7322739201649,20.3276671614158,0.787514797187734,20.4060611724854,8,FALSE,1.43753227385194
317.736939356841,5.40027789050238,0.103065664997586,0.565823968752937,8.80129557026777,6.05084657658155,1000,0.649238759048409,0.607419236958479,19.6564514009431,400,317.736939356841,169.5,100,0.182183054542833,74.1794310722101,-13.176519122357,395.93986381516,283.185116103071,25.0305609540723,0.101736928793,7.34083394408457,-37.2818286042132,18.1640828085079,0.788933069883891,18.3376989364624,8,FALSE,1.31875246448067
310.931764662178,5.11229739802998,0.0901148133710475,0.615987854256178,8.90009789752409,5.89767821720639,1000,0.784223234320152,0.753220846566894,22.5521418460182,400,310.931764662178,169.5,100,0.187158342064751,74.1794310722101,-9.40190030646041,411.836225730474,338.002663751182,27.1807228912125,0.0890904957579874,7.29095568487745,-35.667052362381,20.8001111765475,1.00653224481908,20.9673438072205,8,FALSE,1.5847980387977
318.303390232137,5.06141814758498,0.0972681423626138,0.525346157214213,8.80432436204033,5.71006625850409,1000,0.647595136537615,0.599583461448267,19.6175930998712,400,318.303390232137,155.3,100,0.182084065015558,67.964989059081,-18.4302511066159,395.729725166771,286.266135523674,23.2411101512174,0.0960841816179055,7.34305446981606,-40.6630488105026,18.0955911741772,0.782557942053973,18.2848958969116,8,FALSE,1.3326972029596
318.458913129916,5.03362723887175,0.096918565031191,0.520766601019669,8.77136337387926,5.67101081399091,1000,0.636346987764122,0.596869647761576,19.3489890453385,400,318.458913129916,153.4,100,0.181657768140897,67.1334792122538,-19.7282297750886,394.2794496822,277.578591905333,23.0435583536032,0.0957435377466582,7.34615403883732,-41.7396385784532,17.8630467515908,0.771820119437462,18.0572814941406,8,FALSE,1.29170755119788
308.752684826097,4.67424731652087,0.0804255996646437,0.590613278894077,8.84892179727156,5.46809054122479,1000,0.792959343376015,0.811016687894805,22.7219687007358,400,308.752684826097,153.4,100,0.187396420128852,67.1334792122538,-16.7344833840746,412.783139755117,347.606474084227,26.0579248507369,0.0796086443017534,7.2903393386017,-41.7200055221945,20.8963736070014,1.07360989705459,21.0920033454895,8,FALSE,1.62996535524628
311.770361614556,5.20399574730306,0.0926030768357471,0.617035998323659,8.93284145461584,6.00695338864961,1000,0.801725417073959,0.733197194875503,22.8905077334105,400,311.770361614556,174.6,100,0.187792361071038,76.4113785557987,-5.83952319636933,413.72448662599,339.049639117818,27.2182587025777,0.0915205987160006,7.28310679876791,-32.226824502554,21.1478222998923,0.992160526469062,21.299087524414,8,FALSE,1.59142020899646
316.595499767218,4.82485930725325,0.0908233517835327,0.519530202185508,8.75923948060263,5.47050402983916,1000,0.644735309366333,0.635602325615277,19.5497457685589,400,316.595499767218,146.4,100,0.181935548813879,64.0700218818381,-23.1627171309085,395.36301963505,288.824053457626,22.9855674478138,0.0897906321591374,7.34577565093039,-45.0329371299607,17.996067559178,0.819402392502633,18.2056384086609,8,FALSE,1.34410735989804
309.021545904735,4.46818114474223,0.0771071761927259,0.563804230773876,8.85681894881285,5.27086524412053,1000,0.801909748560677,0.808297395916746,22.8940319273943,400,309.021545904735,146.4,100,0.187685334156375,64.0700218818381,-18.7819505919557,413.744187597237,351.943142727129,24.8714791717233,0.0763556646343747,7.28772425337686,-42.5574217849415,21.043511182934,1.07656820936081,21.2431392669678,8,FALSE,1.65089266042648
317.114552309896,4.85031816948211,0.0918743522474669,0.516648046626783,8.76295530981615,5.49377170055557,1000,0.642530888552045,0.624951690660065,19.4972417661629,400,317.114552309896,147.1,100,0.181858804005927,64.3763676148796,-22.6793772779598,395.079417663323,286.357950662331,22.8589534216426,0.0908177751635987,7.34607735665034,-44.4382222262151,17.9578709818732,0.806708427811285,18.1646656990051,8,FALSE,1.33257606715784
318.136245801439,5.21183157306404,0.0999543454437246,0.538280130529001,8.20104603018101,5.72711216246101,1000,0.513956095560873,0.601391052750233,16.0744543075561,400,318.136245801439,152.9,100,0.177972259774016,66.9146608315098,-25.8892939440778,376.917850338251,0,23.8639554640779,0.0986545969331341,7.05750530654484,-48.5294603566233,15.839386850379,0.601391052750233,16.0744543075561,8,TRUE,0
307.000403782429,4.60704154168535,0.0777756883462556,0.602935936369047,8.816373209192,5.42148089709951,1000,0.813574067692019,0.855578625044202,23.1154077447485,400,307.000403782429,152.9,100,0.188094425113867,66.9146608315098,-16.9936021879884,414.983134998569,353.334816807169,26.5922366966146,0.07701064672011,7.28284561799082,-42.4884865754151,21.2574385212467,1.12823474859511,21.4568767547607,8,FALSE,1.65853098998777
308.909233185752,4.52302925395372,0.0779574576989951,0.571501698147944,8.85816970237141,5.33180285475627,1000,0.807967869591611,0.809977010889268,23.0094072642219,400,308.909233185752,148.9,100,0.187902076396718,65.164113785558,-17.5096370297383,414.389548189552,352.259757386519,25.2082868157335,0.0771890821518436,7.28503336074966,-41.643809575727,21.1610044145775,1.08023104923079,21.3564190864563,8,FALSE,1.6529881777656
311.987269533294,5.83992352148823,0.104175445835896,0.683858201700334,8.75617940771792,6.51545431197766,1000,0.673638960648822,0.721571488421165,20.2220245973208,400,311.987269533294,193.6,100,0.183132652106606,84.72647702407,-6.20462025350808,399.007864797833,295.710632407369,30.2373663519118,0.102816496750371,7.33189977963515,-35.5539375230373,18.6774932406632,0.916978096954741,18.8432645797729,8,FALSE,1.37876001754787
308.693029771539,5.53992840907992,0.0952585309361371,0.695579468906878,8.87648641881785,6.3755487806577,1000,0.833996957653602,0.799703649606029,23.4954756049787,400,308.693029771539,193.6,100,0.188920838983018,84.72647702407,1.38491360478403,417.11670187092,341.890930217249,30.6654835596343,0.0941113431563894,7.26947211483264,-28.5388941171698,21.7535029573675,1.06976909783345,21.8877091407776,8,FALSE,1.60776646420109
311.905771917526,6.08307535875417,0.108412633368294,0.71337730743269,8.76866280026619,6.7639971084305,1000,0.67864361697785,0.721135564250926,20.3354929209382,400,311.905771917526,207.2,100,0.183354291700214,90.6783369803063,-0.695957504252533,399.625524602719,294.662994531517,31.5390026099402,0.106941032309499,7.3286791698075,-31.4481667232942,18.8143213027077,0.917165127541108,18.9610137939453,8,FALSE,1.37447912699286
313.554625114822,6.20397251233868,0.112676242931769,0.705317525455775,8.79466177898706,6.88146211989483,1000,0.675019425634952,0.684945203480553,20.2534072347259,400,313.554625114822,213.4,100,0.183241994636066,93.3916849015317,2.60756923001102,399.178623118067,289.856492720084,31.1844639018874,0.111087485489744,7.32877572771702,-27.8798133584768,18.7713203259201,0.877031008807918,18.9013662338257,8,FALSE,1.35204100090019
307.15589028511,5.91520084933224,0.100027537230197,0.76292528665127,8.84414161189349,6.75086428431429,1000,0.833489925283747,0.832107618938376,23.4861529605062,400,307.15589028511,213.4,100,0.188938761015866,93.3916849015317,7.95888646625221,417.064269621283,337.86638086077,33.6342044635538,0.0987631560533741,7.26821975744405,-25.024793704558,21.7793373068774,1.09903845845613,21.8970384597779,8,FALSE,1.58911450072828
306.94021714098,5.241073106089,0.0884222527854389,0.681036219460112,8.82839711045826,6.06591906283401,1000,0.823515212318055,0.846217205996653,23.3015886829635,400,306.94021714098,179.5,100,0.188514094575271,78.5557986870897,-5.95762474437424,416.027263783913,346.014260569237,30.0304694173165,0.0874337928177991,7.27567588918036,-35.0791860281698,21.5109976837625,1.11638077383091,21.6758193969726,8,FALSE,1.62576928599093
312.813282562499,7.07826608693454,0.127463090660776,0.82458835876802,8.83329269526648,7.7799423062804,1000,0.695969376014909,0.694460824484471,20.7219494720185,400,312.813282562499,284.1,100,0.184150048664608,124.332603938731,30.4241300987058,401.734565291226,286.546998375047,36.4409229102155,0.125430213308628,7.31588658033866,-5.86906117447216,19.3555662603854,0.88966223523089,19.3829908370971,8,FALSE,1.33895863492139
309.967628623188,6.90029041116204,0.120330718899799,0.853759285706692,8.92069995820659,7.77006118859559,1000,0.86455448189347,0.757432171761358,24.0471110581143,400,309.967628623188,284.1,100,0.190124894667157,124.332603938731,38.6603313467627,420.228011486332,325.317546758052,37.6163047484954,0.11850113443411,7.25000140707157,1.01734755560389,22.5179705779314,1.02324645663079,22.5131735801697,8,FALSE,1.53393747794464
309.73102031347,7.21353812393589,0.125464206490779,0.891257803036454,8.78337830598656,7.92351214163084,1000,0.70274670402401,0.760538960371608,20.870508204435,400,309.73102031347,302.5,100,0.184396987733978,132.385120350109,35.6950247601868,402.547524110467,290.283612563518,39.3822778416859,0.123493526985788,7.31374095963562,-3.59657478696603,19.4968806485277,0.959847601867013,19.5136914253235,8,FALSE,1.35681677911148
310.977393926582,7.33364310478668,0.129339298883147,0.889417919945144,8.82238267191203,8.05098642873567,1000,0.709047121207777,0.732180270375995,21.0073336153918,400,310.977393926582,316.9,100,0.184663889551128,138.687089715536,42.4630431058008,403.29736553951,289.211379418519,39.2956346305307,0.127244952900311,7.30994611180126,3.08936492547439,19.6692743197812,0.932356174505993,19.6548268000285,8,FALSE,1.35250681536332
306.794351039777,7.16977543641093,0.120774507246575,0.944221309190207,8.8423435800482,8.0587974389363,1000,0.880835858866166,0.828989855888185,24.3331182868087,400,306.794351039777,316.9,100,0.190660048250322,138.687089715536,50.03267623274,421.847971443332,326.912942656664,41.5908865861599,0.118929929768771,7.24371026164521,8.22529356765946,22.8291370353018,1.10034220732683,22.7903194427491,8,FALSE,1.54279884405958
307.336915660583,6.74547357109055,0.114291280748344,0.871514644042093,8.85750353646552,7.60417564596929,1000,0.854110866772229,0.819505426817078,23.8608033892535,400,307.336915660583,271.4,100,0.189735180994186,118.774617067834,31.5411303687816,419.175267573075,328.943248709312,38.4060989294893,0.112640794667468,7.25585298707454,-6.69002925128266,22.2795014612289,1.08532321511049,22.3110208511353,8,FALSE,1.54978253811823
311.632139907589,6.66404710957172,0.118399412478556,0.788411314029878,8.81178971489144,7.36658165944822,1000,0.698793120872882,0.722441763999852,20.7840208853268,400,311.632139907589,247.5,100,0.184197863556996,108.315098468271,15.8577095112222,402.074089140553,294.4797434619,34.8413059203804,0.11664376677327,7.31755070588212,-18.5174733621341,19.3217999552511,0.923479335789524,19.4083075523377,8,FALSE,1.3757133329891
307.360816505605,6.41490050903193,0.108717923763223,0.826744519481447,8.85359897808638,7.28376679551726,1000,0.865497093572204,0.821935928933845,24.0638157957037,400,307.360816505605,247.5,100,0.190070494233084,108.315098468271,23.0676197626513,420.322499491358,334.989091864981,36.4270371285805,0.107222891482525,7.25319962239542,-13.0182728123095,22.4236148225277,1.09545275113543,22.4849715232849,8,FALSE,1.57884427241878
312.232430049277,6.06128469516432,0.108426304276981,0.707132100813589,8.82752167725733,6.76615145454113,1000,0.702649707103191,0.714239367421476,20.8683921591528,400,312.232430049277,207.7,100,0.184278090267268,90.8971553610503,1.26977354469768,402.5359358087,303.511624466173,31.2481537329468,0.106952424682923,7.31905177712909,-29.2421259187412,19.3141939641571,0.922116249372591,19.4507756233215,8,FALSE,1.41761653583126
313.111535470024,5.52474457070282,0.0998281995241952,0.634519029238032,8.83540411774002,6.22601549337368,1000,0.69978694399904,0.700351390698537,20.8058073963844,400,313.111535470024,180,100,0.184110249009227,78.7746170678337,-9.00456703864178,402.193309985147,309.297962731672,28.0417837836846,0.098578099299049,7.32285409217492,-36.1377794524902,19.1932129797897,0.911215760638093,19.3619146347046,8,FALSE,1.44389276167981
308.321613872675,5.19093213579375,0.0888958966355433,0.658700442067968,8.86348037428357,6.05068104860999,1000,0.858448496718901,0.813202147201825,23.9384591433724,400,308.321613872675,180,100,0.189691082985129,78.7746170678337,-2.76352315695438,419.613825895857,350.577375236459,29.0283978030428,0.0878950070262323,7.26191690262792,-30.9826132335678,22.1422793237223,1.0966851636052,22.2881288528443,8,FALSE,1.65033029052812
309.444488741148,6.50872651642982,0.112846251451637,0.8092059106896,8.90328753910571,7.38509706405486,1000,0.872790062228928,0.772355723630591,24.1924484475393,400,309.444488741148,253.7,100,0.190339857790801,111.028446389497,27.1925822658379,421.050625910895,332.479467960431,35.6494631610196,0.11123548077503,7.24917016356177,-8.24051160441891,22.5857011894223,1.04590354799111,22.6245613098144,8,FALSE,1.56788713772485
316.036879458639,5.87119802629765,0.109784634175879,0.63668079578664,8.89118098541956,6.56869291229687,1000,0.695639594006712,0.636884933738272,20.7146838032378,400,316.036879458639,195.6,100,0.184018801771524,85.6017505470459,-1.34134691002873,401.69483693951,300.09835214303,28.1386332241922,0.108274348252909,7.32149042206676,-28.7571949828394,19.179204616168,0.840739992669846,19.3134765625,8,FALSE,1.4012072407378
313.246566752238,5.57341499285123,0.100864445434714,0.643311285412801,8.98757681902854,6.43027146232647,1000,0.855241428092583,0.696977895335822,23.8810815450677,400,313.246566752238,195.6,100,0.18967391886902,85.6017505470459,6.17763147717554,419.289754613109,340.169221413401,28.350454105608,0.0995774325864089,7.25951627019557,-21.6082503657325,22.1774640268571,0.971649331289214,22.2792177200318,8,FALSE,1.60186382503587
315.668939940863,6.28498389129653,0.117009408051696,0.687507600734315,8.89741336487577,6.98819920655171,1000,0.700662741342629,0.641185262715928,20.8249809237981,400,315.668939940863,219.4,100,0.184260175915521,96.0175054704595,7.87435660586129,402.298253909015,296.173131539089,30.3812249663319,0.115294367408271,7.31721797034472,-21.9540280478617,19.3387269926966,0.843794210711412,19.4412937164306,8,FALSE,1.38368720736751
314.638489851423,6.75029353179795,0.124155583616687,0.756390576321227,8.8827743423686,7.45663857610803,1000,0.702460934023313,0.658842157629084,20.8642731250256,400,314.638489851423,252.9,100,0.184377161329873,110.678336980306,20.1413286234333,402.513379064513,291.214825870054,33.4231966998563,0.122225619959,7.31426867462146,-12.9552926937922,19.4426519011018,0.85868542926736,19.5032019615173,8,FALSE,1.36107116350831
310.139645311785,6.52984076159893,0.11408809241391,0.800863769363336,8.92258444794808,7.38927246620619,1000,0.855882333965602,0.756432707205948,23.8925651620319,400,310.139645311785,252.9,100,0.18979252009276,110.678336980306,26.3791912306162,419.354599573447,329.339965673958,35.2916260389376,0.112443289167478,7.25523428067386,-8.68523435522701,22.2998581272574,1.02302742017311,22.340781211853,8,FALSE,1.55178395017889
309.769224084328,5.20527130137204,0.0905715691174956,0.642491802567719,8.89928837195996,6.056245861967,1000,0.849685593282651,0.778731978716466,23.7811710946898,400,309.769224084328,179.4,100,0.189412876124277,78.5120350109409,-2.53189471691516,418.725903899374,347.998974168843,28.3180484185514,0.0895332165170658,7.26478489433199,-30.0660390001727,22.002146345371,1.05778020107222,22.1436252593994,8,FALSE,1.63754583529039
310.604932739113,7.75616046039463,0.136224953112157,0.966893076698743,8.87856145812819,8.52384765205848,1000,0.748351078286657,0.73779305541131,21.8343787638009,400,310.604932739113,391.6,100,0.186186186156654,171.378555798687,72.9883364362499,407.852131442693,293.74061709183,42.6855604873693,0.133897905799828,7.29149822140835,29.5482698776999,20.5957484062231,0.950775190931785,20.457215309143,8,FALSE,1.3771634546579
308.098350094706,7.64329765265292,0.130583840070413,1.00663184966719,8.85756017206676,8.5872266628023,1000,0.919091072270714,0.79484152862802,24.9848472310541,400,308.098350094706,391.6,100,0.191951007106654,171.378555798687,81.2838118416677,425.55689228186,323.032263990472,44.3113763010768,0.128425119424048,7.22660811684183,36.0157947537982,23.6271261106442,1.07308041237555,23.4567546844482,8,FALSE,1.52809254660593
310.285372035113,7.82317205893312,0.136914293815013,0.985779050749349,8.88448077465924,8.60624343455066,1000,0.758730845551814,0.744408745692365,22.0455445097813,400,310.285372035113,408.5,100,0.18657200027736,178.774617067834,79.8086482689062,409.021236367265,295.371307916545,43.5108174464665,0.134562410026367,7.28699085833146,35.3916821714691,20.8259109942337,0.961100918789146,20.6598792076111,8,FALSE,1.38566530217024
309.279119701118,7.7736441788957,0.134537858085247,0.993949217960252,8.87090760562995,8.5629399116788,1000,0.767195454145092,0.767106562752427,22.2156207420388,400,309.279119701118,398.8,100,0.18686339590051,174.5295404814,75.9904056272983,409.964677886967,298.924007055888,43.8649676470985,0.132265391703048,7.28424928800347,31.321934045812,20.9597558090499,0.988396661674185,20.8127609888713,8,FALSE,1.40285975316745
303.399729475583,7.57390135195295,0.123111765974898,1.08149086837642,8.70488935391293,8.57444647129425,1000,0.958371013359078,0.909765658543269,25.6263948243838,400,303.399729475583,398.8,100,0.193102717758971,174.5295404814,83.1078484415506,429.231705969726,332.962103166472,47.5793721649479,0.121188156245749,7.21496635209935,34.6023718812264,24.2127374662853,1.20644086114603,24.0487880706787,8,FALSE,1.57760675370508
305.304682978826,7.50964713916572,0.124513760159096,1.02894032269353,8.79217869787602,8.44164697838133,1000,0.912812864465124,0.862534162629453,24.879771954972,400,305.304682978826,371.5,100,0.191709023197994,162.582056892779,71.5508465802053,424.957272687279,327.366625658628,45.2988446798231,0.122550665376865,7.23074904740152,25.5739589133495,23.4529701359081,1.14265359674429,23.3320627212524,8,FALSE,1.54770923371957
306.374237542061,7.62604312465754,0.12788708688739,1.01842169298393,8.82250854940713,8.43222699084217,1000,0.788813692187564,0.835678764331869,22.6416132329743,400,306.374237542061,374.4,100,0.18759143953599,163.851203501094,66.0592156540214,412.334893546062,308.165830464871,44.9284569524318,0.125830148779384,7.27749165972539,20.5997599986132,21.2908034811214,1.0690100896015,21.1940383911133,8,FALSE,1.44757484186101
296.136222430808,7.33819657321484,0.110926819076765,1.30051556058988,8.39005799039501,9.34479903790082,1000,1.0445571294233,1.11437963833564,26.9464924496223,400,296.136222430808,736.4,100,0.195514951164769,322.275711159737,209.474171221453,436.868107988321,350.245562540832,57.14696757943,0.109357342634572,7.18987338116036,148.294613283736,25.9862897615969,1.44899699499549,25.2812032699585,8,FALSE,1.66528917966379
302.643114054968,7.85719851564402,0.126710612369069,1.32947966083473,8.74689899079543,9.54975264937483,1000,0.880301441302824,0.927362465592116,24.3238146366936,400,302.643114054968,995.7,100,0.19068632822874,435.754923413567,302.873390108654,421.795201500104,321.988225454616,58.5599061021079,0.124681330688329,7.24208502753941,238.045668279129,23.9275759856622,1.19471546660314,22.803915977478,8,FALSE,1.51989865921564
302.611908004852,7.85619650162073,0.126653550181972,1.38972761890563,8.74583213745541,9.62598726977754,1000,0.881046059232904,0.928187633996706,24.3367761084228,400,302.611908004852,1170.4,100,0.190710062836696,512.210065645514,368.64558939019,421.868719821884,322.121259517862,61.2129357998322,0.124626009085936,7.24182333139717,299.544293380668,24.2302009672504,1.19583876815417,22.8161945343018,8,FALSE,1.52058157412104
294.539886189812,7.04947400426784,0.104948512413291,1.44290558636894,8.17886065485728,9.61585956704321,1000,1.12475177261228,1.16695154922027,28.0804264189535,400,294.539886189812,1170.4,100,0.197641318111567,512.210065645514,375.701430113478,443.508564180447,360.855204261439,63.3376238639847,0.10353812823199,7.16688942584937,303.980923952733,27.8091428621638,1.53304829581325,26.3591899871826,8,FALSE,1.72123643177088
298.758195847277,7.56261162935844,0.117284561399733,1.19626682548715,8.56188317547812,8.90707631885466,1000,0.979290895807268,1.03529646433765,25.9574222388466,400,298.758195847277,493.8,100,0.193684273389252,216.105032822757,116.678951274647,431.137127898895,339.665650618997,52.6136751614823,0.115536152264673,7.20953437571507,62.3891893944556,24.642669614158,1.34317981607344,24.3468408584595,8,FALSE,1.61058138038707
293.802119021184,7.41328239027971,0.109598393698254,1.45856085315447,8.41318031755601,9.55744052894413,1000,0.993754149607287,1.18543808405861,26.1821737573918,400,293.802119021184,1079.2,100,0.194051225179042,472.297592997812,333.650988791078,432.434427629042,347.34349500296,64.1381162047171,0.108069607802154,7.20696864697343,262.446373099758,25.7794765707584,1.50379198630422,24.5346002578735,8,FALSE,1.64757349951829
285.326982281816,6.60611201053729,0.0904466532896553,1.49577037388523,7.78996025563653,9.40583638686902,1000,1.18010507062476,1.49405820799392,28.8168859900456,400,285.326982281816,1079.8,100,0.198945632420981,472.560175054705,336.003273014731,447.86172207724,376.808525024974,65.6163097743235,0.0893954649879802,7.15515433834579,263.072362457976,28.2734882525122,1.8908406803687,27.0166063308716,8,FALSE,1.800279659174
291.926131678237,7.31317494453083,0.106241449338826,1.53698432965661,8.33250844339538,9.60841079320853,1000,1.01392182465329,1.24721307593806,26.4901680513591,400,291.926131678237,1262.3,100,0.194609803231476,552.428884026258,401.993589452897,434.216969584242,351.837401632246,67.5680051660609,0.10480314356205,7.20126192078409,325.625743026435,26.3657383220229,1.57494966851232,24.8199558258057,8,FALSE,1.67021222555342
293.115676126865,7.52748907994912,0.11057211286111,1.5509712094463,8.46889400898776,9.60137509738704,1000,0.935116065713528,1.20583782901838,25.2498291702252,400,293.115676126865,1314.8,100,0.19229916581388,575.404814004376,418.089424669187,427.071848600017,341.179725496459,68.2610604166812,0.10902048208372,7.22698006527837,340.761216281868,25.2478495292766,1.50313873979535,23.6359737714131,8,FALSE,1.61385539881209
282.242621997678,6.09891298284513,0.081315105893397,1.53616069720593,7.38920842993734,9.35729120558629,1000,1.28752712544942,1.62986540722524,30.1524153562676,400,282.242621997678,1314.8,100,0.201465489986705,575.404814004376,426.670978231348,455.837593925023,390.752246930113,67.3056211232022,0.0804613445253458,7.12875277455846,349.488472799772,29.9545391138644,2.07093304150932,28.2786026000977,8,FALSE,1.87381275616992
286.7524421035,6.46757319051598,0.0896642458384546,1.60480213248171,7.69759334480335,9.55618653407042,1000,1.22684017521959,1.44322613431539,29.4122703798445,400,286.7524421035,1563.3,100,0.200093455908402,684.157549234136,521.838803349824,451.404356095315,380.151323709256,70.3599427138684,0.0886292361752776,7.14238798011285,439.175395345455,29.6947739808288,1.85635224602596,27.5927734375,8,FALSE,1.81949694234454
284.938740697897,6.63962332575501,0.0905986908328041,1.55160081708,7.81136587272329,9.46747053666891,1000,1.16806976111702,1.50824904046784,28.6597424667077,400,284.938740697897,1224.2,100,0.198643095702015,535.754923413567,389.283301084403,446.930180854679,375.958394536765,68.0755293986958,0.0895444795350842,7.15854250888766,312.535201825381,28.3568686342099,1.90084368210516,26.8643746376037,8,FALSE,1.79536782910403
277.041350561769,5.20097105342994,0.0664098015344972,1.42480284327212,6.65961437888522,8.98637423661554,1000,1.45673986803293,1.89578150425349,32.0452987345185,400,277.041350561769,1224.2,100,0.205056026746244,535.754923413567,394.481046118045,467.323931663971,412.129579857022,62.3185943673429,0.0658363281966232,7.09212021187805,322.828442215648,31.6148522512482,2.40837307448632,30.0587649345398,8,FALSE,1.98653379997874
283.661259152337,6.46567277199362,0.0872564213806642,1.46498778544772,7.67474671305832,9.29134536481352,1000,1.20544198882724,1.56238114080792,29.1425336644809,400,283.661259152337,957.2,100,0.199550095616105,418.90590809628,289.413843070844,449.796784874561,381.075258192431,64.2470023897509,0.0862768457042441,7.14899839050639,219.05242711053,28.3677699405615,1.97047992302229,27.3203010559082,8,FALSE,1.82223260857271
284.763372150518,6.53532935562956,0.0890401574751775,1.40103565208531,7.73435994215704,9.16347287873,1000,1.19486142474352,1.51738137039568,29.0073851299177,400,284.763372150518,776,100,0.199302858135709,339.606126914661,221.850698851401,448.992946006398,378.901745795187,61.4497873393442,0.0880206972516931,7.1514148861018,156.051899453066,27.9421177571961,1.92035182188989,27.1961580912272,8,FALSE,1.81122703869054
277.475024222597,5.23394372815977,0.0670674052774653,1.37446093232492,6.68812970089501,8.91896581274906,1000,1.45218384373683,1.87358024108038,31.9972789835347,400,277.475024222597,1039.2,100,0.204966923343819,454.792122538293,325.182572880984,467.029884105676,411.328752930903,60.1192898591565,0.0664826372133948,7.0929619878225,257.61881401237,31.2564591885903,2.38394816421849,30.0148406028747,8,FALSE,1.98243838065995
277.551848220302,5.38827813906091,0.0690883112612787,1.46529313966974,6.80994478216573,9.07459485420871,1000,1.41962192568159,1.86261177595924,31.6496312707927,400,277.551848220302,1265.7,100,0.204298402136223,553.916849015317,409.058947796677,464.905210156181,408.056687167972,64.1128970838954,0.0684685336250939,7.09988376103067,335.297889507384,31.2993051372269,2.35997353148868,29.6848802566528,8,FALSE,1.96475101413991
283.258743598894,6.45504916096238,0.0868126737628969,1.48031944012217,7.66397632310151,9.30553823911802,1000,1.20536015471209,1.57873818341568,29.1414929330497,400,283.258743598894,990.3,100,0.199544424883114,433.391684901532,301.418472250539,449.790590672825,381.461148377878,64.9195510810308,0.0858430016618631,7.14915417250645,230.07709823245,28.417617699313,1.98720126330286,27.3174548149109,8,FALSE,1.82403811813882
275.575151467229,5.04011643141884,0.0635975958164849,1.35414731567692,6.5243652702705,8.7977323259261,1000,1.48237901390301,1.97566770298628,32.3127614600581,400,275.575151467229,990.3,100,0.205560230637972,433.391684901532,305.720061865907,468.964273264645,415.812729800244,59.2139205203092,0.0630711069795879,7.08718093232923,239.557881680769,31.4625913890992,2.49986479434975,30.3070774078369,8,FALSE,2.00568405222122
280.110229727331,6.17353787775337,0.0808460575015086,1.67315165862595,7.43152407705046,9.42742922436223,1000,1.25522503211421,1.71779844785044,29.7629078342468,400,280.110229727331,1623.3,100,0.200702129937417,710.415754923413,538.636755943443,453.500514747249,389.488626976082,73.3349184013381,0.0800030758390223,7.13738196094458,452.575481629322,30.0650686866699,2.1484539837496,27.897412776947,8,FALSE,1.86549505729978
278.126653987196,5.82849794934787,0.0750852071846997,1.77882978161199,7.15560011127545,9.38685742488571,1000,1.32481119592541,1.81765292530262,30.5900273726464,400,278.126653987196,2111.2,100,0.202268263668035,923.938730853392,723.419719363591,458.474066775099,398.201883220447,77.907690697472,0.0743558929860705,7.12109278062069,627.683248079512,31.6916657091012,2.27719275035404,28.6784365971884,8,FALSE,1.91159077545804
272.076248262703,4.17856594398654,0.0512841274688084,1.46723874861094,5.81901748544456,8.65701142576984,1000,1.63925940079598,2.22538164886183,33.8548806065009,400,272.076248262703,2037,100,0.208516325501889,891.466083150985,701.167804137605,478.506435540138,433.570757568123,64.0687380201283,0.0509398015574866,7.05768140795656,618.816387731807,34.7521527456694,2.8162011391534,31.7547988891602,8,FALSE,2.10008171734075
271.552473499079,4.29257822569397,0.0524685819074838,1.50319713532596,5.90764752122695,8.70795412436178,1000,1.61382407180499,2.24356257117222,33.6151536612838,400,271.552473499079,2037,100,0.208048456997398,891.466083150985,699.464708155271,477.013604591716,431.48741037865,65.6535080491695,0.0521084657679697,7.06246913464196,615.674466297579,34.5066936016179,2.82444394166352,31.5265798568726,8,FALSE,2.08857380441121
274.620538632257,5.14288799976938,0.064400183492044,1.69066905625168,6.60003778040626,9.12146673058956,1000,1.45542425312869,2.01740262396662,32.031447808285,400,274.620538632257,2139.4,100,0.205010845978186,936.280087527352,735.732546237284,467.239101672164,413.928991396518,73.9487595660393,0.0638608196709904,7.09302216793508,643.19345504333,33.136400507626,2.53170694770241,30.0364942550659,8,FALSE,1.99495355321908
267.76475646944,3.41958943493459,0.0406008427961653,1.21460740742533,5.1895715735834,8.1088972397442,1000,1.76906022759132,2.59148216134963,35.0230695311557,400,267.76475646944,1478.4,100,0.210758276853773,647.002188183807,488.082603651439,485.831198940002,448.558545685442,52.9809864694427,0.0403840650155286,7.03593552829203,422.447395883388,34.8962043611351,3.23930314744219,32.8436765670777,8,FALSE,2.17939296407801
271.696708014534,5.16226026117189,0.0631697176349681,1.59680311575832,6.59854987411401,9.01525171843865,1000,1.43449027053054,2.16789644236676,31.8093520284066,400,271.696708014534,1583.3,100,0.204561364949644,692.910284463895,521.162923155761,465.88045279685,414.156781798366,69.8581975409623,0.0626510599415657,7.09819735234812,438.662994694494,31.9273749586254,2.67646964666081,29.8147559165955,8,FALSE,1.99459611181112
275.543557888196,6.05357767590925,0.0763663680692583,1.6247153516749,7.31014752615695,9.24937813823214,1000,1.25382017951776,1.92943349466464,29.7457410809644,400,275.543557888196,1255.6,100,0.200631149241928,549.496717724289,393.994993345335,453.397719924413,393.40959270045,71.2143902488024,0.075613961878654,7.13909738019597,313.957409828209,29.3652882777965,2.36374440732356,27.861918926239,8,FALSE,1.88382215472535
265.156023304522,3.12277585400317,0.036359554618902,1.13556463846744,4.93971895863058,7.84118791491478,1000,1.81610265250913,2.83715174561317,35.4253894957119,400,265.156023304522,1255.6,100,0.211527770191234,549.496717724289,400.167120403352,488.373182028103,454.33894680532,49.5151727726319,0.0361854255057223,7.02865758262356,340.407372253005,34.8712616507767,3.50644481288556,33.2156257629395,8,FALSE,2.20976373277244
268.286169445144,3.3704253031716,0.0401755154466977,1.288762966523,5.15256489397642,8.16273836434942,1000,1.78125817735645,2.56659386385482,35.1284080225555,400,268.286169445144,1970.2,100,0.210966243121229,862.231947483589,674.409847470303,486.495799142296,449.395885612421,56.2101205127368,0.0399631803647906,7.03382051821718,600.197917078111,35.8613239681793,3.21907138645387,32.9442901611328,8,FALSE,2.18411786142272
273.710150757626,5.5807762385954,0.0693801976415528,1.40156293516584,6.93747350484865,8.59930789773404,1000,1.3538085895947,2.03995182853636,30.9219452978638,400,273.710150757626,636.9,100,0.20286973560057,278.730853391685,163.947129048066,460.481380512564,404.770715372724,61.3666421325928,0.0687565624437233,7.1155849073937,99.7369253613625,29.4564797723413,2.51489013766884,28.9773163795472,8,FALSE,1.94462891831662
268.086255093289,4.03948510433594,0.0480778819215442,1.18490675319696,5.68795299392064,7.91919709759201,1000,1.64701957833099,2.4756008908794,33.9272798259982,400,268.086255093289,636.9,100,0.208631138994026,278.730853391685,168.162047398977,478.957969066032,436.930050790212,51.7375508416374,0.0477751120918258,7.05709526921601,113.081434355586,32.3585277036948,3.0729242212473,31.8107509613037,8,FALSE,2.11652886469448
270.978182029605,5.3531148159056,0.0651408074430861,1.40086343398269,6.74405913980801,8.42445468239116,1000,1.38824418500483,2.19469699018962,31.3069982602433,400,270.978182029605,600.2,100,0.203589162832609,262.669584245077,147.630932948069,462.818285361874,410.25924646336,61.3147420448153,0.0645902105574776,7.10849435738609,83.9129031130775,29.7375775164373,2.68557915054818,29.3340349197388,8,FALSE,1.97296334050453
274.881474785925,5.52548718785227,0.0693360122319947,1.35317630235921,6.90193700556836,8.47747528581437,1000,1.37343470757733,1.98428116646604,31.1425851044912,400,274.881474785925,580.8,100,0.203302522232861,254.17943107221,145.55145217683,461.819368609734,405.735997528774,59.2356934260556,0.0687127527660182,7.11080649221956,83.916531253918,29.5954376371531,2.46588910796966,29.1920088132223,8,FALSE,1.95057629126887
266.86278437165,4.07292893253174,0.0480305217566016,1.20170413621876,5.70855235664697,7.81432916908448,1000,1.63407786435611,2.54781494858401,33.8063479555928,400,266.86278437165,580.8,100,0.208389000705535,254.17943107221,144.37044648195,478.20392986666,436.491231875458,52.4770264554802,0.0477284571558208,7.05970255001562,89.2586736371198,32.1249430983986,3.14083856792582,31.6927256584167,8,FALSE,2.11362229717607
266.8411748195,3.7868939751337,0.0446500694778374,1.17805956200875,5.47954872399687,7.96544253214,1000,1.69144803321684,2.58946069336656,34.3353224500697,400,266.8411748195,774.2,100,0.209415709217596,338.818380743983,219.118140349648,481.50879473188,441.865419631356,51.4194292574509,0.0443885326902586,7.04939228532956,162.860624102621,32.9823210381019,3.20597811076728,32.1925473213196,8,FALSE,2.1427751287501
273.8901119148,5.7403601497523,0.0714664648967484,1.39151453255282,7.06227007590937,8.30846825894113,1000,1.31792495894122,2.02327881194926,30.5101369000899,400,273.8901119148,497.4,100,0.202080974304255,217.680525164114,109.776949407908,457.991900998921,401.130647413283,60.94990330483,0.0708057053619926,7.12391371694454,47.480195953064,28.8130900701865,2.48401080641113,28.5852489471435,8,FALSE,1.92488795294641
267.564581985568,4.22462956229821,0.0500836003396072,1.20420507294221,5.83343364961371,7.66742566759442,1000,1.60695167873019,2.48540956301922,33.5497331382771,400,267.564581985568,497.4,100,0.207895830261067,217.680525164114,113.226501626828,476.606824383047,433.49817934667,52.5985768685186,0.0497554741692906,7.06459186209828,58.8947774106865,31.7370458003279,3.06682507236202,31.4520568847656,8,FALSE,2.09767625351151
272.892443898622,5.5878278172473,0.0690208918184678,1.4343048755723,6.93770854100493,8.68725080632867,1000,1.34713609759317,2.08116924534363,30.8462028905935,400,272.892443898622,694.7,100,0.202718092464302,304.026258205689,184.088633264041,460.022739863299,404.777890382919,62.8048270771588,0.0684038212066402,7.11733818189667,117.925031210912,29.4684229995698,2.55420619116034,28.9020185470581,8,FALSE,1.9441843435354
275.785197348714,5.5408348600293,0.0700340489588017,1.45556329432836,6.91878686735862,8.99343497987326,1000,1.37564873986486,1.93951251871804,31.1672774286565,400,275.785197348714,1011.4,100,0.203357099624726,442.625820568928,308.975120399126,461.969287236867,405.202591934437,63.7160380582009,0.069398168581783,7.11006150704893,238.439402199006,30.3654791926026,2.42115975104928,29.2190613746643,8,FALSE,1.94821605399218
266.894313075765,3.40963010721713,0.0402179135263098,1.1356604033132,5.17754166559634,7.93501671146711,1000,1.76694011016469,2.65127841538316,35.0046866525666,400,266.894313075765,1011.4,100,0.210717585076079,442.625820568928,310.665800163651,485.715287749244,448.860859178042,49.5382825349958,0.0400052101258141,7.03644333428217,253.535005122876,34.055733445003,3.29889091000079,32.8239822387696,8,FALSE,2.18070441379702
267.629816669494,4.15161989384596,0.0492428961686318,1.1601411354128,5.77611834160943,7.05858190622237,1000,1.6219045106048,2.48989471846202,33.6917185422671,400,267.629816669494,373.1,100,0.208171368711712,163.28227571116,67.1391427439943,477.490010272888,434.870784159271,50.6672612554815,0.0489255337588922,7.06179669925303,16.0002186032478,31.6640223141632,3.07735348891488,31.586567401886,8,FALSE,2.10515114038107
273.229719267354,5.29422887343186,0.0655686728152374,1.32069372209133,6.71185775937987,8.17937298329074,1000,1.41456831878516,2.07950722249517,31.5949625682508,400,273.229719267354,506.5,100,0.204159763350708,221.663019693654,117.249756839228,464.571759259033,411.062546420997,57.7899008659343,0.0650103539604312,7.10212259992345,57.7983666520773,29.8945680396024,2.57884310226807,29.6163625717163,8,FALSE,1.97859999653451
269.466470210563,3.63905249806669,0.0437700783735335,1.04788901175175,5.37395228987614,7.43689235680307,1000,1.73350155504748,2.44564300876886,34.7117972093686,400,269.466470210563,506.5,100,0.210162807805471,221.663019693654,124.231440449336,483.87130231734,444.220148608357,45.7216234426516,0.0435184439697247,7.04161376692579,76.2345340587905,32.9253223789458,3.0774048591128,32.5552234649658,8,FALSE,2.15657374440279
276.193652317907,5.74717390366005,0.0728822456031174,1.36679677748794,7.08174363322177,8.53853908485232,1000,1.33113858348178,1.91077834682439,30.6630691357435,400,276.193652317907,570.7,100,0.202392444786919,249.759299781182,141.404928159308,458.915231356925,400.500586110601,59.8582224878517,0.0721948142911045,7.12016363483734,79.2927881943216,29.1208916231735,2.37459921838517,28.7401924133301,8,FALSE,1.92287672241344
278.769745594961,5.74258855200246,0.0743728210349818,1.27012841990894,7.09616681424156,7.945311728067,1000,1.34769864467425,1.79168247408551,30.8526030765574,400,278.769745594961,405.5,100,0.20277672724541,177.46170678337,83.3879930378695,460.061481453301,399.949920954365,55.6143529004746,0.0736566669068199,7.11559716569997,27.0040910636339,29.060872675056,2.25960418817141,28.9311378796896,8,FALSE,1.92146519686785
269.916323726942,4.08671550170961,0.0493248012447209,1.1130012666612,5.7354927046751,7.24059295622759,1000,1.64659639765479,2.35930968434268,33.9233405290566,400,269.916323726942,405.5,100,0.208634922470182,177.46170678337,84.1080757096718,478.933392563882,435.718285724717,48.5977955406749,0.0490061618114511,7.05680388852684,34.4905641211872,31.9796767387788,2.95496925226612,31.8125944137573,8,FALSE,2.11074611529933
267.668353351096,3.08120163995982,0.0365566075706775,1.05153628901233,4.91794560917012,7.76119176982937,1000,1.83589386337971,2.67017123605791,35.5915439973156,400,267.668353351096,1044,100,0.211865038461631,456.892778993435,325.864033179381,489.425903261045,454.808394203568,45.8439148058151,0.0363805009769921,7.02506716467244,271.822380508403,34.7011019157205,3.34584989367052,33.3783664703369,8,FALSE,2.21317752697875
282.611833145423,6.26480708087609,0.0837907961961794,1.31543265604913,7.5190915997244,8.56771337861927,1000,1.24892803123101,1.60988930159992,29.6858104493248,400,282.611833145423,506,100,0.200576659679065,221.44420131291,120.715785643708,453.038991231185,386.53574808814,57.6594625819672,0.0828857305952285,7.13818113123108,61.3329214981906,28.128393099448,2.03572263043125,27.8346657752991,8,FALSE,1.85114467402571
277.689582797013,4.99761939740017,0.0641519829869298,1.18248553968933,6.50285203268672,8.10385046136572,1000,1.50259781688839,1.87562277916323,32.5204377739859,400,277.689582797013,506,100,0.205976728408762,221.44420131291,126.919361177846,470.240921697654,416.133141578841,51.6972140178917,0.0636159650105231,7.08252939559443,73.0963326909419,30.864703653103,2.40595514133294,30.5118899345398,8,FALSE,2.00854783944606
281.210266550442,6.35517066811471,0.0839977990352252,1.33427646511946,7.57891295897875,8.27126060738433,1000,1.21556048356045,1.66540684389077,29.2706749435377,400,281.210266550442,427.7,100,0.199771719259344,187.177242888403,87.8402428189339,450.559942252809,384.521269791823,58.5083448623019,0.0830894127510183,7.14717742989246,28.5343310257907,27.567976413941,2.0798117436342,27.4314956665039,8,FALSE,1.83917927703376
286.41672614724,6.5650968012194,0.090751492987807,1.25925076009937,7.77433008151337,8.2421572052927,1000,1.1966917942419,1.45346829288561,29.0308503511991,400,286.41672614724,403.6,100,0.199362338027779,176.630196936543,83.4986918482448,449.132435513562,377.506586020393,55.2294636647582,0.0896925513408156,7.15038890069326,27.5024240778988,27.3575195463072,1.85555622366812,27.2260335286458,8,FALSE,1.8048168225533
279.59891551949,5.2889881584543,0.0689695567246535,1.17407142366871,6.7453327085395,7.78142132552899,1000,1.45197717520489,1.77315274346471,31.9950971605514,400,279.59891551949,403.6,100,0.204979403771386,176.630196936543,88.4272648352209,467.016527072182,409.569172080495,51.3538914653172,0.068351255857267,7.09243906551187,36.0320081253114,30.1946662328766,2.2814235485284,30.0209937095642,8,FALSE,1.97410345098724
278.298005190463,4.9058113350169,0.0632885069218912,1.14076972549328,6.43332053796736,7.86937878631376,1000,1.52463549885257,1.85193731716218,32.7436374387158,400,278.298005190463,451.9,100,0.206411942054001,197.768052516411,108.165356255551,471.61590100441,417.827878869457,49.8630569426784,0.0627664294642889,7.07797245768436,56.6502323478428,30.9992206565572,2.39055715858535,30.7256112098694,8,FALSE,2.0180262288464
292.34797652646,4.72032301463417,0.0688421765503642,0.811402859921861,8.23477935798584,5.77255766854057,1000,1.05088268234882,1.28950414420264,27.0390454433292,400,292.34797652646,183.3,100,0.195358641631121,80.218818380744,-3.70541111554596,437.407296699709,387.014177277809,35.6572330897174,0.0682353113858514,7.20050734240521,-38.3228967680399,25.0197103056282,1.65884824109893,25.2016525268554,8,FALSE,1.83739291647381
288.1661362231,4.15032783754854,0.0582661491030453,0.78642141110067,7.52216375614287,5.43131648114575,1000,1.27957945243663,1.46907202203524,30.057494132709,400,288.1661362231,183.3,100,0.201084296583664,80.218818380744,3.97864732956268,455.267227818711,411.143681389778,34.4627777297295,0.0578270326687169,7.13771277694357,-29.6488600067948,27.9463716535315,1.92927093916918,28.0883712768555,8,FALSE,1.96912285585353
299.045557926394,4.282143521373,0.0665946886467948,0.659315572335211,8.42948608838069,5.31973040334515,1000,1.03667743479089,1.08528111761389,26.8304127484503,400,299.045557926394,161.3,100,0.194943806181512,70.5908096280088,-7.34039574307808,436.192563890173,387.863816105378,28.979663413867,0.0660270470134328,7.2057428894858,-35.3633411030735,24.8225546058426,1.45117598993805,24.9903240203857,8,FALSE,1.84008872806459
298.993266001309,3.41961211269659,0.0531532329712292,0.54210628189188,8.43734252518171,4.43238231721274,1000,1.01227983106623,1.12294236568597,26.4653221512614,400,298.993266001309,127.7,100,0.194143487585554,55.8862144420131,-22.558814332254,434.072967934123,397.685852933464,23.8372556476151,0.0527915859465249,7.21773667140651,-45.1807919879243,24.3677824032044,1.49005594674177,24.581771214803,8,FALSE,1.88355093645844
296.155400073889,2.94480434664427,0.0445222274089734,0.508761223654249,7.84558092976521,4.17121703639511,1000,1.22593933265628,1.25138916516064,29.4010099166106,400,296.155400073889,127.7,100,0.19969151201067,55.8862144420131,-14.6470102017013,451.337160163796,420.708199872766,22.3101737429616,0.0442660379813402,7.15612417971797,-35.9538912779006,27.2195092323036,1.70528894481223,27.3912630081176,8,FALSE,2.00974690849302
286.716470539666,4.55595303022123,0.0631425858163422,0.876695007432846,7.39107679151006,5.87123925021216,1000,1.31302323657682,1.50579255313571,30.453014984434,400,286.716470539666,207.5,100,0.201897842709923,90.8096280087527,13.9829349573265,457.647384342165,408.440756217349,38.4036311611486,0.0626264952145157,7.12764492065549,-23.7480095110492,28.380175473777,1.97293701648991,28.494074344635,8,FALSE,1.95894063979896
300.9577849761,2.76606568418054,0.0438475142931531,0.437719224589038,8.49707659047276,3.75017005109387,1000,0.983808159765753,1.10211497336739,26.0279727021049,400,300.9577849761,104,100,0.1932430785504,45.5142231947484,-32.6969063851608,431.544041070422,403.365300008813,19.2557845139279,0.0436015362707439,7.23006164349284,-50.6002611788719,23.8815306501036,1.46526325217238,24.1207790374756,8,FALSE,1.90719366462925
299.946529341929,2.34800223139271,0.0368442921968086,0.394874954335717,8.00632843561966,3.53819063046818,1000,1.18990828179422,1.17760737154523,28.943705447454,400,299.946529341929,104,100,0.198742187817086,45.5142231947484,-23.7255060182247,448.614564509276,425.561455257253,17.3240567587925,0.036668969258978,7.16839150708852,-39.9421741706613,26.7237737336187,1.62521384435546,26.9142532348633,8,FALSE,2.02945221259073
306.843137166173,2.70653073940535,0.0456142515749876,0.381908774112993,8.69956150327048,3.65400128083072,1000,0.94720597036928,0.927347272434282,25.4467541322564,400,306.843137166173,99,100,0.192165720149093,43.3260393873085,-31.8945534597268,428.200326408243,398.16532100113,16.8096153052188,0.0453485561440998,7.24221589589104,-47.4452514604067,23.3433521459978,1.27476960588097,23.5673065185547,8,FALSE,1.87944761370172
305.13884124429,2.4135981655154,0.0399465459339063,0.361123060313267,8.57319839772663,3.40848159554387,1000,0.994658524999015,0.99997146216197,26.1961184226222,400,305.13884124429,93.2,100,0.193528365362983,40.7877461706783,-33.4596127877725,432.515014685824,407.861465101935,15.8839812027466,0.0397422160436034,7.22754737152526,-48.0568014250353,24.0396936781819,1.37031462595989,24.2669951121012,8,FALSE,1.92912331052096
306.375136970785,1.44579959830696,0.0242449353580216,0.245447974410486,8.17144232794481,2.59175074047609,1000,1.14583076986961,1.1171325364697,28.3650631733092,400,306.375136970785,72.4,100,0.197521786324107,31.6849015317287,-36.5729140944732,445.187250888038,434.271276632458,10.7747881323568,0.0241690672544133,7.18477592065419,-46.0808605071652,26.0795445726581,1.55919575940226,26.2987976074219,8,FALSE,2.06626556588732
299.677568771253,2.32233495406396,0.0363438298558402,0.39366835328799,8.00435174093557,3.50927850871261,1000,1.18666964669662,1.19032638311422,28.9019247124001,400,299.677568771253,103,100,0.198657366884032,45.0765864332604,-24.5744041321287,448.366435430857,425.816010304821,17.2718359309275,0.0361732515613332,7.16945275401053,-40.7179909288108,26.6774086066055,1.63717290410428,26.8715591430664,8,FALSE,2.03036556933373
383.48396876774,0.0380022971464651,0.0036133708788818,0.028070547763864,8.78832934285869,0.947986136886401,1000,0.909972377809674,0.868285499334873,24.8319944518052,400,383.48396876774,22,100,0.190683170522157,9.62800875273523,-61.975493884848,424.68483660765,431.530183017316,1.23643203055178,0.00361170055450909,7.26800125337089,-61.5958968996463,22.5125646188246,1.23017229620273,22.802282333374,8,FALSE,2.0297121184312
400,-0.200415857392337,0.003,0.0283442052516846,8.30427358628313,0.914315804064058,3000,1.11472034946451,1.05039620745276,27.9430900239195,400,400,22,100,0.196532095903606,9.62800875273523,-55.8335103932345,442.700302865144,451.848090202434,1.24487144357801,0.00299883770696288,7.2002921358778,-55.5618209910138,25.5340329485454,1.49865292672177,25.7978267669678,8,FALSE,2.14526325695172
400,-0.249109912801973,0.003,0.0209135177733138,8.87853129298477,0.654387278356681,3000,0.903491984347786,0.784289603804014,24.7224324276216,400,400,14.9,100,0.1904752211757,6.52078774617068,-62.7659539796915,424.060588490152,431.269426324652,0.921279949666072,0.00299884893533233,7.27055654198351,-62.0613408419347,22.4028553618803,1.14377049567512,22.6946597099304,8,FALSE,2.02777271769119
400,-0.517198306448105,0.003,0.0313582307333044,8.21512894577862,0.593556947173114,3000,1.11075063116081,1.16185639416913,27.8884005099675,400,400,14.2,100,0.196427827475228,6.2144420131291,-61.745442258644,442.378748242085,451.541353871529,1.3773173864076,0.00299883789977861,7.20148727179236,-61.4467379044742,25.4532638039977,1.60849949357042,25.7449493408203,8,FALSE,2.14345116914723
360.876974170088,0.149190245678743,0.00598712974854908,0.018111507033821,8.86151722751567,0.781502490819147,1000,0.632304686568079,0.356656028403026,19.2512982620654,400,360.876974170088,17,100,0.181000893433478,7.4398249452954,-64.7866976637301,393.752977078594,333.204549037616,0.801692487611253,0.00598260906047444,7.3704887579923,-64.0163086463346,17.4089402920808,0.563424342580737,17.7058556079865,8,FALSE,1.54544265407887
364.883715610991,0.121517398561641,0.00543305609263095,0.0187960207536295,8.94040995892754,0.777930460803993,1000,0.656405648273137,0.403467748738302,19.824748251893,400,364.883715610991,17,100,0.181831908329889,7.4398249452954,-64.9856343859275,396.850948993521,360.81618670453,0.831636358316639,0.00542933107347075,7.3663701678765,-64.2317700091465,17.852222622887,0.633844832214988,18.1503038406372,8,FALSE,1.67444441125581
338.833767707998,0.531384427455893,0.0136395309153605,0.0227812960355411,8.24291545261804,1.03813850951385,1000,0.506739123950595,0.211649088745096,15.8576679229736,400,338.833767707998,22.1,100,0.177572365672385,9.67177242888403,-63.0534942833496,375.78905456499,0,1.01018962218814,0.0136150721765071,7.06279918359168,-62.4925021191623,15.5551930408112,0.211649088745096,15.8576679229736,8,TRUE,0
336.996277857488,0.612618449728243,0.015266021731969,0.0183354797669005,7.95712585494068,1.0793131981505,1000,0.466677811677838,0.159978109232103,14.5951501528422,400,336.996277857488,22.7,100,0.175255364834143,9.9343544857768,-63.9976806668447,369.265483094388,0,0.814034509597004,0.01523552196379,7.09378809677203,-63.249116073992,14.2903504705362,0.159978109232103,14.5951501528422,8,TRUE,0
338.920413840493,0.52797870880535,0.0135713406429339,0.0195148956484664,8.38464974623506,1.05755900132249,1000,0.529565028663235,0.187255578347917,16.5330924987793,400,338.920413840493,22.7,100,0.178820262554922,9.9343544857768,-60.6446123195696,379.314335755793,0,0.864786720460864,0.0135470691461625,7.04633157375836,-59.98706052935,16.2420658445924,0.187255578347917,16.5330924987793,8,TRUE,0
400,-0.110183643911506,0.003,0.0144390636253491,9.1316489313255,0.678330132467383,3000,0.788508333261235,0.550850008492233,22.6356777494141,400,400,15,100,0.186660454005792,6.56455142231947,-62.7462858898364,412.301798174762,412.857923849775,0.637290203220797,0.00299885594746922,7.31513640623076,-61.8064596620922,20.4174686756516,0.857814593856031,20.7063035964966,8,FALSE,1.92937415291745
348.240787167383,0.290957910014129,0.0088256424515206,0.0093377884108941,8.09059041429535,0.775498048694882,1000,0.484531917543319,0.146315417530523,15.1706943511963,400,348.240787167383,16.2,100,0.176309100366079,7.08971553610503,-64.8517236336568,372.228759487627,0,0.4143380612396,0.00881541963780237,7.0796275156433,-63.6801877780163,14.8632035078643,0.146315417530523,15.1706943511963,8,TRUE,0
349.066246334331,0.277716539892844,0.0085605199535926,0.0103036815687301,8.16635690318558,0.773034190648761,1000,0.495309568209898,0.162245335357021,15.5079441070557,400,349.066246334331,16.2,100,0.176928512501421,7.08971553610503,-64.6039620468918,373.973406874964,0,0.457048922627587,0.00855089052944287,7.0713561248849,-63.4728906805752,15.2010957314412,0.162245335357021,15.5079441070557,8,TRUE,0
349.282206057073,0.274382657127431,0.00849376799979406,0.0078011345244823,8.13346310340902,0.764959281226824,1000,0.490568682868228,0.131615328989253,15.3605074882507,400,349.282206057073,16,100,0.176657543826403,7.00218818380744,-64.1120430184368,373.209940679652,0,0.346090337091768,0.0084842929174021,7.07496977780346,-62.8878629854204,15.0566426078599,0.131615328989253,15.3605074882507,8,TRUE,0
354.262077222483,0.209729110445822,0.00719925620538552,0.00531968061723641,8.13712436745428,0.700827291645036,1000,0.491091576444267,0.112683223769689,15.376838684082,400,354.262077222483,14.6,100,0.176687544732913,6.38949671772429,-64.0695641154388,373.294450352593,0,0.235999161530961,0.00719244763600287,7.07456932037125,-62.738663593309,15.0736775536267,0.112683223769689,15.376838684082,8,TRUE,0
353.997975680422,0.212659073425591,0.00725792076176585,0.00539898134474152,8.11985396478344,0.701301055059299,1000,0.488635352127417,0.11313359478237,15.299973487854,400,353.997975680422,14.6,100,0.176546370638764,6.38949671772429,-64.239209638811,372.896818198364,0,0.239534878342545,0.00725100267342983,7.0764545282375,-62.9092578334264,14.9960690079897,0.11313359478237,15.299973487854,8,TRUE,0
349.243758730084,0.274972503868905,0.00850557807987352,0.00699269577860075,8.0766007569439,0.757575851959134,1000,0.482595506763231,0.121089244217628,15.1093068122864,400,349.243758730084,15.8,100,0.176196508265756,6.91466083150985,-64.402562009038,371.911849723701,0,0.310299454322567,0.00849608490830935,7.08113518911408,-63.1417357789928,14.8044808934771,0.121089244217628,15.1093068122864,8,TRUE,0
348.878471183013,0.280658512760752,0.00861942497538655,0.00709537330926538,8.04258634103949,0.758619572665811,1000,0.477953159113323,0.121047710507252,14.9611275196075,400,348.878471183013,15.8,100,0.175924927215052,6.91466083150985,-64.7026824555558,371.147716118376,0,0.314900506444204,0.00860968112280513,7.08477710885775,-63.4422237896417,14.655008392236,0.121047710507252,14.9611275196075,8,TRUE,0
353.113563602573,0.222828354556407,0.00746153301569718,0.00613776753428794,8.0013615786784,0.695281937785097,1000,0.472446966720818,0.121038675110487,14.7834978103637,400,353.113563602573,14.4,100,0.175599737782895,6.3019693654267,-65.5887384031178,370.233264566278,0,0.272447316123065,0.00745423459948044,7.08914779482334,-64.269223040502,14.4735794684988,0.121038675110487,14.7834978103637,8,TRUE,0
372.576151973331,0.0805824544228105,0.00461344493885886,0.00298649335128908,7.83699396545765,0.532265137576121,1000,0.451678804817724,0.10218657319679,14.0943601926167,400,372.576151973331,10.8,100,0.174341916234551,4.72647702407002,-67.7571766746185,366.701516414034,0,0.13265407089567,0.00461066045115598,7.10615560803125,-66.2641117413441,13.7755869000974,0.10218657319679,14.0943601926167,8,TRUE,0
379.608652939948,0.0526544875106191,0.0040542632014714,0.00292741870960059,8.03590858358617,0.529710685114217,1000,0.477052459501915,0.111093354434776,14.9322113990784,400,379.608652939948,10.8,100,0.175871962695081,4.72647702407002,-66.356670776962,370.998738373521,0,0.129925680081769,0.00405210637834334,7.08548824012756,-64.8762744395145,14.6192041602526,0.111093354434776,14.9322113990784,8,TRUE,0
351.518052451619,0.242693532039234,0.00785927927819037,0.00578048790593394,8.10471253137217,0.729203866025927,1000,0.486503124622994,0.112060546878991,15.2329335212708,400,351.518052451619,15.2,100,0.176423303417665,6.65207877461707,-64.1195813499927,372.550272472101,0,0.256477554794531,0.00785116981774106,7.07809958146346,-62.8104925466381,14.9295766815092,0.112060546878991,15.2329335212708,8,TRUE,0
335.687334794555,0.683394638051021,0.0166831228076193,0.0465953592293601,8.87652457196037,1.32005314352763,1000,0.636635446114548,0.330256717606773,19.3559365134353,400,335.687334794555,29.6,100,0.181200049809541,12.9540481400438,-59.0332099338109,394.316910891931,332.646344462632,2.06229765339891,0.01664805553166,7.36767342452974,-59.628996185797,17.5358212081686,0.537958838606126,17.8124933242798,8,FALSE,1.54344318915549
340.609024713176,0.467801092339786,0.0123664472028618,0.0290809537739137,9.2033190359393,1.26256270748614,1000,0.794741541367404,0.284250830135204,22.7563841381983,400,340.609024713176,29.6,100,0.186949832901583,12.9540481400438,-50.1517126554795,412.975230830738,405.916790188206,1.28334457044246,0.0123470164758778,7.3098667677102,-50.1524094214012,20.6235379224958,0.588477509986759,20.8580799102783,8,FALSE,1.89830422791999
331.506227356629,1.03462014064942,0.0237154602267826,0.0445545615202366,8.88747364965667,1.67452352635195,1000,0.639864512790673,0.23078679101296,19.433493867226,400,331.506227356629,38,100,0.181351369068728,16.6301969365427,-52.966295506219,394.735286558165,331.809453347305,1.97181893665445,0.0236446399261609,7.36542873149575,-53.6179352226621,17.6446073054254,0.43893266252115,17.8934645652771,8,FALSE,1.54002930194888
332.91230211929,0.887564101109961,0.0207710621636676,0.0299248216369481,8.84597564339354,1.51552475166537,1000,0.627929319460968,0.184271154065639,19.1448518819761,400,332.91230211929,34.1,100,0.180941907608673,14.9234135667396,-53.712972787766,393.179919470408,316.914426416188,1.32464039077333,0.0207167265952757,7.36694048471848,-53.7182218312554,17.4249852438391,0.380275782850682,17.6742568016052,8,FALSE,1.47059508037086
336.44310943062,0.640999926173482,0.0158342837668736,0.063231840968791,9.20809802839834,1.4414008297901,1000,0.800374154124124,0.460287447958173,22.8646484600757,400,336.44310943062,34.1,100,0.187172119646029,14.9234135667396,-52.4427342383336,413.579949475244,403.977791551663,2.7901121247464,0.0158024271270519,7.30657405454307,-53.8532895049269,20.7225977747036,0.765020706718021,20.9745607376098,8,FALSE,1.89008772246591
357.193826109132,0.180118151458112,0.00660637711953883,0.0232341245045813,9.20311212586953,0.974637861101408,1000,0.794508165642613,0.410570800616458,22.7518818904278,400,357.193826109132,22.4,100,0.1868975868093,9.80306345733042,-55.9982794762763,412.950097552406,410.91131866425,1.02535066827177,0.00660082909973961,7.31164982346911,-55.6023443565148,20.5707232955853,0.718206009100579,20.8306889533997,8,FALSE,1.92119293702806
330.120197155791,1.22701240404048,0.0275675931242888,0.0692556925984708,8.89637824393762,1.86959814945934,1000,0.642536004478304,0.29831599422,19.4973638236403,400,330.120197155791,42.7,100,0.181468411409531,18.6870897155361,-52.866743759012,395.080076783525,332.015216172388,3.06481443730492,0.0274719242745091,7.36391749865203,-54.58639028383,17.7026591208898,0.507357461139446,17.9560632705688,8,FALSE,1.54130055307146
331.96781503424,0.981945280776126,0.0226607891240418,0.0522214854984746,9.20928981779964,1.7838475154171,1000,0.801859382773231,0.27674614471468,22.8930690751939,400,331.96781503424,42.7,100,0.187275733055049,18.6870897155361,-44.6028069066735,413.738804984991,398.312163652961,2.30415831537666,0.0225955765711738,7.30396680917521,-45.7343244688205,20.8147706458269,0.577974251834968,21.028823852539,8,FALSE,1.86424522265487
331.647320321077,1.01800785795979,0.0233828443537559,0.0399674919511368,8.92324416043412,1.66890689587936,1000,0.650860645613822,0.212649504133219,19.6946995119525,400,331.647320321077,38,100,0.181743321110385,16.6301969365427,-51.9983452155506,396.146784384554,342.83337248531,1.76845583398164,0.0233139715622359,7.36304493688161,-52.4716345512713,17.8593739009041,0.430577047342906,18.1029896736145,8,FALSE,1.59170983833799
329.326882425126,1.36813749228649,0.0303932399851032,0.0431640193466229,8.92870001095848,2.02079952207738,1000,0.652602918388344,0.180011641148989,19.7356805884158,400,329.326882425126,46.5,100,0.181851684908271,20.3501094091904,-47.8215332945496,396.368580166788,339.083804257543,1.90978737447083,0.0302769438862262,7.36063740453002,-48.5322835409404,17.9354645343337,0.396209153771842,18.1608643531799,8,FALSE,1.57481623523585
330.725338341589,1.13582884045745,0.0257418897472455,0.0985283731605495,9.20735020872985,1.93534016558988,1000,0.799459821962619,0.44077093774648,22.8471260041345,400,330.725338341589,46.5,100,0.18721593475422,20.3501094091904,-47.2213925251509,413.482031442645,395.189791818364,4.34747933930893,0.0256577718092312,7.30402551647114,-50.2800982195059,20.7621822963533,0.739017814511527,20.9975094795227,8,FALSE,1.84961652461178
334.400615732956,0.767061392438511,0.0183583224820913,0.0557136719970528,9.20925589162968,1.56891021680363,1000,0.801816608966633,0.356493769260694,22.8922513128227,400,334.400615732956,37.3,100,0.187241406503485,16.3238512035011,-48.5770271232672,413.734233506586,402.04859116335,2.45828600370063,0.0183155062618073,7.3052508181035,-49.7599132300076,20.7779955132931,0.660343633015292,21.0108489990235,8,FALSE,1.88140231379922
325.8475691305,2.60778841944709,0.0552138852323246,0.130863777245167,8.92253786203685,3.25861229485299,1000,0.650636426242291,0.277637288509746,19.6894175436731,400,325.8475691305,77.8,100,0.181935605983525,34.0481400437637,-38.4901113820615,396.118204346846,319.199450128825,5.78980409101482,0.0548309498068365,7.35427842898689,-43.210931336332,18.0048096841493,0.481318504599354,18.205668926239,8,FALSE,1.48374861743408
326.33885057425,2.32267019523378,0.0495051666393207,0.114885394075531,9.20979982818112,3.12533671739324,1000,0.802506007279698,0.271683093629014,22.9054261235924,400,326.33885057425,77.8,100,0.187501081463768,34.0481400437637,-30.9687245396546,413.807888318942,375.329380566315,5.06848876393634,0.0491946465804837,7.29575510329036,-35.1342619278075,20.9821452710935,0.556828701578239,21.1467714309693,8,FALSE,1.75865469262313
325.039043650148,3.25366643715832,0.0681458395424851,0.117680538962151,8.92906541573099,3.90669052013106,1000,0.652720263876902,0.204311454684526,19.7384368104254,400,325.039043650148,95.6,100,0.18209579767722,41.8380743982494,-29.6635971795042,396.383500598866,311.171480286232,5.20611002380268,0.0675631253858289,7.34996116210003,-34.0266935110491,18.1328946807509,0.403716802683864,18.2911553382873,8,FALSE,1.44728147213809
324.52243756452,3.85260649973392,0.0801379886965926,0.112779803807362,8.48766397227429,4.40086633636033,1000,0.547786086461967,0.168906280417508,17.0516818364461,400,324.52243756452,107,100,0.179782352460828,46.8271334792123,-27.2677370034324,382.037825328703,0,4.99525546521233,0.0792975549705506,7.03373980516249,-31.4589030714411,16.8987860428835,0.168906280417508,17.0516818364461,8,TRUE,0
324.943352426028,3.35068460429575,0.0700883650198543,0.269892220762854,9.2072604459945,4.15037611393416,1000,0.799350951417499,0.434473956639441,22.8450382508242,400,324.943352426028,107,100,0.187544358124731,46.8271334792123,-23.8165272146677,413.470365932801,357.370162190571,11.9067860223248,0.0694671561065121,7.29086918660294,-34.8274406283102,21.00611379107,0.70587620697294,21.1694116592408,8,FALSE,1.67562659158342
326.19629574013,2.39914028442491,0.0510362726258937,0.141475714664723,9.20831915927851,3.19995776358171,1000,0.800647077476209,0.320642447992861,22.8698749420697,400,326.19629574013,79.8,100,0.187447928097312,34.9234135667396,-31.4364960822323,413.609159183864,373.692699717374,6.24176223057457,0.0507063250536416,7.2960480149787,-36.7344866439539,20.946842115902,0.604052835645894,21.1189594268799,8,FALSE,1.75091551518975
324.84280267246,3.45880446097346,0.0722531716988801,0.162242646836298,8.94571079107473,4.11731200107427,1000,0.658156530657159,0.259997310056554,19.8655841344187,400,324.84280267246,101.8,100,0.182328591403353,44.5514223194748,-28.482702585814,397.072253353313,311.692657662137,7.17665110867487,0.0715981741210527,7.34701125297922,-34.7958357946665,18.2533935798142,0.461194323417301,18.4152965545654,8,FALSE,1.45028757985331
325.117328719418,3.17818054023698,0.0666344393348924,0.155243331164375,9.20634126519641,3.97672948788906,1000,0.798246610509655,0.267878307550458,22.8238447993949,400,325.117328719418,101.8,100,0.187480271297311,44.5514223194748,-21.8758469638505,413.351959582832,360.074127463567,6.84906338825564,0.0660728156061291,7.29235242628952,-28.0049271381044,21.0046013692791,0.540880571360991,21.1358833312988,8,FALSE,1.68796146809609
324.419186012838,3.99852543109682,0.083059619254727,0.141804038044312,8.890372094989,4.63976123900225,1000,0.640729524831079,0.198245779242837,19.4542036999989,400,324.419186012838,117,100,0.181737735879644,51.2035010940919,-21.8979622341203,394.847060051177,291.123007012667,6.2744717258526,0.082195454553263,7.34907620131661,-27.4925613187415,17.9721207781988,0.382408527209109,18.1000061035156,8,FALSE,1.35419759648327
324.078544438096,4.5656115690956,0.0944139800247578,0.147179407107777,8.91932624600762,5.21596651913874,1000,0.649620663949173,0.178039599639409,19.6654662600472,400,324.078544438096,136.2,100,0.182143558484335,59.6061269146608,-13.6518526961666,395.98862649659,289.740907243036,6.51096101421951,0.093298117124924,7.34327651774899,-19.6747975463629,18.2250409907534,0.363634127117827,18.3166332244873,8,FALSE,1.34883303555992
324.231617182623,4.29270394440718,0.0889497455461306,0.31460545266787,9.1954402769627,5.07969194493137,1000,0.78636131068839,0.394947909673503,22.5938794977564,400,324.231617182623,136.2,100,0.187225690684766,59.6061269146608,-12.3123009556424,412.068793766588,339.356933102186,13.8816253588745,0.0879515262102904,7.29043845204169,-25.5380830120664,20.8828695106899,0.649817070752722,21.0026187896729,8,FALSE,1.59126070808346
324.541108423239,3.82731156235054,0.0796315262291448,0.211817862146655,9.20134649134136,4.62032582644585,1000,0.792548408612458,0.300443676380516,22.714022301671,400,324.541108423239,121.3,100,0.187376162482613,53.0853391684902,-15.4392319286893,412.738796150312,348.192425982304,9.3455237095059,0.0788305873479823,7.29074587709006,-24.1637344279263,20.9681002786309,0.563334813651013,21.0814003944397,8,FALSE,1.63262190723127
323.40997361687,6.2939218242677,0.129018702032281,0.298751893466764,8.94289506983153,6.95357189986166,1000,0.657224146027241,0.246277280885901,19.8438516403568,400,323.40997361687,213.9,100,0.18265522434024,93.6105032822757,14.4851838205543,396.954465619649,269.012510035955,13.2127964604166,0.126940339611619,7.33031400750976,1.24145309280053,18.5950906751473,0.42103545994711,18.589301109314,8,FALSE,1.2545505310428
323.468872737953,6.0924979087463,0.124985734813909,0.319971594752276,9.21207549096295,6.90003264665439,1000,0.805478556267699,0.268286194589241,22.9621039894369,400,323.468872737953,213.9,100,0.188156788218597,93.6105032822757,21.2244762974144,414.124862532119,313.257754031385,14.1117695947855,0.123018802942661,7.27167001915324,6.93330521204936,21.5220268419046,0.509596366611307,21.4894323348999,8,FALSE,1.47267165453704
323.184455658888,7.20086848865597,0.147177847418873,0.344038545276811,8.93358769205611,7.86076883615939,1000,0.654179484600845,0.232657856526888,19.7726697933818,400,323.184455658888,288.2,100,0.1826505438192,126.126914660832,42.7946187141677,396.568851293505,254.123761416378,15.2157100124295,0.144477715605138,7.32571270663047,26.9080164574118,18.7123745808833,0.39751263550894,18.5868091583252,8,FALSE,1.18586063505657
323.120399911464,7.50536787990622,0.153274621278856,0.386032667326234,8.93359044497448,8.16814962612602,1000,0.654180376841364,0.243878734410128,19.7726907017711,400,323.120399911464,328.9,100,0.182688659342677,143.938730853392,57.8722928973532,396.568964519523,249.714198368833,17.0726404865874,0.150347622306956,7.32378829457106,39.8066920851254,18.7929064648749,0.406004617976111,18.6071009635925,8,FALSE,1.16558973817862
323.127038452775,7.47350918271214,0.152636737336072,0.622226443447174,9.22210807676949,8.3018544072771,1000,0.820929040330929,0.410882410999368,23.2533712089803,400,323.127038452775,328.9,100,0.188888376104371,143.938730853392,62.2232753944817,415.756664589756,293.492510860931,27.4320721101104,0.149707572902563,7.25689145768058,33.908602128038,22.0305431343662,0.641511881308415,21.8708090782165,8,FALSE,1.38256213076382
323.246899862462,6.92571472508376,0.141668640105402,0.430356566240397,9.22252690642485,7.75147627966527,1000,0.821692574710379,0.307144504861173,23.267622589741,400,323.246899862462,271.8,100,0.18883700384042,118.949671772429,43.0672434705809,415.836630399164,302.32659696274,18.9736026083261,0.13914290384185,7.26002846922877,23.4828403358545,21.9546342719705,0.544537130110835,21.8440608978271,8,FALSE,1.42356169191389
323.00399297218,8.11047329443074,0.165390214872197,0.541036779054517,9.03412024276886,8.83439960184671,1000,0.690677241736919,0.292266641075181,20.6049367678953,400,323.00399297218,472.8,100,0.184195625412437,206.91466083151,112.759406180412,401.095103387372,255.99446623452,23.9094101196584,0.161979218560341,7.30599543992524,86.6650343622416,19.8126337408424,0.466445313065669,19.4071226119995,8,FALSE,1.19781415589584
322.995505481499,8.15497425177139,0.166281225761725,0.625899320739481,9.23498126012425,9.06346775552418,1000,0.86975609415478,0.330373504119767,24.1390666733645,400,322.995505481499,472.8,100,0.190627319164656,206.91466083151,120.719670974391,420.748343105419,288.983674654866,27.5699493996406,0.162800039138999,7.2337242937239,90.7580134996774,23.2022897499713,0.569229554488538,22.7733845710755,8,FALSE,1.36568210228899
322.976712370947,8.23246731964562,0.167832814119934,0.521568171775342,9.02806495907786,8.9947830966174,1000,0.688211069821765,0.255772322471255,20.5501014242593,400,322.976712370947,545.8,100,0.184115554098055,238.862144420131,141.049097496713,400.795696945548,253.343475754732,23.0499979448096,0.164321486319099,7.30619723220226,115.098623935344,19.9032629617161,0.427687801797223,19.3647241592408,8,FALSE,1.18537726501851
322.970771665094,8.26628009560794,0.168509823186435,0.63352797142595,9.03317626292506,9.06128768742761,1000,0.690289992202965,0.321025507042673,20.596339244035,400,322.970771665094,581.3,100,0.184200878100676,254.398249452954,152.867490063713,401.048148965139,253.533074744154,27.9966909831967,0.164969908298486,7.30514215366245,121.79959367008,19.9798780295574,0.493521888701787,19.4099035263062,8,FALSE,1.18643571772883
322.97091358702,8.29373257525286,0.169059484581828,0.777224235624143,9.23234942357342,9.35876176524518,1000,0.890334326824431,0.391208477037803,24.4975415568937,400,322.97091358702,581.3,100,0.191316867150736,254.398249452954,161.210717155908,422.781391131962,289.083767331001,34.2237991397632,0.165458078610782,7.22515174654201,123.711135350642,23.7150945629639,0.634977457446203,23.1297655105591,8,FALSE,1.36777604633462
323.006364617145,8.10119720496334,0.165204486357091,0.596897114125721,9.23362929223089,8.98259066874957,1000,0.852729836889275,0.320516840614592,23.8359962874701,400,323.006364617145,453.1,100,0.190055537404615,198.293216630197,112.711399094818,419.03524275627,287.794196712723,26.2999702264572,0.161770942470224,7.24054547663484,84.2012482220787,22.874760996656,0.554434184993407,22.4772167205811,8,FALSE,1.35877956688897
322.960205172925,8.39117531883127,0.171010511050074,1.03440805238841,9.18320276294186,9.65808192174543,1000,0.774949170147903,0.425792992456418,22.3697745630789,400,322.960205172925,1112,100,0.187395642993979,486.652078774617,354.431734853222,410.82120429931,271.805927553747,45.6382185022243,0.167348412084893,7.26952207772307,301.033398603124,22.5072178839398,0.629759383636536,21.0915966033936,8,FALSE,1.27817795968534
322.976818943349,8.2897420973472,0.168979586092428,1.01908054353138,9.2225076979712,9.73011859655711,1000,0.916584289787025,0.465603625903504,24.9429787802889,400,322.976818943349,857.5,100,0.192152118255963,375.27352297593,264.759004785861,425.317890970365,291.845050278098,44.8548686354067,0.165376874433554,7.21557678152966,214.199952567848,24.5751198961314,0.717761191888715,23.5603055953979,8,FALSE,1.38267318489103
322.961790099793,8.37520430580791,0.170690734861628,0.881752927673889,9.14499672526551,9.48077263441001,1000,0.746612013001997,0.396901884141435,21.7987130056826,400,322.961790099793,872,100,0.186357112795048,381.619256017505,263.334323297191,407.654918049884,266.600368523648,38.9234952020734,0.167047929600205,7.2812614568253,218.810575000525,21.5743419719578,0.590752629313036,20.5470356941223,8,FALSE,1.25167731156025
322.973758343627,8.29611406785923,0.169107167507599,0.763584511612958,9.00302120868266,9.25738428559862,1000,0.678430755604563,0.35914223095455,20.3306838734803,400,322.973758343627,780.9,100,0.18374164088331,341.750547045952,226.371856139028,399.599332222874,248.916946039415,33.7520229614816,0.165544537030349,7.30966755834175,187.896711394957,20.0453098040927,0.526068758216637,19.1665709813436,8,FALSE,1.16411289213674
322.977692433607,8.28234815871958,0.168831542539494,0.988012691184076,9.22067535715609,9.66611196150405,1000,0.920064418681387,0.468710132897824,25.0010733581356,400,322.977692433607,780.9,100,0.192260338785929,341.750547045952,236.024332130242,425.649544368958,292.303175201462,43.4850735431947,0.16523448414946,7.21436856266579,187.541348798658,24.5046605292684,0.722060147861328,23.6159977912902,8,FALSE,1.38507556684538
322.974827016154,8.3005288702594,0.169195561943331,0.963310039408011,9.22637390227152,9.69248053819834,1000,0.908310796782904,0.43949912087497,24.8039771715625,400,322.974827016154,822,100,0.1918924380688,359.737417943107,251.586251481641,424.525137883557,290.84866129167,42.4056114484842,0.165585169116001,7.21850864872009,203.763904482322,24.3915636242055,0.68890351074572,23.4265842437744,8,FALSE,1.37739292778809
323.009523284568,8.08458549738115,0.164871881999029,0.643131016444017,9.08669193597729,8.82562588680702,1000,0.71415469402219,0.366212429139653,21.1173648006176,400,323.009523284568,455.4,100,0.185096807173409,199.299781181619,105.548761869223,403.901126676812,263.367086739742,28.4081009658405,0.161477722181604,7.29656504087667,75.2321958689481,20.2359321203859,0.550508677494674,19.8834609985352,8,FALSE,1.23390380208242
321.908172337176,8.22904575586316,0.165467524917472,0.922455399917264,9.20365535927627,9.24489488958023,1000,0.901623350870714,0.517800345701362,24.6906940170927,400,321.908172337176,531.4,100,0.191653120588007,232.560175054705,140.084933286609,423.879882165681,293.119515984487,40.6120039097037,0.162014550285321,7.22212396010515,96.9014604587529,23.7619152251196,0.767471373285291,23.3032417297363,8,FALSE,1.38745228735639
322.970113974699,8.27907860925568,0.168766078685449,0.840748676311874,9.14728199071679,9.09502115898836,1000,0.748095384943812,0.464942399440423,21.8291400570321,400,322.970113974699,539.4,100,0.18639906213237,236.061269146608,136.482203679157,407.823159592534,268.387976888931,37.1126430436914,0.165204106993512,7.28126892327024,96.8892156411294,21.023961544028,0.660368436859281,20.5690712928772,8,FALSE,1.26006876415494
322.962282578888,8.30693101931238,0.169323747601876,0.861517334429517,9.14881640959907,9.14442612490653,1000,0.749103303978496,0.470618966624875,21.8497801725366,400,322.962282578888,563.5,100,0.186440125541055,246.608315098468,145.466268607341,407.937315469966,268.168610933895,38.0286299647469,0.165738159677144,7.28067329445775,104.755117873228,21.0824988426214,0.66612273280483,20.5906383196513,8,FALSE,1.25914185288532
319.25661722183,8.19047518746546,0.159273362782794,0.968741029939361,9.13834981383944,9.2956768164353,1000,0.906275771807928,0.564117744706158,24.7695930382088,400,319.25661722183,563.5,100,0.191756584395535,246.608315098468,151.257332053606,424.32920960578,298.52979938008,42.6475745927571,0.156071672271049,7.22236478875057,105.800707665933,23.8573593312576,0.819274654910284,23.3565788269043,8,FALSE,1.41301421130454
320.705737339243,8.24659337210194,0.163297047920107,0.954405747543709,9.1798991450391,9.30714050194857,1000,0.885628034917414,0.538375542090011,24.4162936898073,400,320.705737339243,569.4,100,0.191123724974625,249.190371991247,153.092280634149,422.319959144203,293.135685047275,42.0297496501873,0.159936148845946,7.22871383615383,108.201729187172,23.5417250755212,0.784267122995174,23.0300297737122,8,FALSE,1.38626391609506
321.012431329859,8.32528217085749,0.165482027054598,1.39538083478623,9.18823563357732,9.90201560214067,1000,0.851344453108491,0.532952407301534,23.8110705785372,400,321.012431329859,1595.7,100,0.190011187475837,698.336980306346,537.770293335551,418.894583792238,287.403292256965,61.4834431774901,0.162037264018747,7.24098948992029,464.108163342307,24.645306459482,0.766241776942778,22.4542198181152,8,FALSE,1.35685076042204
310.991593977898,7.64794036575428,0.13490261484738,1.67229377859157,8.72557994485451,10.0439583766229,1000,1.07189723526055,0.730043102934243,27.3425709697059,400,310.991593977898,2041.2,100,0.196457560696367,893.304157549234,711.358550670911,439.179057230068,332.103857088477,73.4494764947568,0.132583384719365,7.17393044010989,620.905619182331,28.7187690195796,1.05527611638836,25.7600297927856,8,FALSE,1.58254117692035
320.691302411913,8.32640564266543,0.16483411864859,1.47187648068855,9.17851691565635,9.91103115277482,1000,0.84081300928608,0.538494917520256,23.6202529042784,400,320.691302411913,1783.2,100,0.189652531301842,780.393873085339,607.653236851594,417.818948120615,286.574304400499,64.8656648340261,0.161417971188739,7.24525910932151,528.941941838205,24.7638129374716,0.768666503112627,22.2681131362915,8,FALSE,1.35213976798688
321.005099904375,8.3349985003169,0.165660499504836,1.22959682855669,9.18404933398251,9.78731633993659,1000,0.835418694254441,0.533043938811665,23.5215864313468,400,321.005099904375,1224,100,0.189475563949227,535.667396061269,397.049572063332,417.263580225539,285.215564426142,54.1932005002015,0.162211226943062,7.24709405592739,334.120770650866,23.7522767970554,0.760912255833003,22.1761983235677,8,FALSE,1.34538810777914
311.461405646118,7.67788657114472,0.136149830443157,1.32361935059841,8.75006930695305,9.87888149603086,1000,1.06545063856794,0.719722599838545,27.2500963714254,400,311.461405646118,1224,100,0.196289852563588,535.667396061269,403.731920155333,438.638688953062,330.627596334157,58.1400029975008,0.133788423526128,7.17556901491359,336.389870878113,27.2775484896985,1.04195951972553,25.6749496459961,8,FALSE,1.57514672542927
315.488433784064,7.89974824643831,0.146759328886272,1.30072799250225,8.92887518531473,9.91760796262356,1000,1.02114249852827,0.635985212860783,26.5989526117281,400,315.488433784064,1229.7,100,0.195125510987556,538.161925601751,405.769804969341,434.84788408842,318.70392616398,57.167281207614,0.144023359324145,7.18652478803654,339.387613433403,26.6973417814278,0.936329975134598,25.0829262733459,8,FALSE,1.5160263383822
316.438815706778,8.22205671906683,0.154496723236401,1.0039454741502,9.04382499459453,9.18997023540617,1000,0.778904113830089,0.616169922878831,22.4478109368681,400,316.438815706778,595.9,100,0.18742428634347,260.787746170678,155.329927487706,411.255309906244,285.355999668559,44.2935648914279,0.151503025098484,7.27317614964153,108.246920754921,21.6153670291123,0.830733570105509,21.1065874099732,8,FALSE,1.34122352689494
306.894130669965,7.73928202345521,0.130509414824443,1.12239311682088,8.74876978628492,9.26310100525492,1000,0.99505988278427,0.822518069724849,26.2023029416275,400,306.894130669965,595.9,100,0.194248554226013,260.787746170678,161.486893457314,432.550758997314,330.009489271118,49.3508037834559,0.128345344375972,7.20015926867546,109.190313106295,25.1538886250205,1.12621595637827,24.6354703903198,8,FALSE,1.56683255130773
310.36780321223,8.08568521616844,0.141633011649927,1.31591882379931,8.93829232209509,9.67932785499027,1000,0.842003136984578,0.741276792768055,23.6419360762284,400,310.36780321223,1211.3,100,0.189527999591178,530.109409190372,387.045166459253,417.941071317989,305.164199264333,57.9962266270126,0.1391058179335,7.25208334938971,320.668498499122,23.7150209692494,0.98587597513708,22.2034387588501,8,FALSE,1.43849731737832
312.382621658853,8.13462419877657,0.145771843498122,1.07930841292456,8.98030726745889,9.28431398305001,1000,0.821261345016972,0.697798911942543,23.2595753093511,400,312.382621658853,645,100,0.188851301724338,282.275711159737,173.936514203282,415.791474950417,298.990578730364,47.5843133648432,0.143098658359634,7.25891491445785,123.148317027985,22.4314619021292,0.932603263658731,21.8515059153239,8,FALSE,1.40806939402724
301.457724910094,7.03501934320811,0.112085542380575,1.41124093925211,8.22070853105594,9.75727658125276,1000,1.18130824859817,0.966000871651948,28.8325075266446,400,301.457724910094,1320.2,100,0.199150828724397,577.768052516411,439.615351826721,447.954405500894,358.142140679061,61.9019830114648,0.1104741587358,7.14830188478771,367.475544449063,28.8771425153974,1.34462082404371,27.1197700500488,8,FALSE,1.71273747659585
309.09898747805,7.79844159322537,0.13469914833274,1.07192552726315,8.81043803331528,9.15556163604126,1000,0.990901764783167,0.771031808347258,26.1381092375275,400,309.09898747805,537,100,0.194158279697223,235.010940919037,140.383260578815,432.179850140989,326.211763398146,47.1338861661146,0.132395164512886,7.20027500903443,90.8008922353846,25.0204338408657,1.0703695469311,24.5893325805664,8,FALSE,1.54877665696106
309.702214798537,8.01063131221286,0.139311819073164,1.04763178239142,8.91851170707798,8.92447018933349,1000,0.822478311942275,0.755971659415417,23.2822745678313,400,309.702214798537,482.7,100,0.188847250075202,211.247264770241,111.273922634878,415.918856022781,304.322998776265,46.1878550897607,0.136868836570778,7.26045299460374,63.4360703010293,22.1480794417375,0.99504547672924,21.8493962287903,8,FALSE,1.43287833904104
305.142917849057,7.65180649337842,0.126656850247995,1.09727178578356,8.68559636174673,8.94821603861846,1000,1.00780646685987,0.865432976000237,26.3974282296996,400,305.142917849057,482.7,100,0.194590045449596,211.247264770241,118.454970797946,433.679651597513,334.231477357021,48.2380908120061,0.124616802097277,7.1970812157505,68.3683797773995,25.1346126896154,1.17611356916499,24.809871673584,8,FALSE,1.58755655611559
309.150805900893,7.98190291193757,0.137969834276472,1.05310551488479,8.90968112227314,8.91699820612179,1000,0.843110812398079,0.768468621554521,23.6620895146966,400,309.150805900893,476.4,100,0.189539042837393,208.490153172866,109.743213855888,418.054602807363,308.252847924402,46.4130511632057,0.135570799699868,7.25279377339981,61.717289590136,22.5000724679138,1.01568975525476,22.2091751098632,8,FALSE,1.4529144048334
309.392735264999,7.73788683156621,0.134087063892588,0.992890367189441,8.91369608433328,8.6050514608435,1000,0.844903237247453,0.764758567673863,23.6946455050574,400,309.392735264999,396.3,100,0.189571382218259,173.435448577681,79.75121200564,418.238051144191,311.618199161759,43.7585057554895,0.131820205001628,7.25330454970561,35.0759655794709,22.3912872285873,1.01498913406056,22.2259723345439,8,FALSE,1.46867317051349
305.595496037939,7.49035100228136,0.124588743392094,1.03859090254618,8.66347977372628,8.56931673683205,1000,1.02871219683445,0.855303715324129,26.7121726550696,400,305.595496037939,396.3,100,0.195173401537748,173.435448577681,87.2127299746893,435.505252827356,337.579304806491,45.6452198233714,0.122612567665336,7.19084235680793,40.4691003164187,25.2997129693528,1.17438755357477,25.1073231697083,8,FALSE,1.60484948536134
304.972653836683,7.66060974685504,0.126571745844556,1.1230595380535,8.68355334769097,9.11688050801309,1000,1.00625217990644,0.869646963527123,26.3737676694357,400,304.972653836683,540.7,100,0.194544423985199,236.630196936543,140.101630266182,433.542646410653,334.178065636843,49.3728812823632,0.124534567252057,7.19762338387679,88.3409822733309,25.206161080532,1.17987667475209,24.7865843772889,8,FALSE,1.58718329214676
307.652994204983,7.96488517367701,0.135418574795052,1.13723702653661,8.8674272711475,9.28050874502276,1000,0.884382966414674,0.803244243623058,24.394727014425,400,307.652994204983,632.5,100,0.190882195341205,276.805251641138,169.883753568633,422.197538728663,315.367658313577,50.0872451667486,0.133102014450128,7.23787011191129,116.718330590567,23.4564856513682,1.06644148808671,22.9052128791809,8,FALSE,1.48951413524411
297.393904663708,7.08509726018272,0.108412870906138,1.34273011412185,8.22672332085582,9.56375242185145,1000,1.13658933823059,1.07994156602471,28.2409231299727,400,297.393904663708,986.4,100,0.197978093622728,431.684901531729,309.196826929193,444.454532032471,358.630236701885,58.9306139637291,0.106907560335415,7.1623359621652,243.534539919241,27.6915813141837,1.4471011955047,26.5292119979858,8,FALSE,1.71171113198692
309.523266129594,7.9929601739977,0.138703802471123,1.13896478924407,8.90675062270775,9.40716518192952,1000,0.898461627319217,0.760431790294986,24.6368425943138,400,309.523266129594,699.4,100,0.191358561575375,306.083150984683,196.986248336243,423.573404975955,314.258395491615,50.1514098027717,0.136272429204775,7.23163109403249,143.04955729309,23.8275078636288,1.02632227178763,23.1512870788574,8,FALSE,1.48555551545637
309.251345443098,8.045937513726,0.139203720498931,1.20725609408821,8.91228586722017,9.52412012516858,1000,0.853666072238901,0.766250620460927,23.8528180355986,400,309.251345443098,878.2,100,0.189901339210907,384.332603938731,261.646102688926,419.130190050927,308.627161907396,53.1971956800426,0.136760488095544,7.24833473228456,203.127117512348,23.3552497833749,1.01641993408022,22.3972444534302,8,FALSE,1.45557358216843
303.377747413749,7.43010409558085,0.120733720894466,1.20233447181314,8.51574065069357,9.44635542120906,1000,1.07792215034856,0.911772124807125,27.4284952576269,400,303.377747413749,739.3,100,0.196512973690045,323.544857768052,217.385985308271,439.681596596136,344.355223288541,52.8067695954777,0.118873347839636,7.17636590824986,160.192604783036,26.55122144059,1.2498845339446,25.7881307601928,8,FALSE,1.6403644974341
307.109495931804,7.56135194801484,0.127803402971331,1.11413368484654,8.63764346050083,9.31154433597323,1000,1.06542343025334,0.818623113605818,27.2497048913124,400,307.109495931804,617.2,100,0.196225065198836,270.109409190372,173.047690224645,438.636402429325,337.567206820197,48.9399009548725,0.125721159910433,7.17812322091788,120.805387742712,26.2173948815447,1.14722803677299,25.6420693397522,8,FALSE,1.60763555156021
309.976238961702,8.03683376843199,0.140177977960183,1.06373917244553,8.92944639003927,9.05749575218715,1000,0.847130943564334,0.749967990293395,23.7350114296117,400,309.976238961702,522.9,100,0.189689931208199,228.840262582057,127.996250034508,418.465591169688,307.004988570997,46.8781554106133,0.13770147440964,7.25055017470752,79.0499777929993,22.6602391873707,0.997252684664308,22.2875308990479,8,FALSE,1.44748053056376
304.075292569355,7.5449275643765,0.123494080880178,1.11970487837333,8.60243671529016,9.05659210596261,1000,1.04181638494057,0.892989875344848,26.90621679701,400,304.075292569355,522.9,100,0.195535151090585,228.840262582057,134.616769149892,436.63362865553,339.474566575955,49.2013346339302,0.12155116984788,7.18693813740326,83.153087028762,25.6870044408831,1.21719307901338,25.2914805412292,8,FALSE,1.61473625578076
308.766948370335,8.01492085468796,0.13793476743713,1.11063563736198,8.90001830830317,9.21923642631034,1000,0.862072581045841,0.777307441288002,24.0030401467454,400,308.766948370335,600.1,100,0.190171105107229,262.625820568928,157.146308816459,419.978807012258,310.698684658654,48.9330452545742,0.135534573366294,7.24551095113449,105.445657878483,23.0346311538837,1.03119405468053,22.5371255874634,8,FALSE,1.46591455928199
307.62334727109,7.98106747760116,0.135648018082684,1.20527398531654,8.86954443586691,9.48379867265541,1000,0.875960897447925,0.803872111282279,24.2480404134431,400,307.62334727109,816,100,0.190610378737898,357.111597374179,238.458748236448,421.36559738362,314.211769066017,53.0910055393973,0.133324642461498,7.24095732872741,180.613292891557,23.6173099938229,1.06401576853285,22.7646183967591,8,FALSE,1.48342201668398
302.37435366868,7.44591824992898,0.11974696398783,1.24665419890797,8.51710398378232,9.51509638735437,1000,1.06398133460181,0.937734749845594,27.2289413339976,400,302.37435366868,816,100,0.196123095449167,357.111597374179,244.938145148716,438.515141220352,344.21606360818,54.763799526515,0.11791781555108,7.18102637836561,185.118519998655,26.4715589264955,1.27205471195958,25.5903038978577,8,FALSE,1.63863743613994
302.611109913868,7.68706705101905,0.123925301093501,1.49379875129006,8.66756299479661,9.79014331663827,1000,0.973853187282986,0.929542579391749,25.8720633774901,400,302.611109913868,1457,100,0.193573049243686,637.636761487965,481.732004068313,430.645189269492,333.668200084559,65.7032138847637,0.121974896447468,7.20936898383022,405.150417621776,26.2110160197787,1.23087591725736,24.2898836135864,8,FALSE,1.58217976390372
292.280170586713,6.72955746450782,0.0980840413715886,1.40313198153175,7.93099719918348,9.50605749743973,1000,1.19746025229321,1.24424972237908,29.0406912394699,400,292.280170586713,1074,100,0.199441271261161,470.021881838074,341.170356344457,449.190944555727,371.148687910064,61.5375808079396,0.0968478181352133,7.14797172941609,272.042305770608,28.5667144693722,1.64019289332769,27.2656707763672,8,FALSE,1.7750204631027
301.611348215108,7.63380426806713,0.121815937845653,1.63405509069122,8.62597876411415,9.85100944717784,1000,0.98613880050721,0.956336350651783,26.0642459841105,400,301.611348215108,1822.4,100,0.19392094510487,797.549234135667,619.214752371879,431.753366183649,336.476201590223,71.8598581066653,0.119929946942735,7.20582477051739,533.010674547015,26.9966267424073,1.26329851800934,24.4679665565491,8,FALSE,1.59627942756137
301.514760910978,7.6134446481941,0.121372040458636,1.48261318208461,8.61329210302167,9.77304224550501,1000,0.993494721560623,0.959083634547796,26.1781712649723,400,301.514760910978,1400.1,100,0.194133545962455,612.7352297593,460.597999594914,432.411299065454,337.462843397323,65.1931263540999,0.119499062886449,7.20347596593135,385.028365801531,26.403900817223,1.26883332621982,24.5766890843709,8,FALSE,1.60148218060138
289.136186505153,6.35855182954648,0.0900482615584445,1.43175049320971,7.63173217486893,9.44703365755555,1000,1.26998021063288,1.35873637169427,29.9420585623333,400,289.136186505153,1179.6,100,0.201128091609604,516.236323851203,381.692916686635,454.574315821408,382.100599647433,62.7412353586718,0.0890027305798274,7.13071853492483,310.202160743476,29.5973719407291,1.78581767195648,28.1102390289307,8,FALSE,1.83181953340264
296.787895093629,6.96581745489944,0.105961596088178,1.48178836567328,8.13617880520231,9.71169850631051,1000,1.16617517204345,1.09935357046139,28.634857644182,400,296.787895093629,1389.1,100,0.198719151832282,607.921225382932,461.734818196825,446.78279790147,362.523828755069,65.0101361340736,0.104521575354753,7.1544660777839,386.003234163831,28.7470460886846,1.47825648686308,26.9026594161987,8,FALSE,1.73219822798332
298.406606236233,7.58047254231241,0.117149588763531,1.39345614850086,8.5607404931557,9.59439232066066,1000,0.973237376172626,1.0452537646162,25.8623666044341,400,298.406606236233,1045,100,0.193503448744127,457.330415754923,323.520473438206,430.589331644795,339.249336855907,61.2918618075533,0.115405675004495,7.21164708374378,255.376334896061,25.4647852739874,1.35117164848756,24.2542304992675,8,FALSE,1.60813610516656
291.802305906243,6.71951817496482,0.0975051884640244,1.39901452609321,7.92021660208741,9.48361046040693,1000,1.19670028786655,1.26026258191982,29.0309591552497,400,291.802305906243,1045,100,0.199417693182191,457.330415754923,329.825013095025,449.133082377248,371.609309399269,61.3577054067819,0.096283487921302,7.14835824666579,261.181139515411,28.5028644344622,1.65645885948273,27.2538318634033,8,FALSE,1.77712729184638
297.999621870006,7.5506356454784,0.116222740922165,1.43540840521564,8.53898936460131,9.64249672483985,1000,0.981795334740288,1.05723152917204,25.9965765728416,400,297.999621870006,1156.6,100,0.193750305632108,506.17067833698,365.679710544352,431.362922390088,340.768861319064,63.1294280691965,0.114505490276149,7.20900407918793,294.631715053974,25.7777934999138,1.36672489221187,24.3806452751159,8,FALSE,1.61593129772573
298.367321740183,7.5394068148817,0.116469582875345,1.50315018670242,8.53618122766841,9.7206871510904,1000,0.990663120914318,1.04679017687504,26.1344168452469,400,298.367321740183,1368.3,100,0.194013267223483,598.818380743982,446.140411018089,432.158522891932,341.318071655425,66.1001101290712,0.114744357770977,7.20592315240813,370.076315217943,26.270847194856,1.3591187656515,24.5151891708374,8,FALSE,1.61922767440954
290.870240773161,6.54306541354981,0.0941336413545765,1.49648137105034,7.78237935802039,9.57057135723206,1000,1.23593629918436,1.2947637871329,29.5255102069865,400,290.870240773161,1368.3,100,0.200350459195642,598.818380743982,452.599800758303,452.080523095585,376.719072526378,65.6025957308854,0.0929929326394758,7.13857585626221,376.432298881492,29.5241369054114,1.70689289683004,27.7214779853821,8,FALSE,1.8040322216044
290.237224147974,6.60531384756461,0.0944812389669583,1.45279706952393,7.82455843392874,9.51111859911973,1000,1.21562561528769,1.31536271402314,29.2714963161932,400,290.237224147974,1184.1,100,0.199859646405694,518.205689277899,381.765133806224,450.564837144655,375.308301150531,63.7027750206539,0.0933330059743377,7.14401482904462,309.406460489058,28.9561458639546,1.72047302299718,27.4755883216857,8,FALSE,1.79590799450748
299.741010558173,7.60013761378181,0.119017304920071,1.28761235105979,8.58762805784049,9.43816278636801,1000,0.97892332402538,1.0074814821131,25.9516672058543,400,299.741010558173,790.4,100,0.193686535597345,345.908096280087,229.045963101706,431.103947354362,338.188790221815,56.6311299298258,0.117217150213951,7.2091319714627,167.903790291279,25.1441873842723,1.31400596437792,24.3479990959167,8,FALSE,1.60366810993759
293.789803114819,6.78042747893322,0.100230420650699,1.29021727513061,7.97969770827915,9.32294225612421,1000,1.19455197619661,1.19444994522554,29.003414467147,400,293.789803114819,790.4,100,0.199386452336376,345.908096280087,235.498762198761,448.969345531661,369.118736971729,56.5869585104193,0.0989398867399404,7.14814044550552,174.056756498382,28.0705515850092,1.58756941034822,27.2381439208985,8,FALSE,1.76527054624849
300.942037862259,7.68363256157329,0.121785257187522,1.21477894831262,8.64949657317112,9.2169894659799,1000,0.953011052845394,0.973814872632495,25.5404180652119,400,300.942037862259,616.9,100,0.192930552234413,269.978118161926,163.210423625668,428.737851363722,333.56844320311,53.4478492754341,0.119903144856217,7.21724232384415,106.904806463006,24.4668024337122,1.26958846247204,23.9604368209839,8,FALSE,1.57998124422801
302.287452089264,7.71694506936362,0.124000738189623,1.16020877301598,8.68777825203513,9.01112110107659,1000,0.949071692592888,0.937646740006995,25.4769196681036,400,302.287452089264,516.3,100,0.192827471305017,225.951859956236,126.107336717207,428.373387228625,331.368223097716,51.049484386293,0.122050260904103,7.21794587989053,73.1048556353369,24.2537478995351,1.23054823912123,23.9075129826864,8,FALSE,1.56940668541717
297.197084156645,7.07578948530171,0.10806511424475,1.17622434645741,8.22185647692747,8.91222872591407,1000,1.13643271100843,1.08579749841977,28.2388104707661,400,297.197084156645,516.3,100,0.197971253475608,225.951859956236,132.115446464963,444.442070196177,358.918284755922,51.6230731784984,0.106569409873809,7.16248706645364,78.3274026634261,26.8996026886218,1.45319218917047,26.5257606506348,8,FALSE,1.71304982013132
292.137698519469,6.62166907111238,0.0963840674615933,1.37165311741601,7.85005473752241,9.45495801794738,1000,1.22455884100124,1.25074157085323,29.3837378105025,400,292.137698519469,1017.3,100,0.200093284591027,445.207877461707,321.001688721085,451.234104804006,374.134828457075,60.1379078792306,0.0951889117068184,7.14099353929476,253.753513385318,28.8074509682189,1.65711028301193,27.5926876068116,8,FALSE,1.79105020369093
306.084787052593,7.89696964867582,0.132023584116329,1.13172745211318,8.82079152700911,9.15168906895744,1000,0.901879957818715,0.840806700901915,24.6950563350782,400,306.084787052593,564.8,100,0.191418550313918,247.177242888403,144.357321293266,423.904716105373,320.059550013147,49.8312405818137,0.129819149680865,7.23243647865927,92.0887964075395,23.6175179061373,1.11221268238408,23.1822462081909,8,FALSE,1.51281012688732
300.96105288814,7.28659595156743,0.11551368084371,1.15783005848149,8.399297278962,9.11023766858728,1000,1.1029353206924,0.976917755770472,27.780157993704,400,300.96105288814,564.8,100,0.197147229938039,247.177242888403,151.360543125494,441.742837755877,350.437627027549,50.8362919904579,0.113808135585008,7.17026190008163,97.8342854628279,26.5758367889961,1.32730093343882,26.1093983650208,8,FALSE,1.67075962868316
308.883450553272,7.20519486631631,0.124153929929129,0.918332996498097,8.88322793714947,8.11733935440578,1000,0.903653379578015,0.779799190262643,24.7251706168508,400,308.883450553272,321.8,100,0.191416872240218,140.831509846827,54.4761029745506,424.07618139531,326.693851126031,40.4352750381599,0.122202994240732,7.23420648720024,13.6788850748759,23.2460197826809,1.05697862986214,23.1813802719116,8,FALSE,1.54379034493918
308.171431311897,7.51567266449398,0.128501716875304,0.976663997979736,8.88064287318973,8.40240861332295,1000,0.872450114684528,0.794043182761623,24.1864764095662,400,308.171431311897,361,100,0.190443692931854,157.986870897155,67.1828349219614,421.016800204741,319.603417637364,43.0245720789349,0.126415814066741,7.24448975799288,23.5394558528883,22.789413366326,1.05749440190797,22.6783356666565,8,FALSE,1.50814074290975
305.151663417939,7.23629101487592,0.119790198537978,1.00373977824248,8.59062123441315,8.32214029166057,1000,1.06226986530852,0.868406663042192,27.2042627360621,400,305.151663417939,361,100,0.196076205548599,157.986870897155,75.224038542701,438.371048492452,344.058794652488,44.0939214416751,0.117959871203943,7.18155258201047,30.3027679058826,25.7107394688278,1.2021322563426,25.5664939880371,8,FALSE,1.63776874802497
302.200870953869,7.32644576428615,0.117618895848307,1.12328805406046,8.43887927579013,8.98749295447793,1000,1.09978325360676,0.943308969075896,27.7362844632138,400,302.200870953869,512.9,100,0.197079417120431,224.463894967177,132.479216735069,441.485281916091,348.448594148405,49.321313620212,0.115851171380375,7.17058337661183,80.933491991051,26.4609265673893,1.2909888470624,26.0750823020935,8,FALSE,1.66120216112027
312.417382548092,7.07852250764214,0.126891618363637,0.840048316626218,8.9802545152138,7.9271177855475,1000,0.842670663471669,0.702809623810733,23.6540844613894,400,312.417382548092,296.6,100,0.189444382268277,129.80306345733,43.6586948681855,418.009504725227,317.145753941353,37.0248346381011,0.124860531421214,7.25639870208655,6.4650751054042,22.1904542371008,0.956654821752294,22.1599969863892,8,FALSE,1.49408747500024
308.979929663435,6.76059431503547,0.116615991709261,0.864512037942881,8.73094891573373,7.80361643312038,1000,1.0365119351473,0.780911207005355,26.8279652414692,400,308.979929663435,296.6,100,0.195332900668457,129.80306345733,51.6925349797446,436.178328677013,344.84559939044,37.991606988681,0.114882860620892,7.19073814887736,13.3385916435804,25.2519605717513,1.10853553718738,25.1885480880737,8,FALSE,1.63941715339548
313.424348781368,7.18842788221282,0.130360779363599,0.839933928783568,9.00352289265359,8.0316298715972,1000,0.836620175116149,0.681068840831934,23.5436175430182,400,313.424348781368,306.6,100,0.18926526205571,134.17943107221,47.6966153256612,417.387539579927,313.515077021289,37.0231219702031,0.128218426534627,7.25768190448182,10.4022249454917,22.1158921557582,0.930612367672575,22.0668954849244,8,FALSE,1.47672205809375
312.204162063521,7.41647365331499,0.132628144041023,0.892373473131187,8.97705804603976,8.26567570424259,1000,0.839745683386173,0.705307279424463,23.6007809621167,400,312.204162063521,336.3,100,0.189387220966723,147.177242888403,58.4401023058154,417.709301744228,312.108999764849,39.3321759624342,0.130410675741693,7.25576074048103,18.6218652083509,22.2180287070186,0.954592363285,22.1302925745646,8,FALSE,1.47048838755213
309.685509838849,7.18049082136304,0.124828246219465,0.914864449737445,8.78608559401208,8.20732927104156,1000,1.01545578521998,0.761756317553088,26.5133429190033,400,309.685509838849,336.3,100,0.194796584424101,147.177242888403,66.1537033145735,434.351318571684,336.356891915555,40.215023839309,0.122845683739785,7.19510976514168,25.2549406121124,25.0352437523386,1.07629756037708,24.915253162384,8,FALSE,1.59808975661931
308.749913939626,6.99877272141761,0.120421236877539,0.904407537768014,8.71559904427053,8.05164465028811,1000,1.04326999239011,0.784344013692317,26.9275909546621,400,308.749913939626,321.7,100,0.195552313638778,140.787746170678,61.4392666363406,436.75805431637,342.154794033647,39.7405444659751,0.1185732068847,7.18740586684814,21.1239884092243,25.4006832040786,1.11134091782642,25.3002119064331,8,FALSE,1.62737904822901
319.134983798612,6.80501762384651,0.132121579869234,0.706762140216384,9.10787246124105,7.60022126774949,1000,0.791385812098577,0.572048828976173,22.6915184010423,400,319.134983798612,261.7,100,0.187712471971797,114.5295404814,31.1669094380694,412.613236129619,305.217609043891,31.1774516984932,0.129926640132896,7.2751323916017,-0.0102770916040646,21.2572792654557,0.803921669313207,21.2573275566101,8,FALSE,1.43419084443224
317.456961779398,6.54942368336915,0.124574206315398,0.711275137860942,9.04783243567823,7.5113092249289,1000,0.958225923910047,0.604695458849901,25.624073847092,400,317.456961779398,261.7,100,0.193109314241981,114.5295404814,38.8808628644531,429.218368564881,331.739799234158,31.2919088527219,0.122604883248162,7.21457022000426,7.39111908943957,24.0871939462744,0.900305484199996,24.0521721839905,8,FALSE,1.57190166310147
321.409918235868,6.25575271990617,0.12497276796464,0.615531529623532,9.13569142110678,7.03025463450453,1000,0.772158618057639,0.534253871842664,22.3144731942449,400,321.409918235868,221.1,100,0.186975662582097,96.761487964989,15.7424889222407,410.513778529466,307.48573379546,27.1630956507703,0.123009833684641,7.28519190795627,-11.13482947715,20.8193703582853,0.762818834451407,20.8716197013855,8,FALSE,1.44285349285943
323.256406765726,6.88552628467651,0.140863975662749,0.645239292912641,9.03892632668625,7.58212305643651,1000,0.692665258134564,0.490934764119188,20.6489979749335,400,323.256406765726,258.5,100,0.184111652404799,113.129102844639,26.702636251365,401.335803491564,275.178460569628,28.5155321640443,0.138384375535951,7.31302209687906,-1.76837553018603,19.354391475254,0.677988563560757,19.3626578648885,8,FALSE,1.286340110045
320.012091177645,6.57027550462121,0.128962725134299,0.679039978193603,9.13207899578875,7.50658915462672,1000,0.932857610904913,0.557351319548677,25.2127605250374,400,320.012091177645,258.5,100,0.192367149949816,113.129102844639,37.5792756311733,426.859676559365,325.732981778761,29.8847721007793,0.126855563279742,7.222164227017,7.49487261116708,23.7064202555592,0.841359524718969,23.6709442138672,8,FALSE,1.54181631117021
315.050380459383,7.15426906594578,0.132225182013856,0.825572508386247,8.9771647671198,8.13484754884073,1000,0.972808760663967,0.648216083620522,25.8556138554738,400,315.050380459383,319.4,100,0.193604347446021,139.781181619256,60.4053178405326,430.550436087421,326.719663126116,36.3114010497549,0.130006450137142,7.20718692815521,23.4636210745513,24.4172063616047,0.943357490173616,24.3059134483337,8,FALSE,1.54970040714011
327.030118486698,2.00866582310658,0.0432180813349946,0.184442513527241,9.14208088847419,2.75353353707543,1000,0.744749046105803,0.486022698418793,21.7604139193491,400,327.030118486698,66.6,100,0.185394319146136,29.1466083150985,-43.4971427826721,407.443223345136,368.372142369992,8.14588168429902,0.0429820569979449,7.32128692695957,-50.3675842230326,19.8051967675005,0.748570363748094,20.0403776168823,8,FALSE,1.72003630246684
326.70402003527,1.70791018720572,0.0365836227385192,0.168866982332678,9.19040391927,2.62297930421857,1000,0.914964367257713,0.523051456104572,24.9158617736818,400,326.70402003527,66.6,100,0.191102809146193,29.1466083150985,-35.8195258868112,425.163150332744,402.596397118551,7.43657625658272,0.0364128537692749,7.25644663214041,-42.1461581681997,22.8206740432301,0.863878182687577,23.0192251205444,8,FALSE,1.89663665313745
329.625580851951,1.31172713468313,0.0292637756789305,0.123524724669207,9.14355161364864,2.0574715038718,1000,0.745684633658786,0.482939706345715,21.7796597954394,400,329.625580851951,48.8,100,0.185326476272019,21.3566739606127,-50.2138280755259,407.549592860336,380.347910585572,5.45564286280775,0.0291554247851084,7.3250192414875,-54.2957622872748,19.7512165876396,0.753769479141336,20.0046100616455,8,FALSE,1.77504973379386
334.148127913583,0.785494313343193,0.0187273916939323,0.0776135418563755,9.14101604257353,1.52960177583362,1000,0.744076724732236,0.476050624329223,21.7465687293889,400,334.148127913583,35.7,100,0.18519022311911,15.6236323851204,-55.1596637398358,407.366715615067,388.854626792582,3.42814845420603,0.018682981415236,7.32877709886459,-57.1438492983647,19.6662009324221,0.752018380236756,19.9327494303385,8,FALSE,1.81381929905042
338.245370945146,0.555434419612225,0.0141210667335751,0.059531702126563,9.22656777900882,1.46331440902418,1000,0.907852408182401,0.484150687024619,24.7962388852536,400,338.245370945146,35.7,100,0.190701525524905,15.6236323851204,-47.1566758606155,424.481037527956,421.774893193479,2.62218708563469,0.0140955828493706,7.26568318278746,-48.5057385737695,22.5835574249275,0.837718900772288,22.8117780685425,8,FALSE,1.98446081671112
320.670567098095,2.63103745543049,0.0520708300216432,0.277858486301009,9.08699356393659,3.55187528384064,1000,0.9206099438502,0.597475756509426,25.0101600058419,400,320.670567098095,93.4,100,0.191400529091494,40.8752735229759,-27.0197173715216,425.701436240138,389.625267345926,12.234533627766,0.0517252387173296,7.24979512050471,-38.2445632066058,22.9926105361744,0.929773549434371,23.1729464530945,8,FALSE,1.83721355274738
340.909434754558,0.458200946250903,0.0121742303334408,0.035223781927946,9.07631930608226,1.16740489996408,1000,0.709186722637828,0.342266766508847,21.0103515364296,400,340.909434754558,26.6,100,0.183852942277593,11.6411378555799,-56.9259365057093,403.313916387585,383.475360633851,1.55687590751183,0.0121554885143859,7.34503258276398,-57.0546811049317,18.9600390133031,0.603424524033976,19.2255825996399,8,FALSE,1.7847689367897
349.598342058229,0.269587106610047,0.00839775011641317,0.0351673887220927,9.23421193562105,1.12611132784552,1000,0.856508581456025,0.482369549617107,23.9037778297334,400,349.598342058229,26.6,100,0.189008909214015,11.6411378555799,-53.086915017763,419.417921811691,419.958119414547,1.55032932225993,0.00838875670150448,7.28664232682211,-53.2558361350244,21.6836992199877,0.817372080473684,21.9335484504699,8,FALSE,1.97022937926352
329.876507448226,1.26748645175164,0.0283779760780278,0.0746913186084806,9.05656444621252,1.96775218846103,1000,0.700211118195685,0.311211082828739,20.8150966896436,400,329.876507448226,45.9,100,0.183631423150127,20.0875273522976,-49.1504171459533,402.244151215146,366.70919118823,3.30169745295025,0.0282763357510142,7.3439553904345,-51.1725735335454,18.8699083808366,0.558870850934128,19.1081104278565,8,FALSE,1.70698626178712
332.804251740314,0.897554767150382,0.0209710981351977,0.0558345765098966,9.045307969875,1.59293755029895,1000,0.69534873586113,0.315845599605249,20.7082728353769,400,332.804251740314,36.7,100,0.183396092749102,16.0612691466083,-53.0483741074513,401.659784501298,370.798761493931,2.46844019124458,0.0209155703104474,7.34804417727901,-54.1649391646957,18.7312197192825,0.56455991136508,18.9832105636597,8,FALSE,1.72506227171724
335.570047647135,0.690376664080036,0.01682291892875,0.060200142947303,9.2300928059118,1.52931153141278,1000,0.838904497795347,0.41529045397016,23.5854172023298,400,335.570047647135,36.7,100,0.188491600720159,16.0612691466083,-48.4322373069955,417.622803747761,409.778170219589,2.65457103011845,0.016786887892255,7.2909869740475,-49.7993610661729,21.4305985493541,0.736918215723949,21.664092540741,8,FALSE,1.9213246615888
331.094079428628,0.731500646225168,0.0166671560536395,0.0874363118999401,9.10790043018914,1.6061217138168,1000,0.874586682350726,0.594809239157815,24.2239720404005,400,331.094079428628,39.2,100,0.189663288253664,17.1553610503282,-50.1029491829733,421.229209755747,415.172403384578,3.85330153554962,0.0166317221429674,7.27731497457352,-52.5857472065387,22.0266766119922,0.932259623151637,22.2736983299256,8,FALSE,1.95027371047493
328.887615656114,1.45947273663587,0.0322219803578118,0.047224196582695,8.97127918997833,2.12641864145143,1000,0.666879850413715,0.184477922241701,20.0674329069016,400,328.887615656114,49.3,100,0.182397515329285,21.5754923413567,-46.2077423206022,398.167504348096,347.58178119008,2.0888441353035,0.0320912082503392,7.35554252131742,-47.1279412656261,18.2330019346051,0.410057955202049,18.4520311355591,8,FALSE,1.61540177134249
330.121473600625,1.22679832026863,0.027563306677808,0.0936843315003364,9.21636854956001,2.0383970886005,1000,0.811540885777757,0.393959238952709,23.077049544076,400,330.121473600625,49.3,100,0.187647142261027,21.5754923413567,-44.3925693221446,414.768261242747,395.808509532371,4.13284022268733,0.0274668150930382,7.29863621211026,-47.3090977921093,21.0015838924558,0.696549821847431,21.2231693267822,8,FALSE,1.85388021729378
328.219952382346,1.62146681907978,0.0354654721863535,0.0410562692626087,8.95743984701089,2.28364423106628,1000,0.662099276344347,0.150462975641105,19.9571445634295,400,328.219952382346,53.1,100,0.182238822562048,23.2385120350109,-44.1155598718993,397.568788718907,342.086028756529,1.81616915680944,0.0353071276972163,7.35625401535017,-44.8213553245202,18.1591492236244,0.371274749369081,18.3674383163452,8,FALSE,1.58970624708432
327.568405009294,1.81441630279279,0.0393287619084403,0.0478947184135807,8.97031336556925,2.48105265405609,1000,0.666541501296036,0.15600489496474,20.0596531952344,400,327.568405009294,58.1,100,0.182431907141881,25.4266958424508,-42.1369143914302,398.125248946429,341.875904458613,2.11846562481849,0.0391340669405975,7.35363495998064,-43.1840528213062,18.2696057105212,0.378001314751054,18.470357577006,8,FALSE,1.58929561822838
328.357112874494,1.5855718956379,0.0347467737677851,0.113344936481054,9.20845117986989,2.38646595886333,1000,0.800810586766824,0.377754207125355,22.8730052915245,400,328.357112874494,58.1,100,0.187331107300706,25.4266958424508,-41.1370101131746,413.626654789438,387.663941588244,5.00095641216934,0.0345936190493819,7.30081997791586,-44.9837328220658,20.8471846379295,0.671120424794625,21.0578155517578,8,FALSE,1.81518973976673
332.248900331827,0.952106306618298,0.0220633446532754,0.0804626775802049,9.21951622494122,1.76861446576819,1000,0.816466179922156,0.421806503101004,23.1698057680605,400,332.248900331827,42.5,100,0.187773759884787,18.5995623632385,-47.4477547712952,415.288003265962,401.460366030549,3.54934643760004,0.0220014727761578,7.29829386451614,-49.7179359758687,21.0564864643785,0.730038073259145,21.2893652915955,8,FALSE,1.88044047646498
332.474439774378,0.929285414499108,0.0216064182273719,0.0238539054240202,8.91549602067158,1.57773660541074,1000,0.648417268645881,0.147951967422906,19.6370421483314,400,332.474439774378,35.8,100,0.181643247945732,15.6673960612691,-51.2850095574207,395.834891636849,341.982811452371,1.05552653275479,0.0215476083890446,7.3641631668658,-51.0805905718306,17.8124009903502,0.364645170125995,18.0495223999024,8,FALSE,1.58751974842901
335.299179458299,0.706975889045569,0.0171552733562919,0.0532809135589187,9.20931444242893,1.50889590242319,1000,0.801890447856352,0.364389562548204,22.8936629593585,400,335.299179458299,35.8,100,0.187234763139325,15.6673960612691,-49.3418571345034,413.742124956841,403.111590279165,2.35095191191044,0.0171178808327323,7.30557495682108,-50.4010785448334,20.7715266154132,0.669013026037077,21.0073699951172,8,FALSE,1.88629296424132
333.068158542366,0.873481100671506,0.0204890883029293,0.0207914994089782,8.85955682311628,1.50525868574725,1000,0.6317467772212,0.138592851979131,19.2377661757735,400,333.068158542366,33.9,100,0.181059933034938,14.835886214442,-52.4611526396923,393.680091911219,323.319962406852,0.920292384198808,0.0204362171157831,7.36708390166665,-52.1009658659689,17.4957141376039,0.339416877399528,17.7374763488769,8,FALSE,1.50028982689656
333.680597999611,0.821657378733113,0.019451458927239,0.014541499823021,8.92026711541541,1.47160405122675,1000,0.64991759983393,0.11017826052726,19.6724717654172,400,333.680597999611,33.3,100,0.181684256045482,14.5733041575492,-51.2265320915396,396.026523401974,344.903994197189,0.6434424490651,0.0194037834500183,7.36436128931723,-50.6211141038559,17.8364525066025,0.329060993505014,18.0714346567789,8,FALSE,1.60103710863827
336.882469902935,0.618283184085561,0.0153794426626698,0.048352188170697,9.20229809036113,1.41190645901555,1000,0.793597686986009,0.368860250253997,22.7343044263227,400,336.882469902935,33.3,100,0.186932959158978,14.5733041575492,-50.816359750275,412.851984370825,403.063712506248,2.13380373079078,0.0153493999509749,7.30944504669794,-51.6297750561846,20.6077691603307,0.67071486555764,20.8492341041565,8,FALSE,1.88507032216623
330.559672330918,1.15956688788095,0.0262171797188427,0.0797683566858345,9.2093366493276,1.96153844782441,1000,0.801918476282073,0.355726352546765,22.8941987707327,400,330.559672330918,47.2,100,0.187304862372933,20.6564551422319,-44.7434549112083,413.745120303354,395.236848010557,3.51955169460184,0.0261299186466623,7.30289438061892,-47.0561100311345,20.8238035049098,0.654801792107678,21.0440754890442,8,FALSE,1.85012328168848
329.228265043894,1.38772989961781,0.030785524765645,0.0391824740002548,8.81676014837069,2.00777255926651,1000,0.619983460276741,0.164089404151382,18.9496300651993,400,329.228265043894,45.7,100,0.180763436268892,20,-49.0350133971774,392.1305621739,295.310904018295,1.73459553373002,0.0306662562820323,7.36331126986606,-49.5531192584343,17.3485502168536,0.345361254873579,17.5786075592041,8,FALSE,1.37102250599516
330.894391044919,1.11247681408349,0.0252743287994556,0.0732350272930729,9.20278935357557,1.90667233732485,1000,0.794145699690321,0.340287931727335,22.744886631561,400,330.894391044919,45.7,100,0.187027319981702,20,-45.3235246341857,412.911049603411,394.581564744781,3.23174037284061,0.0251932593237272,7.30631108294091,-47.3433671055885,20.6771815026588,0.636387526021417,20.8986945152283,8,FALSE,1.84619211633275
330.402497374573,1.18292100731329,0.0266847825744458,0.0296895720258042,8.85589847791305,1.81367806371056,1000,0.630710349013982,0.147718597387744,19.2125958676263,400,330.402497374573,41.2,100,0.181059602694057,18.0306345733042,-49.9484503601046,393.544549034147,317.870662008104,1.31414724531286,0.0265951536281688,7.3656218253982,-50.0327079321961,17.5050884081055,0.345058063135481,17.7372994422912,8,FALSE,1.47529642533511
327.219278599984,1.93617974847896,0.0417667444269371,0.0300129390461216,8.35352458333719,2.46062982319828,1000,0.524347339336271,0.103593860746985,16.3813025156657,400,327.219278599984,55,100,0.178539311696618,24.0700218818381,-46.5350618655492,378.519938288117,0,1.33019290546523,0.0415378288984496,7.05002569091012,-46.6830243230738,16.1549389403288,0.103593860746985,16.3813025156657,8,TRUE,0
328.822361399377,1.47397984078638,0.0325124457443131,0.102884554142348,9.20432605139878,2.26994316664757,1000,0.795889025818165,0.367667699112595,22.778502013713,400,328.822361399377,55,100,0.187142924901821,24.0700218818381,-42.3244723706408,413.098717979371,388.668681908709,4.53985955302333,0.0323783648372802,7.30346831283502,-45.6934891350836,20.7453909366141,0.660176079513806,20.959267616272,8,FALSE,1.81923439744095
334.387584081877,0.767995230466631,0.01837702005405,0.0472237900391808,9.20158528172747,1.56083733307663,1000,0.792810219560016,0.306385194989133,22.7190855139366,400,334.387584081877,37,100,0.186928303163482,16.1925601750547,-47.9214496257149,412.767050180852,400.300753014069,2.08401192264831,0.0183341379474392,7.30888296140582,-48.7584402792545,20.6187395087976,0.606050718774703,20.8467931747437,8,FALSE,1.87229233919293
328.75540607547,1.48915612764237,0.0328163096982452,0.0507754491365255,8.8311035823235,2.11306331012277,1000,0.623840723939708,0.193241661012068,19.0447097143281,400,328.75540607547,48.3,100,0.180878811619037,21.1378555798687,-48.6818104736201,392.641372053055,302.4904492497,2.24767914789638,0.0326808305946209,7.36380108469659,-49.7084881097621,17.4096852567106,0.37971330476387,17.6404485702515,8,FALSE,1.40426114407656
330.138542877141,1.22405177927134,0.0275083146487962,0.0750488772602176,9.19745150316777,2.01251756437745,1000,0.788409417596955,0.321523164132873,22.6337545607988,400,330.138542877141,48.3,100,0.186843387333831,21.1378555798687,-44.1476515098453,412.291075189161,391.527855466098,3.31209063034742,0.0274123294757467,7.30797932317476,-46.2765868707518,20.5857962353051,0.613636889282798,20.8022685050964,8,FALSE,1.83148605570243
328.346134088755,1.58840016063222,0.0348034020980279,0.0420981929979861,8.86521473390328,2.22183625859301,1000,0.633361795841748,0.156328241322356,19.2769057250382,400,328.346134088755,51.1,100,0.181191502970314,22.363238512035,-46.285558783227,393.890929125592,316.418404816644,1.863262524042,0.0346510502787348,7.36346103268192,-46.9924847818045,17.5897537500661,0.353552870847311,17.807918548584,8,FALSE,1.46898717645423
329.042122465945,1.42612146524178,0.0315542116677075,0.0312121428991651,8.78492791051025,2.03788624937502,1000,0.611703235800823,0.133408439222507,18.7435128568772,400,329.042122465945,46.3,100,0.180591954701211,20.2625820568928,-48.2165148885452,391.024920963681,270.537582126121,1.38187372759574,0.0314288395536502,7.35827927555686,-48.4102704381478,17.2617398597985,0.298223407801725,17.4866450627645,8,FALSE,1.25686779411274
330.61756414036,1.1511735508793,0.0260491259259613,0.0759591029862709,9.19355886913286,1.93572012685173,1000,0.78449495198303,0.342165675761967,22.5574523873373,400,330.61756414036,46.3,100,0.186694706793244,20.2625820568928,-45.6053561181527,411.865811342499,391.997494104578,3.35251331098276,0.0259630616228194,7.31000271805458,-47.7386425402391,20.5010273688911,0.633344389012468,20.7242770195008,8,FALSE,1.83317536783652
328.30272785572,1.59962670641395,0.0350281832070442,0.0881990754495605,9.19690038909098,2.3875529315975,1000,0.78784251761448,0.297034402421011,22.6227278323784,400,328.30272785572,57.9,100,0.186880078729088,25.3391684901532,-39.8985006903707,412.229598283417,384.952544977115,3.89236882003446,0.0348726528440241,7.30598790691135,-42.6986787554896,20.6217188837395,0.584380593463304,20.8215088844299,8,FALSE,1.80121894794851
332.501519280711,0.926610521145533,0.0215528607479649,0.0325382186693341,8.55392600469238,1.48702973825713,1000,0.560387928204623,0.193914387695669,17.40034866333,400,332.501519280711,32.7,100,0.180431137314768,14.3107221006565,-55.118129900515,383.877155374418,0,1.44070340084807,0.0214915270837258,7.02529916225748,-55.142602857883,17.1320239340138,0.193914387695669,17.40034866333,8,TRUE,0
336.769959642292,0.623976036616556,0.0154934265834823,0.0373240708430727,9.1797477041632,1.39599720340254,1000,0.771996130885561,0.289757681421847,22.3112469732777,400,336.769959642292,32.7,100,0.186172525032845,14.3107221006565,-50.1687244836531,410.495848976673,398.440095111279,1.64776225448754,0.0154629738152686,7.3182165747139,-50.5309981998803,20.213991274861,0.581298848951114,20.4500341415405,8,FALSE,1.86121283173724
335.034477596964,0.723849401987317,0.0174931196561054,0.0216779053031027,8.54336048744271,1.28219909918528,1000,0.558327056586404,0.165612903114498,17.3438682556152,400,335.034477596964,28,100,0.180325935135151,12.253829321663,-56.2625678438739,383.578753157809,0,0.959890526244246,0.0174527018980968,7.02666508355347,-55.7906967251311,17.0724426648419,0.165612903114498,17.3438682556152,8,TRUE,0
342.172212390494,0.420903442096204,0.0114274490428795,0.0115979599412942,8.79513603752275,1.03523552265731,1000,0.61431827004789,0.140632839490536,18.8089080459922,400,342.172212390494,22.8,100,0.18058321959766,9.9781181619256,-57.2586489129927,391.375456239992,285.804623489706,0.513485677713059,0.0114109746167282,7.36297409539191,-56.3891427697662,17.2201524913721,0.314932333806218,17.4819590250651,8,FALSE,1.3269490209271
353.224047783199,0.221521424870774,0.00743536529591459,0.0196121478465246,9.18106077076207,0.994639901233169,1000,0.773106391923428,0.316027335337858,22.333277948471,400,353.224047783199,22.8,100,0.186151132112301,9.9781181619256,-54.5615396426324,410.61829664805,405.669496994201,0.865835549797523,0.00742834641781308,7.32012158310329,-54.0528090084476,20.186359525592,0.612870680895426,20.4387879371643,8,FALSE,1.89449001130668
333.610731957959,0.82729798922667,0.0195643968430433,0.0460426209344052,9.1821414531144,1.60136291817419,1000,0.774031103352841,0.282867503403444,22.3516029160361,400,333.610731957959,37.8,100,0.186275556910112,16.5426695842451,-47.9443433879146,410.720167278764,395.377130437389,2.03255780050495,0.0195158500375306,7.31618727643325,-48.7360453110481,20.2764643357091,0.572980575978074,20.5041856765747,8,FALSE,1.84741723946138
400,-0.0557326714573712,0.003,0.00467568119791599,8.5226591926613,0.498617638419446,3000,0.554347211483547,0.20306395693782,17.2342038154602,400,400,10.3,100,0.18012178750494,4.50765864332604,-64.1721747130142,382.999861279134,0,0.207059455636298,0.00299880944784543,7.02931872408356,-62.7707733292806,16.92893495585,0.20306395693782,17.2342038154602,8,TRUE,0
400,-0.290404006116222,0.003,0.00646015443951086,9.16596529362506,0.470708411335113,3000,0.761109869350136,0.266823186936023,22.0935362961197,400,400,10.3,100,0.185689305493522,4.50765864332604,-58.6929895796111,409.287289803944,406.710741615389,0.285269211315414,0.00299885769675044,7.32634281083468,-57.5203800512577,19.9274025090963,0.560347134370716,20.1957964897156,8,FALSE,1.89773980640406
400,-0.16139402918474,0.003,0.00662959664663934,9.16858746307167,0.601693874290356,3000,0.763083677552938,0.272129413798691,22.1332399908038,400,400,13.2,100,0.185760069149243,5.77680525164114,-57.6356285345914,409.507494398836,407.189619522803,0.292740969989356,0.00299885757018586,7.32553084967029,-56.4957558511922,19.9694128810475,0.566640240770978,20.2330551147461,8,FALSE,1.9001848760577
379.881234675201,0.0517067778049036,0.00403528788681827,0.00567635597708731,8.50619813951562,0.602946951988856,1000,0.551235574314105,0.18625068248052,17.1479129791259,400,379.881234675201,12.6,100,0.179961259750241,5.51422319474836,-63.0479844283794,382.54481380266,0,0.251394529261254,0.00403313477549725,7.03140818378838,-61.7197294794363,16.8478447850816,0.18625068248052,17.1479129791259,8,TRUE,0
400,-0.183063990839491,0.003,0.0068429501698656,9.16222909001678,0.575306363064742,3000,0.758366499521954,0.279832637591867,22.0381813122663,400,400,12.6,100,0.185590748860705,5.51422319474836,-58.274964597157,408.980428278855,406.034593532947,0.302187927628564,0.0029988578727482,7.3274722043258,-57.1301557844492,19.8773563929857,0.571979492252988,20.1438884735107,8,FALSE,1.89429283875556
397.859624404136,0.00420072572367491,0.00308410813131647,0.0035122195737688,8.53072728035527,0.560093980602067,1000,0.55588931917226,0.157899835723423,17.2767896652222,400,397.859624404136,11.6,100,0.180201045580224,5.07658643326039,-62.3806584181598,383.224583735069,0,0.155529958329957,0.00308284971617039,7.02828800129295,-60.9728806626584,16.9802208890469,0.157899835723423,17.2767896652222,8,TRUE,0
388.312786023963,0.0262396345616132,0.00352537746441435,0.00264030947835421,8.50469812600409,0.577198134550446,1000,0.5509542974955,0.115990342509176,17.1400887171427,400,388.312786023963,12,100,0.179946708910952,5.25164113785558,-61.4304394822405,382.503573274179,0,0.116934940842103,0.00352373405311898,7.03159770310674,-60.0116080411842,16.8483329099014,0.115990342509176,17.1400887171427,8,TRUE,0
400,-0.210085045461974,0.003,0.00752115382396695,9.16205843215168,0.548161482536296,3000,0.75824303971571,0.304175355885749,22.0356854669972,400,400,12,100,0.185586307983789,5.25164113785558,-59.10352771232,408.966596574391,406.003869541773,0.33213847192183,0.00299885788067073,7.32752305211526,-57.9675062891828,19.8711123747066,0.59626008515375,20.1415491104126,8,FALSE,1.89413635658464
351.128688523431,0.24786620724223,0.00796284805983661,0.0105421582098578,8.49588665763376,0.79718398238614,1000,0.549309520656283,0.176538519457965,17.0942559242249,400,351.128688523431,17,100,0.179861489072506,7.4398249452954,-61.2509292694782,382.262062367959,0,0.466915323673446,0.00795446990046394,7.03270807051222,-60.1787726522622,16.8017336126364,0.176538519457965,17.0942559242249,8,TRUE,0
392.348682806416,0.0161941458354301,0.00332424381739756,0.00730435283345461,9.156780137214,0.770700668336523,1000,0.754499439714633,0.269712744039466,21.9598117829687,400,392.348682806416,17,100,0.185453857418414,7.4398249452954,-56.5548241173816,408.546280248954,404.779701166583,0.322586116440602,0.00332284180757756,7.32897121505015,-55.4736920483181,19.813008534457,0.559720202093284,20.0717597007752,8,FALSE,1.88805208219345
350.985535788159,0.24980280542658,0.00800162318230618,0.00882704632187449,8.48728591123312,0.797527381296999,1000,0.547716304660805,0.152840638298057,17.0497288703918,400,350.985535788159,17,100,0.179778722849175,7.4398249452954,-60.7159271541421,382.027541454839,0,0.39096923967903,0.00799316456913147,7.03378714033792,-59.5839713939924,16.7601422544554,0.152840638298057,17.0497288703918,8,TRUE,0
349.83525307617,0.266076345856301,0.00832745666096747,0.00598036197636593,8.49412249550031,0.815066743863138,1000,0.54898174695692,0.111541989640622,17.0851058959961,400,349.83525307617,17.4,100,0.179844479063313,7.61487964989059,-59.4007675079906,382.213860990061,0,0.264874340693145,0.0083182944154988,7.03292978551521,-58.1779290931423,16.8023183773427,0.111541989640622,17.0851058959961,8,TRUE,0
386.643856698919,0.0307534623357494,0.0036157546144928,0.00891387458620146,9.15716893915222,0.785531241067497,1000,0.754770408044793,0.298317863932885,21.9653162781104,400,386.643856698919,17.4,100,0.185465811299107,7.61487964989059,-57.0894681998255,408.576762514811,404.598327379972,0.393665912491065,0.00361409594913865,7.32877502011018,-56.0643406049814,19.816546488651,0.588295119272466,20.0780596733093,8,FALSE,1.88725660480112
400,-0.0597025802570434,0.003,0.00697736021470139,9.15511385994767,0.6936495061174,3000,0.753346400107796,0.283879182881214,21.9363666221022,400,400,15.2,100,0.185409793004072,6.65207877461707,-57.6375421006317,408.416466986311,404.764035931036,0.308151861671035,0.00299885819500604,7.32954106435112,-56.5160506649667,19.7849417506393,0.573488956737089,20.0485343933106,8,FALSE,1.88783222879163
346.128652682847,0.328893208677418,0.00958519384606159,0.0131106421981126,8.49228383094824,0.877543991258093,1000,0.548640669763937,0.180900417695441,17.0755786895752,400,346.128652682847,18.8,100,0.179826769015177,8.22757111597374,-60.7325370022215,382.163677521816,0,0.580684667841155,0.00957305737122556,7.03316065480699,-59.7846236145019,16.7849909931002,0.180900417695441,17.0755786895752,8,TRUE,0
371.207243237887,0.0869346522726842,0.00474063046013541,0.00999695254553795,9.15355734872782,0.839224241642963,1000,0.752281118668136,0.259884832540398,21.9146739656754,400,371.207243237887,18.8,100,0.185384328444849,8.22757111597374,-55.7303630709696,408.296384702604,402.987335428924,0.44151646212109,0.00473777990298953,7.32947331433344,-54.7861731551749,19.779584149119,0.547952772165114,20.03511095047,8,FALSE,1.87956301520536
343.000818761004,0.398819927255319,0.0109852865956389,0.013697726641359,8.46021227017439,0.941609354893626,1000,0.542777635493016,0.167534256703443,16.9108757972717,400,343.000818761004,20.2,100,0.179520787880563,8.84026258205689,-60.2113210030585,381.296904813623,0,0.6067833195596,0.0109693576491134,7.03715423683938,-59.3052034412566,16.6227819448761,0.167534256703443,16.9108757972717,8,TRUE,0
342.037619557518,0.424661128231395,0.011502686508902,0.00834970910737844,8.4643276598647,0.968194657223106,1000,0.543521024209361,0.111551870576009,16.9318571090698,400,342.037619557518,20.8,100,0.179559747158406,9.10284463894967,-58.4505491704285,381.407239960192,0,0.369868824806149,0.0114852216715796,7.03664524696774,-57.3567983514505,16.653208098541,0.111551870576009,16.9318571090698,8,TRUE,0
358.169445758288,0.171319539410679,0.00643020879383324,0.0147264782700384,9.14686396362767,0.919152279495973,1000,0.747822472090797,0.278907584261153,21.8235465769393,400,358.169445758288,20.8,100,0.185235369834545,9.10284463894967,-55.6407068376186,407.792227427756,400.363649609413,0.650445705489917,0.00642496633723254,7.33082113862829,-54.9038409325592,19.7005354182832,0.563741970010808,19.956563949585,8,FALSE,1.8669826273543
372.472715844991,0.0810463307848384,0.00462273280398944,0.0102694910918672,9.15622190119875,0.835166381773167,1000,0.754111668780326,0.271988461403776,21.9519311008428,400,372.472715844991,18.7,100,0.185449586102564,8.18380743982494,-55.9761768602722,408.502642331464,403.560774229916,0.453538118048736,0.00462002196154728,7.32875310131641,-55.0370366434476,19.8127864789889,0.561051783024676,20.0695085525513,8,FALSE,1.88242254829149
340.780806632163,0.46227966562617,0.0122558956187711,0.0162818124418551,8.43707175407854,1.00093805091234,1000,0.538644912583334,0.175948629688135,16.7937078475953,400,340.780806632163,21.5,100,0.179303327454395,9.40919037199125,-60.20912997811,380.681189729043,0,0.721334632208778,0.0122360800581542,7.0399979920621,-59.4171554181345,16.5051867459986,0.175948629688135,16.7937078475953,8,TRUE,0
354.660821037169,0.205389662677222,0.00711237054162856,0.0151839605411113,9.13916159898916,0.948316439550953,1000,0.742915797762011,0.262096969904787,21.7226321519472,400,354.660821037169,21.5,100,0.185061906264266,9.40919037199125,-55.1944864135891,407.234468870768,398.44874166931,0.67071114581357,0.00710595892224088,7.33264854011445,-54.489975671314,19.6110069469204,0.544031869268064,19.8650422096253,8,FALSE,1.85758994232185
339.882867775187,0.492321790015272,0.0128574076215433,0.0149005611855509,8.44237883748665,1.03192188181323,1000,0.53958572249447,0.157645043232664,16.8204598426818,400,339.882867775187,22.2,100,0.179352962927012,9.71553610503282,-59.3908313131325,380.821705154397,0,0.660123961680918,0.0128355989796113,7.03934849834542,-58.5589533111754,16.5360798099916,0.157645043232664,16.8204598426818,8,TRUE,0
341.409112306826,0.442877198609494,0.0118674138775079,0.00921090497296287,8.42414249680936,0.979259990996536,1000,0.536369912086459,0.116730921424108,16.7288244565328,400,341.409112306826,21,100,0.179182981286621,9.19037199124726,-58.9462966249551,380.340549858777,0,0.408097010413889,0.0118488378157099,7.04157375029023,-57.8815151547055,16.4478230980091,0.116730921424108,16.7288244565328,8,TRUE,0
356.747895575751,0.184304030638384,0.00669018798911905,0.0139860287875583,9.14031426821922,0.927950442705401,1000,0.74363592700469,0.257444606373736,21.7374845405801,400,356.747895575751,21,100,0.185085020047486,9.19037199124726,-55.2381820293962,407.316522760194,399.008513176771,0.61778842814966,0.00668451451353614,7.33247409757579,-54.4807762954313,19.6232422405159,0.539988500997227,19.8772406578064,8,FALSE,1.86024388277373
356.628310860464,0.185444374727162,0.00671302028445896,0.0148933332068437,9.13876830071955,0.928126042751768,1000,0.742671176794453,0.271149928989634,21.7175836625383,400,356.628310860464,21,100,0.185050022144983,9.19037199124726,-55.6209340288885,407.206580679317,398.723065751002,0.657877431599369,0.00670730833932784,7.3328658488198,-54.893534545209,19.6028608013453,0.553184636945452,19.8587698936462,8,FALSE,1.85881376889205
340.194697079322,0.481560213170675,0.0126419362535088,0.0186926392943944,8.48746527432803,1.0293238271117,1000,0.547749408307006,0.19216550578871,17.0506553649902,400,340.194697079322,22.2,100,0.179780444744796,9.71553610503282,-59.8132983953836,382.032420138221,0,0.827937250837505,0.0126208351391703,7.03376468426943,-59.1298971684868,16.7632746971886,0.19216550578871,17.0506553649902,8,TRUE,0
353.446792913329,0.218925503839063,0.00738338902291209,0.0166228025330191,9.15783408035131,0.974172782637707,1000,0.755235682660461,0.274569346953915,21.974763334825,400,353.446792913329,22.2,100,0.185510850157921,9.71553610503282,-54.6402011305042,408.629081496273,401.464686433745,0.734100637756958,0.00737647483365722,7.32748418044756,-54.0069996795357,19.8498327086229,0.562606794542605,20.1017937660217,8,FALSE,1.87296956880327
339.083654217114,0.521654361275591,0.0134447127487284,0.0168974246188627,8.50520294049533,1.07271875973291,1000,0.551048916555209,0.168242503352159,17.1427211761474,400,339.083654217114,23.2,100,0.179951604427351,10.1531728665208,-58.5873069427705,382.517448204283,0,0.748357101592707,0.0134208416319201,7.03153393852933,-57.8550331977862,16.8614473437248,0.168242503352159,17.1427211761474,8,TRUE,0
339.07335141217,0.522050007009025,0.0134526344807079,0.0107780374432539,8.50361774110134,1.07281743496666,1000,0.550751939698351,0.119311155079393,17.1344572703044,400,339.07335141217,23.2,100,0.179936236552033,10.1531728665208,-57.3138948570153,382.473892813949,0,0.477344039876623,0.013428735929652,7.03173411436701,-56.3493069273502,16.8605116265145,0.119311155079393,17.1344572703044,8,TRUE,0
350.472353119731,0.256898696300324,0.00814369913790894,0.017533953248717,9.1607214359606,1.01419252102784,1000,0.757281198991123,0.263870034380063,22.0162271093399,400,350.472353119731,23.2,100,0.185590304407746,10.1531728665208,-53.8979812517108,408.858772491114,401.321280769999,0.774307873021497,0.00813528723213315,7.32641892749919,-53.3215657073235,19.894854902226,0.552492460024526,20.1436543464661,8,FALSE,1.87257276287379
351.183242344058,0.247129127937806,0.00794809004729185,0.0189969666772128,9.15315990292438,0.999152262425792,1000,0.752010891682681,0.28930790739312,21.9091663652969,400,351.183242344058,22.8,100,0.18539852991137,9.9781181619256,-54.9256381521034,408.265900940084,400.156400901859,0.838996979977125,0.00794007962874337,7.32864970207312,-54.3887215026573,19.7888957282575,0.575398161834258,20.0425972938538,8,FALSE,1.86656907144305
338.142038658585,0.559847720971688,0.0142094311150411,0.0193878882845795,8.49451998967794,1.10891992585676,1000,0.54905555540915,0.179611589278062,17.0871667861938,400,338.142038658585,24,100,0.179848310188649,10.5032822757112,-58.7148160579547,382.224717143207,0,0.858701191477641,0.0141827750374876,7.03287984671441,-58.0880604047777,16.8048140905492,0.179611589278062,17.0871667861938,8,TRUE,0
347.727677332673,0.299605032310739,0.00899877760612826,0.0184844053769887,9.14877265340183,1.04869303516328,1000,0.749074426112373,0.25304536702205,21.8491891995762,400,347.727677332673,24,100,0.18529995231986,10.5032822757112,-53.7184575975243,407.934046597041,398.489770539212,0.81640071635944,0.00898851198502057,7.32955529507998,-53.1901475626249,19.7425439069085,0.537050863747145,19.9906239509583,8,FALSE,1.85856524861792
337.239932967635,0.600748390487076,0.0150283560125045,0.0171119051632475,8.50813944259865,1.15236660049534,1000,0.551600157467141,0.155222924312781,17.1580486297607,400,337.239932967635,25,100,0.179980110262707,10.9409190371991,-57.5294810090088,382.598242277068,0,0.757844900866108,0.0149985348410573,7.03116269318914,-56.8325551987532,16.8817311901472,0.155222924312781,17.1580486297607,8,TRUE,0
337.362757384858,0.594904459421456,0.0149113471540823,0.0105840318085879,8.53075501076455,1.1508170435878,1000,0.555894639092139,0.109238220202532,17.2769363721211,400,337.362757384858,25,100,0.180201318661953,10.9409190371991,-56.0666422762121,383.22535806767,0,0.468687608908929,0.0148819760894264,7.02828445100815,-55.1220315417779,17.008825672499,0.109238220202532,17.2769363721211,8,TRUE,0
345.551028501889,0.340428138774058,0.00981614951398981,0.0184728826724266,9.14881582010449,1.08954578297017,1000,0.749102914875199,0.234393960414174,21.8497722098584,400,345.551028501889,25,100,0.185307073414721,10.9409190371991,-52.8813118985101,407.937271425548,397.796068477128,0.815888840107373,0.00980393516466845,7.32930499867495,-52.3730510654236,19.7501016141515,0.517947508946147,19.9943790435791,8,FALSE,1.85539316627932
349.510093870893,0.270915467734884,0.00842434694259818,0.0182245460876882,9.15386479399223,1.02341899776749,1000,0.752490648101596,0.264892199129421,21.9189431042907,400,349.510093870893,23.4,100,0.18541944718812,10.2407002188184,-54.0743647030172,408.320014934835,399.870217849939,0.804874635343422,0.00841534790927598,7.32831275001567,-53.5249618697,19.8039392462104,0.550950951274018,20.0536231994629,8,FALSE,1.86531990482777
335.539763937418,0.692209527360318,0.0168596170413152,0.0219464222506831,8.49659335933508,1.24167174285395,1000,0.549440965209875,0.172332611571734,17.0979237556458,400,335.539763937418,27,100,0.179868307915025,11.8161925601751,-57.3662155181877,382.281385394714,0,0.972010144393512,0.0168221022609552,7.0326191989458,-56.8833603436864,16.8214165820791,0.172332611571734,17.0979237556458,8,TRUE,0
342.206689116113,0.419945745806005,0.0114082737739769,0.0229732532349994,9.15155212117167,1.17088792573579,1000,0.750925001718516,0.248179078508786,21.8870144497334,400,342.206689116113,27,100,0.185385011365016,11.8161925601751,-52.3592952476733,408.143310566656,396.90476555959,1.01461579674239,0.0113917764968924,7.32808768675281,-52.056980311701,19.7926274110644,0.531741199678511,20.0354709625244,8,FALSE,1.85154348720901
335.565052395597,0.690686230836475,0.0168291171628444,0.0194552259722578,8.46799902025502,1.23489370596971,1000,0.544186392819546,0.156590676497495,16.9506120681762,400,335.565052395597,26.8,100,0.179594577190362,11.7286652078775,-57.3455834957974,381.50588757672,0,0.861796713863368,0.0167917567707092,7.03619032895529,-56.7586494098819,16.6748511382962,0.156590676497495,16.9506120681762,8,TRUE,0
335.442763332222,0.698104627459013,0.0169776504207454,0.0107980881912823,8.47365566972024,1.2433416413884,1000,0.545215633935446,0.100676564065093,16.9795784950256,400,335.442763332222,27,100,0.179648379896276,11.8161925601751,-55.7307038310559,381.658283223907,0,0.478303252999422,0.0169396245920366,7.03548783838704,-54.8094691193193,16.7132610353012,0.100676564065093,16.9795784950256,8,TRUE,0
342.204925136023,0.419994495479936,0.0114092498538846,0.0209595128235751,9.15149653583214,1.17089933924086,1000,0.750887665070547,0.229219248535798,21.8862522208336,400,342.204925136023,27,100,0.185383665425948,11.8161925601751,-51.903998509089,408.139092825752,396.894289092818,0.925679403311861,0.0113927497897614,7.32810281774046,-51.5261872683948,19.794394500167,0.512762061685694,20.034761428833,8,FALSE,1.85149079200057
342.853302510096,0.402621007401331,0.0110613929089513,0.0230990336048444,9.15263303347705,1.15429143674339,1000,0.75165377154526,0.256255391093791,21.9018847253058,400,342.853302510096,26.6,100,0.185408830498846,11.6411378555799,-52.6741305758636,408.225600748074,397.390026316249,1.02015855138268,0.0110458825109293,7.32788814833731,-52.3692522786308,19.8037200996581,0.540381827077724,20.0480270385742,8,FALSE,1.85385768673157
335.077758545427,0.721046649091507,0.0174370021363921,0.0243573218318571,8.48760834635198,1.26884476846459,1000,0.547775817694115,0.182421932627306,17.0513944625854,400,335.077758545427,27.6,100,0.179781818369876,12.0787746170678,-57.5156126262954,382.036312070461,0,1.07883747352456,0.0173968833230683,7.03374677037011,-57.1341083744441,16.7737129372911,0.182421932627306,17.0513944625854,8,TRUE,0
341.358600503247,0.444386415440352,0.0118976318483408,0.023304896317902,9.15170242609129,1.19543040585117,1000,0.751026029641196,0.242170400129044,21.889076748107,400,341.358600503247,27.6,100,0.185392317358944,12.0787746170678,-51.9786530684325,408.154722315958,396.511249461518,1.02925902240016,0.0118796895760627,7.32790299383737,-51.6999294741725,19.7981383727725,0.525503421364097,20.0393223762512,8,FALSE,1.84975437185576
334.876203917532,0.734255371542666,0.0177014709533357,0.0226831663767377,8.47064610651207,1.27894553381322,1000,0.544667418855218,0.169899367162465,16.9641566276551,400,334.876203917532,27.8,100,0.179619733735087,12.1663019693654,-57.2968187042482,381.577141353784,0,1.00476981443576,0.0176601397807115,7.03586183034108,-56.8502486859836,16.6879377684251,0.169899367162465,16.9641566276551,8,TRUE,0
333.970641561565,0.798906762742404,0.01899593959007,0.0136074733721177,8.23386636902736,1.30428918209521,1000,0.505357870954502,0.108189848107799,15.8158254623413,400,333.970641561565,28,100,0.17749525018508,12.253829321663,-57.9989942174066,375.571475226668,0,0.603419600813261,0.018948538503796,7.06382188202434,-57.1659831368666,15.539171943915,0.108189848107799,15.8158254623413,8,TRUE,0
340.89754036269,0.458574244490418,0.0121817046175085,0.0223627074089469,9.15415241745175,1.21127977742993,1000,0.752687061655804,0.228901032974598,21.9229439290354,400,340.89754036269,28,100,0.185454592080493,12.253829321663,-51.4273793153938,408.342160946243,396.693131945089,0.987616070616445,0.0121628940292919,7.32713421464088,-51.1210870092445,19.8336382098417,0.512903123307522,20.0721468925477,8,FALSE,1.85079703648774
341.56359463129,0.438288648038796,0.0117755406062354,0.0237293685134556,9.14931255502599,1.18773767605066,1000,0.749431309462716,0.248244764792262,21.8564910634928,400,341.56359463129,27.4,100,0.185333573628581,11.9912472647702,-52.2780420640332,407.974437074021,396.202465395554,1.0480370902541,0.0117579660754214,7.32859721874874,-52.0107738779477,19.765741148294,0.530846261831197,20.0083522796631,8,FALSE,1.84813878382974
334.412999355696,0.766184229032741,0.018340759665623,0.0265304548627797,8.48375452832401,1.31327387398531,1000,0.547065593296978,0.187570068176587,17.0315055847168,400,334.412999355696,28.6,100,0.179744857001196,12.5164113785558,-57.3229806606733,381.931591795311,0,1.17511260967949,0.0182963827005738,7.0342288594343,-57.0405427131936,16.7542978041834,0.187570068176587,17.0315055847168,8,TRUE,0
340.198524588015,0.481425296852464,0.0126392349204166,0.02619574609548,9.15601908867494,1.23541572482472,1000,0.75397115922945,0.254223071944023,21.9490745201213,400,340.198524588015,28.6,100,0.18550445411258,12.5164113785558,-51.7457846530239,408.486825371882,396.625905871183,1.15686728226926,0.0126189841330468,7.32647045077292,-51.5962474687418,19.8576760976725,0.538603430102234,20.0984234809875,8,FALSE,1.85065103913375
335.027546104748,0.724300125708761,0.0175021441753062,0.0221580361643894,8.50889436155227,1.2760647421171,1000,0.55174210407513,0.168395480251279,17.1619930267334,400,335.027546104748,27.8,100,0.17998744649728,12.1663019693654,-56.8172193732371,382.61903605268,0,0.981322120083212,0.0174617100252696,7.03106716252727,-56.3558937172751,16.8879893719271,0.168395480251279,17.1619930267334,8,TRUE,0
333.354491780145,0.848582942516976,0.0199905702626304,0.0167419924854154,8.50471053315255,1.39956713241874,1000,0.550956622500463,0.121728967905395,17.1401534080506,400,333.354491780145,30.6,100,0.179946829213908,13.3916849015317,-54.5795594614046,382.503914236722,0,0.741475116904912,0.0199378423041281,7.03159613612131,-53.9406303001889,16.8779125490384,0.121728967905395,17.1401534080506,8,TRUE,0
338.042383640072,0.564140302989448,0.0142953784193371,0.0269416935222721,9.15505198991492,1.31746628910296,1000,0.753303840847942,0.233657998102019,21.9355005631203,400,338.042383640072,30.6,100,0.185492661450068,13.3916849015317,-50.513121882786,408.411672306076,395.03730381411,1.18981724550189,0.0142694776387182,7.32626146168763,-50.426204609761,19.8569146479361,0.516755875479703,20.0922093391419,8,FALSE,1.84329122397837
341.001793455277,0.455307105739895,0.0121162890314565,0.0263886621515294,9.15772597062228,1.21048545283988,1000,0.755159910172173,0.265655811051715,21.9732252273288,400,341.001793455277,28,100,0.185543506848849,12.253829321663,-52.1969059367909,408.620562922192,397.373510535999,1.16536380481683,0.0120976772320297,7.32613285679533,-52.0441854443139,19.8761517889662,0.550928728312214,20.1190004348755,8,FALSE,1.85422479245333
332.15926492317,0.961459011513064,0.0222506071843709,0.0332143110277452,8.47621978141076,1.50717542612822,1000,0.545683820922559,0.191739942395671,16.9927368164062,400,332.15926492317,33,100,0.17967282392237,14.4420131291028,-55.8670888420391,381.727525719339,0,1.47121525875594,0.0221853354905981,7.03516877056869,-55.91039540983,16.7210576700266,0.191739942395671,16.9927368164062,8,TRUE,0
335.914125620353,0.670201425204256,0.0164189645284087,0.0321815077934601,9.14650015405987,1.41781296642692,1000,0.747585532755186,0.241272442728132,21.8186887356957,400,335.914125620353,33,100,0.185300985884596,14.4420131291028,-50.0444239842393,407.765364802437,391.750365836143,1.42135988032044,0.0163848143297256,7.32800218292499,-50.196480566775,19.7570018425953,0.520305482142939,19.99116897583,8,FALSE,1.82751975986572
332.525003700685,0.924299613310458,0.0215065910906632,0.0256536684111057,8.48413342186808,1.47146580248471,1000,0.547135314885989,0.159602844391063,17.033459186554,400,332.525003700685,32.2,100,0.179748487338487,14.0919037199125,-55.21131759529,381.941877079246,0,1.13627500124188,0.0214455970107843,7.03418150290178,-54.9435874913958,16.7664404704359,0.159602844391063,17.033459186554,8,TRUE,0
332.662579396819,0.910956946637194,0.0212394404042135,0.0151933107701047,8.50095727346364,1.46124173103196,1000,0.550254454624375,0.108280756610371,17.1206038792928,400,332.662579396819,32,100,0.179910476219161,14.0043763676149,-53.7445377825873,382.4008860653,0,0.67289921309203,0.0211799323148446,7.03206970936311,-53.0599364545532,16.8626620241529,0.108280756610371,17.1206038792928,8,TRUE,0
336.653616702993,0.629952283131606,0.0156130846996584,0.0272226374261219,9.14575813167323,1.37708061658737,1000,0.747103924181003,0.218190927536532,21.8088098240123,400,336.653616702993,32,100,0.1852774951641,14.0043763676149,-49.8957578230525,407.710741029598,392.311442709008,1.20235592789899,0.0155822032444556,7.32843700666765,-49.8381070630372,19.746299701216,0.497439797798302,19.9787812232972,8,FALSE,1.83002860071506
336.248981159265,0.651472799231583,0.016043974625162,0.0335465833908659,9.1490882946475,1.40078104307439,1000,0.749282920761117,0.255431920248584,21.853455440357,400,336.248981159265,32.6,100,0.185359897287752,14.2669584245077,-50.4605775956165,407.957645070292,392.512789477143,1.48160678224213,0.016011362337323,7.32741047685729,-50.6606334343724,19.7858796061169,0.53552697068653,20.0222311019897,8,FALSE,1.83122433836731
332.142682702638,0.963204827257863,0.0222855624062961,0.0312144894388373,8.46976986149772,1.50774554692588,1000,0.544508068424468,0.181793388441595,16.9596710205078,400,332.142682702638,33,100,0.179611402279152,14.4420131291028,-55.671054800027,381.55354284378,0,1.38267786087642,0.0222200932123958,7.03597061717332,-55.6335421758035,16.6893679644589,0.181793388441595,16.9596710205078,8,TRUE,0
335.878360703839,0.672253694307479,0.0164600556470832,0.0332960597676141,9.14423230589426,1.41840018166982,1000,0.746120447728117,0.248018704729136,21.7886166397545,400,335.878360703839,33,100,0.185247968881718,14.4420131291028,-50.2774976095155,407.599103303588,391.329269424967,1.47062590116795,0.0164257372542495,7.32859573079958,-50.4723137977131,19.7277743235036,0.526293772881811,19.9632091522217,8,FALSE,1.82540748753278
332.064537850848,0.971506484746826,0.0224517805657657,0.0263517828436286,8.43863988957511,1.51046188932615,1000,0.538922475506191,0.157226601120086,16.8016052246094,400,332.064537850848,33,100,0.179317979242049,14.4420131291028,-55.3560741387858,380.72266682447,0,1.16745659667392,0.022385368671205,7.03980624448313,-55.11952590094,16.5339454993265,0.157226601120086,16.8016052246094,8,TRUE,0
331.969894317397,0.981728060819242,0.0226564398839676,0.0156500810667366,8.43311081645269,1.51970687128574,1000,0.537945405846939,0.105155016986199,16.7737870216369,400,331.969894317397,33.2,100,0.179266372436432,14.5295404814004,-53.9527295972001,380.576580427135,0,0.693360250799378,0.0225888200073717,7.04048171427127,-53.2892272293546,16.515040030496,0.105155016986199,16.7737870216369,8,TRUE,0
335.616291442119,0.687610853234081,0.0167675410733196,0.0308572231954045,9.13608047687204,1.42865130464798,1000,0.741013970964574,0.228320212977066,21.6833383816585,400,335.616291442119,33.2,100,0.185063877664254,14.5295404814004,-49.9655710912328,407.017445278944,389.689145097728,1.36303454671658,0.0167319397059044,7.33061694429859,-50.0647053979739,19.6326135736007,0.503844967832017,19.8660826683045,8,FALSE,1.81725571335398
336.48020180739,0.639032205075927,0.0157948854925386,0.0323567999998875,9.14476365309087,1.38551883667137,1000,0.74646189223203,0.250933246604073,21.7956303478038,400,336.48020180739,32.2,100,0.185255476507511,14.0919037199125,-50.6395115258942,407.637875887791,391.986853616368,1.42913506551023,0.0157632823159209,7.32864918533647,-50.7848930212567,19.7302776397296,0.529756604023916,19.9671688079833,8,FALSE,1.82846153982049
331.128312232077,1.0815382996261,0.024654869018482,0.0322589646596359,8.36915507761109,1.60852864408506,1000,0.52695207542181,0.171108617694778,16.4572658538818,400,331.128312232077,35.1,100,0.178679876816633,15.3610503282276,-55.6977226260338,378.917338580435,0,1.42963389824554,0.0245749023017487,7.0481764849366,-55.714915413558,16.1870362242125,0.171108617694778,16.4572658538818,8,TRUE,0
334.053223647907,0.792615827988553,0.0188699806960156,0.0423978813112836,9.10238048899552,1.51470221040294,1000,0.722056146260936,0.271580460010573,21.286042997354,400,334.053223647907,35.1,100,0.184380627558393,15.3610503282276,-51.210029859878,404.828010501192,382.291712173256,1.8734636144836,0.0188249478612985,7.33782733024926,-51.7823372321128,19.2637941542961,0.53613346554698,19.5050358772278,8,FALSE,1.78100712012615
331.2424005155,1.06698819800833,0.0243635427243993,0.0273553039427585,8.3573887154132,1.59201407291459,1000,0.524988413928362,0.1511352720099,16.4000334739685,400,331.2424005155,34.7,100,0.178573965242495,15.1859956236324,-55.4233316774198,378.617899775173,0,1.21238298317712,0.024285467034399,7.04956962556049,-55.2365083479064,16.132177168501,0.1511352720099,16.4000334739685,8,TRUE,0
330.894754411699,1.11243758051809,0.0252735432537935,0.0212035920343307,8.31587185490834,1.63067335993195,1000,0.518196005724634,0.120263348070371,16.2003993988037,400,330.894754411699,35.5,100,0.178204859344211,15.5361050328228,-54.7045638304368,377.574806812788,0,0.939920227700394,0.025189594027286,7.05443339735909,-54.2734604975891,15.937394621967,0.120263348070371,16.2003993988037,8,TRUE,0
333.791632182035,0.812816543264213,0.0192744451921183,0.040435226619962,9.09734284793613,1.53231190142245,1000,0.719464322263802,0.255462013424246,21.230917691765,400,333.791632182035,35.5,100,0.18428726275667,15.5361050328228,-50.7792133559371,404.524922589061,381.113160015997,1.78682351861673,0.0192274696265499,7.33877441246989,-51.2783628572747,19.2167673071905,0.518420375104657,19.4556303024292,8,FALSE,1.77528738933583
334.057952299183,0.792258357279929,0.018862823315296,0.042552007406165,9.10827337866842,1.51744767455705,1000,0.725158984000137,0.272556895977353,21.3517773643338,400,334.057952299183,35.2,100,0.18449561992846,15.4048140043764,-51.0450873531319,405.189651360973,383.278407666183,1.88016390273888,0.018817816793354,7.33655227166658,-51.6269644770785,19.3253034537602,0.538748472500609,19.5658631324768,8,FALSE,1.78591423185696
331.701520429934,1.01175317015017,0.0232576112063809,0.0310735140478665,8.3498399603966,1.53552554663285,1000,0.523737776956817,0.174311788756267,16.363471031189,400,331.701520429934,33.4,100,0.178506326404143,14.617067833698,-56.6311637656603,378.426698644077,0,1.37722186422279,0.0231864614088591,7.0504599105104,-56.5759728228418,16.0891539547345,0.174311788756267,16.363471031189,8,TRUE,0
334.868286789975,0.73477769497184,0.0177119290623532,0.0415568544136169,9.08527748336354,1.44827108747936,1000,0.713465928839917,0.282492000125022,21.1025728906567,400,334.868286789975,33.4,100,0.184052533492003,14.617067833698,-52.5580795872823,403.819921360131,380.392374641513,1.83660786619665,0.0176722689487067,7.3416851858732,-53.0643886299421,19.0842609639713,0.543060810485807,19.3313455581665,8,FALSE,1.77122733249024
331.504162653063,1.03486992740254,0.023720461528561,0.0268671206513215,8.32746542594519,1.55497755548219,1000,0.520071927293293,0.15225115646864,16.2557945251465,400,331.504162653063,33.8,100,0.178307229039276,14.7921225382932,-56.1033064155239,377.864031383746,0,1.19091174354011,0.0236464835881332,7.05308310915921,-55.881492140673,15.9849455145347,0.15225115646864,16.2557945251465,8,TRUE,0
331.881941663161,0.991395845742215,0.0228500110374609,0.0212134577902901,8.32499507145072,1.51110023191913,1000,0.519670876540148,0.130431394009439,16.2439684867859,400,331.881941663161,32.8,100,0.178285371336305,14.3544857768052,-55.9059341651172,377.80227227984,0,0.940318215008237,0.0227813578339331,7.05337133227542,-55.4447954761208,15.9752470591014,0.130431394009439,16.2439684867859,8,TRUE,0
335.089619594829,0.720277285929743,0.0174215977272265,0.0371687087946043,9.06980866575509,1.4264657531197,1000,0.70616184635749,0.259651550829662,20.9448259801861,400,335.089619594829,32.8,100,0.18377730307701,14.3544857768052,-52.5664525125298,402.954676406256,377.997498315044,1.64290428353311,0.0173832416689601,7.34473812055287,-52.8860614538962,18.9393296606447,0.516350577716356,19.1854815483094,8,FALSE,1.75934443187668
334.702266030897,0.745975789608604,0.0179361405144113,0.0426413276342935,9.08701636206336,1.46031694421353,1000,0.714313194461451,0.285798482906765,21.1207667342654,400,334.702266030897,33.7,100,0.184085757963523,14.7483588621444,-52.4851503925957,403.919804502831,380.49899318403,1.88450428536975,0.0178954688278426,7.34127397000602,-53.0396612353385,19.1019604209043,0.546707726807995,19.3489437103271,8,FALSE,1.77182302393829
332.406894811571,0.936025805819328,0.021741376269286,0.0261859924627397,8.21963024171726,1.43925811073212,1000,0.503201755459156,0.160058589858027,15.7502808570862,400,332.406894811571,31,100,0.17737449662425,13.5667396061269,-58.4568331218149,375.230835501461,0,1.1612835768442,0.021679319957083,7.06542449527025,-58.1580826081169,15.4688899359931,0.160058589858027,15.7502808570862,8,TRUE,0
335.787438154913,0.67751950731126,0.0165654892604024,0.0380969398387671,9.01542460290497,1.36073755906321,1000,0.683193863499499,0.277596414530144,20.4379346992103,400,335.787438154913,31,100,0.182907065690903,13.5667396061269,-54.8400834611688,400.183777597096,368.853546327927,1.68468280420545,0.0165308502823472,7.35403893591825,-55.1530197868594,18.4669424433677,0.521264688335413,18.7233209609985,8,FALSE,1.71461373821181
332.104897790767,0.967204274929027,0.0223656404909051,0.0233164329293643,8.19948547811939,1.46742152320404,1000,0.50018526370323,0.142461643908239,15.6581084728241,400,332.104897790767,31.6,100,0.177204779086973,13.8293216630197,-57.9279814339263,374.75220152517,0,1.03411724369729,0.0222999956180331,7.06767940779676,-57.5199271533929,15.3798939819683,0.142461643908239,15.6581084728241,8,TRUE,0
332.33240868041,0.943553078712743,0.0218920894790074,0.0181998746808713,8.18538602971841,1.44168137373738,1000,0.498097475958121,0.119808677131778,15.5939876238505,400,332.33240868041,31,100,0.177086776876821,13.5667396061269,-57.6507941617416,374.419504106833,0,0.80724022540754,0.0218292050102953,7.06924891443006,-57.0294302852727,15.318206828352,0.119808677131778,15.5939876238505,8,TRUE,0
335.631804868293,0.686687922589974,0.0167490618921217,0.0357234130964507,8.99827013187685,1.36335779414778,1000,0.67664552717654,0.259599118435678,20.2902917997946,400,335.631804868293,31,100,0.1826615000897,13.5667396061269,-54.6900475963286,399.379388428522,365.323246842967,1.57992193001895,0.0167136632885329,7.35643736489423,-54.9066292614488,18.3374923486987,0.499033103915545,18.5926423072815,8,FALSE,1.6976494925131
335.20472554814,0.712923009160867,0.0172743482953657,0.0395612176918094,9.02701975081442,1.4007383432696,1000,0.687789607426085,0.276452654213069,20.5407105495521,400,335.20472554814,32,100,0.18308527919077,14.0043763676149,-54.2012067407327,400.744438649892,370.478040095954,1.74927496569963,0.0172366747131062,7.35207240699501,-54.5910264712937,18.5642507448516,0.522579687694916,18.8180847167969,8,FALSE,1.72262583275523
333.332341617706,0.850467160048992,0.0200282966047047,0.0222790971009799,8.07205354642564,1.33246304031923,1000,0.481969537711104,0.150019790837488,15.089409828186,400,333.332341617706,28.4,100,0.176160025102216,12.4288840262582,-60.5362400829046,371.809176084296,0,0.9886492776648,0.0199757426236659,7.08162399539617,-60.031564948661,14.7996187157962,0.150019790837488,15.089409828186,8,TRUE,0
336.834017768235,0.620728870695013,0.0154284108991218,0.0334129520129396,8.90417408379695,1.26565949506209,1000,0.644909653843838,0.263183931309275,19.5538905714339,400,336.834017768235,28.4,100,0.181479426478023,12.4288840262582,-57.2824233045172,395.385414414847,343.049096696522,1.47863538252527,0.0153984109798201,7.36662483256058,-57.3482637833425,17.6958255234122,0.479466468801522,17.961953163147,8,FALSE,1.59193740828685
333.462789642482,0.839479407610247,0.0198082966842666,0.01840156397451,8.03597052986584,1.31656600163713,1000,0.477060799011048,0.130250427071357,14.9324793815613,400,333.462789642482,28,100,0.175872453499239,12.253829321663,-60.4353245988952,371.000118830874,0,0.816704180914157,0.0197569173499221,7.08548164900569,-59.7684839159671,14.6441153273109,0.130250427071357,14.9324793815613,8,TRUE,0
333.955414180719,0.800075252287314,0.0190193354217787,0.0139068195203223,8.05254303449552,1.27940198968824,1000,0.479302571334326,0.109225879575852,15.0043473243714,400,333.955414180719,27.2,100,0.176004111053546,11.9037199124726,-59.9854050620947,371.370471022705,0,0.617174427887288,0.0189719507567899,7.08371447459149,-59.1333347796185,14.7189764903497,0.109225879575852,15.0043473243714,8,TRUE,0
337.51819577209,0.587636303836368,0.0147658220651831,0.0281955405938957,8.85905625642935,1.2192603658798,1000,0.631604604133473,0.235764352804854,19.2343158580685,400,337.51819577209,27.2,100,0.181025015289118,11.9037199124726,-57.5736706823462,393.661509774683,326.666748794493,1.24803928053502,0.0147383480446723,7.36844347703124,-57.4112529279,17.4524215615418,0.438507327199711,17.7187757492066,8,FALSE,1.51554010886188
336.226831300345,0.652688207690667,0.0160683098807831,0.0342605843069971,8.92859497476852,1.30527975876479,1000,0.652569202635619,0.259519493384219,19.73488857795,400,336.226831300345,29.4,100,0.1817595740062,12.8665207877462,-56.4494846639707,396.364292804022,349.691938553151,1.51592759920164,0.0160357633944343,7.3645677893376,-56.5692670745571,17.8490854592465,0.482060715689105,18.1116714477539,8,FALSE,1.62321713019612
334.423121665136,0.765463240725547,0.0183263238316247,0.0187258979887272,7.99592236629724,1.23721586433729,1000,0.471729976646269,0.140353623607183,14.7602155208588,400,334.423121665136,26.2,100,0.175557144266818,11.4660831509847,-61.7593796344054,370.113530910174,0,0.831236200445466,0.0182823625787855,7.08972106934576,-61.0781851404172,14.4657087826549,0.140353623607183,14.7602155208588,8,TRUE,0
338.68991827138,0.537111328271551,0.013754196560662,0.0293968024458428,8.87864535627243,1.17438544604678,1000,0.637256216822475,0.260394181861506,19.3708769952668,400,338.68991827138,26.2,100,0.181204338474912,11.4660831509847,-58.3865368969458,394.397480005803,335.401722025584,1.30109143598995,0.0137303547532909,7.36833471242561,-58.2550034886526,17.5445161386995,0.469897904664528,17.8147888183594,8,FALSE,1.55608817690738
334.440302979024,0.764239712871347,0.0183018260071535,0.0171713964411902,8.00248606842807,1.23685779061714,1000,0.472595467042293,0.131414663254307,14.7883155345917,400,334.440302979024,26.2,100,0.175608552373133,11.4660831509847,-61.440155672435,370.258044267839,0,0.762211868245958,0.018257977797198,7.08902918067148,-60.6987457333176,14.495609811713,0.131414663254307,14.7883155345917,8,TRUE,0
334.48347766503,0.761179609017304,0.0182405557329846,0.0120392891845119,7.96982765183178,1.22952209739878,1000,0.468320061142877,0.101478398357698,14.6490012804667,400,334.48347766503,26,100,0.175353779685376,11.3785557986871,-60.9248880351814,369.541990908649,0,0.534476923645076,0.0181970212928567,7.09246075204032,-59.9765076438044,14.3599183202266,0.101478398357698,14.6490012804667,8,TRUE,0
338.986571595542,0.525399063303328,0.0135196902432396,0.0281945464209788,8.88658127957665,1.16501570732181,1000,0.639599067044726,0.254890909559502,19.4271330385746,400,338.986571595542,26,100,0.181282595780991,11.3785557986871,-58.2137964564666,394.700961154376,338.488834027933,1.24782976899116,0.0134966530464809,7.3680867297894,-58.0337774229095,17.5874140574475,0.466901206497904,17.8566694259643,8,FALSE,1.57046361261033
338.276832424249,0.554114134084957,0.0140946315993132,0.0299950221236992,8.85694276397098,1.18513802226527,1000,0.631005580814133,0.259319449209389,19.2197699672808,400,338.276832424249,26.4,100,0.181002650275815,11.5536105032823,-58.5388852077236,393.583178212771,326.120343402626,1.32770630818323,0.0140695969196613,7.36859830239313,-58.4312823127723,17.4357158225848,0.461571444566413,17.7067966461181,8,FALSE,1.51297332116269
336.311712442617,0.648066021047921,0.0159757631384604,0.0153524466891451,7.93799514148465,1.11230967396947,1000,0.464225527427638,0.134054836733892,14.51438331604,400,336.311712442617,23.4,100,0.175107829606722,10.2407002188184,-63.1265661002099,368.85106289958,0,0.681650516777581,0.0159423739387093,7.09577980258878,-62.2714966333915,14.2143790471752,0.134054836733892,14.51438331604,8,TRUE,0
341.446775232563,0.441751494417411,0.0118448747063648,0.0245040332646989,8.81023877603095,1.06002242900798,1000,0.618256436740936,0.253335244574016,18.9068679092083,400,341.446775232563,23.4,100,0.180652654886616,10.2407002188184,-59.948533015114,391.900987540057,298.998411337554,1.084847644786,0.0118271825644046,7.365850365838,-59.5723274776994,17.2427265486223,0.43629302264335,17.5192041397095,8,FALSE,1.3876637694988
336.658325569006,0.629715558171283,0.0156083449248294,0.0128556661276002,7.93802237273632,1.09396204380503,1000,0.464229000229144,0.11940534188865,14.5144979953765,400,336.658325569006,23,100,0.175108039030539,10.0656455142232,-62.8445229619319,368.851651079736,0,0.570793090724362,0.0155764723212977,7.09577697380968,-61.8880560810198,14.2163409022992,0.11940534188865,14.5144979953765,8,TRUE,0
337.486242233731,0.589122227095398,0.0147955736454618,0.0089294915033093,7.70549943109776,1.02539834651624,1000,0.436260380033059,0.0951603176637099,13.5619255701701,400,337.486242233731,21.3,100,0.173374234389503,9.32166301969365,-64.6214329063151,363.990202641486,0,0.396832574705275,0.0147670256311214,7.11935200113797,-63.4725483328584,13.257147489702,0.09516031766371,13.5619255701701,8,TRUE,0
341.915703010694,0.428106292290165,0.0115716665685685,0.0214872568425405,8.54192100533212,0.986167012165988,1000,0.558047848912389,0.233188430802762,17.3362002372741,400,341.915703010694,21.3,100,0.180311655597131,9.32166301969365,-60.6162983106087,383.538254231279,0,0.951455689065576,0.0115539671964902,7.02685056774064,-60.0274274035654,17.0441703680575,0.233188430802762,17.3362002372741,8,TRUE,0
341.086372679632,0.452685517583029,0.0120637988439366,0.0257861786532783,8.85224738913939,1.08238259414449,1000,0.629681998858071,0.260673747139224,19.1875808273962,400,341.086372679632,24,100,0.180951367798676,10.5032822757112,-59.5441930219823,393.409876959604,325.122100776291,1.141435283844,0.0120454550542262,7.36902060918362,-59.2311662917765,17.4045491184794,0.461964543687549,17.6793251037598,8,FALSE,1.50825572363638
341.405928737084,0.442973807988767,0.0118693482181178,0.0107737481933383,7.80901109162688,0.891300317325204,1000,0.448315025848726,0.128593557546185,13.9797677993775,400,341.405928737084,18.5,100,0.174133345158646,8.09628008752735,-65.8760509150324,366.11670332581,0,0.478600936984786,0.011850942054529,7.10899164758262,-64.7681683706346,13.6683152628159,0.128593557546185,13.9797677993775,8,TRUE,0
346.283132912969,0.325898766664986,0.00952523827205643,0.0172356872713572,8.4465715418067,0.866240564744973,1000,0.540331899375178,0.228105551930139,16.8416442871094,400,346.283132912969,18.5,100,0.179392274901742,8.09628008752735,-62.6678130831087,380.93300449683,0,0.763559064322081,0.00951326270368695,7.03883426046992,-61.8549325477721,16.5412360344889,0.228105551930139,16.8416442871094,8,TRUE,0
342.181589587643,0.420646501512402,0.011422304505058,0.0083426913146164,7.80290301614544,0.868244309296996,1000,0.447586937341583,0.109688972924877,13.9548511505126,400,342.181589587643,18,100,0.174088016076829,7.87746170678337,-65.5433190547231,365.989635846343,0,0.370615234971985,0.0114052592016445,7.1096086077209,-64.3385218796257,13.6454915153234,0.109688972924877,13.9548511505126,8,TRUE,0
342.661064744533,0.407666829636536,0.0111624218042125,0.00606678639379927,7.82685913176041,0.858132514326799,1000,0.450455117879414,0.0898478252933307,14.0527724424997,400,342.661064744533,17.8,100,0.174266202598038,7.78993435448578,-64.8380142175718,366.489195734942,0,0.269485277346654,0.0111461372169855,7.10718459887701,-63.5492885000252,13.7471034696959,0.0898478252933307,14.0527724424997,8,TRUE,0
348.093362456466,0.293408683222268,0.00887471253330558,0.0148494993674106,8.45186133967335,0.83469486607526,1000,0.541277036414925,0.213635498753718,16.868435382843,400,348.093362456466,17.8,100,0.179441999365213,7.78993435448578,-62.4685294606949,381.07379513214,0,0.657831496001416,0.00886431499827409,7.03818403255501,-61.5569362770824,16.5694467764575,0.213635498753718,16.868435382843,8,TRUE,0
344.434561559821,0.364390163206918,0.0102959240172974,0.0187925382453809,8.45441923256583,0.90613659653662,1000,0.541735555853657,0.229689326526911,16.8814158439636,400,344.434561559821,19.4,100,0.179466094497082,8.49015317286652,-62.2823183862452,381.142023149087,0,0.83249738185729,0.010281931675761,7.03786903607806,-61.5454041659145,16.582469870837,0.229689326526911,16.8814158439636,8,TRUE,0
337.440416006598,0.591258043232357,0.0148383375667297,0.0132505163703127,7.8665344609383,1.04655536456794,1000,0.455281262020401,0.126716640020224,14.2161409854889,400,337.440416006598,21.9,100,0.174563753482144,9.58424507658643,-64.0706073858561,367.32378254134,0,0.588492783597955,0.0148095590581792,7.10314414237545,-63.1081812010269,13.9124210515166,0.126716640020224,14.2161409854889,8,TRUE,0
340.840279386403,0.460388561132089,0.0122180313839735,0.0215706789831102,8.519334143901,1.01411722001172,1000,0.553714956356745,0.223166975190087,17.2167096138,400,340.840279386403,21.9,100,0.180089235145007,9.58424507658643,-60.3926200603035,382.907574284761,0,0.955259345193971,0.0121983092905179,7.02974223103261,-59.8155145046351,16.9258303897824,0.223166975190087,17.2167096138,8,TRUE,0
335.440297489647,0.698257090195345,0.0169807030732373,0.0122029811311695,7.88665331108266,1.15604284883752,1000,0.457765903307705,0.107722481882283,14.2995738983154,400,335.440297489647,24.3,100,0.174715844379358,10.6345733041575,-62.4377987240923,367.750558534909,0,0.5419254489481,0.016943014185263,7.1010824381329,-61.4673738768373,14.0036647683815,0.107722481882283,14.2995738983154,8,TRUE,0
332.888335315181,0.889767814047145,0.0208151855340795,0.0108132077178064,7.88837039604009,1.34777473805588,1000,0.457979152621101,0.0856458038048502,14.3067135810852,400,332.888335315181,28.5,100,0.174728863497847,12.472647702407,-60.1960945660259,367.787096702147,0,0.480203343644874,0.0207585804154126,7.10090606557475,-59.2191191646723,14.0216206582713,0.0856458038048502,14.3067135810852,8,TRUE,0
334.691982756533,0.746683204384291,0.0179503045752814,0.0298653866451356,8.54023920200373,1.30442883142977,1000,0.55772211250303,0.211199832226696,17.3272495269775,400,334.691982756533,28.5,100,0.180294988357908,12.472647702407,-57.3298933613658,383.490984775674,0,1.3224506392589,0.0179077515620575,7.02706709176733,-57.1851326185412,17.0490558252901,0.211199832226696,17.3272495269775,8,TRUE,0
344.130796575806,0.371318964168421,0.0104346544509107,0.0183668128134152,8.50139501781237,0.921666399690207,1000,0.550336228695243,0.222864378192633,17.1228818893433,400,344.130796575806,19.8,100,0.179914712002088,8.66520787746171,-61.3900833329835,382.412890357912,0,0.813449222164942,0.0104202708092698,7.0320145229283,-60.6517521257222,16.8280313998143,0.222864378192633,17.1228818893433,8,TRUE,0
326.712476794784,2.14244335102975,0.0458966132425506,0.0421719002910844,7.97546640807302,2.61162325732352,1000,0.469052763308597,0.123906280286433,14.6729664802552,400,326.712476794784,57.6,100,0.175397588784333,25.2078774617068,-49.6361303524576,369.665094239094,0,1.87215284984884,0.0456219596193978,7.09187020764773,-50.2651160411155,14.4306716368145,0.123906280286433,14.6729664802552,8,TRUE,0
327.389772374933,1.87488699327988,0.0405395233603536,0.0778616318168631,8.81768218254884,2.49521442343637,1000,0.620228963751924,0.232019827289987,18.9556992089064,400,327.389772374933,57.6,100,0.180811715535074,25.2078774617068,-46.2986233719852,392.163153395016,290.968526918716,3.44682363797779,0.0403329051846507,7.36141254041487,-48.5528863927373,17.3790166116032,0.410828351742362,17.6044883728027,8,FALSE,1.35121083610366
326.285136648885,2.35094865242741,0.0500713659933191,0.0412403441292456,7.96760723254684,2.81913515548189,1000,0.468032157950414,0.112707512949548,14.6395742893219,400,326.285136648885,62.6,100,0.175336548864127,27.3960612691466,-47.4944705850888,369.493575203239,0,1.83085655416678,0.0497446905105821,7.09269307652556,-48.1353852873431,14.4075723868848,0.112707512949548,14.6395742893219,8,TRUE,0
325.739633292149,2.67945834886215,0.0566488810476217,0.0352131437784602,7.9763831989184,3.14883580600333,1000,0.469172105412086,0.0893391961335191,14.6768663724263,400,325.739633292149,70.8,100,0.175404718593606,30.9846827133479,-43.6587952251291,369.685129934308,0,1.56322433857026,0.0562310466930664,7.09177411679474,-44.1305154469741,14.4641394943452,0.0893391961335192,14.6768663724263,8,TRUE,0
326.200016497279,2.39709747294384,0.0509953708704336,0.0931854338603573,8.81803755492504,3.01757811082908,1000,0.620323674732656,0.219711781227095,18.9580399371029,400,326.200016497279,70.8,100,0.180861496404306,30.9846827133479,-40.9382104705308,392.175723617192,285.640894061463,4.12508070684919,0.0506687586070827,7.35919087354464,-43.9823684098238,17.4268606449953,0.395438350597054,17.6311693191528,8,FALSE,1.32687061795012
328.01849683843,1.67695281083662,0.0365764285752953,0.0693502195892291,8.79698235732837,2.29182876404412,1000,0.614795216545993,0.230188132381087,18.8208052128064,400,328.01849683843,52.5,100,0.180663050109591,22.9759299781182,-48.3543136432513,391.439253487883,279.027457848764,3.070270851159,0.036408114862127,7.35989341181511,-50.1925106637467,17.2916452979053,0.400681037847047,17.5247793197632,8,FALSE,1.29602589304323
324.534848903875,3.83572766641566,0.0798000358706796,0.0729783280970073,8.06717179004138,4.31752400229773,1000,0.481299375798224,0.115627405937647,15.0680794715881,400,324.534848903875,102.8,100,0.176120919296782,44.9890590809628,-31.5861413180409,371.699129480846,0,3.2385265612263,0.0789722761792037,7.08214809008652,-33.9796520065883,14.9040612178233,0.115627405937647,15.0680794715881,8,TRUE,0
324.770125347887,3.54119431981843,0.0739028050057688,0.142744640505096,8.86759407413576,4.17561125714524,1000,0.634045426018933,0.225525204535039,19.2934432662269,400,324.770125347887,102.8,100,0.181438387088605,44.9890590809628,-28.3291343755671,393.980039121058,291.117217745734,6.31706326967695,0.0732182579819993,7.35306768257049,-33.8118828061042,17.7828125692743,0.407972454143285,17.940007686615,8,FALSE,1.35343557961193
324.165233332068,4.40699905749171,0.0912381949742774,0.0904528267253749,8.07819406649989,4.89056421630229,1000,0.482815239240671,0.120826019677396,15.1162850856781,400,324.165233332068,120.7,100,0.176209304839623,52.8227571115974,-24.8998438308098,371.947864474962,0,4.01379893636042,0.0901575625115814,7.0809637708809,-28.211599032065,14.9800861885075,0.120826019677396,15.1162850856781,8,TRUE,0
323.926676093279,4.87147015894868,0.100537968147726,0.0808641047721956,8.08046051197378,5.35565015974308,1000,0.483128160270824,0.0971730415506801,15.1262173652649,400,323.926676093279,137,100,0.176227519460703,59.9562363238512,-18.0726069063846,371.999129313184,0,3.58827000577504,0.0992273516479728,7.08071980309001,-21.1348647423164,15.0241797442351,0.0971730415506802,15.1262173652649,8,TRUE,0
324.060697558456,4.59962485191374,0.095095003696846,0.181016026898122,8.90070627081576,5.24422631887017,1000,0.643849695468912,0.216069197080621,19.528674180515,400,324.060697558456,137,100,0.18192830980422,59.9562363238512,-14.5955552308435,395.249182472971,285.087872556847,8.0087193165665,0.0939633103723979,7.34477997084045,-22.0579058946835,18.0991088038559,0.397391516295274,18.2017741203308,8,FALSE,1.32690006018419
325.064998392969,3.22826844068032,0.0676373135963831,0.131024732488058,8.85869351197479,3.86006810883456,1000,0.631501647483171,0.227749548224961,19.2318167768564,400,325.064998392969,93.7,100,0.181312044109063,41.0065645514223,-31.9713317848535,393.648051057281,292.480930890753,5.7987839678633,0.0670636286873023,7.35514956783973,-36.8614430564341,17.7011016860181,0.410351165691332,17.87242603302,8,FALSE,1.35939074383639
323.939099044142,4.84498356879063,0.100007646067762,0.119708247655191,8.1712541739299,5.34201530286326,1000,0.496023823379225,0.140479019356625,15.5300343036652,400,323.939099044142,136.7,100,0.176969135163769,59.8249452954048,-18.5839274876474,374.087896631518,0,5.30988514713594,0.0987089373907648,7.07081501490661,-23.3103974460595,15.4173357185627,0.140479019356625,15.5300343036652,8,TRUE,0
324.087357625044,4.54899539074309,0.0940812861516552,0.177566887014084,8.96803749451996,5.21546698675349,1000,0.665747071593449,0.21401856454488,20.0413712219136,400,324.087357625044,136.7,100,0.182761465723515,59.8249452954048,-13.6077530964228,398.02596388685,299.549415013945,7.85276169554886,0.0929724240275971,7.3378932010911,-20.9389970102992,18.5483045357484,0.409773655178652,18.6458535194397,8,FALSE,1.39551770247386
324.256083203497,4.25194296347399,0.0881336175333934,0.0950368927332702,8.20916622949589,4.75422675546781,1000,0.501629882453734,0.131052512590313,15.7023196220398,400,324.256083203497,116.7,100,0.177286171811758,51.0722100656455,-25.4857680417177,374.981724586793,0,4.21484364030248,0.0871228418135169,7.06659764314514,-28.9737215385448,15.5621570112667,0.131052512590313,15.7023196220398,8,TRUE,0
324.453195028051,3.94926953881686,0.082073403698533,0.0696523077436134,8.20906807694043,4.45141185469246,1000,0.501615189521529,0.107558805139929,15.7018706003825,400,324.453195028051,107.3,100,0.177285345037643,46.9584245076586,-28.3706255741231,374.979392952094,0,3.08904999325902,0.0811961636480661,7.06660862820602,-30.6897389202782,15.5534068540698,0.107558805139929,15.7018706003825,8,TRUE,0
324.707714385413,3.61500754359636,0.0753807144735108,0.128216251177258,8.98952984536521,4.28881380545226,1000,0.673415065323941,0.19909821569099,20.21692863904,400,324.707714385413,107.3,100,0.182933603770104,46.9584245076586,-24.0787813372081,398.9801419847,317.693134263154,5.66976716129878,0.0746674513922746,7.34063056595463,-29.0252198924108,18.6022662641192,0.408154961418231,18.7374362945556,8,FALSE,1.47949234448435
324.251483161212,4.25959820679753,0.0882868930036502,0.160381839804133,8.95707044485622,4.92217204377465,1000,0.661973616992153,0.208200688521049,19.9542348596917,400,324.251483161212,126.7,100,0.182578414259804,55.4485776805252,-17.4538668680001,397.55300213456,301.890500364614,7.09343129019951,0.0873101091288777,7.34097624500407,-23.9515948005364,18.4368643765973,0.404412664730414,18.5484013557434,8,FALSE,1.40583350394826
323.251472032503,6.90417920830901,0.1412374498321,0.233348585858513,8.31820769570676,7.4289048816494,1000,0.518572690032176,0.166247754496164,16.2115387916565,400,323.251472032503,260.6,100,0.178225441693815,114.048140043764,28.7734101720847,377.632953571876,0,10.3438468972089,0.138655002180781,7.05416182669598,17.975409351282,16.2986495173259,0.166247754496164,16.2115387916565,8,TRUE,0
323.250680823006,6.90966866207348,0.141347361244663,0.304542825915448,9.03989430709709,7.60675964065842,1000,0.693069035526203,0.216404143839653,20.6579316035546,400,323.250680823006,260.6,100,0.184130461474957,114.048140043764,34.7059761963138,401.384619839904,274.946845432136,13.4587547900577,0.138850758907579,7.31270621299617,20.7253665423351,19.469504971633,0.403404346228121,19.3726186752319,8,FALSE,1.28531292832265
323.344582005776,6.53238043295067,0.133793188464379,0.183607986979897,8.34855727469762,7.05975785541529,1000,0.523525971440131,0.141824812391042,16.3572702407837,400,323.344582005776,225.7,100,0.178494856921167,98.7746170678337,16.6256889064876,378.394279161178,0,8.13781279296933,0.131472411426688,7.05061092027305,8.27830078302208,16.3974079621146,0.141824812391042,16.3572702407837,8,TRUE,0
323.234824615436,6.97505244980705,0.14265649413417,0.187407229502372,8.34740964615616,7.50501152484398,1000,0.523336639516104,0.126345545837941,16.3517252604167,400,323.234824615436,268.2,100,0.178484600893541,117.374179431072,33.0308691188212,378.365290202558,0,8.30624580756363,0.14002112426986,7.05074596437026,24.1141898101936,16.468641777219,0.126345545837941,16.3517252604167,8,TRUE,0
323.23226178822,6.98847477862497,0.142925239838854,0.308354555478597,9.06484520773764,7.69668716085069,1000,0.703900982435153,0.214417374939099,20.8956670774482,400,323.23226178822,268.2,100,0.184558196920007,117.374179431072,38.1641751180851,402.685323233209,277.199146236159,13.6242367054754,0.140371404196048,7.30779180164396,23.9354489284255,19.7109216598478,0.405464441899387,19.5989537239075,8,FALSE,1.29671335354072
323.553852666331,5.82302204359638,0.119590212005812,0.233958833149981,9.02365440774006,6.51114823051057,1000,0.686440829759818,0.210189326259381,20.5106188448656,400,323.553852666331,190.2,100,0.183730007868186,83.2385120350109,7.85180451952016,400.580221946726,289.20442412848,10.3415282853359,0.117800453154557,7.32216672901177,-2.4287800860506,19.1490625056023,0.404727981591237,19.1604018211365,8,FALSE,1.3502170237291
323.125181252951,7.47449882287257,0.152656552194277,0.2776628468633,8.42041320657718,8.02585912715292,1000,0.535718138717883,0.16590626985508,16.7101850509644,400,323.125181252951,345,100,0.179148418746417,150.984682713348,61.6350946746786,380.242734669507,0,12.3023098582666,0.149639004542163,7.04202655738738,48.1088994485283,16.9437276043436,0.16590626985508,16.7101850509644,8,TRUE,0
323.097930370151,7.61885101222214,0.15554681299593,0.350512951751062,9.10654179830975,8.3522074535161,1000,0.724239015170046,0.205299583716555,21.3323169822563,400,323.097930370151,345,100,0.185417460598876,150.984682713348,68.396237861571,405.082563872801,273.106482514415,15.4801808296574,0.152521737734091,7.29538496198208,51.6044917257446,20.294387899643,0.398436587250689,20.0525760650635,8,FALSE,1.2797409171928
323.089012113714,7.64592735251969,0.156088943221781,0.260312578599445,8.41835707860133,8.20952058931836,1000,0.535359623284852,0.138812021548384,16.6999225616455,400,323.089012113714,390.6,100,0.179129391190335,170.940919037199,79.5075186888845,380.188887608456,0,11.5336913634581,0.152935685449129,7.04227588890933,66.2877136351679,17.0217019823592,0.138812021548384,16.6999225616455,8,TRUE,0
323.048114540454,7.81117247646526,0.159397528332657,0.281458851477043,8.43429553319306,8.43137035738911,1000,0.538154390742143,0.132422321895926,16.7797412872314,400,323.048114540454,467.6,100,0.179277417630684,204.638949671772,108.83121403323,380.60784552437,0,12.4696646941154,0.156109696898267,7.04033712442045,93.9687000223285,17.2360177056348,0.132422321895926,16.7797412872314,8,TRUE,0
323.035151439564,7.94855480757556,0.162148236640144,0.339437332360845,9.15877850633632,8.72113189634389,1000,0.755900091602014,0.167589899448837,21.9882435820852,400,323.035151439564,410.1,100,0.186641850408811,179.474835886214,95.3546390935968,408.703745491434,275.08441310744,14.9817279748231,0.158856930553303,7.28017233044809,78.3638951595431,21.0645110046598,0.369471084418217,20.6965408325195,8,FALSE,1.29170274956574
323.069508660265,7.76539769467276,0.1584810125658,0.361523366926791,9.10176253870442,8.49885246035802,1000,0.721735279624906,0.2020521738373,21.2792292510605,400,323.069508660265,371.2,100,0.185342418447319,162.450765864333,78.2374004994824,404.790538192047,270.223302126176,15.9670576247141,0.15534192564844,7.29548412208065,60.7275540019844,20.2975731791518,0.392669867533946,20.0130157470703,8,FALSE,1.26621350399016
323.035923152604,7.91599357021836,0.161496286237376,0.429550043234635,8.51352303506684,8.6282817419599,1000,0.552614524669103,0.213491482745975,17.1862134933472,400,323.035923152604,548.2,100,0.180032498824632,239.912472647702,137.883694941032,382.746738271096,0,19.0232176857873,0.158117589249976,7.03048061589769,115.892762143811,17.7497337854143,0.213491482745975,17.1862134933472,8,TRUE,0
322.967491758748,8.28840055720637,0.168952725392218,0.475179110003358,9.1430769919948,9.10845138594681,1000,0.745381810004176,0.214306747191882,21.7734330852224,400,322.967491758748,548.2,100,0.186299747201031,239.912472647702,145.809477666454,407.515176344194,267.674586497292,20.9765896992392,0.165383462982755,7.28232976003391,121.719018756252,21.0882784716034,0.40862066429729,20.5168967247009,8,FALSE,1.2565363605215
323.035888640703,7.93248335066727,0.161826449335519,0.380545400525752,8.51376128264675,8.73672102219013,1000,0.552659527917079,0.158904021561397,17.1874618530274,400,323.035888640703,632.7,100,0.1800348210938,276.892778993435,171.156576552952,382.75332110376,0,16.852959092117,0.158434054222736,7.03045038704442,150.450891415113,17.9190217299491,0.158904021561397,17.1874618530274,8,TRUE,0
323.009958644863,8.08806577788027,0.164941565170104,0.458003457254467,8.7002466178035,9.04020122095007,1000,0.591303672187487,0.16037813022,18.2235644685662,400,323.009958644863,845.2,100,0.180582645701559,369.890590809628,251.750651994729,388.246233896536,158.799806515104,20.2775562644978,0.161553872845842,7.31703378978915,225.89798737475,18.5370474337614,0.256257113790818,17.4816511472066,8,FALSE,0.74191332135965
322.961888207771,8.37496157427633,0.170685874821512,0.563533967982471,9.14329602033197,9.48511382716445,1000,0.745521450021711,0.18060506013341,21.7763047006668,400,322.961888207771,882.4,100,0.186316626380366,386.17067833698,272.395438799317,407.5310481785,266.374510817163,24.8767664266335,0.167043496090443,7.28171350177458,241.343436974427,21.6587921766402,0.374052305679421,20.5257654190063,8,FALSE,1.25053928166049
322.960589678185,8.38020628135487,0.170790885845962,0.641079168662047,9.17009461534865,9.47043789946258,1000,0.76423731837273,0.248673882115731,22.1563982667186,400,322.960589678185,808,100,0.187005739714814,353.610503282276,243.722565846061,409.635975829071,270.022399701889,28.290069833102,0.167140274104119,7.27397309883115,210.032787188244,21.8744673997138,0.448926199979912,20.8873844146729,8,FALSE,1.26901385204566
322.986321532047,8.22899097649745,0.167763209783626,0.667110695496587,8.88872307612292,9.27272733734657,1000,0.640236858154845,0.253492698047099,19.4424118668462,400,322.986321532047,994.9,100,0.182230929866316,435.404814004376,307.696492237491,394.783415180038,231.198404902725,29.5104937221037,0.164262955937306,7.3236630485862,271.432093739917,19.6302136704195,0.40125866661907,18.3632297515869,8,FALSE,1.07918211525925
322.96007343115,8.39049172616787,0.170996823962346,0.7359188047804,9.19595165185569,9.63059525113716,1000,0.786876715313597,0.254770355549039,22.6039237992681,400,322.96007343115,994.9,100,0.187823256588658,435.404814004376,315.023866962158,412.124776721506,273.858776892049,32.4618277431463,0.16733291759125,7.26468179406592,275.440712626984,22.6113678701734,0.462945915097713,21.3152341842652,8,FALSE,1.28868961500291
322.982917237712,8.24139989641512,0.168011664725602,0.540272639839157,8.91825696714865,9.17735403682081,1000,0.649283841922111,0.216790716742313,19.6575158574654,400,322.982917237712,778.7,100,0.182587537424675,340.787746170678,227.73000471004,395.945621380497,236.475770395473,23.895279739219,0.164499772865426,7.32074262984325,198.874569993713,19.4819319006858,0.369675630042097,18.5532598495484,8,FALSE,1.10425600791697
322.980197473417,8.26209488591091,0.16842602572144,0.573699810207465,8.94250936342419,9.26035828143104,1000,0.657096839915117,0.214862724232557,19.8408819329442,400,322.980197473417,870.3,100,0.182897951307848,380.875273522976,262.646562516597,396.93837216663,240.270515855977,25.3696680086106,0.164895638391142,7.3179181758315,231.491196370263,19.7998698747297,0.371748045650283,18.7184727986654,8,FALSE,1.12240913427883
322.960486887558,8.3838463276035,0.170863767892546,0.7058387273297,9.17300296317196,9.51999210076368,1000,0.766505190659166,0.274395187003428,22.2018219783117,400,322.960486887558,870.3,100,0.187088807232291,380.875273522976,266.680888555942,409.888073043081,270.389818569103,31.146525018809,0.167209604642551,7.27302012640195,229.62750030921,22.0102277831554,0.475424839238505,20.9309148788452,8,FALSE,1.27090709946654
322.96009786211,8.38723265234029,0.170931569854487,0.65940865345926,9.19010987918204,9.55597219656883,1000,0.781187269305961,0.236432467921304,22.4926804758581,400,322.96009786211,882.4,100,0.187619418993763,386.17067833698,272.827577626964,411.505068698886,272.951493452554,29.0899095823552,0.16727157674203,7.26700902535857,237.603234919364,22.3263964295783,0.442648470739058,21.2086715698242,8,FALSE,1.28400890603386
322.96721921751,8.34884945628274,0.170163050530276,0.957653086860737,9.07185721399705,9.57169353433392,1000,0.707106204402293,0.334881735871241,20.9653129655283,400,322.96721921751,1349.1,100,0.184861919000691,590.415754923413,442.384966651361,403.066969292403,257.422937260611,42.3060871860584,0.16655050496945,7.29775735137164,390.194727039902,21.5872617899795,0.513648638758224,19.75945520401,8,FALSE,1.20585776151828
322.966008039683,8.35943337410386,0.170374964758554,1.04487780468036,9.2348085744497,9.88653238581151,1000,0.862577203641484,0.339136940974512,24.0120109562783,400,322.966008039683,1349.1,100,0.190419519091737,590.415754923413,450.040511152344,420.029524588575,284.9157567467,46.0301232593445,0.166722845549286,7.23514907430465,393.650041368281,24.5257673957975,0.57312991950795,22.6658182144165,8,FALSE,1.34619274186176
322.963940698399,8.37024648856995,0.170591468027579,0.96424187154018,9.11242190563128,9.65750281180098,1000,0.727392008987874,0.286060010953847,21.3989107227968,400,322.963940698399,1518.5,100,0.185637378724166,664.551422319475,508.407513747768,405.449106967968,262.368733878175,42.5803705505993,0.166956753626796,7.28924490864625,454.258408536585,22.2988378122978,0.472673319407933,20.1684498786926,8,FALSE,1.23046084410417
322.963752887073,8.3713051113125,0.170612664074763,0.939829291602814,9.11499006424438,9.65628062004213,1000,0.728795557512022,0.27580243039486,21.4284619891726,400,322.963752887073,1492.9,100,0.185690465769757,653.347921225383,499.093464157201,405.611841744528,262.68736256173,41.5012064154885,0.166976769046875,7.28865707123625,446.223971874351,22.2892841674307,0.462947365777301,20.196407477061,8,FALSE,1.23205451211156
322.972280141045,8.32229967058001,0.16963146313105,1.19643022711787,9.23055203216684,9.96897919944453,1000,0.896916257830085,0.388561118142112,24.6104524103131,400,322.972280141045,1492.9,100,0.191532459549913,653.347921225383,504.681890741296,423.423274847272,289.330352748324,52.6771837825275,0.166004625795541,7.22254166749756,440.327783884029,25.3251425059857,0.634068713730004,23.241014957428,8,FALSE,1.3694374528851
322.964422270462,8.36820959761778,0.170550684814642,0.93326880774405,9.23337123805726,9.83389424040518,1000,0.851326097801859,0.30337703028209,23.8107400592038,400,322.964422270462,1227.3,100,0.19004629864653,537.111597374179,404.462048453258,418.892718867288,283.414238351656,41.1210824692031,0.166893207468328,7.23939077040015,354.046640574178,24.1442741406357,0.533586893809324,22.4724264144897,8,FALSE,1.33831364471412
322.960264176033,8.39352416756934,0.171057540370982,1.18282934950392,9.18060614940939,9.7512762254356,1000,0.772720360225,0.42817244751582,22.3256214886723,400,322.960264176033,1464.4,100,0.187315483918607,640.875273522976,486.888637720423,410.575739108956,271.372993815215,52.188698360302,0.167393889471021,7.2704162349777,423.781602180692,23.0422407602323,0.631320254130223,21.0496363639832,8,FALSE,1.27598512468913
322.97894351039,8.28227973918004,0.168830172623914,1.29528932579636,9.21792326486933,9.99695147712701,1000,0.924909618132268,0.458734410615127,25.0815904809751,400,322.97894351039,1464.4,100,0.192411895381428,640.875273522976,493.721861533813,426.109525435218,292.772511961369,57.0048390585964,0.165232322941366,7.21262900657037,425.369407903953,25.710051035238,0.713608069711064,23.693956375122,8,FALSE,1.38763410585312
322.960756202038,8.39067693543159,0.171000532275171,1.11543734570294,9.16582629432679,9.74387345788776,1000,0.761006383183579,0.361249083133348,22.0914518036719,400,322.960756202038,1560.3,100,0.186889213678148,682.844638949672,524.021483378613,409.275731248048,269.2474818661,49.2258389659445,0.167341668318576,7.27523172111734,462.904362374028,23.001416120047,0.560218764819568,20.8262987136841,8,FALSE,1.26515308998781
322.960985661857,8.38934366008451,0.170973837055023,1.16839275381781,9.16054796116111,9.74205309044069,1000,0.757157093001186,0.387513522402874,22.0137146038992,400,322.960985661857,1600.5,100,0.186748020363536,700.437636761488,538.306775436241,408.844851565483,268.521681713157,51.5665197384524,0.167316885809303,7.27682274971536,474.561396277414,22.9816523004536,0.585097406432428,20.7522478103637,8,FALSE,1.26146679353553
319.472474384187,8.16348108582231,0.15916220402217,1.43677350211191,9.11818819202639,10.0068378076926,1000,0.9454662330364,0.560452462421824,25.4185719739382,400,319.472474384187,1600.5,100,0.192977298847505,700.437636761488,543.55376386277,428.038691683369,302.405621579488,63.2136990038406,0.155958848491635,7.20835817057954,467.816010432859,26.2030209230076,0.828228370642244,23.9844312667847,8,FALSE,1.4341407071535
322.973586692692,8.31458716346216,0.169477041108733,1.25763506643241,9.22852905699106,9.98617742613663,1000,0.902889238651624,0.414534785193207,24.7122020757182,400,322.973586692692,1538.2,100,0.191722174034251,673.172866520788,521.439168510161,424.002334484943,290.07303522182,55.3667115933324,0.165855682042253,7.22039862950167,454.017010565367,25.4884001257472,0.66203986375331,23.3388419151307,8,FALSE,1.37336016058752
321.974806452363,8.36558292999536,0.16833419821362,1.4069795395091,9.20085734673201,9.87592151510295,1000,0.822990982528225,0.516464725744842,23.2918270114118,400,321.974806452363,1664.9,100,0.189069454355403,728.621444201313,562.775788013915,415.972470069515,281.425396886546,62.0238054415301,0.164775814811796,7.25111208936874,488.026902739863,24.2658453298603,0.738566090926916,21.9650530815125,8,FALSE,1.32677392989933
310.24988381142,7.67820738125755,0.1343173851521,1.51744039560565,8.73898744055346,9.97376696709129,1000,1.05463444071547,0.746108568937029,27.0936768509455,400,310.24988381142,1664.9,100,0.195976338351286,728.621444201313,568.560902078394,437.725798667356,331.390355519334,66.6638783398185,0.13201982945704,7.17954436859321,488.561024173272,27.8420408340386,1.06629668729239,25.5157704353333,8,FALSE,1.57790641561216
314.382554081297,8.14900415278759,0.149434920251491,1.47643955140189,9.03222120826476,9.87793225704825,1000,0.873698077772941,0.656828824114967,24.2083886388842,400,314.382554081297,1687.7,100,0.190636186934658,738.599562363239,570.352635488532,421.140921357123,302.840523270843,65.0347138328779,0.146618850612267,7.23752458768563,492.349451438462,25.1035016787708,0.907499208206846,22.7779731750488,8,FALSE,1.43041546383537
312.546324655416,8.07687511564424,0.145002242372971,1.50265578972796,8.98139481122835,9.88888865603679,1000,0.895733332885147,0.694715569439879,24.5902209283723,400,312.546324655416,1708.5,100,0.191317213855663,747.702407002188,578.357248638571,423.308207755884,308.870365815506,66.1669807355735,0.142346814055849,7.23068468610922,498.987520673891,25.4890562772553,0.955613108990904,23.1299444834392,8,FALSE,1.46027644493313
305.924471477944,7.44196649103119,0.124198993950066,1.55446493436473,8.54369006302857,9.9295812107436,1000,1.09648286693461,0.847961904874629,27.6902115113408,400,305.924471477944,1708.5,100,0.197042226841268,747.702407002188,584.556196196521,441.214935812141,342.685493387832,68.2546666673015,0.12222933751381,7.16959447719337,502.491536287083,28.4521797456176,1.18936683272255,26.0562591552735,8,FALSE,1.63395235606726
309.467255722038,7.6598664151241,0.132838189114741,1.51944615860472,8.71996285522,9.96203516478956,1000,1.05401292936785,0.763641970554656,27.084640128047,400,309.467255722038,1659.8,100,0.195947744323387,726.389496717724,566.20261312922,437.67310242796,332.57334691537,66.7529347124468,0.13059073564652,7.18019339468917,486.181760132077,27.8159764137444,1.0847494712728,25.5012440681457,8,FALSE,1.5833960599013
307.626693051481,7.91326249909058,0.134498672781985,1.55739154114469,8.84439237102274,9.86753830581791,1000,0.923553696001362,0.804230772602054,25.0591004610464,400,307.626693051481,1750.5,100,0.192119347389387,766.083150984683,592.783729128396,425.981006149453,320.28002929645,68.5497658950922,0.132208835230876,7.2237937963593,510.65296721252,25.9600036669902,1.08137179788992,23.5434370040893,8,FALSE,1.51566345695709
300.640388490638,7.13688867692854,0.112773161431775,1.59127991726096,8.28804874449594,9.85495078017845,1000,1.14679293668139,0.987193118081781,28.3779303560272,400,300.640388490638,1750.5,100,0.198277098957146,766.083150984683,599.479538368001,445.263249378262,355.527981320548,69.8289148636147,0.111144273691253,7.15802529278648,515.374757247561,29.141324656535,1.35408108333022,26.680004119873,8,FALSE,1.69792623615423
306.122962048759,7.85745223913124,0.131410820657997,1.57660130488663,8.79859047941048,9.86168929373303,1000,0.933917204744019,0.840240002004078,25.2301630949325,400,306.122962048759,1768.7,100,0.192418077397907,774.048140043764,599.243218618927,426.959274850879,323.82555099007,69.3849825544795,0.129223240855304,7.22103395150118,516.105627606265,26.1404392371888,1.12295082833348,23.6971354484558,8,FALSE,1.53302764647667
305.662090145826,7.83739290663602,0.130434972148825,1.58586482004584,8.78298528585201,9.86221579283665,1000,0.938502724905993,0.851542489976113,25.3052479020396,400,305.662090145826,1782.9,100,0.192552131532084,780.262582056893,604.537045506594,427.389199645229,325.067874708159,69.7880097598234,0.128279104358429,7.2197038042082,520.857574421039,26.2323097753448,1.13646175173748,23.7660554250082,8,FALSE,1.5391924770314
298.73984702609,7.02527011404621,0.108925878774581,1.61005558565472,8.19352452697946,9.82627913747884,1000,1.16415711384783,1.04160869274809,28.608306588638,400,298.73984702609,1782.9,100,0.198691564807629,780.262582056893,611.219242457891,446.62558670718,359.857343064415,70.6385240084305,0.107404674306267,7.1541525776994,525.972924951891,29.4020688270292,1.41735233764251,26.8887739181518,8,FALSE,1.71953267048616
302.489359290067,7.22252372654546,0.116290361884198,1.57987735795008,8.36319091551691,9.8835809274315,1000,1.13608570323828,0.936717760711313,28.2341288348007,400,302.489359290067,1742.9,100,0.198027446012071,762.757111597374,597.292643632155,444.414455800059,351.880239566763,69.337012065156,0.114559560535758,7.16010468228392,513.746902571109,29.0069451862685,1.2972423152792,26.5541114807129,8,FALSE,1.68001735408782
301.194844085549,7.61106115959774,0.120941021817089,1.64562411438752,8.60823271053597,9.85165806420497,1000,0.991248484957838,0.967683536646317,26.1434722449068,400,301.194844085549,1845.7,100,0.194064468922347,807.746170678337,627.96135119722,432.210828264797,337.634639382313,72.3634797229455,0.119081447147583,7.20436406646144,541.024262315739,27.1085702113246,1.27698979657529,24.5413722991944,8,FALSE,1.60209994571237
294.545525304896,6.68972236989022,0.0995977288360594,1.63566744872883,7.91698302698853,9.74013049717131,1000,1.22383214682777,1.17187086909216,29.3746379074092,400,294.545525304896,1845.7,100,0.200101905783403,807.746170678337,634.621042122776,451.179816625838,371.291807919238,71.7128875977619,0.0983219381827232,7.14022645552233,547.562928949651,30.2185698816347,1.57514436602462,27.5970067977905,8,FALSE,1.77763110961873
299.785985648622,7.52017318944559,0.117816800143418,1.64794632950281,8.53899436859206,9.84030092172698,1000,1.01324917729432,1.00700520393958,26.4799947263074,400,299.785985648622,1823.6,100,0.194679571566702,798.074398249453,619.795770989767,434.15800278498,342.037998545996,72.4435539362381,0.116049814457646,7.19797241813881,532.938134629461,27.3866335672946,1.32596479825373,24.8555593490601,8,FALSE,1.62443537724734
299.618557156504,7.50540842024759,0.117389346638983,1.65436473587902,8.52819832942596,9.84184400234053,1000,1.01728362317577,1.01180169751771,26.540911978488,400,299.618557156504,1838.7,100,0.19479214403361,804.682713347921,625.56976415374,434.511182101582,342.715334305744,72.7216619191651,0.115634775770319,7.19677241848477,538.278728423613,27.4698528203332,1.33242789126008,24.9129883448282,8,FALSE,1.62792363365983
292.657591174916,6.51849934477668,0.095341626875334,1.63034216058722,7.77577559231868,9.68586384862116,1000,1.25411859856825,1.23533069355665,29.7493892542976,400,292.657591174916,1838.7,100,0.200796324678213,804.682713347921,631.927546032619,453.41956378856,376.620689177902,71.4552925167737,0.0941707857688062,7.1333301824303,545.12744476718,30.5569277802474,1.65233989793021,27.9445018768311,8,FALSE,1.80488737746651
294.904987285387,6.71477484167997,0.100312655734764,1.62397047078457,7.93812743043667,9.74365428604249,1000,1.21987230259032,1.16023435903929,29.3249562984193,400,294.904987285387,1813.8,100,0.200011186282724,793.785557986871,622.700706494975,450.883512585147,370.454392753187,71.2031972196447,0.0990187582117626,7.14109578138731,536.471754774284,30.1196996642533,1.56158026229786,27.5515503883362,8,FALSE,1.77340591008314
295.912976577748,7.2845854236706,0.109879245558459,1.68963772981041,8.35127593540262,9.80586609737563,1000,1.06191691768822,1.12176774419306,27.1991684490593,400,295.912976577748,1871.9,100,0.195989406703039,819.212253829322,637.583725791759,438.341308530055,352.402676488403,74.2283385984692,0.10833796678054,7.18466770835261,548.395785849156,28.1317189868268,1.46300993908056,25.5224089622497,8,FALSE,1.67675948680964
290.197608661011,6.25787084728088,0.0894789626825996,1.63009639728585,7.56156189067442,9.60592507555854,1000,1.30090009486537,1.32346124550413,30.3108177010695,400,290.197608661011,1871.9,100,0.201843682137773,819.212253829322,644.558281957466,456.79060088954,384.158589947562,71.4082564021139,0.0884454077318964,7.1228564723349,557.355971309348,31.1420557014249,1.76124600870753,28.4670991897583,8,FALSE,1.84371851131119
295.522905269609,7.29515255747681,0.109627818216668,1.69693787387216,8.35474629079574,9.8000713568172,1000,1.05478579705279,1.13349041147741,27.0958767530287,400,295.522905269609,1880.1,100,0.195790042842062,822.800875273523,639.976756862302,437.738627773233,352.099679821685,74.5563631634145,0.108094026958617,7.18700165769107,550.425566864198,28.0392203828952,1.47253562613186,25.4211030006409,8,FALSE,1.67477375238777
295.269791816188,7.27159300126865,0.109009672829862,1.6959740805837,8.33690274706041,9.79649837822158,1000,1.06056869685764,1.14151662421482,27.1796932374722,400,295.269791816188,1874.3,100,0.195945385703088,820.262582056893,637.895538765932,438.227628049454,353.043481789766,74.5083186312058,0.107492667551207,7.18535650084947,548.43144026741,28.1092753011992,1.48297857005266,25.5000457763672,8,FALSE,1.67964746110503
288.303384929127,6.24406803325956,0.0877675277065544,1.65017502129625,7.53896283565004,9.58157409396503,1000,1.29211811146351,1.39110095390338,30.2069801217499,400,288.303384929127,1874.3,100,0.201626310189834,820.262582056893,643.448613985203,456.165707160231,385.240998680389,72.2954324681554,0.0867732947036031,7.12563074457923,555.436589662594,31.0234934021733,1.82761285161268,28.3587865829467,8,FALSE,1.84819353880322
290.647399754176,6.38890981571923,0.0917284145243128,1.64393781110176,7.66443915037263,9.64042374824789,1000,1.27256320880691,1.30528544811392,29.9732059565294,400,290.647399754176,1869.2,100,0.201202849106208,818.030634573304,642.634308199113,454.761202778159,380.749754730344,72.0369576840991,0.0906435609285692,7.12953570658405,554.936471090121,30.808408954492,1.73166217131578,28.1475596427917,8,FALSE,1.82564631373769
288.106353088257,6.85453338208912,0.0961788377703569,1.75203799057785,7.98975631095409,9.68708902041164,1000,1.13147376715389,1.38590778197488,28.1717709979159,400,288.106353088257,1918.7,100,0.197747078782871,839.693654266958,651.962978135044,444.04676391672,368.84035643815,76.9032817834605,0.0949930871630943,7.16753309154506,559.620178444659,29.0816863516747,1.76146468027042,26.4126043319702,8,FALSE,1.75916666594575
281.610634417768,5.59160517385839,0.0741532213066667,1.63079158067268,6.99282620125333,9.32902889012504,1000,1.39913102417355,1.67305096598636,31.4267479594712,400,281.610634417768,1918.7,100,0.203903336327618,839.693654266958,658.534392875791,463.546861911244,402.522017778092,71.3677283101833,0.073440039045513,7.10319806028654,570.781885514812,32.2365239193361,2.15835008159607,29.489550113678,8,FALSE,1.9371978457932
286.597282562432,6.72771039403674,0.0931431180402702,1.75741810552449,7.88737858103325,9.65491827904255,1000,1.15615866334501,1.443539386007,28.5026184284978,400,286.597282562432,1925.5,100,0.198360352485021,842.669584245077,654.334579431948,446.000208812018,373.016644580067,77.1162903458863,0.0920296354193438,7.16121258921758,561.660698422734,29.4031414395921,1.82995319443098,26.721962928772,8,FALSE,1.78065549972585
286.831776892606,6.66316151897364,0.092440576590885,1.76087898869266,7.84236688174319,9.65618987837211,1000,1.17582381218317,1.43614343885679,28.761170546071,400,286.831776892606,1973,100,0.198854128523203,863.457330415755,673.499272842676,447.531276446496,374.81309598166,77.2495190055517,0.0913429049635703,7.15577311372389,580.128375924132,29.7420213904004,1.82976877664485,26.9705793062845,8,FALSE,1.79059123978654
279.405669438371,5.29533375645764,0.0689402234080942,1.61478658565212,6.7472657305575,9.20992766125716,1000,1.45008573618872,1.78168255092313,31.9751145865131,400,279.405669438371,1973,100,0.204939648834958,863.457330415755,678.800836236546,466.894207876869,409.515451871936,70.6321228183969,0.068322484092872,7.09288025666557,591.089930415244,32.8502402869754,2.28935580764358,30.0013928413391,8,FALSE,1.97372174517403
283.821338960147,5.79778437051192,0.0783505205443226,1.63447495071405,7.16685949210371,9.41433974321924,1000,1.36679349452353,1.57443034027492,31.0682785061477,400,283.821338960147,1894.2,100,0.203234340192104,828.971553610503,650.134922478218,461.368438678457,397.250194016949,71.5519770613284,0.0775554725468194,7.10972040674443,562.503545608288,31.8628555522691,2.04475839425948,29.1582059860229,8,FALSE,1.91007252012479
282.370786177859,6.32868104112618,0.0844704324169992,1.75160808185999,7.56342121277728,9.53538325927688,1000,1.23184570492429,1.61809158683982,29.4746888966509,400,282.370786177859,1913.7,100,0.200171754374887,837.505470459519,649.364071554286,451.77696978043,385.008187582092,76.7934864184657,0.0835512663375414,7.14258308319969,556.961667084574,30.2976777027012,2.03756582187081,27.6319961547851,8,FALSE,1.84269274186576
276.815796134408,4.91929859005572,0.0626981245602927,1.55133229598291,6.43511913502729,9.02876077748114,1000,1.51422569090993,1.92192577886711,32.6386108156106,400,276.815796134408,1913.7,100,0.206198125276968,837.505470459519,656.167220593647,470.96852929862,417.958668873879,67.8156830091316,0.0621858779074699,7.08041521476115,571.702241348754,33.3809057596443,2.45774245846451,30.6206493377685,8,FALSE,2.01796147784212
281.486508540325,6.2486281615684,0.0827796762031077,1.66931596472315,7.4973934485065,9.46356697237875,1000,1.2459127019722,1.65699123485205,29.6487544972505,400,281.486508540325,1638.4,100,0.200496125601934,717.024070021882,545.472719886836,452.81729076502,387.270995931839,73.1741203614995,0.0818963428956074,7.13929226367203,459.397132301782,29.9941174654828,2.08273542347278,27.7943773269653,8,FALSE,1.85437717028521
284.640651128176,6.46846918020721,0.0880350205402415,1.72129228263867,7.68340053563096,9.58015590727134,1000,1.21182655101432,1.52374268269633,29.2235127895871,400,284.640651128176,1844,100,0.199713551480301,807.002188183807,624.575082587162,450.278950787427,380.751323983571,75.4812197324579,0.0870377089431697,7.14699679276835,534.167252125781,29.9573253233136,1.93329891443746,27.4023192723592,8,FALSE,1.82119351722794
276.316461116249,4.93422547347074,0.0626344874853503,1.5432213829875,6.44429697069814,9.01990883827653,1000,1.50846091805555,1.94536310884188,32.5801378052521,400,276.316461116249,1844,100,0.206081536909081,807.002188183807,629.080185876682,470.608397511969,417.783694720916,67.4648805872789,0.0621233676100705,7.08169608482892,545.734120204875,33.1977881815498,2.47932903271905,30.5633859634399,8,FALSE,2.01675184181219
276.864588663829,4.95893941522637,0.0632284013098886,1.57311839132136,6.46688092475992,9.05230629690169,1000,1.50632577741617,1.91728783732332,32.5584240060061,400,276.864588663829,1965.4,100,0.206043793213448,860.131291028446,675.35679049538,470.474716118936,417.143901580186,68.7731273744802,0.062707603862599,7.08198652580333,589.434612776719,33.3900825016566,2.44988334354893,30.5448431968689,8,FALSE,2.01358080913724
280.401975190507,6.37032242367595,0.0836266474068401,1.63327963520286,7.58060918541911,9.41776631810792,1000,1.2071666698247,1.69936734704009,29.16445100318,400,280.401975190507,1388.3,100,0.1995626535037,607.571115973742,447.916907961139,449.927246855383,384.37341362886,71.6269989892116,0.0827265307199939,7.14960783527941,366.071964941956,29.0769442624602,2.11126010814736,27.3266038894653,8,FALSE,1.83784711371474
274.092151179691,4.90192902776227,0.0611253049015504,1.45161672043994,6.40663013876764,8.89175394005761,1000,1.50305143221391,2.05892219104889,32.5250649420386,400,274.092151179691,1388.3,100,0.205958768132757,607.571115973742,454.43656892275,470.269395935377,418.96823775845,63.4639348241769,0.0606385354228428,7.08333755052869,379.925718378271,32.3366401012168,2.59275381045389,30.5030636787414,8,FALSE,2.02200126329716
276.408301883604,5.93011550350146,0.0753321998302244,1.72434069932444,7.22234621015555,9.34698746113351,1000,1.28978008883503,1.89325261673792,30.1792165355467,400,276.408301883604,1754.3,100,0.201467251145198,767.746170678337,584.965382102352,455.998734804569,396.225127268479,75.5505091129455,0.0745990071506499,7.12996031759852,495.416178575347,30.6547965998585,2.34073778903533,28.2794809341431,8,FALSE,1.89973560140357
280.862710866626,6.2209765112742,0.0819818191153729,1.74621330475644,7.47230823559108,9.49023431427277,1000,1.24857057786024,1.6841171529094,29.6814223141882,400,280.862710866626,1884,100,0.200553027785661,824.507658643326,637.312219576305,453.01273339723,388.122487542683,76.5427832150402,0.081115285468319,7.13881876624165,545.446052901739,30.4347877381689,2.11148628071508,27.8228446642557,8,FALSE,1.85857764993247
270.578955438751,4.40275046256188,0.0534104293216405,1.50911618370976,5.99066786792726,8.73158214719435,1000,1.58660925364855,2.28818003023474,33.3544344883098,400,270.578955438751,1884,100,0.207537183205607,824.507658643326,639.34636962682,475.394018633,429.551298488594,65.9280747251052,0.05303759324683,7.06778753798238,557.060864507456,33.9711679928897,2.85882138837324,31.2767968177795,8,FALSE,2.07763767053026
274.038812180893,4.74106457706804,0.0590943162985322,1.53563471789711,6.27849236353012,8.91764858347937,1000,1.5359357008857,2.07251293455352,32.8568387723511,400,274.038812180893,1862.3,100,0.206598953745248,815.010940919037,634.152906319003,472.314407743188,422.200098550007,67.1166125153804,0.0586388187010492,7.07679100801279,550.951873547326,33.4787882616858,2.61962371574762,30.8173551559448,8,FALSE,2.03948361640628
277.155561485745,6.10322265038996,0.0780030182204069,1.54944783671485,7.35864584822028,9.19634201098142,1000,1.25248364739394,1.85198943829977,29.7293913137217,400,277.155561485745,1057.9,100,0.200613072989496,462.975929978118,321.831022251351,453.299833477045,391.875806716457,67.9158669984421,0.0772181671816275,7.13896404985779,246.974878078721,29.0355275068093,2.28433666696019,27.8528785705566,8,FALSE,1.87651274316512
272.283435564874,4.81410043039618,0.0591800376122259,1.3794155281362,6.32716847681434,8.71164415930923,1000,1.51139121125308,2.15995377754274,32.6098881076406,400,272.283435564874,1057.9,100,0.206109481491213,462.975929978118,327.874976998918,470.79160203297,421.126453008466,60.3029875983172,0.0587235618936912,7.08209065416176,260.005083584287,31.8321561881265,2.69874370043484,30.5771131515503,8,FALSE,2.03277495609032
277.619088048062,6.18695729490943,0.0793727581062725,1.52771242466718,7.42475143160218,9.16327765574768,1000,1.23463168958244,1.82784067048158,29.5093201025632,400,277.619088048062,957.9,100,0.200196621951242,419.212253829322,283.82055575224,451.983803758967,389.683712843069,66.9767088516887,0.0785607387686587,7.14335435828837,210.932346353035,28.6538882121505,2.25287258597998,27.6444511413574,8,FALSE,1.8648689612058
282.98660452423,6.46185971399579,0.0867022354310579,1.45512074930152,7.66717288203431,9.23250808111039,1000,1.20157032298683,1.58951970192721,29.0932178990216,400,282.98660452423,887.3,100,0.199449948109976,388.315098468271,262.140020305242,449.503338722651,381.341891540595,63.8173979493377,0.0857351605849225,7.15024147780594,192.940704334361,28.1924742952166,1.99680216969412,27.2700273195902,8,FALSE,1.82319057943142
274.022103996433,5.19799011807876,0.0647811636307702,1.38585667753012,6.64024186251603,8.77027508782594,1000,1.440184985419,2.04449067877968,31.8700885074469,400,274.022103996433,887.3,100,0.204695480507878,388.315098468271,262.946648757187,466.251707425077,412.918577767673,60.6256416993106,0.0642356839673634,7.09639970901531,196.64868055322,30.8282599319817,2.55327382884173,29.8809518814087,8,FALSE,1.98913662603816
270.674839985081,4.39437439581124,0.0533483771374303,1.38352640184752,5.98452209359082,8.62480818121491,1000,1.58879254454822,2.28350219125254,33.3755148877338,400,270.674839985081,1357,100,0.207578621281022,593.873085339168,441.236418663202,475.524816475852,429.694526052013,60.4402976081552,0.052976381152816,7.06735300731606,369.930708452811,33.0864337149825,2.85494924220346,31.2970566749573,8,FALSE,2.07845821277653
276.5688462123,5.99735961531771,0.0762855676014607,1.64336688646883,7.27456361626914,9.2986643843978,1000,1.27459478103075,1.88313030092965,29.997659529508,400,276.5688462123,1426.5,100,0.201121137077262,624.288840262582,460.980120153955,454.907966625844,394.583795289665,72.0147937025036,0.0755341751685552,7.13363019165359,378.299777582315,29.9196245653917,2.32457289101586,28.1067667007447,8,FALSE,1.89089282876326
270.608524896004,4.59871634436156,0.0558004896805307,1.44828278900425,6.14698149983246,8.73628719479311,1000,1.54680738202565,2.26895429070311,32.964963997221,400,270.608524896004,1426.5,100,0.206783923460244,624.288840262582,465.572603240642,472.982316675615,425.72922725982,63.2932087144676,0.0553941034472697,7.07545048776069,390.856401687719,32.7964750944703,2.8234576689125,30.9080429077149,8,FALSE,2.0569210895061
273.78673861016,5.79558487602309,0.0720940134949012,1.71362460320035,7.1025739997075,9.2617613852807,1000,1.30465680943365,2.0259975630718,30.3550229444908,400,273.78673861016,1652.7,100,0.201783072579397,723.28227571116,543.694881011198,457.056822439562,399.898417885242,75.0695085246914,0.0714219512337109,7.1271014584976,455.722908660256,30.6227856512935,2.48161973954035,28.4369063377381,8,FALSE,1.91811660675267
278.255472936879,6.06029169128818,0.0781540451551257,1.54868689729577,7.33361844027037,9.24284549227414,1000,1.27051609610236,1.80337980127378,29.9485258066634,400,278.255472936879,1152.8,100,0.201041110690782,504.507658643326,360.02865998143,454.613115086232,392.698057795738,67.8684096434435,0.0773656401130239,7.13414163740501,284.152785051195,29.4284011433805,2.24169386356751,28.0668045679728,8,FALSE,1.8817212386906
268.619759435289,4.32017629239261,0.0516272470856183,1.35295307453132,5.91468178668274,8.49852813387078,1000,1.59315289192859,2.41083176267412,33.4175289314113,400,268.619759435289,1152.8,100,0.207646496722636,504.507658643326,361.203877319909,475.785582087861,431.497371164305,59.1027698877775,0.0512787693831778,7.06696764614699,293.477937133017,32.749884240451,2.98577049238891,31.3302364349366,8,FALSE,2.0872924964747
276.082857300903,5.2507612455336,0.066527160685061,1.32160911677636,6.69368414181495,8.66556943709403,1000,1.44065483291439,1.93928872249839,31.8750888949105,400,276.082857300903,742.6,100,0.204720767724187,324.989059080963,211.290774296616,466.282282414887,411.329748530308,57.8143679538454,0.0659519607746009,7.09576830700335,149.172611430892,30.6120971264407,2.44637819334258,29.8934297561646,8,FALSE,1.98165913874591
272.06120310058,5.51257400060016,0.0676486301265115,1.70152126494647,6.87386974439019,9.16743095244388,1000,1.35923870273592,2.12818514980356,30.9833099028824,400,272.06120310058,1718,100,0.202975147950421,751.859956236324,568.558010324859,460.85321110721,406.606765291085,74.4963585834807,0.0670555350706174,7.11477009534865,480.357671413467,31.3376699496251,2.60669361926775,29.0296363830566,8,FALSE,1.95367351982581
265.252403839716,3.66773541751366,0.0427351191633094,1.3628415809979,5.37627152745518,8.27021406784181,1000,1.70753803887173,2.71446059302668,34.480458702384,400,265.252403839716,1718,100,0.209688527293899,751.859956236324,571.755899711362,482.418547121552,444.304103280862,59.4770247555794,0.0424953893025233,7.04686796030466,497.47584778486,34.7384012803167,3.33881739871934,32.3250856399536,8,FALSE,2.15537306243039
268.419241555346,5.19376702018269,0.0619722214034797,1.68131649284938,6.6038558948233,9.00744465575033,1000,1.4082768280645,2.34728210604802,31.5266291613778,400,268.419241555346,1669.2,100,0.203993540740716,730.503282275711,546.520381514053,464.155212980138,414.090601070894,73.5756376190638,0.0614734157184472,7.10468046048539,459.744309333855,31.7462986657167,2.84823542589084,29.5341715812683,8,FALSE,1.99245758010951
273.317395230069,5.41459967983459,0.0671052560218264,1.52142938197388,6.8055534269198,9.01076931820003,1000,1.38885676210157,2.06845715695888,31.3137611910576,400,273.317395230069,1189.5,100,0.203619615349709,520.568927789934,373.154876802329,462.85940922966,408.487367790985,66.5908464297528,0.0665210387836201,7.10775956626772,298.026318349451,30.7824919195294,2.55753496566748,29.3491158485413,8,FALSE,1.96464534251629
264.406891547104,3.74219912552192,0.0433308852217232,1.29116609841707,5.43167997497838,8.17464275216365,1000,1.68840610201322,2.75930548024278,34.3077282762176,400,264.406891547104,1189.5,100,0.209347912713675,520.568927789934,370.491050809662,481.335972838145,443.032845308863,56.3580652870448,0.0430845660359588,7.05038088836353,305.074370988157,33.6388084569532,3.37645408393043,32.1595931053162,8,FALSE,2.14813517090136
264.977308069749,3.7763327685811,0.0439107972164672,1.39395762058211,5.4617583879691,8.32608283436122,1000,1.68438493394462,2.71463379276608,34.271174786493,400,264.977308069749,1707.8,100,0.209280173012776,747.396061269147,566.622809585616,481.107110520306,442.324369348755,60.8467632676285,0.0436578816517584,7.05098774420412,491.196846254566,34.5081225702694,3.32969796082256,32.1266593933105,8,FALSE,2.14451539318255
273.664081375808,5.58859233578449,0.0694516470761654,1.61728715647878,6.94267748299941,9.15194811214288,1000,1.35190691326929,2.04192447666967,30.9003966318399,400,273.664081375808,1440.7,100,0.202828084331113,630.503282275711,466.301557690069,460.350862654696,404.614901243855,70.8134290571863,0.0688267714149437,7.11603169680586,384.52793785111,30.8038994400429,2.51614835347417,28.9566383361817,8,FALSE,1.94375829565818
264.011174361555,3.24342349831333,0.037446339532587,1.21666303778088,5.0308754818984,7.95304184765004,1000,1.78658640974947,2.89019321613614,35.1741951503924,400,264.011174361555,1440.7,100,0.211032069136755,630.503282275711,466.788359100622,486.784891182655,452.257489351444,53.0637929098765,0.0372618028478116,7.03367109216802,401.673119870312,34.9283438296367,3.54807937402045,32.9761228561401,8,FALSE,2.19807229425228
267.299204073149,5.15685263463843,0.0610124403290443,1.6356044083975,6.56836295955741,8.93060936206453,1000,1.40968637604396,2.41495777103203,31.5419651024281,400,267.299204073149,1432.7,100,0.20401528369453,627.002188183807,455.427897309031,464.248673308483,415.040307862466,71.5744946687772,0.0605289019728839,7.10463543498482,373.13843433063,31.340346822696,2.91739054911494,29.5449252128601,8,FALSE,1.99703988956802
272.23200729756,5.39943583505121,0.0663489125379464,1.49626234193039,6.78725178272712,8.9187488089018,1000,1.38565826481611,2.1254489629898,31.2784164384334,400,272.23200729756,1029.3,100,0.203543510447598,450.459518599562,311.028855255326,462.644515966521,409.032570143452,65.4917209459535,0.065777813582192,7.10875280316984,238.702415348449,30.4593174504877,2.61421951135936,29.3114237785339,8,FALSE,1.96699265989952
265.002681190145,3.51290568393733,0.0408554643403719,1.19365137800685,5.25123132104023,7.98376973093187,1000,1.73731724607021,2.76028045715446,34.7455032145162,400,265.002681190145,1029.3,100,0.210202592108053,450.459518599562,312.900175930221,484.083242186172,447.200203164338,52.0805649545467,0.0406361475247218,7.04177725388214,253.259612263045,33.8039937460804,3.39708912513045,32.5745124816895,8,FALSE,2.17099073282672
264.171345571178,3.78730049277895,0.043777082314204,1.27737758535207,5.46656386600089,8.13375328360177,1000,1.67814389704556,2.76780439247808,34.214268914698,400,264.171345571178,1043.8,100,0.20916493328446,456.805251641138,314.814341234953,480.750983864282,442.225410375719,55.7610493538092,0.0435257449116207,7.05224576447119,251.59126187502,33.2901847652323,3.38092842401122,32.0706157684326,8,FALSE,2.14365314626539
270.574450576293,5.43546688615956,0.0659363783630055,1.48102005068065,6.80523596769196,8.75833640720277,1000,1.36740243311061,2.21165326283244,31.0751067609548,400,270.574450576293,817.3,100,0.203140463158453,357.680525164114,227.526066681761,461.409862189781,408.557432238115,64.8371576385674,0.0653726855503245,7.11328900650653,158.171855954552,29.8717979022292,2.69465468117401,29.1116518974304,8,FALSE,1.96345486352438
264.778458470711,3.66795244215782,0.0425879666263697,1.19361150240847,5.37422763470718,7.92333181420203,1000,1.70514313444237,2.74677547345298,34.4589428581863,400,264.778458470711,817.3,100,0.209643972418056,357.680525164114,231.714451846248,482.283598801341,444.360968159829,52.0925984597928,0.0423498972209543,7.04737228548066,174.432855933673,33.1495825731318,3.37051134742941,32.3034482002258,8,FALSE,2.15549465796046
266.227747936251,4.80268539531932,0.0563670778480497,1.53154879874581,6.28436189794432,8.72743736066312,1000,1.48006186389841,2.50835582866022,32.2887802885463,400,266.227747936251,1256.7,100,0.205448040365299,549.978118161926,390.786009287088,468.817021425464,422.448467480451,66.974902034299,0.0559532646006484,7.0898671532322,314.692055413605,31.769211223444,3.03967888010865,30.2518606185913,8,FALSE,2.03691966995502
275.075860539356,6.17821705980707,0.0776471335698437,1.54546847037954,7.40040082979158,9.0511562898419,1000,1.21887573604089,1.94706920196066,29.3124276204775,400,275.075860539356,849.8,100,0.199800004879953,371.903719912473,238.45141390473,450.808813860705,390.338833469089,67.7682319500216,0.0768703835576548,7.14816786820922,166.042102791533,28.2397568138927,2.36828634805211,27.4456814130147,8,FALSE,1.86674620746276
265.922387217512,3.37844999828508,0.0395613045670822,1.11282039685357,5.1480126889492,7.80166931063671,1000,1.76856475438708,2.72373814181936,35.0187754106103,400,265.922387217512,849.8,100,0.210739675149077,371.903719912473,248.008426855303,485.80412098498,449.553472349627,48.541479359092,0.0393554689916056,7.03633963855497,193.666597051744,33.775579773196,3.37275041735453,32.8346738815307,8,FALSE,2.18410152907961
264.825637943913,3.80366043138817,0.044179091693792,1.20309792185374,5.48300669838256,7.87789425412603,1000,1.67809218371135,2.72037826301435,34.2137965081739,400,264.825637943913,708.9,100,0.209167787979395,310.240700218818,190.147939777026,480.74802829136,441.834534446149,52.518466368529,0.0439231264633303,7.05213452370024,133.664943179901,32.7199449137589,3.3329833211705,32.0720043182373,8,FALSE,2.14179218993665
265.989613708061,5.25717404504683,0.0615924262297046,1.44946689511736,6.63959656116979,7.92280483084721,1000,1.37899971659257,2.48526652956069,31.2045742046351,400,265.989613708061,456.4,100,0.203356824468609,199.737417943107,83.4725319770693,462.195802575682,413.087919098782,63.4491818127428,0.0611001792010697,7.11177860867849,19.4667118160891,29.3124984470727,2.97663051156713,29.218924999237,8,FALSE,1.98564920539808
265.660608194112,4.34009588046156,0.0507233839760709,1.25602997938243,5.91558034848906,7.55245538067832,1000,1.57335093109231,2.59132823245406,33.2257946850071,400,265.660608194112,456.4,100,0.207256269989315,199.737417943107,92.801266254132,474.596430120721,431.583705526506,54.8789598915596,0.0503871693097801,7.07136186217833,36.842481095828,31.3174901485111,3.16064535384568,31.1393818855286,8,FALSE,2.08641279947846
270.776569866404,5.79455635087594,0.0704034225265129,1.45582686472613,7.08375833338292,8.13148750302502,1000,1.28444068531546,2.18113410426416,30.1156229335742,400,270.776569866404,452.4,100,0.201301319000813,197.986870897155,85.6799411168104,455.616450707827,400.386708807837,63.7909357702777,0.0697628793048713,7.13282000510173,21.2882127698688,28.2987311648441,2.63147756903874,28.1967039108276,8,FALSE,1.91891902274655
274.039354087622,5.7548341101214,0.0717313742087587,1.40170303889771,7.07407350020554,8.43343463553161,1000,1.31557177563378,2.01519483243014,30.4827407876947,400,274.039354087622,536.4,100,0.202029654331988,234.748358862144,124.552916345848,457.826643881931,400.773921217316,61.3976956255953,0.071065777685334,7.1244305104653,61.413693826722,28.8543859525487,2.47487172057714,28.5597041447957,8,FALSE,1.923036642899
266.009200010309,4.4285383558625,0.0518914632831971,1.28652026757707,5.98751180584214,7.85958578750412,1000,1.55706162082522,2.55926046143977,33.0662542073558,400,266.009200010309,536.4,100,0.20694959758711,234.748358862144,122.896401166826,473.608646881505,429.830036393953,56.219377351508,0.051539791268621,7.07444377447678,64.7819492682092,31.3022645335194,3.12171157098218,30.9892244338989,8,FALSE,2.07702977345694
266.366012166726,4.20117716179507,0.0493587363610271,1.23823392422653,5.80835738700997,7.86015872332907,1000,1.60553820556729,2.56314143158111,33.5362431468028,400,266.366012166726,576.6,100,0.207862204723251,252.341356673961,140.752837902281,476.522976930645,434.135559807684,54.0857916829384,0.0490400319934771,7.06509975507302,84.1900906950885,31.8429960586578,3.14494334121684,31.4356336593628,8,FALSE,2.10060948744002
272.288129241926,5.69891625877232,0.0700605916944911,1.41320992499679,7.02024265458478,8.23790555099746,1000,1.31729696492382,2.10665576499577,30.5028304879112,400,272.288129241926,484.8,100,0.20205464328912,212.166301969365,102.456105396424,457.94782334202,402.371939037366,61.900974375491,0.0694255087851152,7.12449329476161,39.4366844344553,28.7613707618541,2.56853993470998,28.5721430778503,8,FALSE,1.93068741006088
269.050854373414,4.37533043912454,0.0524589254120226,1.2065840624121,5.96142727678616,7.70416413456052,1000,1.58406136575048,2.37944232364439,33.3297970738156,400,269.050854373414,484.8,100,0.207479340242358,212.166301969365,110.155818414056,475.241184728681,430.355113325084,52.7129439019175,0.0520992516182907,7.06860339562229,55.8048764109548,31.5183955787676,2.95034327519338,31.2485117912292,8,FALSE,2.08128528258636
275.763348511267,6.03766460229089,0.0763013918540676,1.40797432471993,7.30121758971006,8.40580145335047,1000,1.25875412719441,1.91949781770985,29.8059473939909,400,275.763348511267,494.2,100,0.200747784757737,216.280087527352,108.039541496708,453.758313240823,393.732372528499,61.7107198053109,0.0755501244331642,7.13780409516328,45.0614860539083,28.1360517856482,2.35554763112107,27.9202380180359,8,FALSE,1.88570937595503
278.424950277936,6.23348167792243,0.080501723895857,1.36937643630297,7.46828008673386,8.20892567957866,1000,1.22735754137015,1.7898082136915,29.4187336799039,400,278.424950277936,426.4,100,0.200030080546949,186.608315098468,84.4623818164607,451.442928720859,388.277845162137,60.0399365992193,0.0796667516924178,7.14499300946655,23.7573385696394,27.6746857433805,2.21134713886942,27.5610187848409,8,FALSE,1.85771489506298
270.585734327461,4.49025200614577,0.0544755410547471,1.18911559928445,6.06139368774182,7.52420806584652,1000,1.56863641736102,2.27963856945713,33.1797903616043,400,270.585734327461,426.4,100,0.207199142641554,186.608315098468,90.0391182156517,474.311439323573,427.84285715461,51.9567256325003,0.0540879275888729,7.07122364991436,36.9982787142733,31.2902865192473,2.8430023767769,31.111421585083,8,FALSE,2.06836877652128
265.271989859976,3.74140627964303,0.0436000814575515,1.15598007092635,5.43554093135869,7.64333356423403,1000,1.69279789999474,2.70047749040637,34.347551560453,400,265.271989859976,583.7,100,0.209430268097957,255.448577680525,144.421113730432,481.585400346089,442.931586264618,50.4553650737067,0.0433506682021648,7.04944784117817,91.2546861981813,32.6421486423068,3.31876979985402,32.1996231079101,8,FALSE,2.14792845254291
288.471022591447,4.87113923518992,0.0685724564813041,0.89581657871674,7.9518188527188,6.00845099797928,1000,1.13545700343624,1.42463784821592,28.2256431230101,400,288.471022591447,201.2,100,0.197626343324102,88.0525164113785,4.24382030105005,444.364406532574,393.30987257629,39.3229538297938,0.067968163770354,7.17462860461236,-34.1387752618062,26.1889631934941,1.82465643863787,26.3516254425049,8,FALSE,1.87401768050515
284.575827024415,5.78326920435399,0.0786682884604168,1.1602456155959,7.16465449667052,7.78205682551952,1000,1.37319860265962,1.54446935369354,31.139949560922,400,284.575827024415,371.3,100,0.203377956411053,162.494529540481,77.9865688138947,461.803369149822,397.257471251018,50.7882487436282,0.0778666270630689,7.10806889873074,26.4417613667297,29.3565660082254,2.01659841402259,29.2293982505798,8,FALSE,1.91055131034222
288.992935352712,5.82651907037878,0.0824082131212188,1.0477801607076,8.01567916388778,6.95465628073827,1000,1.12360397093026,1.37592729007442,28.0647744954981,400,288.992935352712,254.3,100,0.197430118378943,111.291028446389,25.113732028767,443.416392600584,380.325637246515,45.9980022131632,0.0815369395496019,7.17400869474839,-20.3249243037221,26.1556154133199,1.76020038060859,26.2524666786193,8,FALSE,1.81230781687882
290.55536920181,5.80991244384236,0.0833462869831018,1.01790237202076,8.05885134452961,6.93718174285132,1000,1.12300039089752,1.32080541877841,28.0565373995301,400,290.55536920181,251.9,100,0.197421891039283,110.240700218818,25.6553655734038,443.367891479526,379.464470706321,44.6865345849423,0.0824551594834546,7.17390767055134,-18.5214686456068,26.1600489292611,1.7040916307669,26.2483077049255,8,FALSE,1.80822969460465
284.469157172659,5.16372921495272,0.0701759979063305,1.02316761990757,7.18047920525113,6.53389134373316,1000,1.36363850603129,1.57000749265814,31.0328516628412,400,284.469157172659,251.9,100,0.203094273247177,110.240700218818,31.8174538053134,461.153567006677,404.512332020048,44.7939635739996,0.0695378048072936,7.11293771311371,-12.6162796841719,29.0281062191962,2.0474683559839,29.0887408256531,8,FALSE,1.94411083718806
279.411490421846,5.35968340047085,0.0697833877877817,1.18216704417964,6.8008773424225,7.6328380640328,1000,1.43568010695408,1.77842424050376,31.822062025622,400,279.411490421846,375.9,100,0.20464472972158,164.507658643326,77.0814169894054,465.958124911643,408.121700012886,51.7163019713607,0.0691507855384247,7.09594059901407,24.6540984524561,29.9746789246858,2.28041280639119,29.8559060096741,8,FALSE,1.96615601594793
294.629503529215,7.09981253354058,0.10579829978822,1.16311712133481,8.36091175403098,8.16704775703238,1000,1.03760667729268,1.16316095533226,26.8441476864209,400,294.629503529215,354.6,100,0.195279918794789,155.185995623632,64.035941327664,436.272455630146,354.067764115833,51.1153591137029,0.104370400622699,7.19366211058092,12.5791083959919,25.2213495259322,1.49932094310671,25.1615719795227,8,FALSE,1.68257570689822
291.791335241194,6.45703716898287,0.0936984136120207,1.12993275267967,7.74288257898668,7.92230086869601,1000,1.25723830374533,1.26470818739355,29.7874757652029,400,291.791335241194,354.6,100,0.20085696835858,155.185995623632,72.8118894392329,453.647658359625,378.225777578838,49.5216896575423,0.0925672913932097,7.13299297681854,22.6523357736204,28.0833730050533,1.68423945771219,27.9748106002807,8,FALSE,1.81266516492218
294.710604987153,6.54230359643893,0.0975573360877381,1.06114954678012,8.38410276508086,7.57052800019184,1000,1.02125254139307,1.16886843458223,26.6006045278445,400,294.710604987153,288.3,100,0.194752175766133,126.17067833698,37.8651975696646,434.857469952321,359.808919505515,46.6463534408467,0.0963432448848618,7.20147447698652,-8.54993672499522,24.8520146875403,1.5056177208504,24.8926010131836,8,FALSE,1.70800351466094
300.82430305819,6.57712888964141,0.104121820746639,0.961101820917615,8.57208394750968,7.58586993083602,1000,1.00294898185872,0.988284672636635,26.3233622268152,400,300.82430305819,282.7,100,0.194276736340948,123.719912472648,39.5700607695091,433.250884678467,352.737936461274,42.2583543808745,0.102740771533643,7.20554703868019,-2.61771451042718,24.6374516735727,1.31380917245546,24.6498708724976,8,FALSE,1.67349135431758
290.93448475781,6.06328949022306,0.0872853359770603,1.06032908285854,7.88457252351865,7.269482771512,1000,1.19773799468225,1.30187388873738,29.0442464600602,400,290.93448475781,282.7,100,0.199359857458339,123.719912472648,41.7947036287056,449.212083540133,380.608953620474,46.5050164928368,0.086305404366299,7.1511361718691,-4.5825599482149,27.2028812942199,1.70735090963952,27.2247877120972,8,FALSE,1.81945874796298
291.088591065572,6.02485296410329,0.0868558642059216,1.05480275393539,7.76338981026237,7.27721937345976,1000,1.24173769949911,1.29734432834577,29.5972987788059,400,291.088591065572,287.8,100,0.200429935686549,125.951859956236,46.0377388371167,452.50957350854,383.436544111957,46.2385479655516,0.0858838932802685,7.13919313537887,-0.195325446192973,27.7603214012105,1.71797589193937,27.7612566947937,8,FALSE,1.8360420840122
304.267864518879,3.63050903318287,0.0595405156545369,0.51565897809346,8.64289734114031,4.60518898090593,1000,0.974154893133692,0.954814978881174,25.8768119036014,400,304.267864518879,131,100,0.193083865119353,57.3304157549234,-18.8823814116597,430.672544824653,388.59297635248,22.6862387542504,0.0590877825194218,7.22868895647399,-40.4871764135548,23.8476479004534,1.30260626756936,24.0391159057617,8,FALSE,1.83769599783969
298.288359617638,3.13317424105757,0.0483635169152223,0.513447712478278,8.02457396577495,4.32129705529644,1000,1.18761875494739,1.16328501301033,28.9141806953981,400,298.288359617638,131,100,0.198783470208113,57.3304157549234,-13.1423296831167,448.439211075373,414.852797555117,22.5256575759205,0.0480617607934537,7.16560721359964,-34.7052183638073,26.7694586881134,1.59969247490351,26.9350280761719,8,FALSE,1.97915261922621
307.045875449534,2.28904632979441,0.0386623670902775,0.332775252724529,8.66124177846721,3.24864595852157,1000,0.959404675063293,0.953855300239019,25.6429200161776,400,307.045875449534,87.2,100,0.192477853301138,38.1619256017505,-36.464838079821,429.326676320625,405.583598931109,14.6447415464353,0.0384712596758612,7.24000466126269,-49.7860027257646,23.4927962942019,1.31117869503404,23.7278714179992,8,FALSE,1.91504859817836
312.420534929678,1.54912047843085,0.0277706230929219,0.22224469707728,8.7237011513143,2.50820662520938,1000,0.958984940183671,0.890045055009424,25.636211845542,400,312.420534929678,65.5,100,0.192377571696305,28.6652078774617,-43.1379148518303,429.288122534055,415.277590752529,9.78101128155255,0.0276719325655932,7.24337852300328,-51.5498098825724,23.4330144024288,1.2551885137816,23.6763043403625,8,FALSE,1.95990750517954
309.818002764635,1.2249346647455,0.0213254162759632,0.205329523250753,8.22025881534948,2.37028616302301,1000,1.14525546861403,1.06391111325321,28.3573644317112,400,309.818002764635,65.5,100,0.197481989273617,28.6652078774617,-37.9723518145695,445.141783835032,436.943207573463,9.01382570243473,0.0212667060802399,7.18581039744771,-45.7294314315981,26.0611354831744,1.50831620278583,26.2786850929261,8,FALSE,2.07867933878511
294.871506931481,4.19398618637939,0.0626342316642016,0.702365996054613,7.97290198084177,5.3835456386633,1000,1.18844110422023,1.22266690072157,28.9247919027593,400,294.871506931481,173.2,100,0.198924259713677,75.7986870897155,1.60710358306625,448.502227248869,401.978584848421,30.8116448357933,0.0621287389559257,7.16111970546757,-28.4152128497366,26.870210600626,1.64666469407547,27.0058569908143,8,FALSE,1.91893491194498
331.842019634094,0.488814808624195,0.0112598664439641,0.0772949525882333,8.9018785851062,1.37501795156985,1000,0.886178024917368,0.769860020031517,24.425810786314,400,331.842019634094,33.5,100,0.189992871280464,14.6608315098468,-56.2112013437889,422.373990164784,421.572128519629,3.40581102949575,0.011243677180084,7.27454845496636,-58.0995973221902,22.1716943822358,1.11603711149477,22.4447212219238,8,FALSE,1.98108956439022
343.802732671134,0.237081356256421,0.00662372328428436,0.0598793685642253,8.41824127055318,1.31881098008472,1000,1.08170512620365,1.00401383607763,27.4822010413279,400,343.802732671134,33.5,100,0.195685813881338,14.6608315098468,-51.9735919425652,439.995920801489,445.838721109649,2.63098445449528,0.00661806698881807,7.20929485040463,-53.1615826259303,25.11602919429,1.43575399970841,25.3681120872497,8,FALSE,2.11408895407817
349.78593537157,0.213946287926294,0.00668948440407174,0.0434230272926112,8.94913523871352,1.08456474168006,1000,0.870603497488819,0.730252008830443,24.1539952038877,400,349.78593537157,25.7,100,0.189455274512765,11.2472647702407,-59.0055487703217,420.832861889592,423.534181004775,1.9138442214879,0.00668377265031878,7.28176022734617,-59.3745974602736,21.8869144685857,1.07267896781281,22.1656565666199,8,FALSE,1.98833863726783
400,-0.107285125407252,0.003,0.0167717288208785,9.05935073821963,0.760929402575456,3000,0.868207550722491,0.634745082517624,24.111748688073,400,400,17.2,100,0.189348202238527,7.527352297593,-59.8922254856359,420.593713633255,426.504689445031,0.739243747113382,0.00299885102015797,7.28375404143694,-59.0952317608188,21.8326580546402,0.978589946000076,22.1100126902262,8,FALSE,2.00173599784676
400,-0.331561184792163,0.003,0.024374650817003,8.55682496047911,0.726532223633814,3000,1.05808666744144,0.909045523264705,27.143775195397,400,400,17.2,100,0.195012765511183,7.527352297593,-57.0372493939825,438.018025665599,447.251732173576,1.07133087522065,0.00299884051945057,7.21776425460968,-56.5798799039464,24.757497506354,1.3341159728656,25.0254745483399,8,FALSE,2.11830064705707
332.786356935135,0.348842214082545,0.00814864520832102,0.0812209554355025,8.28120659704975,1.45243999241789,1000,1.10356688721288,1.10377000258709,27.7889336699795,400,332.786356935135,37.7,100,0.196282585296068,16.4989059080963,-51.7216396438575,441.794368140776,446.150993903408,3.56764463127841,0.00814007790681811,7.2021382758807,-53.8224410311079,25.4157916179426,1.5430792371889,25.6712617874146,8,FALSE,2.1176718825649
343.133215668078,0.395449258952818,0.0109177981113008,0.0158054458902473,8.19566830351861,0.895078379652559,1000,0.49961814700494,0.188072892708596,15.6407175064087,400,343.133215668078,18.9,100,0.177172769146435,8.27133479212254,-64.0484422576795,374.661944858392,0,0.701005896636291,0.0109021329426594,7.06810502319146,-63.1660942293172,15.3352118253378,0.188072892708596,15.6407175064087,8,TRUE,0
359.433699128135,0.160592529923171,0.00621542954330434,0.013810591062844,9.03449244101469,0.851431605317926,1000,0.690830216608011,0.271272450649219,20.6083317126592,400,359.433699128135,18.9,100,0.183122386653451,8.27133479212254,-58.9490322992711,401.1136456368,380.881970551873,0.610650123151311,0.00621054678257251,7.35405845891251,-58.1126279577638,18.5676730857548,0.524849039420533,18.8378086090088,8,FALSE,1.77052310365043
335.242827869587,0.710520182414838,0.0172262382113517,0.0176349943440296,8.26928244479626,1.22135395571123,1000,0.510812608931423,0.141676355410921,15.9804055690765,400,335.242827869587,26.2,100,0.177798699509185,11.4660831509847,-59.2585245017506,376.42783144806,0,0.781895337996594,0.0171872264709554,7.05980098163853,-58.5654683315423,15.6968178477473,0.141676355410921,15.9804055690765,8,TRUE,0
329.739621597872,1.29129024886036,0.0288545825086185,0.0248753941101923,8.26451488251798,1.80141104281151,1000,0.510070587800398,0.121870820047382,15.9581209023793,400,329.739621597872,39.3,100,0.177757591282882,17.199124726477,-53.8269576248674,376.311792472887,0,1.10294171129941,0.0287453008554038,7.0603451562931,-53.58089850875,15.6986896333212,0.121870820047382,15.9581209023793,8,TRUE,0
331.773908847142,1.00349363812063,0.0230922364949024,0.0492101388159481,9.04757138963644,1.69984587540326,1000,0.696312914544617,0.25820925452502,20.7295145604879,400,331.773908847142,39.3,100,0.183447333066226,17.199124726477,-50.5128720780364,401.775933987896,369.466966021533,2.17551757434663,0.023024916707634,7.34704779751538,-51.4048691935447,18.7712324379056,0.506389677782329,19.0104150772095,8,FALSE,1.71909948327841
400,-0.0589883578759166,0.003,0.00674188283076484,8.99411418064138,0.616117117863012,3000,0.675100944888516,0.274779301513746,20.2552584356306,400,400,13.2,100,0.182509652442374,5.77680525164114,-61.9831955753626,399.188697531706,375.412588714655,0.298193165024347,0.00299886305472961,7.36088215563199,-60.774512934139,18.2295300446574,0.519905720942723,18.5117774009705,8,FALSE,1.74348103466005
325.082008217464,3.21182138520085,0.0673080059497922,0.114493012456605,8.40211057775575,3.74466984378093,1000,0.532547447946011,0.204658315163978,16.6191849708557,400,325.082008217464,87.9,100,0.178979743601542,38.4682713347921,-36.3974714334129,379.765458661562,0,5.07324506667762,0.0667150153268135,7.04423805886541,-40.4431387073202,16.4229171551358,0.204658315163978,16.6191849708557,8,TRUE,0
325.492461810202,2.85852450710814,0.0602341948583302,0.135266298198431,9.08612717711484,3.57263521041204,1000,0.713879243225703,0.262176421715162,21.1114509362736,400,325.492461810202,87.9,100,0.184370552543922,38.4682713347921,-31.1159432078626,403.86865899942,345.544124501359,5.97713332605066,0.0597771857707337,7.32900932774132,-36.1828508931125,19.3309351131765,0.50041057933239,19.4997053146363,8,FALSE,1.6117456216373
325.422814208421,2.91314962873777,0.0613279146594849,0.0719649186963168,8.4244486669326,3.44981233089803,1000,0.536423509143992,0.148363896281997,16.7303562164306,400,325.422814208421,80.1,100,0.179185821784777,35.054704595186,-37.5456523004009,380.348589011284,0,3.18846248415283,0.060835040445982,7.04153654183489,-39.7232774382627,16.5375078799895,0.148363896281997,16.7303562164306,8,TRUE,0
326.069695865991,2.47114091751434,0.0524778898846985,0.0470877709352083,8.23923652556414,2.97748593653566,1000,0.506176555400997,0.120416208380143,15.8406397501628,400,326.069695865991,67.3,100,0.177540980123368,29.45295404814,-43.4937714836008,375.700497254503,0,2.08804429125112,0.0521176842000967,7.06321534435429,-44.4641645398404,15.6254379251654,0.120416208380143,15.8406397501628,8,TRUE,0
326.847770944073,2.08348657784811,0.0447161638757162,0.0930624071755138,9.09428528137841,2.80152840949944,1000,0.717917121491382,0.247978124033004,21.1979156616524,400,326.847770944073,67.3,100,0.184412106795342,29.45295404814,-38.4616575258911,404.343553511321,359.512208511691,4.11214501797322,0.0444639062533623,7.33194824393689,-41.5292644622597,19.3280596849797,0.496476649496575,19.5216898918152,8,FALSE,1.67622576983717
326.339221699677,2.32248547033027,0.0495014680244946,0.113528617862755,9.07834855841702,3.03278144715376,1000,0.710143855292991,0.270029497199344,21.0310269634981,400,326.339221699677,73.2,100,0.184154429678405,32.035010940919,-37.1293155243447,403.427318028617,353.054273301422,5.01714379400964,0.0491925917434377,7.33372733438605,-41.1140598443649,19.193662837844,0.512008124780521,19.3853106498718,8,FALSE,1.64571631362625
323.721672732142,5.35358800804614,0.110191069547175,0.18257343964156,8.50512074467555,5.9059622024806,1000,0.551033507429078,0.186208578392609,17.1422924995423,400,323.721672732142,159.9,100,0.179950807222427,69.9781181619256,-7.620528955542,382.515188748142,0,8.08585861441063,0.108607823809979,7.03154432204338,-15.314460920749,17.067838290192,0.186208578392609,17.1422924995423,8,TRUE,0
323.863195406278,5.01163298766508,0.103344348373154,0.262095446146373,9.15447517447347,5.76552116298725,1000,0.752907922334625,0.2796027332797,21.927441480022,400,323.863195406278,159.9,100,0.186124182177356,69.9781181619256,-2.11511372771125,408.36705759253,320.907744426523,11.571127084196,0.102001051259232,7.29979784157523,-13.3459566932488,20.3621196120801,0.512404906817859,20.4246191978455,8,FALSE,1.50282228217647
323.442526397367,6.18071964524256,0.126752135642313,0.202639462365115,8.5449366130279,6.74186831074913,1000,0.558633197794801,0.170815613503735,17.3522715568542,400,323.442526397367,202,100,0.180341584797555,88.4026258205689,9.10660564881471,383.623139191822,0,8.97273634229271,0.124660249125739,7.02646182461478,0.130519388184777,17.352906561056,0.170815613503735,17.3522715568542,8,TRUE,0
323.394070532279,6.3503550381366,0.130148623973137,0.155163229964575,8.70626569575828,6.94577319201376,1000,0.592684200239863,0.122285586372441,18.2593134792522,400,323.394070532279,214,100,0.180540635780143,93.6542669584245,15.1269076414087,388.436806755473,171.420305771116,6.86981563460027,0.128031978031029,7.32320772824853,8.05842587779074,17.4967295831941,0.225735960664102,17.4591123263041,8,FALSE,0.800201152948059
323.462629322735,6.11326567520462,0.125401552970896,0.385993904034784,9.20235121773363,6.90900070197104,1000,0.793656740686675,0.327193355133641,22.7354451131339,400,323.462629322735,214,100,0.187745090973736,93.6542669584245,19.3295106493068,412.858350880029,310.98688000551,17.0270980594363,0.123422855657032,7.27630134538189,2.24449941035992,21.2849247422533,0.563797771810674,21.2743797302246,8,FALSE,1.46106538290933
324.239264539542,4.27990712166152,0.0886935239028417,0.204126389656338,9.1095067396512,5.00633625747684,1000,0.725818545508186,0.25987583421499,21.3657140817502,400,324.239264539542,131.6,100,0.185018278845096,57.5929978118162,-13.7595039936043,405.266356019057,326.066254257237,9.01694143922358,0.0877043790966427,7.31551406130046,-22.2146108134855,19.7382064796738,0.488750111012655,19.8420147895813,8,FALSE,1.52369929216887
323.231561707508,6.99124329531293,0.142980671871426,0.299004132104041,8.9109497950398,7.64282747846099,1000,0.647000034113226,0.210131507220989,19.6034994455122,400,323.231561707508,266.2,100,0.182344052549912,116.498905908096,34.7057792975225,395.653529913194,252.987090408683,13.2260620679283,0.14043227481189,7.32940474215513,20.9583075293615,18.5212897565491,0.372682290319252,18.4235377311707,8,FALSE,1.17996171434151
323.263747101369,6.8548172725587,0.140249111043227,0.353886940857869,9.22396944912778,7.68306421315789,1000,0.824429373529199,0.249926749869576,23.3185964022526,400,323.263747101369,266.2,100,0.188920843562999,116.498905908096,42.3633559640219,416.122743573802,303.855181862222,15.6015446501276,0.137773081562898,7.25939142463132,26.0830180803877,22.0105391032083,0.489141609251219,21.8877115249634,8,FALSE,1.43088487728917
323.196017165284,7.14836532241026,0.146126614015026,0.246025781356271,8.94460756774831,7.81150843886233,1000,0.657790577415985,0.160010760784397,19.8570579833364,400,323.196017165284,282.4,100,0.182785384872973,123.588621444201,42.6160147449777,397.026039425559,256.794391485373,10.8801713642815,0.143464235520065,7.32478208243786,30.9631765519442,18.8030897459911,0.327331639195388,18.658582687378,8,FALSE,1.19847529595843
323.176278048959,7.23837337152725,0.147928780905381,0.221137240951779,8.90695840996779,7.89021617732854,1000,0.645765521873516,0.137032386783008,19.5742214318815,400,323.176278048959,292.6,100,0.182326353219183,128.052516411379,46.465809455145,395.495277843394,248.693367257254,9.78180939819883,0.145202208042821,7.32825084337186,35.7934613171391,18.5810747323989,0.296679578331808,18.4141035079956,8,FALSE,1.16011792388592
323.196032738172,7.14855976188271,0.146130507137728,0.355716652814034,9.22485932607553,7.97985801804814,1000,0.826210859867109,0.232632210427636,23.3516863504325,400,323.196032738172,292.6,100,0.189023672715929,128.052516411379,52.8225434527062,416.308554626349,299.412026116784,15.681399329175,0.143443522804602,7.25685149069152,36.1982656415491,22.1117522182587,0.468973179482613,21.9412312507629,8,FALSE,1.4104550996696
323.256031263013,6.88705548169477,0.140894593682606,0.360443836090226,9.23196166457674,7.73617585582531,1000,0.845133985128236,0.251467483227701,23.6988315829265,400,323.256031263013,270.9,100,0.189628039700064,118.55579868709,45.0654808094439,418.261643472511,306.170313839836,15.8849717242994,0.138393117016905,7.25110008593927,28.4368395622388,22.3894609745734,0.497615300368268,22.2553958892822,8,FALSE,1.44343569364427
322.970696089468,8.29524728003955,0.169089812434082,0.552128381235867,9.03396286541691,9.15371993028981,1000,0.690612608101805,0.248351648464653,20.6035021388779,400,322.970696089468,645.8,100,0.184217199719272,282.625820568928,179.00371973069,401.087268033658,253.206242180691,24.3992999588052,0.165525593569881,7.30482418446062,150.80142392588,20.1242667461877,0.420706975724298,19.41854429245,8,FALSE,1.1849578464279
322.964283822423,8.34637891394125,0.170113584625252,0.643909327006146,9.23315938165897,9.42820316536223,1000,0.850256362126585,0.283523488896487,23.791465281168,400,322.964283822423,645.8,100,0.190007408284929,282.625820568928,185.987250944835,418.783973473986,283.624587011274,28.3720662431914,0.166474900908339,7.23994037581117,153.58446286863,23.1774479260838,0.513646631029072,22.452260017395,8,FALSE,1.339205263773
322.966951204009,8.30529547126187,0.169291000191249,0.537560868761643,9.07494987465149,9.14679671316225,1000,0.708544717235679,0.244213436260447,20.9964676647676,400,322.966951204009,611.5,100,0.18491139572462,267.614879649891,167.102453025985,403.237778836031,258.484822036802,23.7471425444486,0.165714849708265,7.29744866322474,139.812573920233,20.4405424379079,0.424003915016689,19.7855844497681,8,FALSE,1.21088321499949
323.040441092202,7.91933800856608,0.161563249538061,0.494439730501574,9.09246981048333,8.65269760444496,1000,0.717007377570191,0.282524603266623,21.1784774628791,400,323.040441092202,405.7,100,0.185183494588255,177.549234135667,89.0648946763192,404.236755651773,266.644365539009,21.8392120238251,0.158302553470753,7.29645176651555,65.5617299997377,20.2363685475129,0.469657170783273,19.9291998545329,8,FALSE,1.24927760834617
323.044320236599,7.89685674207613,0.161113123193596,0.601111156349977,9.23252910666452,8.8037299022032,1000,0.88956753025022,0.344492155854743,24.4843331638597,400,323.044320236599,405.7,100,0.19123535354856,177.549234135667,96.0275457897399,422.706350820151,295.300531001365,26.4700243891771,0.157840274274711,7.22793638129348,67.7646181396058,23.4081804823945,0.593047668867437,23.0876812934875,8,FALSE,1.39665187037223
323.090548780224,7.65670127697561,0.156304661817219,0.441451092239799,9.18667178568755,8.44418514470722,1000,0.778022500139043,0.26449290989575,22.4304498832353,400,323.090548780224,352.4,100,0.187405134572651,154.223194748359,72.4187625674381,411.15870301339,283.786473188704,19.4767865459983,0.153241095095982,7.27296287186646,51.6120686854643,21.3391572323561,0.47772604624779,21.0965642929077,8,FALSE,1.33388559032762
323.209303742194,7.08903288714169,0.144938643034495,0.412307818148629,9.01730946167404,7.77781958256282,1000,0.683931212950854,0.291047649861707,20.4544707197477,400,323.209303742194,276.9,100,0.183799697306144,121.181619256017,38.5347042914448,400.273944875579,269.008093361351,18.2243224562437,0.142315633355014,7.31523771388485,19.8125790068126,19.2899424444367,0.472073258789415,19.1973552703857,8,FALSE,1.25711544936197
323.23539341789,6.97492704004544,0.142653983144072,0.495571934091404,9.22688437942131,7.80980620399273,1000,0.830592710118631,0.355014998003537,23.4327737496898,400,323.23539341789,276.9,100,0.189148612314236,121.181619256017,44.3293937382699,416.764150395744,302.800291530628,21.8454029008225,0.140091987154003,7.25621743669904,21.9127878048239,22.1094674160944,0.594981102772428,22.0062327384949,8,FALSE,1.42654101119494
323.044842525519,7.89371493120554,0.161050216958184,0.556813494556847,8.98226478977144,8.5820532085464,1000,0.670780598797421,0.331243188155032,20.1568394144828,400,323.044842525519,406.3,100,0.183389891784088,177.81181619256,85.643982692977,398.653356104867,251.847368255008,24.6167384537851,0.157818140994044,7.31523384596468,59.534733065366,19.2581329495085,0.498359825115419,18.9799180030823,8,FALSE,1.1769214114005
322.995324795441,8.15387292325505,0.16625917464733,0.649795642287586,8.81404478822343,8.96127723771568,1000,0.619262377117924,0.332670305408206,18.9317901090868,400,322.995324795441,639.9,100,0.181419864335363,280.043763676149,170.888419614472,392.034773608041,214.741703380451,28.7565213281256,0.162823033569664,7.32861676040489,138.698419730478,18.5770771042627,0.466318367092873,17.9301017125448,8,FALSE,1.00168839654203
322.962818433861,8.35248326392098,0.170235807665619,0.882269202719682,9.22967067380301,9.40392387311319,1000,0.837676934340133,0.448491403087764,23.562968810962,400,322.962818433861,639.9,100,0.189584305350846,280.043763676149,179.40632598436,417.496443417145,281.923004209462,38.8829753716333,0.166594323192448,7.24476307322584,136.939845503959,22.878849844594,0.674385858427979,22.232684135437,8,FALSE,1.33028467552497
323.135032676722,7.43409796267634,0.151847634621884,0.572100319686195,9.23496897571748,8.31190153964453,1000,0.870391852555634,0.372252112502918,24.1502680603733,400,323.135032676722,328.9,100,0.190545207446791,143.938730853392,65.513214177717,420.81175924715,300.524396715142,25.201217052705,0.148940975768379,7.23801866713197,39.2779805930864,22.9163994859818,0.62029844869842,22.7308893203735,8,FALSE,1.41937873999978
322.960314450847,8.38797468103903,0.17094642696522,0.988726967971248,9.178657291188,9.58711084116184,1000,0.771084871709289,0.435920442147691,22.2931411161336,400,322.960314450847,969.3,100,0.187255556955883,424.201312910284,300.26938832563,410.395237527695,271.164640440124,43.6258498712684,0.167287829705143,7.27111989192527,250.200053668461,22.1945759946342,0.638546013127456,21.0182590484619,8,FALSE,1.27488206767173
322.870174405711,8.21429524405342,0.16720894008571,1.12774722758038,9.18758960817561,9.84605961753945,1000,0.960748983227105,0.501972327018004,25.6643849113476,400,322.870174405711,969.3,100,0.193500668608032,424.201312910284,308.101668565221,429.450058697787,297.32427483269,49.6045911339,0.163673321561057,7.20051442930563,251.732233614556,25.4479318301652,0.76909264151644,24.252806186676,8,FALSE,1.41157872467163
322.978977267162,8.24019460047517,0.16798753194573,0.794985509001665,9.13190485215223,9.03129682292814,1000,0.738487978377504,0.443097664346149,21.6309924660275,400,322.978977267162,517.6,100,0.186036568880414,226.520787746171,128.31328875209,406.728468088133,266.918824541851,35.0989959698663,0.164460007598215,7.28549175885512,90.8933128649759,20.8050400937368,0.635321687379906,20.378547668457,8,FALSE,1.25244479757046
323.157228084034,7.32745362893154,0.149712371284834,0.528156631412753,8.92570868051046,7.98582471938162,1000,0.651645401426551,0.363830453101276,19.7131718000966,400,323.157228084034,303.6,100,0.18256711929124,132.866520787746,45.0002279204011,396.246747675416,250.895515538942,23.359655126369,0.146919348458376,7.32577766081552,21.1143773207919,18.640914766958,0.526127536906803,18.5423860549927,8,FALSE,1.17078574510391
322.978994036024,7.20672982086655,0.146904698721577,0.713130057758918,9.23007391231121,8.08564405105326,1000,0.873237722580942,0.503383248981428,24.2003091858731,400,322.978994036024,303.6,100,0.190602912331274,132.866520787746,53.0738467728795,421.095152349202,304.815959324203,31.4127191688536,0.144182671463032,7.23848736504136,21.1053833807687,22.860428998019,0.755487624017014,22.7607545852661,8,FALSE,1.43955460060701
322.974163897162,8.29335788289029,0.16905198238423,0.93960104747578,9.22755254000909,9.49307727013457,1000,0.905440352839914,0.478568254368603,24.7554552958947,400,322.974163897162,650.7,100,0.191800307042917,284.770240700219,186.10244375354,424.248669350644,290.670816959346,41.3638231134965,0.165448182583454,7.21960018786049,140.99291672095,24.0467220668407,0.727155439514716,23.3791127204895,8,FALSE,1.37634257540519
322.271116334353,8.3305318467566,0.168280016494916,0.946855894693035,9.11190703340616,9.24417858785575,1000,0.735293054682123,0.511501834306435,21.564527305732,400,322.271116334353,647.1,100,0.185919021181351,283.194748358862,175.08236863766,406.361766950913,265.976948470397,41.8066396250856,0.164740911375122,7.28672003172587,129.959833127625,20.9264111542014,0.702354867194952,20.3167123794556,8,FALSE,1.24781492627637
317.594356546288,8.16339413064269,0.155538118845187,1.02503646589515,9.09645442787194,9.4339505460918,1000,0.910212580477139,0.594656051568675,24.8360404730259,400,317.594356546288,647.1,100,0.191854291107804,283.194748358862,182.162377116393,424.707902683987,301.91920859317,45.1237114310048,0.152483287173718,7.22209736345368,133.492452102615,24.0388061150781,0.853512753065977,23.4069304466248,8,FALSE,1.42911002640107
321.98267762991,8.36389201810564,0.168319435632518,1.08678712752364,9.19489621691644,9.62731371028856,1000,0.812337359913057,0.516319290140042,23.0920873368901,400,321.98267762991,923.8,100,0.188700988130042,404.288840262582,283.29356641826,414.852489528392,279.911492095965,47.9176552675355,0.164763693897437,7.25532903478808,229.409295368761,22.8541342093907,0.734811554577811,21.77321767807,8,FALSE,1.3188696588201
322.958093724466,8.38823906889346,0.170946036994033,1.12391844414043,9.21484684829553,9.68919508504345,1000,0.809397906496012,0.500042094856027,23.0365157311952,400,322.958093724466,1031.9,100,0.188616899010377,451.597374179431,324.254317117746,414.541290900471,277.42885374835,49.5569126999216,0.16727982779416,7.25565965215147,267.737349638639,22.9908539822063,0.716014201117684,21.7294031778971,8,FALSE,1.30711255329812
316.582207491473,7.92604838416574,0.14917893354197,1.20467763244941,8.95626726494778,9.84468821810603,1000,1.02129753613868,0.614710479247974,26.6012799183276,400,316.582207491473,1031.9,100,0.195148083080513,451.597374179431,331.824029802433,434.861389204992,316.740658533097,52.9452570432409,0.146352566596324,7.18572895410494,271.505305129042,26.3860783575496,0.913344155438446,25.0944256782531,8,FALSE,1.50685424007451
320.306526796582,7.82455868575603,0.15415412361281,0.845067067870564,9.16572633065316,8.73727320394704,1000,0.895646424962123,0.546806709817851,24.5887334948747,400,320.306526796582,397.4,100,0.191380694395421,173.916849015317,88.5587713573808,423.299748863931,301.507749329703,37.2099622260242,0.151155238903141,7.2278663999458,50.0242581866344,23.3993069544161,0.801791590363159,23.1627101898194,8,FALSE,1.42602330505532
315.093171558064,8.1846365556474,0.151345738621919,1.19215357283357,9.05030979423592,9.66029526639696,1000,0.852565877461272,0.642546556075119,23.8330484567249,400,315.093171558064,1001.9,100,0.189951666902572,438.468271334792,311.489486631537,419.018605923608,298.761237001463,52.5303849905464,0.148460797286772,7.24496906168674,252.343064320357,23.6140254355192,0.88486863871845,22.4233508110046,8,FALSE,1.40969764572028
307.458993530291,7.6781222029371,0.130265749293148,1.27113920214778,8.71352821967798,9.71372798886817,1000,1.02788463495898,0.8096297406784,26.699835438598,400,307.458993530291,1001.9,100,0.195193211893038,438.468271334792,316.242472745854,435.433585354886,332.793889213886,55.8649811536853,0.128106506295687,7.18938009877107,253.495046696519,26.3227726597764,1.12423393646908,25.1174139976502,8,FALSE,1.58242144094777
315.824190549759,8.23648670526297,0.153627711273237,1.17939305733216,9.02920333463792,9.56361035181465,1000,0.777920724607374,0.628048953574275,22.4284444164045,400,315.824190549759,1037,100,0.187382968619224,453.82932166302,320.960280741374,411.147544538604,285.862984705747,52.0353089341474,0.150667543455957,7.27385217955845,262.17113567255,22.3170988967845,0.842738514523921,21.0849628448487,8,FALSE,1.34348157155579
308.990571607543,8.03321135935289,0.138583842887836,1.52570884631546,8.90519769169486,9.80899177321017,1000,0.86331226165273,0.772218882843982,24.0250688915811,400,308.990571607543,1733.4,100,0.190216734731889,758.599562363239,583.896608956264,420.103357443127,310.32679996319,67.2190516133563,0.136160983591906,7.24483705150217,503.458995555368,24.9363750739366,1.02613121926299,22.5607727368673,8,FALSE,1.46429615471376
298.064782154165,7.30378066425367,0.112494384741231,1.62143511096538,8.38311821882701,9.81817898467212,1000,1.07446268655876,1.05793102509029,27.3792170289955,400,298.064782154165,1733.4,100,0.196354366587118,758.599562363239,587.758562901814,439.393333756974,351.073081149559,71.2193059767555,0.110878358792359,7.17994040338436,502.789163988996,28.1015692998855,1.40132356960364,25.7076840400696,8,FALSE,1.67153298892593
306.410792947491,7.41917486790192,0.124462017230418,1.51905454120189,8.53205366513117,9.92285856308099,1000,1.10767060154747,0.836354265124512,27.8458331215035,400,306.410792947491,1631.5,100,0.197343510728237,714.004376367615,556.364683967233,442.128588604228,343.190068675526,66.6899828460848,0.122483130498336,7.16611399515592,476.551229632811,28.4820188404002,1.18114102166646,26.2086801528931,8,FALSE,1.6371529686104
302.753690119559,7.82838820903258,0.126389046332137,1.42060398931663,8.73852223498818,9.67992230824077,1000,0.902105875427778,0.924721277418009,24.69889590704,400,302.753690119559,1260,100,0.191384244157427,551.422319474836,403.704733278094,423.92657504311,324.691554625732,62.5518721112415,0.12436777291613,7.23408763992723,332.35998126699,24.7351336184633,1.19989379595846,23.1645421981812,8,FALSE,1.53435370885877
296.796597317249,7.157906391587,0.108892934876722,1.4556069503717,8.2728663857522,9.68612992617756,1000,1.11013936489003,1.09675287587148,27.8799619324465,400,296.796597317249,1260,100,0.197286936634136,551.422319474836,410.437060566508,442.329148052972,356.538917979962,63.9062606812935,0.107375974479901,7.17008186368784,337.251231858737,27.7880029247117,1.45480992741683,26.1800708770752,8,FALSE,1.69989105537128
299.634222640265,7.70680853550015,0.120558605087406,1.52386261581969,8.64141518631969,9.71753023274786,1000,0.927722515748286,1.00949142245579,25.1281416846439,400,299.634222640265,1460.4,100,0.192145523208649,639.124726477024,478.231692046005,426.375634817655,332.149994115247,67.0730908340638,0.118716274954344,7.2265756878235,400.509557757643,25.4515156014173,1.29741933261733,23.5569109916687,8,FALSE,1.57123069297517
301.374798791788,7.76632000047024,0.123634031119321,1.37641777309285,8.69284633549633,9.61430563189927,1000,0.918412441637264,0.961529502454141,24.9735239796408,400,301.374798791788,1086.5,100,0.191878251797946,475.492341356674,338.317465429072,425.492244848514,328.669673977233,60.5913438248181,0.121697898190618,7.22898746955109,270.545072290999,24.6986581339551,1.24417128868271,23.4192756017049,8,FALSE,1.55424837793587
293.774175307477,7.08536729125122,0.104722610290035,1.42901502583326,8.1978986068493,9.57069694912061,1000,1.1076589120451,1.19059418473332,27.8456713419849,400,293.774175307477,1086.5,100,0.197188020666688,475.492341356674,342.630663062925,442.127638062265,359.941879739503,62.7418254984813,0.1033192553896,7.1720902626048,272.39953891612,27.4284075799861,1.55118906861546,26.1300363540649,8,FALSE,1.71563498791996
293.029947889916,6.88696677992033,0.101081750556472,1.58564274875932,8.05101824634707,9.70153689779216,1000,1.16013738252247,1.21730152753323,28.5552826292311,400,293.029947889916,1583.7,100,0.198526129412042,693.08533916849,531.798918388869,446.311751226944,366.372898668825,69.5730737632728,0.099771069649564,7.15767451574146,449.751482889937,28.9535005785716,1.59833767157142,26.8054776191711,8,FALSE,1.74980501006005
296.272336208596,7.53148881426346,0.113997488146357,1.5132943454014,8.50868517360263,9.66974486635231,1000,0.971002983734958,1.10815347626485,25.8271315019833,400,296.272336208596,1324.7,100,0.193412918602542,579.737417943107,426.905174826111,430.386407894731,341.683779834116,66.5659928134156,0.112345885700299,7.21337437734989,350.929670156183,25.8709490958082,1.41553987778928,24.2078433036804,8,FALSE,1.6192881983029
289.038456103318,6.63948859870079,0.093944048140548,1.5208167561087,7.84128519665665,9.55239279190556,1000,1.1982140508062,1.35665245216607,29.0503382636059,400,289.038456103318,1324.7,100,0.199426216137479,579.737417943107,432.76112450467,449.248306526411,374.800617367475,66.6994067163718,0.0928095394437267,7.14900489285487,356.127311087258,28.961045988831,1.7564571559048,27.2581114768982,8,FALSE,1.79222678670774
300.4304111809,7.73782194339609,0.122011747782725,1.47797158147853,8.66665181198447,9.69558284134291,1000,0.92159306142429,0.987291687475266,25.0265219107085,400,300.4304111809,1351,100,0.191965604011592,591.247264770241,437.326322708122,425.794887488154,330.331719347283,65.0590171208611,0.120125536993121,7.22833549017048,362.636629248957,25.1793026100068,1.27211975797437,23.4642729759216,8,FALSE,1.56224893478695
296.776531036182,7.53475009322926,0.114603691853402,1.69399427554778,8.51588997716254,9.78683611848929,1000,0.975466791322968,1.093124785605,25.8974426860975,400,296.776531036182,1880.7,100,0.193550436792739,823.063457330416,636.849626673256,430.791410836726,341.571505419239,74.5094449943236,0.11293421433762,7.21165769407465,547.642257479289,26.8742738631672,1.4016118948859,24.2783012390137,8,FALSE,1.61914144708377
288.317879759288,6.58035059802305,0.0925064484485172,1.70197336364396,7.79231105744643,9.65057731987658,1000,1.20870134027849,1.38352416225956,29.1839273650951,400,288.317879759288,1880.7,100,0.199673500796073,823.063457330416,641.880716339452,450.043202843871,376.650805019665,74.6355122289857,0.0914058147971296,7.14651946072259,551.827172443203,30.0218794702067,1.78808121939253,27.3822269439697,8,FALSE,1.8017004211254
292.024685194009,6.97928555408032,0.101483182881063,1.51644535665,8.10927438421498,9.62616294023262,1000,1.12567052768149,1.24878160193901,28.0929434577559,400,292.024685194009,1308.1,100,0.197637795230435,572.472647702407,425.48162782087,443.582285284916,363.891595453541,66.5658323574794,0.100163955433255,7.16766011502828,349.284776141014,28.0232781572906,1.61802225796376,26.3574104309082,8,FALSE,1.73553302684774
292.498678354477,7.26620472170202,0.106121063715563,1.69387890026908,8.30794773774666,9.73749633303215,1000,1.03693652459814,1.2291328676474,26.834243537799,400,292.498678354477,1780,100,0.195263557814447,778.993435448578,598.704912487437,436.21484526275,353.742628968824,74.4412797686044,0.104684521496124,7.19378093040763,510.409394553048,27.5787319284916,1.56482024204311,25.1532406806946,8,FALSE,1.68100285710435
286.52871060553,6.18702151895,0.0856055664401249,1.62709454655644,7.4840254713042,9.53039710810822,1000,1.29427252505056,1.45807913912744,30.2325189465802,400,286.52871060553,1762.6,100,0.201658073490445,771.378555798687,599.893111155218,456.319340115474,387.269314401376,71.2831625732557,0.0846594597394642,7.12572266310744,514.061985579781,30.8407988897798,1.89734215908639,28.3746185302734,8,FALSE,1.8579004163068
294.715765280869,7.44026466824648,0.110951661968717,1.53232349258881,8.43866302374826,9.66265984270304,1000,0.992615735492821,1.15655462299949,26.1646023703206,400,294.715765280869,1336.8,100,0.194028300436019,585.032822757111,431.357909387709,432.332897565319,346.109231898978,67.3824869139625,0.109385153537905,7.20694141871176,354.433222559004,26.2040861621083,1.47353661253994,24.5228772163392,8,FALSE,1.64172515398144
293.629654782838,7.33433383906358,0.108255000924234,1.68997900013552,8.36227712548449,9.75225774323957,1000,1.02293650516568,1.1919009046229,26.6258612876723,400,293.629654782838,1793.8,100,0.19488335775389,785.032822757111,604.129216286803,435.004051526874,350.850952687633,74.283827790534,0.106761311290094,7.19768831160827,515.877576884984,27.4096504254586,1.52121942523938,24.9595049222311,8,FALSE,1.66635636544123
285.318187118835,6.30449554950463,0.0863102426349784,1.67133209273138,7.5653524444738,9.54841178242188,1000,1.25797709912909,1.50140639074285,29.7964814107707,400,285.318187118835,1793.8,100,0.200813152595625,785.032822757111,608.720816565346,453.701604437986,384.782930090769,73.2512173374945,0.085349821440949,7.13501277207616,520.81148991007,30.4482202547382,1.92795552686139,27.9529128074646,8,FALSE,1.84356860330606
286.427429458231,6.36377686130188,0.0879727114352534,1.69332736472189,7.61748660693955,9.58710808066754,1000,1.25077035196818,1.45772875697593,29.7084070733031,400,286.427429458231,1880.1,100,0.200655451255969,822.800875273523,641.939628699156,453.174223554847,382.932033571284,74.2209103270671,0.0869753458664088,7.13643486857658,552.192692296944,30.5192056561725,1.88035456694897,27.8740720748902,8,FALSE,1.83433499841287
287.968518493853,6.99164424866373,0.097982070336586,1.76042939734326,8.08432020068089,9.6886021639107,1000,1.08861645255674,1.38839667419872,27.5798358387032,400,287.968518493853,1891.7,100,0.196624442409617,827.877461706783,639.273208643315,440.567780293301,364.44340820085,77.3141748544952,0.0967538232027787,7.17993517560681,546.979844654918,28.4489309466859,1.7479817120104,25.8446426391601,8,FALSE,1.73519319954306
281.674801178289,5.87064400896096,0.0778959484078266,1.67497641173577,7.21029974225167,9.4117849676988,1000,1.33729828587555,1.66068705193736,30.7338424310363,400,281.674801178289,1891.7,100,0.202574024200428,827.877461706783,645.595623540471,459.34299825977,396.273683463614,73.3483692239163,0.0771108620185829,7.11712371302342,556.410202937365,31.5030156077754,2.12166350501046,28.8304471969604,8,FALSE,1.90339523407586
287.168944440951,6.93203320471733,0.0964582287160041,1.76660800064012,8.03650210555975,9.67575482546833,1000,1.10054222866021,1.41848531001022,27.7468600978638,400,287.168944440951,1899.4,100,0.196932608933059,831.247264770241,642.017727743788,441.547354977604,366.570123724759,77.5737844214855,0.0952671330697012,7.17674106172209,549.36903991326,28.617592287869,1.78334555576614,26.0007643699646,8,FALSE,1.74609572789921
292.51928296128,7.42699514846011,0.108490281024407,1.73667794907949,8.40687779001876,9.72830031722831,1000,0.974562381324778,1.22632326230149,25.8832229961712,400,292.51928296128,1888.8,100,0.193476962987392,826.608315098468,636.00086871097,430.709480246351,346.616452048433,76.3896466382304,0.10699344602862,7.21382523952737,544.99431071417,26.8233052226373,1.53885268543722,24.2406608263652,8,FALSE,1.64256216980602
279.710594188412,5.69865674949791,0.0743792007397698,1.6684082928875,7.06503391374765,9.33840058273541,1000,1.3641850111289,1.75152340133314,31.0389941435714,400,279.710594188412,1888.8,100,0.203142634010459,826.608315098468,643.567561525839,461.19081713679,400.720823758898,73.0406979877098,0.073662520217962,7.11154586084275,554.682261281394,31.7790869843008,2.22495537581178,29.1127285957336,8,FALSE,1.92626554783779
282.371631318849,5.95526667625985,0.0794868984080242,1.66083946701223,7.2798992536315,9.43329558912543,1000,1.32217595475976,1.62886330106566,30.5595038589773,400,282.371631318849,1823.8,100,0.202246011719522,798.16192560175,620.073892146957,458.289802221784,394.113059994788,72.7408327097414,0.0786699601017788,7.12043876857617,532.216209309884,31.2225367714415,2.08324863794445,28.6673679351806,8,FALSE,1.89213592379668
285.005080534645,6.81807311625134,0.0930872597574061,1.78056275284268,7.93919796701575,9.63714281778877,1000,1.11742419060325,1.50186219740143,27.980228571848,400,285.005080534645,1895.4,100,0.197353807776773,829.496717724289,639.122721213213,442.918764054023,370.609205124924,78.1703992354129,0.0919768567291313,7.17265113279853,545.931154744377,28.8158216703281,1.87520429532549,26.2138867378235,8,FALSE,1.76634183402454
278.645507664162,5.63854951697233,0.0729487678177241,1.67338890297344,7.01187253922548,9.30878013616126,1000,1.3711857699586,1.80151171806029,31.1174627085579,400,278.645507664162,1895.4,100,0.203284445865586,829.496717724289,645.123702265477,461.666876266746,402.343958328344,73.2537332103104,0.072259137789406,7.11027025123046,555.974515396673,31.8560974966217,2.27871999221576,29.1830477714539,8,FALSE,1.93441493710402
283.618778998395,6.68526872038667,0.0901868193087246,1.78365922051375,7.8339627610965,9.60611118178758,1000,1.14524073935076,1.55885743971903,28.357167272398,400,283.618778998395,1899.9,100,0.198055896024857,831.466083150985,640.833421024819,445.140619501783,374.915481205817,78.2794174582869,0.0891430870493583,7.16528005320408,547.422663911928,29.18019084449,1.94406849843407,26.5684633255005,8,FALSE,1.78870394689753
288.862717512771,7.21340860680762,0.101903390379957,1.76982597197949,8.23928497585652,9.69576466555885,1000,1.02123545421944,1.35288427967923,26.6003480342235,400,288.862717512771,1894.5,100,0.194785563816236,829.10284463895,637.277583645407,434.855981541325,356.102453770361,77.7972967722666,0.10057921399381,7.20016696921418,544.743385907801,27.4959842097942,1.68636811625309,24.9096320470174,8,FALSE,1.69071598720611
276.805970849958,5.43096342912568,0.0692139553033717,1.65711620322702,6.83895450445128,9.21991585136021,1000,1.40602943109519,1.89577254643477,31.5021456121237,400,276.805970849958,1894.5,100,0.20400882871439,829.10284463895,644.153853672269,464.006034524261,407.336846805739,72.5160818778207,0.0685922056539969,7.10304266253587,555.677961957015,32.2160751933907,2.38845575200651,29.541732788086,8,FALSE,1.96041282403772
279.052094600408,5.63920371509671,0.0732024861081877,1.66599583577662,7.01483128964529,9.31255973946732,1000,1.3734892826993,1.78314939306962,31.1431942400065,400,279.052094600408,1889,100,0.203337207246897,826.695842450766,643.310791593582,461.823066516782,402.220176017639,72.9282418014694,0.0725080120592854,7.10963562350652,554.523063175486,31.8755111350212,2.26087249300668,29.2092018127441,8,FALSE,1.93399242726242
279.479606999745,6.36497517508131,0.0829169132785628,1.79233087697774,7.56989574184473,9.50266458904251,1000,1.20196257982143,1.73932284483895,29.0982215418408,400,279.479606999745,1889.4,100,0.199428444965953,826.870897155361,635.033528969711,449.533105610675,384.701875434201,78.6072850602909,0.0820321324857549,7.15126674041425,541.330090720834,29.8469516245226,2.15007668132275,27.2592306137085,8,FALSE,1.83899092813231
273.972486037604,5.0934267694761,0.0634528672057898,1.62399370626894,6.55738904994903,9.06519014477805,1000,1.46224972177863,2.05314035167904,32.1031714538534,400,273.972486037604,1889.4,100,0.205144223091461,826.870897155361,641.056437996944,467.678498074763,415.097311828602,71.0278788258088,0.0629290972580207,7.0917548131728,554.002838473899,32.7727539222164,2.57075217648642,30.1022295951844,8,FALSE,2.00094185866903
279.003663973861,6.33933986042808,0.0822581182444139,1.79448265061578,7.54752976379028,9.49146841058778,1000,1.20526616921952,1.76094394656501,29.1402975783972,400,279.003663973861,1886.5,100,0.199504530432543,825.601750547046,633.503258423374,449.783476267045,385.474037284132,78.6987385723827,0.0813871804268684,7.15054526737244,539.74530008247,29.8778351259911,2.17340402569177,27.297429561615,8,FALSE,1.84286801678223
281.664320493389,6.34271872795687,0.0841524029734031,1.75682443741332,7.56896644404632,9.52618624655273,1000,1.22332725916786,1.64690862531792,29.3683123565595,400,281.664320493389,1890.2,100,0.199962495821781,827.221006564551,639.244653996187,451.142082557204,384.819095172774,77.0300217592313,0.0832404130086523,7.14499985584436,546.908653027392,30.1438289130187,2.06379863938402,27.5271476109823,8,FALSE,1.84116474557722
272.354009520501,4.79759893755643,0.0590097024880053,1.5800731738046,6.31434895795734,8.92809296868671,1000,1.51522620853809,2.15737096465697,32.6487365503991,400,272.354009520501,1890.2,100,0.206185011867254,827.221006564551,641.396816576871,471.030914085111,421.442560909018,69.0725086650853,0.0585557905629613,7.08130364099869,556.13152877486,33.2989516768846,2.69763845554054,30.614209651947,8,FALSE,2.03452689845215
274.017031806812,4.96746193027352,0.0619055037623746,1.5949313033687,6.45809258712416,9.0158811263872,1000,1.48900192963526,2.05859479302168,32.381098704623,400,274.017031806812,1889.6,100,0.205680455304734,826.958424507659,642.393411789981,469.384075431323,417.660551417567,69.7388652710817,0.061406480424447,7.08621209699741,556.501833486513,33.0508949813197,2.5868600224014,30.366226196289,8,FALSE,2.01487250833404
276.171914571751,5.95335144631521,0.0754829995600689,1.75500896506539,7.23844855008435,9.36291587346861,1000,1.28263536181728,1.90349042492329,30.0940612722063,400,276.171914571751,1835.5,100,0.20130235486197,803.28227571116,614.800982301725,455.486890358842,395.721709253076,76.9003585928788,0.0747470678496269,7.13177002267347,523.13455340985,30.7047981449387,2.34841304298797,28.1972208023072,8,FALSE,1.89684046989914
271.360476483597,4.57023031804256,0.0557789666150583,1.52724686578434,6.12827454424109,8.81034134536118,1000,1.556645340961,2.22933297739072,33.0621552488871,400,271.360476483597,1835.5,100,0.206976986856447,803.28227571116,621.081070530513,473.583288812901,426.140196452214,66.737965815092,0.0553727737646397,7.0733639372537,538.58336671762,33.6055874120024,2.78716546481026,31.0026412010193,8,FALSE,2.05951404786783
277.203232215501,6.05380362370147,0.0774012850851324,1.77302775045513,7.3214609029192,9.40831489566419,1000,1.26509358614994,1.85158121542455,29.8829589343632,400,277.203232215501,1890.5,100,0.200907011782968,827.352297592998,635.967205747443,454.219871478955,393.085702011842,77.7047989329529,0.076628096708648,7.13579605462309,542.975045321365,30.601028612971,2.288761841776,27.9998168945312,8,FALSE,1.88314203983198
279.508421442431,6.05043124870636,0.0788381295533707,1.7111846838784,7.33428807726936,9.42135166369981,1000,1.28128441620877,1.74797874471786,30.0779065564694,400,279.508421442431,1798.2,100,0.201299181672449,786.958424507659,605.100509994545,455.389837533064,392.645901854262,74.9801971719052,0.0780355963658877,7.13111763232329,515.566750488942,30.6671655371873,2.1892840646043,28.1956373850504,8,FALSE,1.88226917141898
270.812484717084,4.37200776926724,0.0531333639822269,1.47825881430613,5.96734334691926,8.70716905042892,1000,1.59403707060537,2.27779215184696,33.4260343941839,400,270.812484717084,1798.2,100,0.207677339806628,786.958424507659,607.709085890918,475.838385396615,430.100631127436,64.575711241701,0.0527642971804074,7.06633178356785,527.626589808258,33.8978414853702,2.85125208673378,31.3453111648559,8,FALSE,2.08072322932796
270.731898604854,4.41632087820029,0.0536384400652116,1.50641891913731,6.00229121764055,8.73731819797237,1000,1.58465428723088,2.27821043428508,33.335534006698,400,270.731898604854,1867.5,100,0.2075016197927,817.286652078775,633.29659497707,475.276769499487,429.259475097537,65.8113557260921,0.053262442948444,7.06812533719262,551.300502588528,33.9257892776809,2.84792825125736,31.259407043457,8,FALSE,2.07612696324096
276.849378585415,5.98214515657052,0.0762653306194149,1.72321948754326,7.26482751932509,9.36339909567834,1000,1.2801721675955,1.87061761850734,30.0645934087749,400,276.849378585415,1740.2,100,0.201251489103162,761.575492341357,579.744507588115,455.309867678364,394.892297679637,75.5092806758801,0.0755141834087741,7.13217785491263,490.397486679943,30.5223589150925,2.31396846148778,28.1718368530274,8,FALSE,1.8927565557475
270.838925676538,4.31766865164602,0.0524837245416128,1.45117258418943,5.92407881754668,8.67236771658993,1000,1.60513434231242,2.28150938172478,33.5323865505272,400,270.838925676538,1740.2,100,0.207883437732079,761.575492341357,586.350664244373,476.499008172808,431.142837576489,63.3862659176784,0.0521234910374525,7.06424212167225,508.014761381132,33.9043844046905,2.85946025347918,31.4460043907166,8,FALSE,2.08638215981064
274.31939099626,5.61829500894077,0.0701847799233101,1.72506185276991,6.96965761647999,9.24942123706242,1000,1.3492351406915,2.00768942591539,30.8700704276992,400,274.31939099626,1862.8,100,0.202774935737954,815.229759299781,626.00037724732,460.167227232986,403.82049321726,75.534316159482,0.0695467418873217,7.11647122632758,535.215758298252,31.5012504994154,2.48028062861352,28.9302482604981,8,FALSE,1.93982216720107
278.44313462198,5.86479555427665,0.075749538910317,1.68898926854184,7.18553952141863,9.35767203324066,1000,1.31837111103856,1.80194020385376,30.5153255528776,400,278.44313462198,1784.9,100,0.202127712499161,781.137855579869,600.682784797384,458.023204704258,397.286841000872,73.9779592519259,0.0750074730544445,7.12251897389052,512.170111980694,31.0667187939936,2.2586700413348,28.6085093816122,8,FALSE,1.9068161712654
272.361260785041,4.25257687250875,0.0523090201778772,1.42391010059267,5.87973636286879,8.66347903254563,1000,1.62591866757211,2.20228828618624,33.7296123322706,400,272.361260785041,1784.9,100,0.208275528294784,781.137855579869,606.210156648474,477.725926801231,432.094893547994,62.1838578660586,0.0519509622327028,7.06006016121013,528.437122714396,34.1961068558472,2.78740871019362,31.6373844146728,8,FALSE,2.09222791759779
270.632892348637,4.3577344605878,0.0528863830796613,1.46577581027875,5.95502258954709,8.69067267826507,1000,1.59599300362992,2.28938407204364,33.4448329768002,400,270.632892348637,1747.9,100,0.207712541766149,764.945295404814,588.576274278852,475.955105674395,430.41029817802,64.0293348564268,0.0525207106352819,7.06600208189834,509.567663536538,33.8277951073235,2.86379160828765,31.3625144958496,8,FALSE,2.08231848095064
279.534761867836,6.02710746807514,0.0785514261031339,1.60966118294075,7.31678071119883,9.34959937610353,1000,1.28704498367622,1.74759851028682,30.1466737216118,400,279.534761867836,1461.9,100,0.201430965895441,639.781181619256,478.86055972869,455.803078161525,393.19821309488,70.5271645338563,0.0777545335993561,7.1297054627487,397.113989990466,30.1654489233149,2.19111293318682,28.2613835334778,8,FALSE,1.88529018813397
274.452730427715,4.57292505609216,0.0571865137720141,1.39201148470513,6.1466443405735,8.77307928249809,1000,1.57228224443428,2.06319486198368,33.2153785121941,400,274.452730427715,1461.9,100,0.207294795981346,639.781181619256,485.473220367856,474.531892041392,425.425778119562,60.8192005397235,0.0567594176766955,7.06964306755967,412.557095262654,33.153152084294,2.62463602473709,31.1582350730896,8,FALSE,2.05714343910452
279.03630951757,5.99832159524226,0.0778540877961314,1.68789759615593,7.29153856524799,9.39068700218709,1000,1.29068900350139,1.77059545833783,30.19001570402,400,279.03630951757,1725.3,100,0.201509688415502,755.054704595186,577.568333127747,456.063676391171,394.008840540079,73.9522651566693,0.0770711308425164,7.12897024478063,489.772019851073,30.6492243060509,2.21599615944265,28.3006439208985,8,FALSE,1.88937178312153
280.61799037772,5.96388474973347,0.0784326779400038,1.60800558883275,7.27546219880426,9.36660670548398,1000,1.30905099694837,1.70262551100183,30.4065680946155,400,280.61799037772,1553.6,100,0.201937769886983,679.912472647702,515.78299534663,457.367394760723,394.413679784478,70.4373354383712,0.0776375600405099,7.12408228472402,433.069948304914,30.5920618369132,2.1536409991541,28.5139573415121,8,FALSE,1.89261075310343
272.330109997831,4.16508537994801,0.0512203464327826,1.35006639103499,5.80950533768725,8.5786532564761,1000,1.64320220497052,2.21255448069713,33.8917080532736,400,272.330109997831,1553.6,100,0.208589360362712,679.912472647702,519.737528454044,478.736078031337,433.77794860497,58.9502209327219,0.0508768363314134,7.0569108737074,447.5583037855,33.9584630900747,2.80476989079228,31.7903933525085,8,FALSE,2.10131470076513
273.306232036797,4.11151356138375,0.0509510855973205,1.37301105758888,5.77135147407114,8.6002634845724,1000,1.65866145053824,2.16400739298091,34.035256395804,400,273.306232036797,1769.2,100,0.208874013246492,774.266958424508,602.788680356312,479.631982099107,434.604555832972,59.9439885617417,0.0506110222216852,7.05391504941483,527.232762497654,34.4841581386597,2.76171551730323,31.9290432929993,8,FALSE,2.10621310280468
280.533382531175,6.1189494345124,0.080415004191734,1.65056503511111,7.39311285673189,9.4151407701136,1000,1.27146585956886,1.701284667296,29.9599811699266,400,280.533382531175,1600.8,100,0.201082459356085,700.568927789934,531.535820116833,454.681845920282,390.728615659637,72.3315843462054,0.0795804592087406,7.13321501189676,446.61435685756,30.2278079259699,2.13780916563028,28.0874538421631,8,FALSE,1.87252732776349
274.627215620101,4.54841398312646,0.056959142268136,1.41812267258715,6.12795211356704,8.79432446250661,1000,1.57813117164812,2.05599323948614,33.2722998392321,400,274.627215620101,1600.8,100,0.207406093897933,700.568927789934,538.208079745816,474.884654012894,425.866795326667,61.9567527222029,0.0565353542814679,7.06848683008044,462.675340064522,33.4503164199933,2.61965054168229,31.2126870155334,8,FALSE,2.0596128236987
280.325181939632,6.07207396191439,0.079660127723683,1.66331053199183,7.35614209686348,9.41308684219754,1000,1.28144262576403,1.71172354190053,30.0797993193377,400,280.325181939632,1661.9,100,0.201309804757772,727.308533916849,554.800512456326,455.401207898745,391.91917483687,72.8820860486217,0.0788408265002926,7.13083026722209,468.686968282667,30.4478242328404,2.15230917755949,28.2009382247925,8,FALSE,1.87886109454519
282.985751219126,6.2534464158085,0.0839049294583461,1.62625067811263,7.51121491446287,9.46799413038538,1000,1.25489171102814,1.59503371715367,29.7588365191176,400,282.985751219126,1566.6,100,0.200719770906889,685.601750547046,520.611640357076,453.476134059129,386.7522472042,71.2786187222098,0.0829972052909415,7.13655443764358,437.040988026752,29.9997274441172,2.02276270593453,27.9062328338623,8,FALSE,1.8526036852553
275.60187410696,4.56685818302702,0.0576381946719107,1.4001307132179,6.14771483168836,8.8055812272099,1000,1.57943608240654,2.0047678233743,33.2849703486426,400,275.60187410696,1566.6,100,0.207437549788986,685.601750547046,526.634872969003,474.963204479955,425.276609055612,61.1697799784143,0.057204251312267,7.06801014447642,452.193753210581,33.4151580853609,2.5680698372474,31.2280731201172,8,FALSE,2.05689722852544
275.17124624802,4.58837983265309,0.0577100545982959,1.38703502369391,6.16270710552546,8.78924924122868,1000,1.57288277705605,2.02509874628921,33.2212325971527,400,275.17124624802,1470,100,0.207311237581733,643.326039387308,489.47850428463,474.568162845207,424.955616219795,60.6012959886721,0.0572751150407733,7.06935974865481,416.658562573126,33.1811106431131,2.58613325128829,31.1662802696228,8,FALSE,2.0549523275299
285.061116742736,6.43433384985542,0.087891126011682,1.39634925962504,7.66154777630145,9.19937159990157,1000,1.22341008693248,1.50820425542074,29.3693502539946,400,285.061116742736,828.4,100,0.199995442182874,362.53829321663,243.376310526364,451.148273807134,381.523697223688,61.2235845271558,0.0868966215508927,7.14385647333583,177.192152801369,28.3915706862656,1.92177212757627,27.5436601638794,8,FALSE,1.82569009011522
276.854927039241,5.03129029795379,0.0641460523564876,1.28857899194917,6.52449039492867,8.68306273058433,1000,1.49123099408031,1.9136845810979,32.4040305152301,400,276.854927039241,828.4,100,0.20574591702157,362.53829321663,246.779532807444,469.525010853658,415.671596057786,56.3417494273726,0.0636103217456473,7.08504479511143,185.063634275519,31.2913513458349,2.44023712456381,30.3984227180481,8,FALSE,2.005607797182
284.374911498368,6.5080112284849,0.088369989558368,1.42170578924021,7.71130672123416,9.21247017275352,1000,1.19934871224164,1.53317352574955,29.0648480891505,400,284.374911498368,834.6,100,0.199408682379688,365.251641137856,243.726810295369,449.334593445553,379.748220010743,62.3531682313978,0.0873655847916824,7.15036090135039,176.452742358157,28.0929113114833,1.93824085765046,27.2493071556092,8,FALSE,1.81554093354126
285.809802739916,6.50841081863913,0.0894857044033478,1.48291337065456,7.72154886118233,9.40959253109718,1000,1.20961657325765,1.47780659061553,29.1955307350071,400,285.809802739916,1110.8,100,0.19967120836456,486.126914660831,349.722136576246,450.112296225991,379.351628847996,65.0292918479707,0.0884554710019865,7.14717259800661,276.955513458166,28.7057660442431,1.88533710317708,27.3810768127442,8,FALSE,1.81445392226286
278.541899738837,5.01849921541361,0.0648715437835208,1.33451870806789,6.52336731414803,8.88337040140534,1000,1.50306732134008,1.83457218044608,32.525226996029,400,278.541899738837,1110.8,100,0.205992665510604,486.126914660831,355.55485144531,470.270393191634,415.484093637495,58.343523739055,0.0643234607435183,7.08221012591824,288.810991523766,31.9137869785609,2.3642659745001,30.5197215080261,8,FALSE,2.0055054880029
278.578201192913,4.85508774956048,0.0627779437686059,1.34357642683365,6.39341228945383,8.88114564546193,1000,1.53668337510401,1.84169269549931,32.8642992999324,400,278.578201192913,1270,100,0.206647078664792,555.798687089715,416.870851897489,472.360470027886,418.78401204914,58.7211428108065,0.0622640452843002,7.0755241718741,347.986450278132,32.5222427249139,2.3848868226417,30.8409552574158,8,FALSE,2.02334404251664
288.529852584421,6.66874265784182,0.093927537077626,1.47027346592963,7.85922309963498,9.47943315859267,1000,1.18668073087021,1.37419123524963,28.9020679006265,400,288.529852584421,1132.6,100,0.199138858308111,495.667396061269,359.40921830103,448.367285626933,374.152047421224,64.4917334723093,0.0927939328234849,7.15224832776647,286.928580185643,28.4851706583964,1.7701671026487,27.1137537956238,8,FALSE,1.78831410500268
278.112619053489,5.05061339400094,0.0650567309273686,1.35334169650862,6.54654297917221,8.9018384251793,1000,1.49411238582708,1.85292651794336,32.4336224935332,400,278.112619053489,1132.6,100,0.205812695084304,495.667396061269,362.893790950105,469.706925554028,414.945632515314,59.1715381881072,0.0645056758288649,7.08413252218216,295.147442727765,31.8555239974913,2.37943936093987,30.4312596321105,8,FALSE,2.00236286142275
284.493542977145,6.51330422357842,0.0885324894938475,1.51375827219534,7.71573427129109,9.40745691805104,1000,1.19892147469165,1.52841834225529,29.0593862719521,400,284.493542977145,1138.9,100,0.199399433508619,498.424507658643,358.360897081367,449.302111694292,379.580988084424,66.3907050401169,0.0875244183147003,7.15043144256962,284.049099450683,28.6026617000539,1.93319928347227,27.2446627616882,8,FALSE,1.81472351026389
286.910162791826,6.67669247700669,0.0926927076359423,1.48616905103324,7.85312744015582,9.44541313558944,1000,1.17257497716635,1.43295548662897,28.7187553054044,400,286.910162791826,1099,100,0.198774172769918,480.962800875274,344.461271926458,447.279836303245,374.400156276431,65.2005770168955,0.0915892054886409,7.15662421005491,271.71388225188,28.2282514297885,1.82527377610215,26.9303495089213,8,FALSE,1.78840579648305
280.021365101852,5.35140434384607,0.0700278366695674,1.37298792627294,6.7951049916073,9.01820710232184,1000,1.44162686684338,1.75166139095944,31.8854286646007,400,280.021365101852,1099,100,0.204772018217442,480.962800875274,350.17552898415,466.345509955685,408.154112540079,60.0604784820477,0.0693906863341957,7.0944954238598,281.976227684882,31.277433688343,2.25536936826121,29.9187159538269,8,FALSE,1.96671271077378
276.64258800131,4.96053416672979,0.0631349793313309,1.37705844653722,6.46703693892823,8.88157029384988,1000,1.50477282023847,1.92793842931578,32.5426115113727,400,276.64258800131,1205.2,100,0.206011593342403,527.439824945295,388.90552177089,470.377384136344,417.16741418722,60.2027637927621,0.0626157402735541,7.08235586113195,319.411709011388,32.070762956736,2.46011981821197,30.5290222167969,8,FALSE,2.01358929457576
292.988999432814,6.9959948339957,0.102643014153253,1.39740333723866,8.12903037135014,9.50153186224227,1000,1.12824329561089,1.21701403049621,28.1279403390011,400,292.988999432814,989.4,100,0.197714427342093,432.997811816192,306.487759587973,443.788453792513,363.057571919969,61.3380655524505,0.10129345338502,7.16654554830903,238.567955812051,27.5341111746856,1.5861606189984,26.3961157798768,8,FALSE,1.73182455912431
281.222198801525,5.60393927775803,0.0740739076471518,1.36939768433581,7.00042263744589,9.05654101818738,1000,1.39410431303728,1.68919798209703,31.3715729115642,400,281.222198801525,989.4,100,0.203793998499629,432.997811816192,308.135470854976,463.211061210724,402.368563494329,59.9315979773578,0.0733623639629477,7.10441856645137,241.282555353357,30.5964554161336,2.17290839831354,29.4354462623597,8,FALSE,1.93612664920447
286.980594374695,6.80653114295924,0.0945543169370913,1.45541312181438,7.94731342885393,9.37831114798477,1000,1.13638697763647,1.42777124386957,28.2381935433232,400,286.980594374695,946.8,100,0.197861928904416,414.354485776805,285.301036426064,444.438431206825,370.559934488187,63.8797513921774,0.0934078931899525,7.16656923001089,215.472306543638,27.4984109409631,1.80633293005366,26.4705877304077,8,FALSE,1.76760581291547
288.554588100518,6.88781452179529,0.097035027268053,1.40101595868222,8.01765420101504,9.31147504754129,1000,1.12489624684294,1.36925392428828,28.0823954005927,400,288.554588100518,824.5,100,0.197581925277421,360.831509846827,240.226311663515,443.520160204025,367.678468784218,61.5006309204,0.0958284859668504,7.16922980653339,173.932160101715,27.1585502234539,1.74188766804064,26.3291853268941,8,FALSE,1.75321007369856
282.295488509598,5.789133202469,0.0772197047581781,1.33623777796672,7.15133615045104,8.99757326951316,1000,1.35943918039911,1.63731606539468,30.9855707650518,400,282.295488509598,824.5,100,0.203062147855845,360.831509846827,245.638402026353,460.866914797992,397.930007538626,58.5009853092555,0.0764475571033853,7.1118555632975,181.942481205406,29.9473636437184,2.10633169255308,29.0728039741517,8,FALSE,1.91276679090014
281.018604344696,5.58610424929765,0.073711808972895,1.37288561056397,6.98526806989845,9.05595115175575,1000,1.39681166017418,1.69862198204142,31.4013144321317,400,281.018604344696,1001.3,100,0.203849416089644,438.205689277899,312.515792291963,463.392048318731,402.819594664733,60.0826440266127,0.0730071190156772,7.10388191444011,245.39151693709,30.643741028082,2.18360263160969,29.4628710746765,8,FALSE,1.9384433574552
294.688464485808,7.17641584259759,0.10699651219562,1.19896439214221,8.28012472623065,8.55847858005673,1000,1.08105626581745,1.16042996965912,27.4730027213243,400,294.688464485808,424.6,100,0.196490930234237,185.82056892779,92.8780360117295,439.94207377482,356.20315159189,52.6593255497738,0.105533479468515,7.1795524548668,39.1473214504087,25.9633514695942,1.51032603748283,25.7769527435303,8,FALSE,1.69604997779399
287.400465038727,6.17943283716598,0.0861647156851349,1.1892796072814,7.48726182651354,8.24878398869211,1000,1.30055139030739,1.42556817419975,30.306708023552,400,287.400465038727,424.6,100,0.201807809240122,185.82056892779,97.4072342033938,456.765856687736,387.084446038177,52.0986722026942,0.0852060412374804,7.12393964089264,44.060413371577,28.6606597109985,1.86637841843231,28.4492297172546,8,FALSE,1.85747830629742
290.546894432111,7.06647819927409,0.101371559925514,1.25595640423988,8.17019659254423,8.43697568540961,1000,1.08080504935576,1.29668259681597,27.4694399650385,400,290.546894432111,411.1,100,0.19643978395724,179.912472647702,84.1315970833416,439.921218703702,360.991844676365,55.1638400532298,0.100057687007173,7.18132800655626,28.1964641276654,25.8852371286513,1.65092860988973,25.7510137557983,8,FALSE,1.71842620924019
292.036975168707,7.01586069325923,0.102041971172744,1.20068799629337,8.24172977064505,8.12096796598785,1000,1.06461566549955,1.2472911369285,27.2380780112084,400,292.036975168707,355.1,100,0.196002395842333,155.404814004376,63.4622657865846,438.568497212434,359.269420298136,52.7477007320798,0.100711664548333,7.18618503330736,10.4300856314005,25.5786236423898,1.59552071190688,25.5290069580078,8,FALSE,1.70907105320056
285.567308850379,6.07832210934437,0.0834008106492462,1.18439524834889,7.40369635860376,7.76744356168947,1000,1.31093656403457,1.49719702973258,30.4286333360162,400,285.567308850379,355.1,100,0.202023013649003,155.404814004376,70.0169801866586,457.500391683826,390.059625772845,51.8793000867733,0.082502104074918,7.12211388053445,17.6373851371723,28.6410555225773,1.94407770670446,28.5563983917237,8,FALSE,1.87223494429253
283.706649518242,5.89345580882757,0.0795661123356196,1.22282266846307,7.24231851043709,8.32783739716856,1000,1.3440584731882,1.57606875635822,30.811140900928,400,283.706649518242,467.7,100,0.202739875273266,204.682713347921,112.097851755885,459.810546129903,395.092605997491,53.5439569373523,0.0787469275771328,7.11494306569518,56.9316314015417,29.1863767878217,2.0376549794602,28.9128370285034,8,FALSE,1.89830387242458
298.064948629219,6.85010971976416,0.105509491292854,1.05289153750011,8.48649327487882,7.87429483175269,1000,1.01424392590104,1.06307705418335,26.4950372199865,400,298.064948629219,313.2,100,0.194613390008366,137.067833698031,49.7654361944102,434.245194467384,352.483134708498,46.2865192336336,0.104090825940644,7.20137716543002,3.38737495322272,24.8378664011015,1.39146720867353,24.821786403656,8,FALSE,1.67325081633054
293.069308794494,6.42801027984093,0.0943869121885346,1.08699998411604,7.95212561011107,7.64171787945271,1000,1.1959930377224,1.2231429221631,29.021896574943,400,293.069308794494,313.2,100,0.199374708901209,137.067833698031,55.1964670488758,449.079205765878,374.28733909712,47.6744314987069,0.0932418242861801,7.14949307576138,7.3179628015355,27.2672371454668,1.62182220694284,27.2322463989258,8,FALSE,1.78965017601721
297.417090734646,5.67318394909317,0.0868276176595242,0.878013890354587,8.49633544843388,6.66106689674257,1000,0.985470250899479,1.10033922948375,26.0538496865675,400,297.417090734646,221.1,100,0.193632339649753,96.761487964989,12.1947281709179,431.693363659211,365.970771996335,38.6174101359876,0.0858665850620768,7.21664751338457,-25.7322511270733,24.1983551034954,1.43235494746006,24.3202486038208,8,FALSE,1.73360108274672
300.099289765036,6.04353324953594,0.0949793599937448,0.891265627109293,8.57355175569469,7.03066121731488,1000,0.983933751401261,1.0156492938094,26.0299295561289,400,300.099289765036,241.5,100,0.193650433286473,105.689277899344,22.1751574395707,431.555331700824,358.868952840771,39.1999055919386,0.0938302944169537,7.21471266032287,-16.5797308368501,24.2509547091873,1.34118177897271,24.3295138449896,8,FALSE,1.7004157111393
291.720277801279,5.46022459680324,0.0791724913911797,0.945827400261339,7.85868525104079,6.6747270644559,1000,1.21075557985389,1.2890481367603,29.2099588625397,400,291.720277801279,241.5,100,0.199613956492616,105.689277899344,27.1254150564479,450.198220995307,388.524961039649,41.4779463644668,0.0783652813096689,7.14994937584268,-13.9627169162613,27.285591941417,1.70612594927569,27.3523502349854,8,FALSE,1.85760862755428
289.306567923574,6.33038869446287,0.0898044209692755,1.14302097902463,7.71880649930483,7.61222015184294,1000,1.24252300302541,1.35252799644131,29.60699061893,400,289.306567923574,320.8,100,0.200473238265922,140.393873085339,57.2386008442802,452.567520992264,380.876805527699,50.1046456409443,0.0887655745484226,7.13809746130274,6.93907160000138,27.8161576575703,1.77074555410118,27.7829256057739,8,FALSE,1.82406501315613
304.325887544203,6.99237032762896,0.114747492742745,0.964941736948731,8.71484309433349,7.9664565520201,1000,0.96571744792251,0.891340990316665,25.7434577944729,400,304.325887544203,312.7,100,0.193260541942935,136.849015317287,51.4565210120028,429.904807028388,340.585033094667,42.448556300692,0.113074610612083,7.21496949696153,8.77297144938878,24.1713007343617,1.1963822508969,24.1297335624695,8,FALSE,1.61372423200344
296.476481470295,6.5398515870188,0.0991873329151019,1.04326776530998,8.13194885342856,7.71633163296313,1000,1.1626644386389,1.11430996237534,28.5886382285615,400,296.476481470295,312.7,100,0.198575304847584,136.849015317287,55.9863013495107,446.509155326636,368.163517256041,45.774245991792,0.0979249853198026,7.15751565025419,9.93638421415124,26.8776995995288,1.49778563591091,26.8302421569824,8,FALSE,1.75839607157912
301.176460213672,6.62519669102611,0.105256201397026,0.957476128060346,8.66359602561057,7.56530671685677,1000,0.93493040363341,0.978063213847087,25.2467852261886,400,301.176460213672,276.5,100,0.192253251945351,121.006564551422,33.7126597345137,427.054422813695,345.610628551194,42.1412265852131,0.103849552070328,7.22866358207564,-8.2102084695817,23.573524364233,1.27894695860438,23.6123514175415,8,FALSE,1.63443380864712
309.40620574771,5.55537245471141,0.0962761521711403,0.692534528492751,8.85675840221557,6.49383312088564,1000,0.936678343341153,0.78277713467639,25.2754189187219,400,309.40620574771,204.1,100,0.192238852674163,89.3216630196936,11.5140509565907,427.218364328439,353.334541307472,30.4806174990159,0.0950982778540362,7.23076022544268,-18.4753754547107,23.5175954062943,1.09047038698133,23.6049423217774,8,FALSE,1.67047659694451
298.070716012349,5.0779344043403,0.0782156734696945,0.786973488895426,8.27414489132314,6.19080869353883,1000,1.11103734958503,1.09304566154157,27.8923570798371,400,298.070716012349,204.1,100,0.197065125513176,89.3216630196936,12.6907275495041,442.402005566468,383.154109421196,34.5546614801242,0.0774309190980848,7.17903375763858,-21.2798014572756,25.9665187406106,1.47638492796546,26.0678491592408,8,FALSE,1.82450792059631
298.42797371606,6.36250771803398,0.0983490010397257,0.978762754896932,8.23235133872492,7.51237678476895,1000,1.14212981755516,1.05896315868829,28.3154689403117,400,298.42797371606,290,100,0.198041352130161,126.91466083151,47.7062874795439,444.894419435606,367.63410272158,42.9552476411303,0.0971088331262603,7.16373865364213,4.62323075516392,26.5831886692294,1.43629709396921,26.5611267089844,8,FALSE,1.75434223132728
309.108912047944,3.66740767728581,0.0633490746013514,0.472387370312228,8.83882368688358,4.56587308166209,1000,0.897977676654337,0.825158955030135,24.6285830820591,400,309.108912047944,125.8,100,0.190777363691901,55.054704595186,-21.5831511951529,423.526413454803,377.233490235929,20.8064116468999,0.0628386417137022,7.25470824013413,-41.3034054740359,22.6563780693786,1.14077493663007,22.8510055541992,8,FALSE,1.77757752785986
303.013903135049,3.19840049219955,0.0517757724711931,0.475796087549092,8.37076618215394,4.30036635190345,1000,1.10151167381165,1.01017110272754,27.760357841469,400,303.013903135049,125.8,100,0.196595669674935,55.054704595186,-15.6766172845289,441.626588692755,405.979819258383,20.8962097652773,0.0514312422754167,7.18981716189339,-35.5994101030803,25.6607941603307,1.41192331058102,25.8300576210022,8,FALSE,1.93030022046683
309.033599960588,3.05856238494086,0.0527884091649234,0.404027082155345,8.81778304265727,3.95058464991585,1000,0.891701678938403,0.848993650900551,24.5210665673893,400,309.033599960588,106,100,0.190495873812652,46.3894967177243,-30.1713294720549,422.915067571033,385.618032098392,17.7979720094936,0.0524337647091244,7.26018982716928,-46.7428433582772,22.4852592443525,1.16924368969624,22.7053518295288,8,FALSE,1.81571473786052
317.637469565657,2.28613689484274,0.0435787185682619,0.263977893735526,9.00518908319295,3.17004104911731,1000,0.883731960321772,0.677876916632995,24.3834384054147,400,317.637469565657,81.8,100,0.190169122442751,35.7986870897155,-35.3472446868884,422.133471026764,392.643620463349,11.6305065414001,0.0433369308346032,7.26590771929508,-45.7795718217394,22.3207106948811,1.0010838414252,22.5360980033875,8,FALSE,1.84734040202724
308.131006549459,1.90095246854099,0.0324866806411042,0.283361288935467,8.47576304734264,2.97263935207209,1000,1.0715263315803,0.965091656084786,27.3372655591844,400,308.131006549459,81.8,100,0.195628410437159,35.7986870897155,-32.953607437116,439.148041974325,421.167392267548,12.4507029709763,0.0323509861968069,7.20480668263962,-44.2040602930092,25.1291811718476,1.37135031747217,25.3389196395874,8,FALSE,1.998345919597
301.669376891065,3.10033185050662,0.0495019938607156,0.475700096756364,8.31990080942127,4.20596908799291,1000,1.10520736374589,1.05648499666456,27.8117048019407,400,301.669376891065,123,100,0.196675037378918,53.8293216630197,-17.6953958082073,441.928100252123,408.292929066136,20.8911793551794,0.0491869484035319,7.18937083412701,-37.5590949331513,25.6916937851674,1.46150385804367,25.870285987854,8,FALSE,1.94141881408671
328.240386389442,0.704823811813119,0.0154206985533808,0.0945753362274641,8.99481236445519,1.55918614400875,1000,0.854329638933192,0.690554586754209,23.8647294593408,400,328.240386389442,37.9,100,0.18899250642822,16.5864332603939,-54.1309493126549,419.197431670702,413.384783646342,4.16932080753982,0.0153903951744082,7.28541503086274,-56.8261313178233,21.6583679653886,1.01994969782392,21.9250121116638,8,FALSE,1.93971734767696
330.160389990746,0.451142772937573,0.0101419313876887,0.0832453133180758,8.59654416939794,1.48405730157615,1000,1.03288356443965,0.91403184223356,26.7742083130619,400,330.160389990746,37.9,100,0.194373804454871,16.5864332603939,-50.5250624356426,435.865754983782,438.418575798566,3.66000872967247,0.010128703081148,7.22373480131936,-52.7652808944013,24.4497564768671,1.32293504426021,24.6994600296021,8,FALSE,2.07474828345976
336.983082744849,0.42680591981437,0.0106335637200928,0.0626103076432381,9.02202080384406,1.2633402130588,1000,0.836513723093742,0.664789413872595,23.5416668493786,400,336.983082744849,30.1,100,0.188363334984112,13.1728665207877,-57.411623273617,417.376562772326,414.869550356463,2.76102734942136,0.0106191621383254,7.29374256926495,-58.6577935371807,21.3222805933535,0.989338148816929,21.5972051620483,8,FALSE,1.94446168733025
362.293536758863,0.13079951466204,0.0054464146568727,0.0284065226757428,9.10508103935643,0.96054377470827,1000,0.829732931946576,0.593214747977249,23.4168970939612,400,362.293536758863,22.2,100,0.188095087882695,9.71553610503282,-58.9275921158285,416.67491676219,418.355190476754,1.25285735492911,0.00544263622127541,7.29792711992115,-58.6683450957236,21.1824064236155,0.918010991159011,21.4572227795919,8,FALSE,1.95967431436926
400,-0.068624614142304,0.003,0.0231727475649421,8.67887342701826,0.944687853886478,3000,1.0133009294899,0.863943755735202,26.4807776821733,400,400,22.2,100,0.19376025652488,9.71553610503282,-56.3009258718896,434.16254075372,443.228380306576,1.01913509971036,0.0029988428417589,7.23225523286093,-55.8244608434082,24.1218694349799,1.27040112030185,24.3857388496399,8,FALSE,2.09503883253338
317.470869492335,0.778006155856585,0.0148006604527595,0.136791560713224,8.4645227061574,1.82558837644552,1000,1.04753202330907,1.02500148081813,26.9900895326787,400,317.470869492335,47.9,100,0.194821351691323,20.9628008752735,-48.7087100292053,437.122030663505,435.400140379095,6.01292200265062,0.0147724811025664,7.21763806329092,-53.2833857329753,24.6755166559364,1.43612885649876,24.927885055542,8,FALSE,2.06220447713668
